d=2 m=8 rows 8 u0=2 K=560
MIN 2 0 0 452682 109200 839513 819162 256288 475211 0
MIN 3 0 0 724370 919164 917432 448944 444756 711121 0
MIN 4 0 0 43013 817601 527465 582662 379882 127598 0
MIN 5 0 0 165015 609929 913034 559358 932683 998881 0
MIN 6 0 0 77483 123027 383832 52059 611995 937317 0
MIN 7 0 0 838062 992524 143004 840484 277540 253470 0
MIN 8 0 0 558053 126071 217463 122109 698595 841098 0
MIN 9 0 0 116197 41908 910791 428667 426132 564263 0
MIN 10 0 0 295905 104466 867877 566643 517321 850160 0
MIN 11 0 0 937685 879434 639414 423951 864536 740540 0
MIN 12 0 0 983720 246930 648473 475715 553795 888878 0
MIN 13 0 0 662675 582283 259247 23820 660315 683290 0
MIN 14 0 0 592031 431567 881306 831038 121087 474142 0
MIN 15 0 0 313847 215142 532893 236159 427037 8919 0
MIN 16 0 0 115508 9289 374504 210726 903359 340609 0
MIN 17 0 0 5047 538780 52492 874640 981949 99900 0
MIN 18 0 0 185652 466785 896494 86751 608207 61096 0
MIN 19 0 0 53953 172766 32707 60313 665034 613327 0
MIN 20 0 0 259678 872211 298102 153342 345951 730221 0
MIN 21 0 0 882153 399099 966080 884599 504108 202292 0
MIN 22 0 0 249257 118908 79665 51950 863671 60277 0
MIN 23 0 0 961711 617946 33424 515100 145198 558940 0
MIN 24 0 0 803731 452133 1197 59072 680788 618725 0
MIN 25 0 0 509675 855779 306369 763987 527172 755876 0
MIN 26 0 0 62877 528416 576485 182832 111458 348562 0
MIN 27 0 0 610120 114066 919267 314159 261230 822364 0
MIN 28 0 0 647320 770584 215896 658467 31834 593215 0
MIN 29 0 0 881187 62497 32337 157191 121338 180405 0
MIN 30 0 0 361604 982322 32545 261820 898264 557738 0
MIN 31 0 0 392742 626052 743617 590042 446995 48272 0
MIN 32 0 0 463160 280011 726443 283569 919104 311877 0
MIN 33 0 0 15021 12701 117974 492424 515050 972106 0
MIN 34 0 0 265507 695891 60585 590454 415253 426902 0
MIN 35 0 0 414839 630697 10811 804366 17300 611161 0
MIN 36 0 0 290749 252480 117777 774148 419228 38971 0
MIN 37 0 0 238742 316114 327216 946787 387966 153653 0
MIN 38 0 0 785844 4894 564572 731266 253886 303216 0
MIN 39 0 0 640058 778536 29471 317009 629418 486575 0
MIN 40 0 0 814674 997697 500640 616349 947546 534020 0
MIN 41 0 0 947930 11633 598214 190620 156514 862280 0
MIN 42 0 0 771304 23972 26259 827856 273884 28544 0
MIN 43 0 0 152448 643640 415668 935285 603130 751373 0
MIN 44 0 0 601442 898991 428165 302505 132292 524740 0
MIN 45 0 0 327586 266146 283004 815147 224974 570056 0
MIN 46 0 0 740280 802281 710262 938882 241684 664346 0
MIN 47 0 0 634875 846443 381177 560858 784403 166218 0
MIN 48 0 0 858281 971901 814650 758223 377711 251792 0
MIN 49 0 0 636385 715688 115707 899152 90966 356183 0
MIN 50 0 0 554325 671224 64290 999112 345437 826170 0
MIN 51 0 0 903414 363116 127027 917933 480199 129770 0
MIN 52 0 0 302805 27862 88387 952148 186359 221107 0
MIN 53 0 0 723612 357109 422626 284463 500639 236113 0
MIN 54 0 0 545596 317410 87602 3121 893080 256170 0
MIN 55 0 0 321405 755825 689576 334398 380256 943539 0
MIN 56 0 0 238725 872361 274031 31767 581442 695759 0
MIN 57 0 0 800214 861191 934732 665451 916446 446409 0
MIN 58 0 0 790161 687480 769584 566931 864803 762485 0
MIN 59 0 0 121710 457417 320188 386899 445400 667411 0
MIN 60 0 0 461639 446710 720324 707509 849442 257131 0
MIN 61 0 0 946095 191332 910275 389806 243645 105232 0
MIN 62 0 0 502554 596981 322897 399468 385893 443471 0
MIN 63 0 0 974541 61283 405409 48934 435020 94430 0
MIN 64 0 0 808051 732987 239191 675073 573523 630115 0
MIN 65 0 0 805358 650245 704691 212559 726019 981406 0
MIN 66 0 0 520656 836962 805210 859656 193902 128648 0
MIN 67 0 0 494848 477316 542977 493719 134893 954613 0
MIN 68 0 0 364564 83923 584923 220639 349268 528044 0
MIN 69 0 0 364485 549256 383864 296910 444036 126349 0
MIN 70 0 0 233387 173343 234372 622567 32967 747936 0
MIN 71 0 0 777818 338155 900456 991817 972461 269407 0
MIN 72 0 0 604262 276535 59270 352988 532425 952787 0
MIN 73 0 0 961488 777754 551411 414558 4206 754062 0
MIN 74 0 0 154085 167488 734955 313267 389726 677855 0
MIN 75 0 0 173755 713647 339588 577911 968268 848645 0
MIN 76 0 0 389481 228547 292180 368046 141105 811874 0
MIN 77 0 0 472260 201765 936345 917859 98739 265512 0
MIN 78 0 0 322418 243677 68389 207450 482589 882892 0
MIN 79 0 0 584836 62546 695377 77527 404059 309256 0
MIN 80 0 0 953343 359826 103938 89019 685827 100847 0
MIN 81 0 0 961632 825661 458346 924762 588161 479987 0
MIN 82 0 0 806862 11476 56044 334332 996251 16863 0
MIN 83 0 0 909271 684182 316529 4916 174862 245447 0
MIN 84 0 0 649890 338209 104273 880887 606837 201891 0
MIN 85 0 0 192045 859649 732294 357442 764484 107866 0
MIN 86 0 0 860494 926783 380303 597855 92439 238038 0
MIN 87 0 0 212617 757880 632117 353742 4658 720462 0
MIN 88 0 0 283965 633270 26409 499752 611145 680464 0
MIN 89 0 0 192166 706592 465950 410130 418759 386022 0
MIN 90 0 0 609925 186471 243157 823498 965801 246117 0
MIN 91 0 0 979239 577449 255168 258902 854435 669409 0
MIN 92 0 0 910492 163915 560039 264180 647648 908226 0
MIN 93 0 0 347888 513016 907780 101476 372938 228057 0
MIN 94 0 0 851730 760385 156456 857910 169951 403338 0
MIN 95 0 0 236405 282625 562065 12884 737211 691395 0
MIN 96 0 0 126844 140077 33415 928045 460193 782951 0
MIN 97 0 0 2359 330361 452215 609862 372835 505484 0
MIN 98 0 0 712642 202203 117152 174862 43489 592975 0
MIN 99 0 0 633527 538922 203263 307716 696286 238697 0
MIN 100 0 0 895786 875881 73720 679387 588508 459990 0
MIN 101 0 0 334025 82608 901769 479274 59493 185353 0
MIN 102 0 0 877793 271564 54413 958839 708254 643408 0
MIN 103 0 0 733859 179222 950745 706768 976953 259594 0
MIN 104 0 0 73255 687051 417132 373162 630720 629174 0
MIN 105 0 0 352646 42184 814061 313872 306637 680480 0
MIN 106 0 0 403892 283181 311116 499555 392625 734014 0
MIN 107 0 0 991035 696488 76230 183466 460611 58760 0
MIN 108 0 0 895755 901677 565352 971049 378381 342550 0
MIN 109 0 0 806631 607975 407967 699149 564413 572333 0
MIN 110 0 0 872335 39668 607728 247148 818828 680019 0
MIN 111 0 0 17388 18324 780075 153196 916931 342784 0
MIN 112 0 0 373971 633568 347977 673690 62140 106250 0
MIN 113 0 0 702279 157808 889661 862660 524760 263619 0
MIN 114 0 0 786843 368797 681227 163425 759790 235444 0
MIN 115 0 0 602571 578588 423653 593600 225122 505368 0
MIN 116 0 0 397459 264628 311875 392244 638891 960378 0
MIN 117 0 0 603856 808348 44957 491694 167854 154380 0
MIN 118 0 0 605506 989802 787172 817971 152361 784164 0
MIN 119 0 0 895930 932321 81982 91364 258246 265216 0
MIN 120 0 0 109172 7588 543302 499099 301098 94464 0
MIN 121 0 0 605248 679346 495838 80790 878583 950723 0
MIN 122 0 0 604766 790384 621479 178695 867832 265747 0
MIN 123 0 0 442685 538768 72168 725513 542518 237535 0
MIN 124 0 0 52864 193394 550380 926832 904621 435125 0
MIN 125 0 0 796345 700945 99286 215195 969267 898391 0
MIN 126 0 0 34983 191549 715936 509741 578206 904395 0
MIN 127 0 0 600115 301285 102150 370252 274042 801779 0
MIN 128 0 0 678610 482294 738695 771532 772948 197499 0
MIN 129 0 0 368199 307351 676298 974016 687003 692069 0
MIN 130 0 0 90646 704664 837754 963666 336136 662854 0
MIN 131 0 0 352257 289701 915979 934642 785974 229384 0
MIN 132 0 0 275314 701142 571445 426298 125582 576036 0
MIN 133 0 0 346783 289726 225929 886886 992665 213428 0
MIN 134 0 0 153816 124506 324618 588485 497026 228517 0
MIN 135 0 0 692498 950309 519456 283808 982077 883813 0
MIN 136 0 0 690324 736033 969685 97824 601920 416499 0
MIN 137 0 0 180447 328049 705022 104630 476608 640927 0
MIN 138 0 0 556452 361199 96280 489522 97576 178488 0
MIN 139 0 0 193094 439243 879847 481639 226508 117305 0
MIN 140 0 0 605771 600123 727588 989404 549648 464221 0
MIN 141 0 0 738606 462536 854656 246998 98324 445141 0
MIN 142 0 0 953293 265625 532194 298716 926007 36312 0
MIN 143 0 0 442063 416699 681232 242920 785114 224157 0
MIN 144 0 0 98992 438726 911644 960752 648346 254241 0
MIN 145 0 0 917475 773000 96811 22921 431253 663996 0
MIN 146 0 0 772311 163752 526679 216477 123136 372874 0
MIN 147 0 0 707043 149551 95131 127095 768908 192412 0
MIN 148 0 0 831012 761990 52922 234828 217986 904847 0
MIN 149 0 0 865665 740061 444200 217529 730267 607822 0
MIN 150 0 0 372854 589083 422830 609082 450128 618843 0
MIN 151 0 0 463920 893817 581762 305381 68895 365178 0
MIN 152 0 0 190293 360547 776085 186227 24764 877143 0
MIN 153 0 0 509810 903354 356690 673432 942710 838277 0
MIN 154 0 0 888193 878688 617691 676153 983081 15473 0
MIN 155 0 0 956089 568610 660278 351951 576973 980501 0
MIN 156 0 0 186389 97628 786760 106483 613489 342430 0
MIN 157 0 0 984066 135884 226487 711079 967303 556943 0
MIN 158 0 0 753547 41065 324972 16935 637679 589711 0
MIN 159 0 0 511059 352362 595405 375214 434119 892149 0
MIN 160 0 0 210235 425287 245955 402485 174713 987068 0
MIN 161 0 0 120813 901207 380209 302115 800386 542471 0
MIN 162 0 0 551390 932433 613264 623581 573836 23665 0
MIN 163 0 0 564637 428990 773597 784439 47540 231737 0
MIN 164 0 0 921481 186551 192903 982445 146978 620697 0
MIN 165 0 0 39091 269122 904393 541982 271280 241128 0
MIN 166 0 0 402521 236844 803923 829586 855473 77758 0
MIN 167 0 0 730786 971616 268877 68437 542456 52704 0
MIN 168 0 0 465965 407959 876428 414207 258240 106662 0
MIN 169 0 0 952011 153135 799929 862666 459089 786743 0
MIN 170 0 0 281020 573666 496397 407545 284453 309524 0
MIN 171 0 0 765700 678565 890474 337915 910972 207507 0
MIN 172 0 0 647278 943734 471895 704567 616732 183016 0
MIN 173 0 0 464623 709176 636973 176761 200578 77127 0
MIN 174 0 0 129177 437775 380994 671365 530517 235161 0
MIN 175 0 0 3111 144521 672659 451349 740408 741332 0
MIN 176 0 0 153840 852074 260805 573283 226982 941374 0
MIN 177 0 0 447368 367158 489947 109287 265500 157453 0
MIN 178 0 0 647186 990503 877356 647990 57534 336346 0
MIN 179 0 0 814360 538344 134854 27923 179337 678435 0
MIN 180 0 0 341620 847444 210721 141805 291084 128338 0
MIN 181 0 0 900014 594127 32909 656093 312764 688086 0
MIN 182 0 0 66703 506527 275214 575666 8760 573777 0
MIN 183 0 0 796224 732209 535221 619340 947579 743452 0
MIN 184 0 0 265356 976671 178621 317070 389809 728321 0
MIN 185 0 0 554942 324919 369161 199031 154102 336643 0
MIN 186 0 0 20649 797171 212215 908260 834570 59270 0
MIN 187 0 0 471523 261226 906334 574883 315715 50700 0
MIN 188 0 0 869589 204698 480911 222603 736017 868646 0
MIN 189 0 0 772215 830951 736033 691878 635665 392441 0
MIN 190 0 0 590696 441067 559273 698099 319908 902788 0
MIN 191 0 0 265401 395727 46794 513180 945636 494244 0
MIN 192 0 0 125988 478892 512835 482230 409950 751510 0
MIN 193 0 0 163947 582022 221359 844075 173158 481534 0
MIN 194 0 0 790231 892884 62795 344989 186323 517533 0
MIN 195 0 0 432990 255324 589605 104645 595290 25814 0
MIN 196 0 0 214387 892817 188278 509209 746404 610533 0
MIN 197 0 0 492198 894325 786287 663740 840798 664063 0
MIN 198 0 0 927480 881978 344866 861553 948761 383895 0
MIN 199 0 0 486701 978125 286887 514797 964763 539984 0
MIN 200 0 0 685725 365737 719875 414608 49263 392563 0
MIN 201 0 0 237821 926754 246259 298953 728373 985017 0
MIN 202 0 0 898963 809864 819884 873432 633521 445141 0
MIN 203 0 0 288482 338713 776970 479776 925597 785260 0
MIN 204 0 0 874689 790741 409406 567981 774378 158427 0
MIN 205 0 0 934730 876927 888811 65256 61706 668964 0
MIN 206 0 0 72969 351119 500607 808897 620441 716727 0
MIN 207 0 0 704321 374774 242069 310401 723066 509003 0
MIN 208 0 0 761706 424938 639657 866740 606503 253401 0
MIN 209 0 0 784904 8593 235051 938150 807257 800863 0
MIN 210 0 0 477455 105520 556531 913715 972672 387192 0
MIN 211 0 0 853716 888732 207405 155051 960971 388662 0
MIN 212 0 0 533151 792944 903980 415904 541592 571148 0
MIN 213 0 0 37162 999549 859152 476811 585183 850276 0
MIN 214 0 0 484992 222028 153032 986189 758177 112446 0
MIN 215 0 0 539250 464298 830666 375211 91140 638933 0
MIN 216 0 0 191351 811040 938400 453464 918749 791670 0
MIN 217 0 0 28823 137147 817849 113725 432292 851577 0
MIN 218 0 0 111179 41678 448606 851584 163165 153043 0
MIN 219 0 0 381651 511102 465346 791848 917496 349509 0
MIN 220 0 0 344810 499612 588283 314959 255099 405999 0
MIN 221 0 0 47855 639449 739048 817327 168965 659988 0
MIN 222 0 0 806861 519061 549136 349910 718878 930370 0
MIN 223 0 0 465997 302075 125365 490615 138705 359438 0
MIN 224 0 0 314205 646646 263990 914259 167919 345409 0
MIN 225 0 0 157816 928663 990350 755298 952017 292900 0
MIN 226 0 0 236302 629631 367564 607419 141354 304909 0
MIN 227 0 0 806117 936544 890709 496358 761310 381914 0
MIN 228 0 0 186698 284414 197453 314960 155775 513170 0
MIN 229 0 0 406489 922215 631780 215385 132865 237015 0
MIN 230 0 0 269090 618563 651565 319611 563671 321890 0
MIN 231 0 0 899983 491466 441472 391417 437669 197172 0
MIN 232 0 0 264262 362241 895338 135188 773900 489604 0
MIN 233 0 0 178350 53435 199070 666229 603348 190002 0
MIN 234 0 0 914506 30243 655386 46024 861078 648879 0
MIN 235 0 0 595373 836647 129296 118106 866536 919014 0
MIN 236 0 0 355742 143330 100787 215057 549852 876184 0
MIN 237 0 0 556887 263714 375327 62054 206948 270676 0
MIN 238 0 0 502533 730559 405186 42559 255039 425631 0
MIN 239 0 0 640227 349924 707850 98071 187946 674247 0
MIN 240 0 0 539642 978289 263121 900598 384659 745805 0
MIN 241 0 0 259775 702458 981806 661050 899003 842936 0
MIN 242 0 0 89152 819652 215273 302971 579159 640981 0
MIN 243 0 0 445494 896291 317081 426396 845746 384774 0
MIN 244 0 0 907133 740044 591039 358630 127905 944953 0
MIN 245 0 0 425638 540208 962293 940508 907798 152402 0
MIN 246 0 0 61951 605912 204524 381404 819063 287377 0
MIN 247 0 0 540078 544006 988971 479921 951309 716918 0
MIN 248 0 0 190230 223910 248914 438883 200271 145864 0
MIN 249 0 0 498508 53140 191893 223911 775469 271111 0
MIN 250 0 0 308400 532993 685169 71065 609928 547655 0
MIN 251 0 0 639836 794196 402472 37625 560022 954987 0
MIN 252 0 0 634897 541054 990063 858619 752597 818877 0
MIN 253 0 0 865925 639078 458724 228963 832033 625920 0
MIN 254 0 0 51423 344986 808192 228038 639210 894371 0
MIN 255 0 0 341078 299055 25036 9714 544026 413495 0
MIN 256 0 0 283255 82737 245252 515234 456831 184225 0
MIN 257 0 0 798011 234533 183346 730406 839308 342962 0
MIN 258 0 0 456583 59982 744070 549979 741559 246233 0
MIN 259 0 0 971019 478078 292017 837556 744016 280287 0
MIN 260 0 0 144000 122065 893464 24502 689365 128617 0
MIN 261 0 0 549744 554393 979135 589511 141512 219902 0
MIN 262 0 0 383098 135863 16806 502704 168005 910713 0
MIN 263 0 0 529670 833553 714496 743034 976580 583705 0
MIN 264 0 0 666569 755615 76042 705963 297568 129924 0
MIN 265 0 0 531167 230333 386894 631195 177156 800069 0
MIN 266 0 0 971632 786733 313419 173970 757303 101033 0
MIN 267 0 0 66295 63181 534637 808872 327443 462437 0
MIN 268 0 0 19719 783244 525249 321116 630349 129231 0
MIN 269 0 0 875971 83892 570346 471556 320736 662343 0
MIN 270 0 0 386899 102900 180140 90606 395328 86493 0
MIN 271 0 0 316557 554994 103102 957919 637901 394721 0
MIN 272 0 0 758983 762971 69456 45159 867648 745375 0
MIN 273 0 0 636332 784779 953594 92346 985868 60214 0
MIN 274 0 0 798348 241258 161621 284391 217047 509535 0
MIN 275 0 0 590224 697226 746285 902330 622682 647329 0
MIN 276 0 0 733431 176154 896080 177176 887364 383715 0
MIN 277 0 0 876547 57052 252498 21337 177189 955822 0
MIN 278 0 0 562116 59385 683081 480438 723312 109937 0
MIN 279 0 0 400820 688492 982523 778464 838577 979231 0
MIN 280 0 0 186751 38060 93688 768913 469428 140381 0
MIN 281 0 0 128206 850904 762805 743149 495534 164006 0
MIN 282 0 0 321335 578446 525636 217310 957744 439209 0
MIN 283 0 0 166578 324366 218768 131558 185430 95136 0
MIN 284 0 0 235331 969263 794147 47453 483165 226486 0
MIN 285 0 0 979073 529016 25174 692554 235121 585049 0
MIN 286 0 0 29701 604010 602413 979902 636517 324613 0
MIN 287 0 0 58488 984860 877195 150374 508028 459900 0
MIN 288 0 0 823279 834629 509295 717087 438168 212609 0
MIN 289 0 0 563415 336979 128692 40291 442372 405671 0
MIN 290 0 0 505699 681846 108267 830374 813537 471415 0
MIN 291 0 0 678971 467514 105442 531773 909356 530450 0
MIN 292 0 0 280691 485725 209053 243781 949316 733432 0
MIN 293 0 0 560366 61257 960744 228272 203210 595309 0
MIN 294 0 0 952463 375902 275248 693958 43683 81032 0
MIN 295 0 0 624561 18296 799417 455724 175810 57492 0
MIN 296 0 0 912709 996583 333923 378961 31903 989576 0
MIN 297 0 0 620178 47535 58648 988290 37661 534578 0
MIN 298 0 0 345014 171994 893319 340622 256348 814135 0
MIN 299 0 0 228049 196840 287458 446066 113673 703040 0
MIN 300 0 0 343907 174574 315035 54522 778034 359728 0
MIN 301 0 0 827201 311780 158804 150211 164615 839461 0
MIN 302 0 0 992589 914856 700412 925478 931111 968297 0
MIN 303 0 0 781454 314732 537518 438139 140707 747088 0
MIN 304 0 0 805722 692413 761236 353224 879348 781930 0
MIN 305 0 0 749811 561474 676258 854687 6276 290199 0
MIN 306 0 0 372899 402284 845975 310476 280789 842765 0
MIN 307 0 0 734071 945141 774889 641642 834368 475597 0
MIN 308 0 0 576132 83450 285717 615318 815578 33921 0
MIN 309 0 0 710564 439265 622098 951765 223489 689429 0
MIN 310 0 0 688244 465148 353884 771698 735959 542682 0
MIN 311 0 0 903118 973142 326926 990248 302202 328944 0
MIN 312 0 0 800147 466732 287885 484150 258950 616698 0
MIN 313 0 0 440172 744374 837337 68106 286368 600093 0
MIN 314 0 0 596540 974997 963756 407960 999513 88889 0
MIN 315 0 0 738029 694701 894415 611911 24478 93046 0
MIN 316 0 0 178635 717065 707712 997483 588003 621323 0
MIN 317 0 0 333039 996307 858356 922191 571077 384143 0
MIN 318 0 0 890002 128150 163643 449953 98599 184044 0
MIN 319 0 0 227046 893749 191829 318611 741161 629296 0
MIN 320 0 0 95148 997101 22984 555580 952506 912449 0
MIN 321 0 0 171741 548333 637336 50771 369912 197631 0
MIN 322 0 0 822802 943067 703879 395755 584006 321544 0
MIN 323 0 0 388906 991076 651127 846196 493758 239042 0
MIN 324 0 0 175262 188101 197395 532941 965597 400606 0
MIN 325 0 0 345013 278940 139651 552663 370568 835699 0
MIN 326 0 0 884842 247242 932928 27231 790837 847645 0
MIN 327 0 0 904658 226966 986629 489104 134570 478701 0
MIN 328 0 0 881569 781427 884649 660032 138807 714634 0
MIN 329 0 0 475113 605954 162760 448340 772160 903267 0
MIN 330 0 0 203599 620313 329357 319456 103546 594595 0
MIN 331 0 0 247446 578962 960669 286047 815714 205668 0
MIN 332 0 0 399380 293664 7233 434414 417754 487214 0
MIN 333 0 0 276873 277802 590425 829882 940352 579924 0
MIN 334 0 0 410955 929983 474904 600741 374085 494143 0
MIN 335 0 0 900129 117137 152065 272396 422204 479889 0
MIN 336 0 0 331121 43078 256784 235684 547900 350312 0
MIN 337 0 0 394016 188139 786092 941551 377227 701593 0
MIN 338 0 0 825378 887957 996741 100733 897213 525045 0
MIN 339 0 0 98254 76589 393077 331032 603848 936651 0
MIN 340 0 0 398153 933329 483266 254213 753958 848904 0
MIN 341 0 0 589962 911122 945337 688537 67343 58207 0
MIN 342 0 0 495050 380686 28516 394496 827111 281000 0
MIN 343 0 0 190950 294698 766650 717701 499743 714973 0
MIN 344 0 0 900516 929217 770622 954950 457337 687381 0
MIN 345 0 0 794537 775060 601631 963437 136340 549174 0
MIN 346 0 0 514524 362811 622985 897924 375027 83970 0
MIN 347 0 0 245160 664695 334651 67823 707418 32962 0
MIN 348 0 0 255374 6180 579015 626375 892051 279053 0
MIN 349 0 0 710459 516747 206093 559277 586382 344740 0
MIN 350 0 0 41667 503577 618702 277929 986085 141307 0
MIN 351 0 0 146995 882615 658678 872275 817379 445404 0
MIN 352 0 0 137383 143480 82128 761752 4902 460626 0
MIN 353 0 0 750864 737272 623117 718585 115772 546927 0
MIN 354 0 0 269168 848133 932126 70999 903644 592369 0
MIN 355 0 0 551238 869574 205371 242032 67691 714347 0
MIN 356 0 0 525254 169860 546427 688200 458896 405732 0
MIN 357 0 0 824064 63960 713790 279361 794292 406927 0
MIN 358 0 0 195531 503897 532301 265796 692239 509108 0
MIN 359 0 0 502269 406659 425293 44561 612563 355449 0
MIN 360 0 0 327595 159166 428316 271733 459700 626168 0
MIN 361 0 0 368502 229188 835380 910420 154653 135126 0
MIN 362 0 0 265669 327363 131861 458976 815664 334110 0
MIN 363 0 0 73662 572356 392311 640782 42192 202210 0
MIN 364 0 0 518902 115687 541111 625123 276514 688297 0
MIN 365 0 0 285745 638865 585311 658240 993177 169944 0
MIN 366 0 0 177748 219908 494835 169098 430731 567694 0
MIN 367 0 0 637383 404674 475746 360496 810502 425765 0
MIN 368 0 0 420925 468469 868624 280657 907000 477212 0
MIN 369 0 0 474743 100225 613933 826071 915180 713763 0
MIN 370 0 0 62826 154253 985505 364109 776351 887813 0
MIN 371 0 0 909063 731408 946666 237712 646247 992381 0
MIN 372 0 0 913590 867862 252568 580624 838704 405588 0
MIN 373 0 0 854754 240850 309592 905339 344286 58381 0
MIN 374 0 0 41076 685532 884194 446915 900515 398908 0
MIN 375 0 0 894706 612262 643694 981259 845669 611131 0
MIN 376 0 0 138608 378076 855820 518416 135606 288631 0
MIN 377 0 0 867407 331713 27293 306789 222763 904559 0
MIN 378 0 0 454776 95679 860287 208687 218464 13778 0
MIN 379 0 0 612625 294956 684319 465635 187169 915052 0
MIN 380 0 0 530136 912154 745020 973612 309208 862026 0
MIN 381 0 0 932336 130480 936448 199262 150846 491664 0
MIN 382 0 0 792212 263615 583173 580811 134354 527974 0
MIN 383 0 0 622644 92434 456196 658490 474350 768355 0
MIN 384 0 0 458247 737804 768287 813754 167958 3680 0
MIN 385 0 0 975196 525161 891419 848057 345252 439469 0
MIN 386 0 0 320746 9015 221640 845783 566625 283093 0
MIN 387 0 0 195323 206700 858734 863521 375152 323809 0
MIN 388 0 0 745034 756278 154395 381370 588003 17889 0
MIN 389 0 0 264559 734977 162956 483521 231100 435958 0
MIN 390 0 0 302083 183583 639927 963620 115087 64224 0
MIN 391 0 0 303625 243852 965582 335992 188535 764081 0
MIN 392 0 0 402475 490363 285187 142944 283163 96510 0
MIN 393 0 0 984867 413780 796612 223799 109247 337846 0
MIN 394 0 0 768024 843300 925757 584843 456232 406699 0
MIN 395 0 0 555277 911983 64344 499945 53523 252287 0
MIN 396 0 0 404694 596506 951278 888978 362529 490521 0
MIN 397 0 0 330425 134981 757983 516178 37580 698504 0
MIN 398 0 0 268070 110451 910905 549248 974647 551875 0
MIN 399 0 0 238359 347925 999312 502755 269653 862320 0
MIN 400 0 0 956119 244090 218988 659015 337707 314549 0
MIN 401 0 0 649908 162539 445028 633767 320516 902570 0
MIN 402 0 0 620364 781129 706409 321269 182594 990619 0
MIN 403 0 0 36936 819120 778046 695790 312942 694634 0
MIN 404 0 0 273626 447581 973600 439861 566096 362610 0
MIN 405 0 0 161020 51544 734188 820150 677855 141793 0
MIN 406 0 0 245438 257043 994420 789057 975211 322845 0
MIN 407 0 0 433652 56051 972552 11141 502165 516056 0
MIN 408 0 0 868612 30954 276214 530541 43477 565049 0
MIN 409 0 0 81630 786527 701697 197060 783607 690681 0
MIN 410 0 0 598932 413099 362650 248873 259855 431938 0
MIN 411 0 0 224409 792551 615627 796077 662052 533172 0
MIN 412 0 0 651089 783606 134790 15654 158932 645561 0
MIN 413 0 0 824153 22192 236989 688984 19819 402663 0
MIN 414 0 0 90496 465643 294278 146892 641253 602325 0
MIN 415 0 0 597492 450880 246232 377579 184654 101487 0
MIN 416 0 0 780784 298655 875590 454183 831839 160152 0
MIN 417 0 0 619164 437183 531303 282571 534412 271899 0
MIN 418 0 0 1888 71757 889485 327921 855449 80634 0
MIN 419 0 0 946297 228869 628652 287495 37347 940726 0
MIN 420 0 0 802299 47438 28976 405498 164504 38519 0
MIN 421 0 0 459792 161443 503126 483405 983639 584832 0
MIN 422 0 0 760360 513987 198418 302551 927724 738283 0
MIN 423 0 0 365973 25652 430589 154685 498953 327713 0
MIN 424 0 0 966953 778996 198803 356251 300056 681955 0
MIN 425 0 0 773875 654825 164875 915769 386061 543050 0
MIN 426 0 0 378497 133260 615684 251640 891693 697869 0
MIN 427 0 0 671168 987524 293487 996828 986095 428970 0
MIN 428 0 0 923482 8994 141937 446357 605646 256086 0
MIN 429 0 0 402956 90546 343636 865291 422792 496844 0
MIN 430 0 0 574036 313062 598096 819295 895052 871672 0
MIN 431 0 0 896962 634643 166554 222400 27145 140053 0
MIN 432 0 0 689691 102847 658867 598014 10936 59587 0
MIN 433 0 0 201591 677860 233654 9253 629275 358441 0
MIN 434 0 0 58241 354853 367618 51539 156035 909234 0
MIN 435 0 0 525048 826784 98014 854957 130818 218838 0
MIN 436 0 0 740494 951177 405871 10316 808267 906595 0
MIN 437 0 0 856793 156865 977420 813432 570902 38030 0
MIN 438 0 0 846757 42659 353415 670694 739335 395386 0
MIN 439 0 0 11346 429885 814927 83645 864068 782926 0
MIN 440 0 0 226339 638832 799516 22103 689802 974309 0
MIN 441 0 0 208864 775686 524077 898094 459678 704631 0
MIN 442 0 0 867062 295244 999654 996405 686985 213474 0
MIN 443 0 0 22979 423491 233150 433328 232159 159287 0
MIN 444 0 0 502340 656796 725729 329721 926790 667626 0
MIN 445 0 0 649089 453330 167611 11316 77407 921769 0
MIN 446 0 0 957730 595181 438654 443093 58999 607845 0
MIN 447 0 0 951979 826300 334806 58227 554574 594322 0
MIN 448 0 0 924808 999455 588694 169339 465526 371597 0
MIN 449 0 0 974620 8981 198752 840193 922272 794874 0
MIN 450 0 0 735166 597638 374792 721345 161834 652366 0
MIN 451 0 0 291177 614451 187239 410023 927223 721225 0
MIN 452 0 0 830611 544102 25999 151191 542744 852661 0
MIN 453 0 0 637595 607732 648710 820069 215743 554895 0
MIN 454 0 0 88042 282038 201290 483742 50275 862651 0
MIN 455 0 0 166940 943608 759588 667796 53242 295188 0
MIN 456 0 0 423879 395612 200264 634722 811450 763856 0
MIN 457 0 0 625546 6490 471069 265561 667973 775039 0
MIN 458 0 0 66792 208549 170399 334984 943035 291056 0
MIN 459 0 0 59053 834719 294527 435112 761365 770820 0
MIN 460 0 0 956250 746521 907303 421921 495774 453905 0
MIN 461 0 0 868718 1796 981435 752759 709887 348856 0
MIN 462 0 0 181002 125705 276833 955349 506778 668362 0
MIN 463 0 0 138567 498884 557261 779510 562755 641287 0
MIN 464 0 0 929207 209980 563219 106002 733124 353277 0
MIN 465 0 0 402677 481142 908470 724336 178396 911629 0
MIN 466 0 0 413200 812564 686992 643924 609355 551524 0
MIN 467 0 0 896707 24407 699603 664976 195850 600471 0
MIN 468 0 0 353800 464015 18195 470134 806459 922776 0
MIN 469 0 0 273372 272895 403544 448730 190277 753447 0
MIN 470 0 0 707258 821286 712149 238728 104154 989834 0
MIN 471 0 0 151377 894748 763979 484897 823977 318184 0
MIN 472 0 0 980276 52241 818186 552444 542445 954663 0
MIN 473 0 0 985379 8093 12116 670644 9222 583548 0
MIN 474 0 0 12354 135182 353407 485516 342287 909759 0
MIN 475 0 0 574296 923726 695685 447487 947344 838857 0
MIN 476 0 0 571408 253934 460123 32903 589540 148971 0
MIN 477 0 0 259247 870167 192840 712352 226595 651723 0
MIN 478 0 0 419550 806098 898321 467231 402952 838500 0
MIN 479 0 0 59882 926270 770069 628158 178427 831498 0
MIN 480 0 0 542266 705576 468916 297299 656772 764380 0
MIN 481 0 0 763259 613705 629929 617342 143396 379284 0
MIN 482 0 0 281818 558302 624083 203315 637519 357690 0
MIN 483 0 0 966198 462626 989193 872903 151984 667802 0
MIN 484 0 0 105016 196426 925790 480159 706107 161177 0
MIN 485 0 0 482939 488333 592302 391159 238098 60543 0
MIN 486 0 0 324842 699270 903216 955392 567974 181226 0
MIN 487 0 0 83639 990975 513768 54478 400580 922216 0
MIN 488 0 0 874584 41947 150852 654652 190144 442167 0
MIN 489 0 0 102806 937553 415476 368366 119975 137780 0
MIN 490 0 0 991549 364665 598243 487460 108156 83118 0
MIN 491 0 0 507136 680995 754436 471609 53805 216475 0
MIN 492 0 0 227026 872433 17000 199345 367214 130298 0
MIN 493 0 0 141359 309503 426419 797933 540619 705982 0
MIN 494 0 0 395062 18679 317577 98002 281444 525715 0
MIN 495 0 0 494222 659109 480626 260800 772484 881610 0
MIN 496 0 0 989776 993582 555786 820824 532860 20228 0
MIN 497 0 0 988223 181210 736280 418961 252063 272943 0
MIN 498 0 0 988509 709776 690607 828263 630777 741812 0
MIN 499 0 0 24900 661988 475708 663921 726559 229546 0
MIN 500 0 0 360645 659653 74008 559088 217480 513019 0
MIN 501 0 0 506007 890241 298293 182347 463496 372205 0
MIN 502 0 0 926923 976751 261830 613032 779938 814074 0
MIN 503 0 0 836318 809958 810535 937513 145247 160942 0
MIN 504 0 0 87001 54390 873927 442873 277356 59065 0
MIN 505 0 0 954605 158083 792132 592897 412818 959373 0
MIN 506 0 0 996817 216139 682638 691729 784342 774516 0
MIN 507 0 0 393995 661806 540969 684491 412155 223507 0
MIN 508 0 0 710316 431894 795867 236222 694460 35500 0
MIN 509 0 0 617107 158908 920861 671385 429269 466164 0
MIN 510 0 0 402997 395074 561605 953770 833587 243021 0
MIN 511 0 0 586771 944313 863790 110946 381993 443240 0
MIN 512 0 0 543565 627686 81085 653342 344418 507671 0
MIN 513 0 0 895674 57316 777083 169598 776773 620581 0
MIN 514 0 0 554082 984266 487381 839687 22083 221170 0
MIN 515 0 0 637235 55370 317502 957377 33319 811443 0
MIN 516 0 0 404106 296292 513493 69730 564210 31057 0
MIN 517 0 0 794035 333910 26908 966762 108867 608324 0
MIN 518 0 0 883128 816659 286254 757389 755010 786275 0
MIN 519 0 0 769058 126250 613163 944226 136471 508297 0
MIN 520 0 0 298522 526617 266863 563987 176706 372012 0
MIN 521 0 0 146735 254128 17493 688245 278582 422660 0
MIN 522 0 0 984842 755064 451499 260923 412647 700081 0
MIN 523 0 0 820251 860342 803648 446461 706401 193456 0
MIN 524 0 0 642 398400 773584 591570 219477 969759 0
MIN 525 0 0 162649 71683 819178 73942 917151 4547 0
MIN 526 0 0 634945 655813 932794 523379 616760 193666 0
MIN 527 0 0 943573 210243 415269 322650 743127 418892 0
MIN 528 0 0 141869 562894 356814 324825 343628 694585 0
MIN 529 0 0 703949 742020 97417 190130 431904 251403 0
MIN 530 0 0 734716 459440 232366 960110 409081 823620 0
MIN 531 0 0 356633 952722 448944 63271 74920 45127 0
MIN 532 0 0 80389 311824 270387 249432 266424 640202 0
MIN 533 0 0 994068 269195 405079 682418 127597 827929 0
MIN 534 0 0 93627 483884 662807 339461 901236 390450 0
MIN 535 0 0 985745 374778 485220 4521 323189 130098 0
MIN 536 0 0 644901 197259 467663 748119 768556 699959 0
MIN 537 0 0 32930 932594 699174 58205 566051 186537 0
MIN 538 0 0 986234 317596 223357 421837 549426 209379 0
MIN 539 0 0 736462 356871 787834 103959 451539 571752 0
MIN 540 0 0 357431 310674 818841 591327 306231 821316 0
MIN 541 0 0 199165 289409 230009 430097 175995 925312 0
MIN 542 0 0 116176 337852 570155 132824 675855 953166 0
MIN 543 0 0 151290 810205 754187 739305 668891 386705 0
MIN 544 0 0 905118 558977 983836 476137 796913 996296 0
MIN 545 0 0 808054 847202 357770 520725 114319 503136 0
MIN 546 0 0 647081 57773 762020 936677 906730 623568 0
MIN 547 0 0 860014 958036 564216 363562 372078 411383 0
MIN 548 0 0 558494 684255 484898 968176 34760 663032 0
MIN 549 0 0 945415 512073 336294 742375 525218 653552 0
MIN 550 0 0 4460 607585 973395 296477 816587 172744 0
MIN 551 0 0 187031 251427 447415 920912 896159 338388 0
MIN 552 0 0 345066 581112 114313 99390 503960 837345 0
MIN 553 0 0 236958 502185 826530 251417 895493 814063 0
MIN 554 0 0 668240 283813 386655 144026 517432 172346 0
MIN 555 0 0 812056 154694 555600 917832 366941 998810 0
MIN 556 0 0 280784 560470 956488 674161 392633 446930 0
MIN 557 0 0 827707 740205 213333 561543 694256 134175 0
MIN 558 0 0 869102 955357 32069 78299 233286 81974 0
MIN 559 0 0 946683 624182 375435 831523 773874 79067 0
MIN 560 0 0 72818 554422 686594 290009 7671 262569 0
MIN 561 0 0 390541 720705 97331 209290 753066 804051 0
d=3 m=12 rows 12 u0=2 K=560
MIN 2 0 0 415539 321276 298710 856490 332651 503262 134942 858114 464753 285041 548862
MIN 3 0 0 956102 513619 198415 809583 927566 653938 387728 478650 475488 513274 927809
MIN 4 0 0 581956 701095 997498 188151 11657 188340 339854 971637 488725 665735 954379
MIN 5 0 0 485037 956203 44495 562202 923679 664157 642066 696241 968100 148181 167967
MIN 6 0 0 721222 861524 784478 249678 855685 755435 97532 684303 975607 982657 315660
MIN 7 0 0 212744 491783 714691 117259 472208 857380 622197 357477 834131 900506 282241
MIN 8 0 0 57397 473938 85790 383540 487454 399661 316333 38058 971678 908810 940990
MIN 9 0 0 421856 462193 767108 620312 347261 650016 384720 160926 198370 549601 650263
MIN 10 0 0 778155 798040 676796 25275 894388 71332 738165 779799 953985 93790 206191
MIN 11 0 0 632383 451319 244261 432044 774994 364320 824750 361057 558820 156800 544549
MIN 12 0 0 596223 954761 154291 681173 78681 294255 735550 932187 487348 237251 276265
MIN 13 0 0 471441 914833 708597 83851 212327 889965 389115 329833 634894 181513 162337
MIN 14 0 0 523777 858303 207086 813947 860653 930783 821650 11615 309048 701938 630535
MIN 15 0 0 408166 157055 601550 325793 374524 723061 65892 521844 201729 51282 138327
MIN 16 0 0 136267 189131 359035 490942 722310 663052 769298 579900 225855 467822 874516
MIN 17 0 0 42145 135013 974726 506939 923065 683750 646832 816431 315885 314143 910278
MIN 18 0 0 82934 932317 788275 984688 712427 374558 95134 484496 93994 691164 802471
MIN 19 0 0 286881 471844 633613 666572 777847 657156 344621 225178 703398 474613 77565
MIN 20 0 0 40241 752963 930125 558121 368173 1871 891211 157001 796981 536560 810871
MIN 21 0 0 658619 583749 305065 422262 842737 710687 942210 433078 140473 336460 531907
MIN 22 0 0 107255 968507 708022 496824 956110 194152 350332 128744 401163 316720 430932
MIN 23 0 0 427903 865139 701229 842049 864288 438788 997139 820381 310350 843097 381236
MIN 24 0 0 601194 863527 593536 503793 604566 145196 452728 540790 813262 860886 608130
MIN 25 0 0 542473 443388 42917 314810 532537 905125 752748 379028 198109 752924 782903
MIN 26 0 0 270123 285194 728921 188110 944781 810300 767576 187519 583234 370275 357448
MIN 27 0 0 416219 232575 447674 762677 161776 618087 805061 355823 883308 254377 288073
MIN 28 0 0 138679 650964 510223 273356 104559 439282 431952 722899 684813 9375 161542
MIN 29 0 0 404985 163772 604406 132076 526401 998012 209720 16884 435784 48681 321139
MIN 30 0 0 453508 359275 455023 224958 455344 965682 707313 562438 83884 543179 338784
MIN 31 0 0 728254 542774 615314 978631 299802 982590 302542 908888 79905 195008 947692
MIN 32 0 0 609005 552687 910452 714339 812342 629586 804887 231447 792810 541364 830212
MIN 33 0 0 955434 836082 106635 364254 58492 111702 149272 481979 939587 258516 836316
MIN 34 0 0 322044 126342 154551 10492 879866 806778 670030 280096 875075 543734 552699
MIN 35 0 0 809075 428509 541953 122858 231672 473223 704992 38635 379918 922571 958954
MIN 36 0 0 934169 714489 265190 320530 17709 532602 534206 80829 404517 723995 784816
MIN 37 0 0 857231 224851 909546 77187 693506 867603 449524 678337 693541 971517 498577
MIN 38 0 0 145335 644947 744398 629828 402974 611093 611360 169220 513421 858959 269716
MIN 39 0 0 519199 832029 570896 457967 874834 863787 90942 446789 813521 606992 495537
MIN 40 0 0 47297 638088 17846 247048 474644 610522 471417 446171 726164 447936 837548
MIN 41 0 0 520496 386014 269944 421646 988789 483107 751890 334443 703630 947875 278131
MIN 42 0 0 287844 437815 947306 62284 472286 58732 365971 996036 259037 373609 59209
MIN 43 0 0 875798 845634 597879 841757 464894 276350 312090 219314 129263 872773 198413
MIN 44 0 0 972065 248728 692141 497318 892667 530313 884332 611360 820777 838628 251274
MIN 45 0 0 530182 12876 956502 29851 718563 663053 847619 281796 247161 836499 306450
MIN 46 0 0 262191 103948 665752 419532 684951 519410 885546 907815 97322 590941 928996
MIN 47 0 0 51007 773367 581891 81554 812492 997689 782575 564163 145842 282402 730575
MIN 48 0 0 863685 645097 765841 196517 881612 814763 985854 467489 688875 287792 118462
MIN 49 0 0 937028 292473 778253 444830 392909 455135 240983 165913 409741 291898 404519
MIN 50 0 0 12368 869933 18020 754575 684441 215979 925107 333033 337438 602457 746754
MIN 51 0 0 763701 232387 637620 930414 846787 647094 253517 119438 884645 104664 279459
MIN 52 0 0 472543 509532 703884 129669 549586 359473 838189 333741 48916 733571 472428
MIN 53 0 0 689957 299140 155483 457373 911861 826209 898013 664473 404079 580925 574642
MIN 54 0 0 840789 457913 452027 94206 426960 942517 694903 172794 46957 566211 788104
MIN 55 0 0 449378 491620 406531 930887 93208 31504 334942 164578 387906 911211 481121
MIN 56 0 0 344023 97658 82948 41260 407961 806804 711843 196000 967506 483343 849941
MIN 57 0 0 236683 683258 222190 323945 586265 388535 79807 768712 87425 657585 68655
MIN 58 0 0 324690 643544 41014 967793 328409 952537 105544 677422 601833 765438 862416
MIN 59 0 0 248123 225258 206476 814330 462824 513835 539678 116328 268095 21298 696512
MIN 60 0 0 116938 824310 950126 709473 15337 225591 97615 138854 12032 188735 896628
MIN 61 0 0 999689 470181 509029 730055 160094 332628 560787 657143 946949 485620 867987
MIN 62 0 0 889770 560984 609436 637627 706179 87324 251291 523884 789100 910317 757655
MIN 63 0 0 472048 203310 884310 457285 654003 277969 267135 838508 204470 208386 824187
MIN 64 0 0 101650 347920 613170 533889 992346 845308 386477 630366 345700 646945 368946
MIN 65 0 0 184800 132065 438974 171368 245014 660727 318544 417190 208001 385853 503499
MIN 66 0 0 986169 520433 390479 905595 605731 671591 757666 127414 332403 92257 545243
MIN 67 0 0 73807 227754 132743 539939 714580 300207 972243 162561 912774 371968 780476
MIN 68 0 0 343277 214310 83158 135563 721308 981594 95850 916576 634005 302464 299240
MIN 69 0 0 101734 139329 880490 184960 927586 650191 405495 756131 870045 224586 961074
MIN 70 0 0 428293 663912 13678 326741 133775 927422 481634 486837 837981 508598 581550
MIN 71 0 0 970221 537041 725925 985485 194634 765936 518021 227365 477066 984412 120603
MIN 72 0 0 220623 70938 388260 8808 295941 451026 505074 213981 657731 520002 371681
MIN 73 0 0 252061 973793 231992 767429 778819 582191 30204 359734 542745 746855 617176
MIN 74 0 0 170511 947290 881984 324003 761116 392168 582800 807240 403216 28304 636513
MIN 75 0 0 245664 904851 155063 649555 568782 308284 637122 972115 645542 882274 788702
MIN 76 0 0 622581 648967 673943 686098 222296 728106 391910 612459 974105 267435 287265
MIN 77 0 0 918003 546326 101724 366551 383055 491224 747159 57830 905778 7947 718631
MIN 78 0 0 118410 288257 729921 450053 985614 579519 8919 681085 303257 200984 448503
MIN 79 0 0 870303 80755 558690 122531 19639 549073 692091 865954 366405 694408 489932
MIN 80 0 0 294877 496742 45018 593230 358970 330593 172402 796875 486819 221211 947515
MIN 81 0 0 485980 878249 892923 533044 821638 952337 830194 59963 731585 4568 240055
MIN 82 0 0 605959 78316 9923 969931 405935 608252 946041 27469 172197 878372 535752
MIN 83 0 0 735596 700805 749325 200928 563384 510306 696609 442387 23773 156694 264510
MIN 84 0 0 872548 464854 304273 332069 880605 983620 736259 971672 800532 747234 17181
MIN 85 0 0 67930 423876 888301 174390 546670 305933 734304 653828 83851 513178 412800
MIN 86 0 0 13130 277869 759012 984959 533284 171970 249447 796910 708823 223776 54582
MIN 87 0 0 58994 536705 457263 143897 684838 647634 426347 499317 705585 283256 555195
MIN 88 0 0 23246 642444 852972 211714 72841 386664 223780 448489 484680 972384 982837
MIN 89 0 0 864159 682293 906480 708409 71937 250029 889942 228451 918255 631529 583412
MIN 90 0 0 139560 971990 134368 319656 797005 172037 372154 759028 226951 513594 396481
MIN 91 0 0 100741 459500 440313 65299 819371 648463 836590 74172 921467 462883 457360
MIN 92 0 0 818389 379389 192238 852724 505223 421782 631721 329977 991839 310737 713251
MIN 93 0 0 900892 315497 546931 109734 373587 614935 801928 631222 784986 108434 87407
MIN 94 0 0 213597 853589 814413 968658 224107 25549 908878 359166 182975 774462 543921
MIN 95 0 0 292771 734959 180949 740072 448259 71591 71718 125325 858340 715447 598530
MIN 96 0 0 388397 688599 489051 184557 288982 359920 219697 609304 433705 919002 73749
MIN 97 0 0 438593 396607 360806 668715 313243 52178 940171 769109 684275 236101 66185
MIN 98 0 0 168001 602736 649358 654634 309868 149437 918810 710637 746728 220557 778429
MIN 99 0 0 393770 760200 422369 337184 22100 708774 830818 264250 27137 395637 590210
MIN 100 0 0 485527 261557 336684 363278 576827 418429 203261 812252 485925 344361 723475
MIN 101 0 0 849887 219002 404368 626933 773659 602571 720528 398951 828997 498130 406863
MIN 102 0 0 894413 687517 871488 663585 546478 839321 762463 726134 45630 448547 591953
MIN 103 0 0 627016 663836 537122 854988 289153 745912 812211 859633 733307 489553 103993
MIN 104 0 0 573231 797825 420704 734130 731114 830444 669736 843777 530006 783855 496635
MIN 105 0 0 607849 21422 967954 981518 38035 165697 793513 832525 937303 155943 482204
MIN 106 0 0 328937 99013 298198 955004 50062 203777 390359 415231 178836 251077 414291
MIN 107 0 0 63438 899405 698655 694561 782234 594795 441879 591287 462595 499031 705411
MIN 108 0 0 726271 400873 918294 423914 557334 794715 183103 492859 5463 206481 685278
MIN 109 0 0 962145 666402 379619 291496 254178 656143 697833 235735 900077 809803 435317
MIN 110 0 0 98571 435281 66640 714216 964470 217890 184082 504546 516615 52423 220035
MIN 111 0 0 84840 118290 11650 866063 771475 513346 560564 214704 521657 239688 755754
MIN 112 0 0 216184 298136 983026 611306 416665 56791 148346 641757 663910 436351 676032
MIN 113 0 0 374030 223020 828378 700405 469048 300693 33770 829138 383291 329053 204677
MIN 114 0 0 598308 940737 907532 75645 119653 541763 916355 94637 450480 632299 214020
MIN 115 0 0 445497 723070 894089 724596 349743 921759 517371 923029 160456 990614 451449
MIN 116 0 0 568143 791247 249314 764451 307663 140673 44252 10191 897915 693365 458253
MIN 117 0 0 188905 439589 168165 550245 47971 889502 988575 492008 662993 307552 744118
MIN 118 0 0 972390 502817 512416 116644 635980 729222 248671 927783 746390 997334 992483
MIN 119 0 0 474251 379893 127081 928233 825402 917097 64960 215459 122536 565176 337091
MIN 120 0 0 221435 551907 688060 750621 883451 581354 448681 471298 342768 875853 612823
MIN 121 0 0 740256 625947 424436 380460 629354 627715 896649 148394 25407 15978 522873
MIN 122 0 0 929494 457390 301185 19620 99850 243568 965324 437586 576580 811024 519818
MIN 123 0 0 755561 948269 505481 355224 100621 394345 52243 253428 423385 213445 538717
MIN 124 0 0 102990 490399 91030 963684 413473 128792 145453 309692 484539 75744 874
MIN 125 0 0 290585 671986 724737 284835 207794 783598 786093 844992 761323 865454 530856
MIN 126 0 0 224604 198509 845166 325264 627131 460459 294281 388695 571990 556620 812500
MIN 127 0 0 107854 245348 403293 57079 154714 137222 192206 455256 10886 313946 93057
MIN 128 0 0 385592 378380 227076 331647 670050 608313 890579 130054 488614 387862 249445
MIN 129 0 0 876205 640095 508489 151552 682526 742883 274764 200422 3988 301624 29272
MIN 130 0 0 171579 886361 293144 678345 596261 680060 930952 166791 372050 983185 269982
MIN 131 0 0 201522 963667 628540 689200 715468 608735 119661 162049 640704 700288 826438
MIN 132 0 0 925269 828402 557171 175109 286045 711216 846976 112997 465837 406750 711283
MIN 133 0 0 462173 595124 671285 503323 881347 206377 858760 418099 783841 818787 173535
MIN 134 0 0 859505 537460 86296 391796 417768 914571 326360 907887 776708 648304 696941
MIN 135 0 0 619984 797725 541746 660971 471212 288815 522033 201313 408807 261911 471852
MIN 136 0 0 424009 573864 291351 962321 719243 437872 981784 960701 319043 691008 710986
MIN 137 0 0 965656 61999 278732 134094 579296 102729 388501 253635 134745 990399 580471
MIN 138 0 0 780586 594611 958143 180676 869 759249 835652 79731 252544 895705 464180
MIN 139 0 0 4893 462854 982895 855249 195588 981689 596590 970522 586935 376295 321571
MIN 140 0 0 21155 49983 782184 586886 790051 75499 87355 527400 142529 549510 300318
MIN 141 0 0 106385 479607 127109 724764 155948 252510 204261 710436 211681 768251 887982
MIN 142 0 0 147705 672696 805988 933850 963013 763154 417007 694987 896443 254563 274294
MIN 143 0 0 80727 29599 861936 917847 862960 915595 220984 477581 861518 969767 989758
MIN 144 0 0 164468 714954 743970 773968 402106 233887 492114 275856 589011 910268 264941
MIN 145 0 0 237869 428016 637692 398507 725810 882987 815492 714726 857033 357616 38341
MIN 146 0 0 840254 509981 34890 989798 876016 857361 786655 149033 332153 36264 302914
MIN 147 0 0 44599 906264 707783 100088 865301 177923 359046 434217 474701 451991 628541
MIN 148 0 0 458215 300553 751547 704459 115232 866690 972122 904661 385690 552440 128772
MIN 149 0 0 943262 580775 551712 862075 341160 156495 446109 730557 566527 803685 879232
MIN 150 0 0 744850 456154 379829 169317 358241 103265 928461 353910 90040 280607 279290
MIN 151 0 0 383842 952005 94553 425970 994318 436129 272914 465298 413877 212986 507693
MIN 152 0 0 823338 136361 921013 802555 60569 142322 337444 268627 948581 969467 499131
MIN 153 0 0 639422 201758 536728 183309 395375 265523 919599 781893 188475 510888 138931
MIN 154 0 0 322608 594114 520582 79332 47185 322464 138598 669112 639558 811591 885847
MIN 155 0 0 249008 816895 782901 368495 171649 262769 976408 502568 397389 878046 447666
MIN 156 0 0 442816 451176 412915 454030 869532 8991 89518 796690 894096 300748 938756
MIN 157 0 0 280074 856717 708745 494114 609693 680980 32464 722932 818868 466680 319277
MIN 158 0 0 49884 262843 455573 107211 667608 345331 593502 84777 727666 632760 664561
MIN 159 0 0 456150 608359 259227 867706 2954 272249 6207 774141 592017 756375 11762
MIN 160 0 0 510146 964954 488177 451275 195879 579688 669669 844924 106595 458512 868737
MIN 161 0 0 407668 150712 100853 292464 843995 425934 178711 506088 475982 272705 497491
MIN 162 0 0 807852 578571 640872 720714 332702 753430 5236 109482 611353 715869 811664
MIN 163 0 0 898025 989097 440430 907702 704682 231677 817828 157851 522554 347738 646455
MIN 164 0 0 752657 785806 657568 48994 192847 695322 85888 67946 556701 239145 311082
MIN 165 0 0 835447 571963 486424 584447 261239 218827 835110 741492 933547 996578 59923
MIN 166 0 0 785547 417715 964343 694819 799080 557277 159777 718709 920936 998406 447842
MIN 167 0 0 968675 508809 271758 885815 28579 161743 268044 159849 144812 108597 318644
MIN 168 0 0 470173 17962 247275 778410 364440 554582 504427 804931 804337 78120 504853
MIN 169 0 0 18042 791039 611126 270108 889667 454561 898148 62579 157872 833870 833078
MIN 170 0 0 757340 444554 372883 763907 233925 941333 399019 544511 159209 44426 461080
MIN 171 0 0 680773 863500 285972 985091 45029 261484 798307 467696 254007 783489 349384
MIN 172 0 0 135018 166258 297016 57037 575461 366411 732855 460899 688437 718060 737367
MIN 173 0 0 809017 996372 200929 498391 627807 683006 842098 502554 569604 174864 433811
MIN 174 0 0 333177 972306 515213 103250 520 646482 901647 664779 746049 435555 433215
MIN 175 0 0 808483 388317 813803 349655 69055 27530 147320 427337 337753 110944 889988
MIN 176 0 0 20853 297541 401449 680482 492701 40189 599858 908672 260942 375626 549028
MIN 177 0 0 593837 634653 758941 689435 78746 108313 588263 275346 929067 21021 373455
MIN 178 0 0 110252 309982 78949 680560 193880 629278 862899 544699 478944 710514 468896
MIN 179 0 0 186947 141856 462949 277066 262710 657597 314341 393538 754014 238665 557089
MIN 180 0 0 175825 240260 648674 743066 858413 78952 292259 521054 958536 296652 729661
MIN 181 0 0 47588 173746 16502 319199 293650 78659 772729 161213 136614 36918 396773
MIN 182 0 0 399020 282577 176238 998457 380659 605003 229306 323589 365143 344648 139300
MIN 183 0 0 150223 244806 367403 150159 727856 923536 221800 783621 400611 219627 164537
MIN 184 0 0 272887 976952 919820 524624 571167 612899 770279 914903 346181 423225 648771
MIN 185 0 0 904818 477173 162724 386939 340341 4420 543347 225306 218812 153596 440905
MIN 186 0 0 127392 963778 205675 680359 859907 47283 566500 493680 132632 262787 810659
MIN 187 0 0 285629 655445 274032 989533 235672 751798 718889 943507 751918 185408 559964
MIN 188 0 0 746164 836115 789704 263041 705971 52187 885051 552873 924427 166507 921241
MIN 189 0 0 987742 415021 326627 234677 411832 182592 281606 142375 945546 704294 876098
MIN 190 0 0 87928 405888 842345 576677 235290 951701 861007 310726 132336 860949 793020
MIN 191 0 0 104879 802914 481949 119441 778617 79956 93771 624326 435334 237840 39539
MIN 192 0 0 379915 680070 456980 324468 376943 877424 673537 96215 470895 927018 190327
MIN 193 0 0 438023 663080 102366 665452 902220 864227 112955 844014 278768 258248 598010
MIN 194 0 0 131867 641258 20279 120738 414200 89898 981914 547297 294408 148907 81282
MIN 195 0 0 648347 947905 91835 270304 360296 29152 200772 259542 96401 259616 571500
MIN 196 0 0 184608 932398 809948 876955 704493 805631 256780 681311 845089 982211 316320
MIN 197 0 0 786664 506034 365274 739258 622438 244837 168456 732873 829088 136893 659528
MIN 198 0 0 872188 771797 970158 129563 479400 373292 658864 669670 597825 188308 717587
MIN 199 0 0 3270 932643 281160 920078 712421 310962 337802 97355 799909 76231 348179
MIN 200 0 0 732313 808896 950617 930791 314942 140291 762139 669176 869415 561050 516514
MIN 201 0 0 833682 686237 29432 246191 569835 64243 67735 378960 585977 68830 269951
MIN 202 0 0 226647 109498 875192 26626 934349 227149 842303 764643 595848 681101 919806
MIN 203 0 0 19470 866340 283896 139176 263697 221787 598317 253200 224959 625154 457851
MIN 204 0 0 9008 785677 699546 68486 175334 690306 391870 95064 987680 473977 959303
MIN 205 0 0 146210 712017 737182 640562 12544 54912 553860 41019 942089 325145 857265
MIN 206 0 0 333975 984257 684419 546640 899014 671012 501264 382612 616765 386536 734400
MIN 207 0 0 887909 304150 267020 301999 267990 704796 633164 556109 559029 217730 557243
MIN 208 0 0 905707 377364 157551 731344 141285 641670 67686 841682 351166 885015 81311
MIN 209 0 0 404887 675100 91963 548736 440070 702489 502806 108392 218641 286943 914611
MIN 210 0 0 854511 338366 898428 470323 259606 364779 212499 115497 556192 130836 324304
MIN 211 0 0 910888 606410 792531 700557 723732 155732 190787 813046 70070 755270 557786
MIN 212 0 0 623713 462769 715074 817563 99846 686040 949885 161160 967115 106165 133953
MIN 213 0 0 802653 558937 778783 25672 319608 590323 195325 832336 190794 521430 237217
MIN 214 0 0 342256 388772 357285 8050 309652 673538 894153 19507 678489 957737 50663
MIN 215 0 0 561898 927724 133598 476129 521255 639638 770665 567998 590673 205676 556582
MIN 216 0 0 506773 399766 264060 338249 580366 994112 199184 619947 731674 893842 471477
MIN 217 0 0 618158 252062 912818 15132 569750 815401 690150 40166 504219 166079 105545
MIN 218 0 0 905417 996052 315090 80801 965668 216189 558369 429458 273562 490829 928984
MIN 219 0 0 276399 181330 86966 567615 297434 584684 26031 914846 243802 182034 258896
MIN 220 0 0 74070 377221 13509 416311 24335 513765 899037 111154 766956 230988 371335
MIN 221 0 0 857499 935588 993650 503148 558612 17684 213555 92291 136820 808262 686775
MIN 222 0 0 689749 703979 489908 527429 433241 585936 549079 803098 967852 523289 162031
MIN 223 0 0 498720 299469 817676 77384 568138 209379 14709 394723 485369 43750 555933
MIN 224 0 0 884351 728730 67614 949558 19036 759080 449104 967369 772821 524180 483165
MIN 225 0 0 232142 297515 205393 410963 589206 815887 607360 39798 900412 990720 73822
MIN 226 0 0 544851 731084 534859 227213 307838 900398 146200 834441 775730 62354 309081
MIN 227 0 0 773198 530550 669763 254453 453038 655067 435735 300224 5480 249450 42994
MIN 228 0 0 862598 747314 257304 405932 218702 154238 799728 531293 816603 796492 487199
MIN 229 0 0 755599 114333 841211 619076 309890 77038 671595 82304 566527 201529 287690
MIN 230 0 0 388362 198510 919596 534674 550642 274052 805587 180832 169101 571137 244150
MIN 231 0 0 916322 32125 315907 880395 374620 285739 907947 84667 20482 585824 14652
MIN 232 0 0 74644 655494 596514 957414 875675 689255 368041 992484 641094 134369 846430
MIN 233 0 0 650956 560209 15854 80771 758293 724642 624735 177047 484825 659557 577523
MIN 234 0 0 60821 622061 263962 340834 333481 950938 567277 949599 513299 902038 599084
MIN 235 0 0 347252 88796 849052 883949 638651 883642 893183 49101 13315 187437 861998
MIN 236 0 0 358698 204225 861873 209767 385083 485199 71937 243136 708780 865806 307988
MIN 237 0 0 714883 484593 104519 433587 140270 718359 263132 727576 411256 877512 468130
MIN 238 0 0 120889 640808 970554 845270 309858 24131 416312 42109 728939 366952 443817
MIN 239 0 0 625082 170685 885514 137327 688388 296981 215014 85222 51656 245928 426371
MIN 240 0 0 401070 111482 569217 584179 586780 327363 463059 440955 118849 700791 439770
MIN 241 0 0 461738 857662 444108 376870 950161 971226 344002 526955 57089 501623 90366
MIN 242 0 0 92195 957717 898483 240480 258455 510373 196259 639241 106994 413910 929917
MIN 243 0 0 767433 221041 829935 3642 613309 719321 490547 348574 728796 806428 845733
MIN 244 0 0 235515 475462 722872 520135 386990 919816 913477 63129 778853 194205 470505
MIN 245 0 0 570196 746390 387933 237975 253060 747417 94506 335279 343510 231119 860343
MIN 246 0 0 797335 249523 878497 410389 984049 253669 135897 464110 467153 446275 253665
MIN 247 0 0 555060 818853 255389 391308 809581 375634 107995 721688 109493 897984 811738
MIN 248 0 0 643332 799751 760028 451939 947396 518284 564845 190081 867276 582688 828069
MIN 249 0 0 872466 201159 641101 945560 681731 508749 840230 878379 847665 593361 676548
MIN 250 0 0 552656 293267 517283 364911 799581 663582 885629 618415 487237 518220 422211
MIN 251 0 0 198863 454503 8712 412915 173247 625259 903200 281449 11562 165416 652501
MIN 252 0 0 535158 802130 366344 759433 311633 238695 187098 228641 795699 409148 618352
MIN 253 0 0 88250 225589 353457 907660 706751 962687 248439 611619 709157 514917 797664
MIN 254 0 0 758048 413968 387094 313700 884696 967088 777609 696970 371875 749517 19969
MIN 255 0 0 623412 919098 488786 74081 527594 886418 202260 34700 46079 495829 156558
MIN 256 0 0 813902 49270 75428 298758 696556 229227 100964 966721 688557 523433 593187
MIN 257 0 0 572474 440077 927034 195063 248574 988198 871110 316518 14777 45648 62433
MIN 258 0 0 390478 98151 606278 629854 77980 621753 72869 930838 209657 689538 575025
MIN 259 0 0 530009 852285 122193 853806 939427 444593 318636 360166 299892 569492 634935
MIN 260 0 0 294284 360698 536490 931497 952831 697188 838975 37950 722958 425679 174920
MIN 261 0 0 765190 789441 595071 522536 50597 700596 981048 462376 693756 990758 544596
MIN 262 0 0 151747 100956 983644 8814 44520 809540 620929 826247 336466 841005 303151
MIN 263 0 0 917005 883783 665968 310558 564200 965618 280395 629271 165388 575059 310921
MIN 264 0 0 437347 107801 947777 314409 662821 181135 652105 143265 166947 623526 564773
MIN 265 0 0 265385 451577 181388 602072 895281 694380 765182 435498 874764 661978 104603
MIN 266 0 0 32521 462660 8221 270482 199976 391608 105530 312048 323999 226180 883351
MIN 267 0 0 456974 111244 886552 918913 934589 283895 257239 737155 688793 185954 694854
MIN 268 0 0 980670 550597 714826 791295 600394 921432 540335 591874 430912 94116 21932
MIN 269 0 0 984960 367351 356941 516782 437963 375858 668988 649433 576746 169055 57538
MIN 270 0 0 120536 329631 321271 740152 25073 17452 751139 428265 550410 582118 716565
MIN 271 0 0 40044 979809 266397 523163 897699 684628 193007 245367 500568 385762 128945
MIN 272 0 0 245781 767425 638486 979598 328545 865550 22429 490784 749622 450106 964038
MIN 273 0 0 111973 43583 191356 674664 275348 694064 333304 533702 279081 273758 63057
MIN 274 0 0 502621 271091 122039 588743 291329 236960 479579 640011 637979 514999 199525
MIN 275 0 0 971156 736937 196207 621299 933927 338510 156239 878875 124282 228910 469534
MIN 276 0 0 250672 622871 374877 913946 297094 738470 785616 727464 995390 4516 277030
MIN 277 0 0 593764 489294 430872 735170 672742 790293 896066 877815 153483 806104 885426
MIN 278 0 0 45042 126310 8296 913344 476218 430205 337925 351544 772160 701623 871480
MIN 279 0 0 583814 534702 813345 968771 192527 314172 341240 452691 353413 334662 489914
MIN 280 0 0 557000 412983 253834 404796 28380 807041 320668 725949 509361 79060 264110
MIN 281 0 0 324119 665520 362725 243915 593602 701135 432790 18380 705024 706373 996962
MIN 282 0 0 733486 235992 683974 722990 658653 310245 335457 487689 42373 909658 413412
MIN 283 0 0 403787 251104 70593 481125 591998 416733 679460 19801 36663 736347 667114
MIN 284 0 0 159069 920773 206411 169780 886606 340683 678272 920495 146770 434331 751329
MIN 285 0 0 516118 829472 347412 903643 593434 149268 763351 452911 463266 744561 659874
MIN 286 0 0 382900 198643 289500 835725 101631 48485 592865 742497 406394 191800 181037
MIN 287 0 0 713162 50414 800651 572378 20406 44396 934403 986937 359685 18038 359288
MIN 288 0 0 623077 115818 780627 561415 302927 221569 791095 452625 125451 207965 633622
MIN 289 0 0 925690 543000 672020 824099 923803 21968 251614 733135 837277 193263 896408
MIN 290 0 0 387519 642287 158180 376010 224111 425603 425428 797083 529767 708123 122212
MIN 291 0 0 27434 615325 211619 812070 183695 896293 394124 351852 645098 824281 492760
MIN 292 0 0 106086 817280 372478 151209 408185 356120 615629 411537 176882 248668 427206
MIN 293 0 0 831846 325424 986241 715994 554506 51960 81614 487946 317111 232182 178345
MIN 294 0 0 223265 89250 539277 696695 156964 861977 978175 773654 381117 433018 100702
MIN 295 0 0 197185 885777 291298 440088 21334 701015 128313 5641 900481 637740 355022
MIN 296 0 0 981663 1691 303 850407 298805 919813 179492 21397 367266 695398 113184
MIN 297 0 0 149037 612561 492892 798051 520336 682475 870923 67504 189314 509220 182005
MIN 298 0 0 255712 867725 490022 815577 490537 364072 171779 39994 459692 959192 368591
MIN 299 0 0 742891 155102 3765 102399 152481 532068 713151 437126 734092 554818 139396
MIN 300 0 0 314890 843576 572444 876948 208307 504047 491453 881826 907122 304890 948124
MIN 301 0 0 464250 305340 49578 359496 408532 95532 306861 13509 168974 306761 755894
MIN 302 0 0 702986 345050 32168 58370 981864 820399 967952 533613 407038 851416 562769
MIN 303 0 0 169033 823631 175315 856512 205516 8995 27784 884033 110558 230146 663823
MIN 304 0 0 793087 193432 833580 152258 790207 934865 396055 708327 130072 612491 922973
MIN 305 0 0 736335 669967 526854 666008 911633 442954 838251 116486 921292 282234 508822
MIN 306 0 0 307974 393276 521932 573513 8444 350295 507598 139687 492985 802179 338215
MIN 307 0 0 404605 458690 839576 926480 955789 51073 142851 626924 853816 950993 402932
MIN 308 0 0 72587 557075 200160 963391 269146 689316 618803 314788 683761 484659 564724
MIN 309 0 0 87037 432223 449194 433694 502536 504035 608319 524604 556265 113204 149765
MIN 310 0 0 312079 625717 97140 55549 792725 356273 216899 930131 828763 883318 375341
MIN 311 0 0 164410 744318 399834 935058 786277 495661 34137 73575 388483 564750 515279
MIN 312 0 0 893507 895081 29077 965325 16693 590490 626589 421193 24567 49346 756022
MIN 313 0 0 737937 865090 17593 490456 135938 327075 740158 554808 748996 643775 377749
MIN 314 0 0 967216 241968 337944 466682 563575 857844 546970 252309 980215 221065 15910
MIN 315 0 0 95880 27622 114575 692036 157770 897008 886294 287024 869343 464688 788221
MIN 316 0 0 808132 720869 543991 270217 636266 380450 221028 591633 652821 306217 746857
MIN 317 0 0 644593 651393 928618 258129 528162 325521 211729 183228 948388 386462 366169
MIN 318 0 0 49153 585594 519326 38719 333633 962540 448202 426216 772264 361063 267343
MIN 319 0 0 963778 423180 946271 667208 267946 607956 774620 675058 599967 675021 939752
MIN 320 0 0 9551 262753 895299 166686 5489 677546 337598 585004 413349 738165 785662
MIN 321 0 0 914081 327322 669218 380008 5455 823724 11680 953188 736563 549983 953182
MIN 322 0 0 606927 75466 50912 205136 767698 682210 946109 594552 830575 393267 405801
MIN 323 0 0 529336 232396 61048 455026 973863 399647 814164 782950 700593 336642 203759
MIN 324 0 0 102322 96117 257159 179775 297392 180924 197588 58986 705303 595140 715888
MIN 325 0 0 270038 934205 484500 726980 192809 549535 257291 194944 19004 934730 323045
MIN 326 0 0 212587 247156 616042 771950 819707 857547 332420 90322 358929 311785 155853
MIN 327 0 0 694737 852127 663141 784534 481104 198364 18881 890115 41333 429060 574525
MIN 328 0 0 66483 954817 300212 858271 11256 823509 174728 737296 860103 925797 695079
MIN 329 0 0 866162 244655 366526 509387 405034 883059 812620 627557 250846 143236 336228
MIN 330 0 0 678560 318794 291158 322046 185224 884819 927366 590765 334457 639768 966872
MIN 331 0 0 752464 368126 116919 225278 289071 952723 277995 625424 122101 296035 867995
MIN 332 0 0 927836 272320 205496 130057 76033 440555 854816 1434 13944 218965 624345
MIN 333 0 0 642501 923844 476820 434599 494444 443069 790712 205349 970086 683717 375621
MIN 334 0 0 59310 394208 725680 314298 806041 736056 304011 593823 433589 351073 486938
MIN 335 0 0 967427 962103 102911 591726 173837 497787 837407 612189 354141 465455 653427
MIN 336 0 0 994469 878742 917303 376519 430272 291601 528658 877979 470447 718404 798178
MIN 337 0 0 474058 284224 679733 634181 215674 220430 590191 363710 423234 387310 630084
MIN 338 0 0 579478 523069 258940 429466 995016 962058 567716 271837 452489 385599 288370
MIN 339 0 0 532932 613037 152973 818297 713919 372548 321442 49666 961001 428703 312606
MIN 340 0 0 71966 327757 954140 888170 304685 618497 602865 2996 80448 683385 761182
MIN 341 0 0 44474 825934 236394 468045 77243 966790 869828 152258 338737 24900 924291
MIN 342 0 0 210775 17914 543319 388838 514818 925940 689499 236897 115855 517300 712219
MIN 343 0 0 894128 438768 227366 132828 207315 17475 701488 6214 267948 867773 953777
MIN 344 0 0 931491 455875 889785 94304 693857 178226 378264 197742 266394 351659 847806
MIN 345 0 0 523387 613296 294134 915021 653925 583985 247104 695537 32144 118155 611976
MIN 346 0 0 102366 941684 972140 992791 889411 31939 928643 433884 584095 890082 860899
MIN 347 0 0 645868 574486 512302 935418 503902 605770 575697 7494 296863 610218 657989
MIN 348 0 0 186957 219064 280264 114065 115055 857217 669690 339740 849858 224367 845761
MIN 349 0 0 946838 515785 881579 625385 858293 78271 590785 418771 50730 508191 481732
MIN 350 0 0 382430 25368 934344 342051 193641 640608 587419 870393 726510 56011 597701
MIN 351 0 0 438225 368528 805444 177287 953916 949228 764521 913166 45018 598860 635857
MIN 352 0 0 810230 796301 991366 737171 787763 626222 437670 566335 438361 649280 823120
MIN 353 0 0 965583 713541 838505 146035 481456 385419 463777 982796 316958 855017 481990
MIN 354 0 0 329165 248440 613035 837861 403167 381404 665944 938676 781626 965967 362042
MIN 355 0 0 3386 47258 241239 94655 284892 754937 578982 545119 38557 404540 860500
MIN 356 0 0 52657 349306 296103 720119 694566 728475 574255 612436 605137 621314 148404
MIN 357 0 0 917522 116762 486225 290828 116941 471323 455117 678153 626746 146957 875208
MIN 358 0 0 237229 403873 547517 787043 798181 90815 440120 335046 662902 341248 188586
MIN 359 0 0 287099 981734 108858 681322 493407 524108 19233 737428 128018 250615 127961
MIN 360 0 0 399134 616980 384274 209213 221339 186587 997886 928933 48792 689360 278276
MIN 361 0 0 691034 643481 135149 946978 769656 121170 694348 382715 132854 664417 708008
MIN 362 0 0 56789 699550 822036 979343 861983 769647 217585 916837 183508 684013 35187
MIN 363 0 0 468747 403963 243190 906807 735209 303250 678444 505414 896409 857079 469038
MIN 364 0 0 647808 537865 327630 921149 196910 932789 898494 597713 384914 154240 593391
MIN 365 0 0 638504 723783 325497 689657 351913 164231 583163 26693 947476 339694 750123
MIN 366 0 0 879499 904404 960692 534941 746328 813729 410966 833380 941840 350986 647980
MIN 367 0 0 762983 176778 397024 822700 720854 939378 978293 354799 287146 635701 170715
MIN 368 0 0 931298 554776 177319 65698 140268 63708 239153 333081 969259 555782 991239
MIN 369 0 0 873522 248802 520152 835255 70748 433654 433418 21483 888086 713489 154725
MIN 370 0 0 790649 830402 907205 703086 175959 736877 516071 988964 795744 415720 690088
MIN 371 0 0 457365 41506 989638 271518 124614 720260 527491 510391 744077 604054 524988
MIN 372 0 0 598865 475713 449285 32269 108144 998667 64123 412882 997099 362110 846392
MIN 373 0 0 436275 795851 822530 470446 99816 797610 38667 854529 135607 704523 410880
MIN 374 0 0 293060 644462 886170 354067 255024 341725 531925 512411 367567 549488 105902
MIN 375 0 0 77332 326442 25114 36755 284364 766821 37288 717911 665803 19109 590290
MIN 376 0 0 490205 551595 977495 578024 166829 799627 384034 806993 894680 406859 775991
MIN 377 0 0 788043 569985 177645 269893 468980 307977 412335 363626 958800 128529 322074
MIN 378 0 0 789542 348039 820573 517147 346266 42086 575200 810318 331641 934591 105671
MIN 379 0 0 287048 18568 91672 822791 361417 482617 265132 519080 292590 191220 833824
MIN 380 0 0 587673 109898 721020 209507 585375 373129 823244 330822 221501 34849 833686
MIN 381 0 0 906587 469275 358618 286802 624795 716403 463322 767047 642663 111991 879737
MIN 382 0 0 38259 442731 813006 535619 509977 26913 808411 94651 629276 476224 291670
MIN 383 0 0 592979 862399 885783 302530 120067 136711 310979 592645 915408 239741 184381
MIN 384 0 0 708452 848693 713782 35222 287560 84090 461677 309811 437111 493868 416200
MIN 385 0 0 915705 664868 26705 164537 789217 971426 722647 368723 740374 414388 289122
MIN 386 0 0 489391 753851 578569 794202 588112 661493 970830 648784 508135 407137 274094
MIN 387 0 0 543141 968769 217742 897114 526356 295176 393888 630557 923061 678138 10130
MIN 388 0 0 878204 485846 236281 624070 455126 453859 307088 358413 551387 199044 956328
MIN 389 0 0 316823 448531 561818 709113 198838 917300 818587 506220 554664 239950 707187
MIN 390 0 0 995126 208901 229137 805369 965132 866804 587528 368238 836671 254620 941752
MIN 391 0 0 227198 427813 754715 475710 239082 708526 221790 383195 128322 326187 224400
MIN 392 0 0 246132 114349 223219 373906 556520 321343 617068 521772 165872 370740 182051
MIN 393 0 0 64932 210488 112856 38251 744982 91677 102159 120744 461940 466397 756009
MIN 394 0 0 993625 909857 606512 602639 187204 982336 107467 26512 49646 778503 84581
MIN 395 0 0 526286 693874 501682 130363 753843 310328 396224 761775 102909 207098 559572
MIN 396 0 0 124452 386133 959484 164598 53371 448969 714597 431741 863002 252648 226867
MIN 397 0 0 654722 189918 919273 658048 104066 243846 642204 133924 583594 991084 616372
MIN 398 0 0 613278 276198 828767 483011 12399 759509 551036 985313 943463 264387 687809
MIN 399 0 0 105812 301018 384408 413580 931365 561794 358818 240050 406660 683516 635355
MIN 400 0 0 223523 65281 585310 537349 572123 510867 882808 964427 997987 13487 457281
MIN 401 0 0 300507 506887 223633 825713 326627 50823 696169 381157 978911 808948 191256
MIN 402 0 0 553316 903748 836012 173082 158316 253222 992174 333553 852357 12141 821344
MIN 403 0 0 245870 657593 887804 10351 183793 27655 463365 741342 943008 992647 137050
MIN 404 0 0 217623 337335 866608 264552 655137 388765 932135 678981 261812 940058 530858
MIN 405 0 0 922990 649935 346699 25226 638310 750497 89580 641207 208585 176860 314517
MIN 406 0 0 540000 662400 740155 75864 608327 915520 609423 370581 658070 761608 588617
MIN 407 0 0 853769 436763 908124 444837 271491 891044 191832 616271 420765 813169 579699
MIN 408 0 0 185860 538353 924860 222731 322735 791491 683098 718028 421811 627315 915281
MIN 409 0 0 551879 467792 32023 771885 986777 189810 118480 644482 922598 212043 643033
MIN 410 0 0 874571 930798 521403 169560 187081 428846 615942 561656 76029 129667 502003
MIN 411 0 0 992978 215322 977757 86862 642251 512226 46878 654265 892585 961676 160573
MIN 412 0 0 717243 971542 914414 469917 896138 815140 706171 529072 293811 497991 506628
MIN 413 0 0 56916 959726 996867 765565 656778 708295 228728 382711 755742 580296 337222
MIN 414 0 0 718733 328022 23855 303118 697202 736218 796349 902056 315365 350718 682862
MIN 415 0 0 936969 693690 33814 681569 290761 995206 277048 251180 315808 870749 737081
MIN 416 0 0 725445 553210 538987 864019 632485 471580 17956 87590 636525 546355 827662
MIN 417 0 0 630618 176464 277845 226488 372831 359162 754986 527108 580884 844300 213907
MIN 418 0 0 480349 264453 607471 101488 593920 747501 38281 201176 669397 200053 487905
MIN 419 0 0 627287 394268 97568 249898 711769 42307 189171 125634 992934 590020 844688
MIN 420 0 0 428498 106772 61334 478269 695124 558461 690415 234273 388736 925211 385540
MIN 421 0 0 432375 851288 669992 16518 378963 432670 694080 281742 586928 287057 857983
MIN 422 0 0 292897 554637 340138 284903 728878 975383 750555 186555 771903 985823 221599
MIN 423 0 0 345382 360887 647150 97954 27039 634031 777528 316646 70288 187882 585179
MIN 424 0 0 866544 295847 984388 695743 299466 304460 859094 77431 73328 369165 903454
MIN 425 0 0 212807 631224 226808 553182 784301 119382 786658 232379 192289 794771 247072
MIN 426 0 0 133109 699351 666509 525837 851600 522878 235421 294256 222498 207879 245928
MIN 427 0 0 110846 298647 857502 778524 960540 724094 210517 545391 513258 389273 540261
MIN 428 0 0 717692 247916 405635 718119 396744 46387 905772 700475 972187 274347 730253
MIN 429 0 0 475131 330343 160448 300525 270104 279102 668931 508465 2618 845068 807205
MIN 430 0 0 67610 493317 201672 496192 954309 825329 294093 458387 575823 758685 60784
MIN 431 0 0 447424 496176 148704 900035 963512 353606 267436 138818 136879 76632 67261
MIN 432 0 0 581024 498396 759673 655998 347629 14361 575654 71925 502624 675908 483735
MIN 433 0 0 321138 434987 350254 466656 693817 656919 336741 898179 974596 622084 914946
MIN 434 0 0 453047 749460 215943 26810 573535 985512 739734 408302 18858 85941 54820
MIN 435 0 0 243011 933994 225508 834344 344196 988663 466311 717631 95461 31880 806380
MIN 436 0 0 346610 903427 887828 822750 731836 495282 315272 36434 986205 888812 241105
MIN 437 0 0 814652 41438 941258 706742 545027 267135 308831 281879 432184 581589 974478
MIN 438 0 0 416756 28767 615145 688483 374801 689058 347406 282508 34183 141450 924729
MIN 439 0 0 869542 494856 869466 230681 615550 337749 473871 663589 120924 267372 411038
MIN 440 0 0 923382 185819 449001 45644 552240 881352 37416 268881 781842 172970 128676
MIN 441 0 0 966017 91126 271192 351827 16682 316576 603135 234498 24999 681763 421016
MIN 442 0 0 482209 303189 883270 966430 655130 392597 438561 314004 430379 200892 844389
MIN 443 0 0 247730 25350 980231 972996 372909 689755 593777 134198 553221 794166 682173
MIN 444 0 0 273554 511021 489971 254129 582677 583032 759859 300621 349548 630804 786239
MIN 445 0 0 27772 365443 594184 371843 43136 615352 124289 432464 626800 652909 590945
MIN 446 0 0 273486 291777 303012 962615 900102 378964 218286 416029 934956 636902 533928
MIN 447 0 0 770323 242216 639071 252846 447175 372163 641097 585946 589482 550048 838413
MIN 448 0 0 782770 277421 299527 43535 166292 588454 323534 92595 906992 803533 768119
MIN 449 0 0 86151 695835 931051 670708 694097 323500 172090 879206 951195 359860 377821
MIN 450 0 0 50537 944158 52749 790954 461788 419585 340235 637643 230768 7340 490608
MIN 451 0 0 690531 78309 202836 452973 583465 405472 959352 257246 313411 787398 270004
MIN 452 0 0 463684 203796 233194 705061 536568 451440 495691 412883 67086 598493 749578
MIN 453 0 0 791511 249327 714463 742878 740857 666438 802440 882212 646964 482088 35762
MIN 454 0 0 224087 416894 349155 773503 371442 721224 966762 79175 105500 468491 12547
MIN 455 0 0 195116 364327 976452 823229 320222 808040 230884 672501 392381 978644 496421
MIN 456 0 0 846694 37569 250842 712744 310387 831796 727678 427797 991266 796110 459842
MIN 457 0 0 700685 83376 697657 616130 565473 310539 515590 750872 662853 931137 956097
MIN 458 0 0 706479 594635 535621 903061 566480 780323 110621 496077 546653 585511 894348
MIN 459 0 0 648842 264294 617176 939582 914834 989692 752059 18922 481613 36495 930785
MIN 460 0 0 312832 188902 149388 608838 689681 637104 263289 679381 913069 968868 284733
MIN 461 0 0 40081 656292 62678 327936 383810 917841 714022 104450 957396 843958 977087
MIN 462 0 0 141398 367532 540767 334368 370523 872359 345432 208528 475085 826465 677486
MIN 463 0 0 50347 495741 284612 822092 477959 480213 591300 195494 824890 672901 117250
MIN 464 0 0 481250 705183 562967 789145 92137 832725 621930 147400 44902 86285 527459
MIN 465 0 0 828187 750487 548151 802715 911678 591982 984775 623329 454474 301597 423008
MIN 466 0 0 710057 579062 476835 810446 928909 671753 262962 664825 94789 226912 385353
MIN 467 0 0 213527 576164 836163 252610 95108 775621 16610 187599 840078 944595 399905
MIN 468 0 0 824218 504451 453817 853878 414067 863497 221004 943380 226424 700858 106801
MIN 469 0 0 450627 912926 369120 392801 980034 100895 722322 870459 280022 925837 978942
MIN 470 0 0 94981 453950 916360 939545 512698 484304 51715 574853 183217 618689 620699
MIN 471 0 0 835060 134762 248941 931686 878088 478406 727962 30181 377546 418312 512091
MIN 472 0 0 70822 911424 780933 924391 228432 250853 743292 845982 298644 815476 820723
MIN 473 0 0 705098 325377 226532 384535 236954 183510 504595 820118 845082 765376 531288
MIN 474 0 0 232905 764291 760192 735560 28155 174690 19218 323567 82556 383545 560709
MIN 475 0 0 33525 640885 191534 959046 934463 133898 733786 262399 844431 689542 648685
MIN 476 0 0 89221 510910 834125 78818 345549 463300 816757 814631 656861 633288 963992
MIN 477 0 0 743208 706902 330107 322479 791105 807805 917959 147973 519941 8207 315461
MIN 478 0 0 529701 853285 218872 81800 781016 149386 304399 153961 795640 130024 357998
MIN 479 0 0 114981 178911 505101 999632 431532 619389 519614 672215 775850 39777 2307
MIN 480 0 0 660216 246368 392541 755105 812443 384347 52362 30770 194951 924215 810039
MIN 481 0 0 185308 322088 417614 738846 776841 442138 312219 945951 797166 991847 6114
MIN 482 0 0 426005 23788 528836 754287 179355 68099 681008 844021 972294 721018 50313
MIN 483 0 0 431677 544025 576582 165704 723354 979699 395879 744318 382506 614246 117727
MIN 484 0 0 374040 629004 188159 370967 428123 947116 621809 861800 190970 712986 37842
MIN 485 0 0 854547 601407 677683 490990 154420 381143 854865 322352 120189 952873 201425
MIN 486 0 0 698812 596058 998431 197535 436253 857561 710901 963113 469709 643053 395510
MIN 487 0 0 605004 8690 233816 147353 825697 910381 638553 707511 307348 181048 105283
MIN 488 0 0 949631 684051 815462 510285 323825 145491 479541 373166 313383 297442 217555
MIN 489 0 0 148882 575092 473993 948719 249398 219974 952563 642557 902261 466508 204562
MIN 490 0 0 834988 948285 709125 736136 413797 7938 817515 871340 381001 284818 117514
MIN 491 0 0 277318 28502 346134 482752 462665 653578 484394 454395 425288 157919 973811
MIN 492 0 0 437788 292962 444874 372447 246573 98140 424688 989972 780902 854734 194818
MIN 493 0 0 523086 300023 567083 685383 996082 249197 427457 970145 475329 706067 394174
MIN 494 0 0 213516 173276 575369 414425 348586 747896 258698 279466 806392 527444 474486
MIN 495 0 0 470872 642940 127967 910946 7127 331724 782725 997425 616303 821268 997119
MIN 496 0 0 877793 805416 500443 606809 178228 167437 940702 851395 499265 659109 635463
MIN 497 0 0 789682 699951 607181 902886 271620 368208 506580 479119 348662 478171 49406
MIN 498 0 0 960231 690241 330104 671142 879703 563437 679712 106360 532764 897711 458592
MIN 499 0 0 534452 759837 9222 658979 163558 854493 809972 816089 142141 811952 738614
MIN 500 0 0 201009 58734 951993 756732 626573 8235 369384 696785 978797 118867 268739
MIN 501 0 0 371721 393893 576594 302450 50675 97604 599546 437070 794758 966104 403122
MIN 502 0 0 996148 609146 37235 327784 442970 342695 981680 358637 597948 91509 815226
MIN 503 0 0 133728 202393 807219 756489 818527 186921 308184 899895 598101 551039 280238
MIN 504 0 0 236963 424748 672008 658762 419308 390177 798207 623793 568248 891745 872946
MIN 505 0 0 754373 170282 927165 607932 726236 125130 923158 867949 194386 451435 612593
MIN 506 0 0 734140 571142 674616 92578 965105 529351 84605 107754 514719 110912 603356
MIN 507 0 0 505079 137869 392687 663990 5724 982580 886325 686614 3487 382233 537650
MIN 508 0 0 269023 399764 492007 96751 64980 25743 381384 814544 536180 732158 735886
MIN 509 0 0 520077 849715 750347 162070 713682 921658 350165 811411 7978 146202 257601
MIN 510 0 0 619485 104844 31563 699693 890269 112543 396501 355298 671166 127632 547754
MIN 511 0 0 118150 620232 459846 240360 737748 264221 709702 608606 315695 690923 520529
MIN 512 0 0 281421 923233 410224 410294 931135 689034 788485 101121 91432 942311 665329
MIN 513 0 0 495165 907424 770131 453696 606186 412850 419238 742435 827416 443217 112579
MIN 514 0 0 322422 263293 831639 71653 769019 951584 744638 179858 523634 608715 467105
MIN 515 0 0 589697 234126 451915 515364 284584 872161 266826 165021 868289 716310 612682
MIN 516 0 0 704975 900916 267186 474194 6460 336159 294242 756521 891291 123809 36865
MIN 517 0 0 188711 531710 221285 720751 962019 765100 10107 600465 229324 780751 227168
MIN 518 0 0 403926 534155 21819 296826 685709 264542 114046 791749 352925 34692 37728
MIN 519 0 0 782905 525033 188756 248716 67286 859763 875241 653569 944076 379669 402570
MIN 520 0 0 394538 126791 269185 609943 438875 115363 78069 468442 379014 505988 416155
MIN 521 0 0 186796 239293 228328 952744 688917 120531 616877 840495 658055 378317 725489
MIN 522 0 0 640455 828072 493299 336905 232300 447823 606448 423323 107934 555454 773833
MIN 523 0 0 392237 992232 789995 90670 172432 881719 351023 254580 483600 890374 887798
MIN 524 0 0 314394 577679 218361 769390 763624 658444 598126 146461 124054 634110 965480
MIN 525 0 0 826293 495501 412448 701491 883277 738823 977937 904466 658392 896135 640776
MIN 526 0 0 128092 662657 610607 475584 446438 931187 386798 433882 831918 815595 613386
MIN 527 0 0 94622 857289 684632 155948 68280 666994 625210 119606 888078 21819 80445
MIN 528 0 0 635378 538243 391992 340346 741888 873328 341920 803903 272087 326607 944021
MIN 529 0 0 567129 947833 6520 15863 416190 413095 166227 418497 740290 430294 551385
MIN 530 0 0 725594 944673 362026 528264 646187 712718 712166 483708 747173 558221 655821
MIN 531 0 0 195358 757907 132530 76552 353037 158654 677501 497275 196526 368081 93527
MIN 532 0 0 502209 754697 305464 849787 894323 252405 499416 823727 308261 366064 382974
MIN 533 0 0 728902 355646 221427 137838 51348 863738 316226 732372 705558 310490 637328
MIN 534 0 0 700991 348622 246929 323296 388384 644437 251899 30820 803485 249553 524276
MIN 535 0 0 479694 875364 158992 432824 672196 311005 95727 524468 993171 155712 995305
MIN 536 0 0 331336 159734 809675 122693 350827 820174 844765 626722 415101 207502 960231
MIN 537 0 0 310063 383080 821163 663007 894738 481769 726420 193175 973190 775498 882489
MIN 538 0 0 123851 273317 505925 561097 471846 830896 214418 370705 999615 643903 986200
MIN 539 0 0 729985 107283 377163 956310 161858 154058 588372 111657 374289 83029 405175
MIN 540 0 0 238632 156742 242019 646636 146602 854783 275599 354477 4336 39170 423879
MIN 541 0 0 824875 576500 722923 468046 987601 352921 990287 930751 783162 369898 504213
MIN 542 0 0 631901 227264 441872 450537 875090 881286 134016 57427 864887 63109 44399
MIN 543 0 0 661929 281470 697008 125523 946653 208509 543699 535400 576961 601144 832104
MIN 544 0 0 764841 653267 474894 794158 433260 347245 735557 628405 962843 83508 208507
MIN 545 0 0 432314 8217 363086 207801 814179 780645 282245 478412 51074 205739 403819
MIN 546 0 0 500541 339126 24366 872891 539783 9004 173388 766298 714373 196681 988187
MIN 547 0 0 539731 73406 523412 456780 395389 12368 4620 799940 47341 825777 465025
MIN 548 0 0 272620 405415 887838 39983 708710 737259 13809 206473 371014 3887 166332
MIN 549 0 0 272189 286018 521568 201581 203552 671340 878091 451167 300901 901320 584777
MIN 550 0 0 974878 743164 799462 799865 165896 512676 373947 97209 376456 302335 9963
MIN 551 0 0 844011 483690 840766 938418 905253 43281 546399 983790 733934 767476 409304
MIN 552 0 0 221678 602796 159753 672233 429603 70481 599998 956775 643555 144731 447907
MIN 553 0 0 532617 686229 835970 145221 9000 142359 679176 359812 712580 938819 236742
MIN 554 0 0 844373 603494 878617 833083 156604 206555 948983 541968 289001 936373 376951
MIN 555 0 0 113548 322989 502377 961802 227823 90267 146994 69250 150602 70652 162067
MIN 556 0 0 267900 489584 658960 133551 599961 829989 245647 463578 828864 735403 767907
MIN 557 0 0 679742 58737 423095 90254 612379 372513 745222 344545 558148 903228 884072
MIN 558 0 0 682560 78624 897753 201925 793537 273173 207931 7928 201663 885826 634583
MIN 559 0 0 619414 460222 679263 822343 102638 234438 632637 795617 417700 725169 153922
MIN 560 0 0 540642 126641 492100 183904 714330 39775 570744 505618 770183 969345 915658
MIN 561 0 0 298536 989354 145116 901800 125371 942279 744838 76213 172462 594717 801800
d=4 m=16 rows 16 u0=2 K=560
MIN 2 0 0 0 340874 520723 689131 860374 69430 763854 629628 37406 158035 433879 54967 57473 848023 0
MIN 3 0 0 0 324373 322972 18515 213778 64211 695985 404091 227053 52152 493452 600857 919708 467915 0
MIN 4 0 0 0 206088 299306 919072 50156 89306 718179 864271 509701 246234 297175 52285 880893 82341 0
MIN 5 0 0 0 260527 487910 173846 140752 909676 508603 237686 111193 309735 775600 827548 639875 219722 0
MIN 6 0 0 0 947155 879594 69746 166567 885812 882895 811580 254160 206744 174495 591004 882317 439777 0
MIN 7 0 0 0 51547 547563 384546 989038 462659 655092 177739 925832 460737 994185 199300 660431 977401 0
MIN 8 0 0 0 811991 488272 533621 955044 568601 112737 360364 22540 78074 421129 59731 352975 497006 0
MIN 9 0 0 0 534210 539676 4499 655477 790872 202758 798167 899842 19763 882030 342982 678028 186159 0
MIN 10 0 0 0 408325 911450 282759 708819 243654 784003 656940 302472 512776 625008 806482 998846 814392 0
MIN 11 0 0 0 187521 261053 698185 184314 855392 767966 765778 122244 790053 461472 483485 512292 960115 0
MIN 12 0 0 0 889437 303418 776216 933106 384452 365819 83335 530512 339132 50362 414102 317979 741406 0
MIN 13 0 0 0 151665 725320 88643 946949 596096 184115 941310 46095 841376 762439 237037 849212 85861 0
MIN 14 0 0 0 267061 848736 858578 107487 440345 933493 874531 355577 731384 240402 518240 857252 213493 0
MIN 15 0 0 0 562672 189291 590301 831448 186570 625438 829424 341214 628257 925741 183892 722967 259696 0
MIN 16 0 0 0 543130 368951 442499 9713 714627 19926 474321 310339 685467 614952 794304 999062 938726 0
MIN 17 0 0 0 478474 506034 52612 534981 314015 935375 812585 703407 120826 306177 919060 703486 422926 0
MIN 18 0 0 0 405091 963125 966774 184570 76050 459970 213389 356698 854580 617521 467833 636570 198765 0
MIN 19 0 0 0 956648 22112 755008 437743 875677 309782 971443 967253 400785 219824 65108 94895 989784 0
MIN 20 0 0 0 374880 742778 80951 318770 65275 44626 701681 715111 639371 969784 86728 35304 238166 0
MIN 21 0 0 0 702093 771466 734777 126527 567418 295432 957054 741947 786872 422379 928744 811064 350022 0
MIN 22 0 0 0 260079 321734 905175 557958 39410 508861 16222 6902 500823 987709 381148 813510 751476 0
MIN 23 0 0 0 746210 824625 717426 978697 728884 451473 398343 500484 868763 825638 223975 142196 673860 0
MIN 24 0 0 0 40520 800799 335336 377676 557176 194430 391694 107934 244615 615997 560381 459404 887435 0
MIN 25 0 0 0 628209 295107 546258 138267 505878 175182 255833 979018 54224 554262 310606 673835 550761 0
MIN 26 0 0 0 437045 164240 394114 558363 635586 604079 416029 292584 792889 787868 894037 823216 235839 0
MIN 27 0 0 0 451982 208871 737247 361370 90558 232819 157141 845684 594080 724552 233659 976065 889848 0
MIN 28 0 0 0 51885 408500 176975 641378 545236 114485 283743 435426 106303 601494 422745 737457 548475 0
MIN 29 0 0 0 76756 772882 135425 231459 519294 928345 817407 517539 282736 518463 153317 223580 305867 0
MIN 30 0 0 0 668536 184606 563445 475186 558592 958624 576574 294890 527685 713623 895528 518984 22203 0
MIN 31 0 0 0 651017 496537 466202 930280 225285 574442 527672 705457 960540 79641 862881 622910 29457 0
MIN 32 0 0 0 561971 525615 362477 769724 221846 824631 736847 188837 835348 535154 763958 130364 974915 0
MIN 33 0 0 0 101045 156307 21118 989120 950553 780 343026 654736 193829 24263 75543 868155 284153 0
MIN 34 0 0 0 715808 176066 457092 604555 962017 681755 626639 703925 610109 332034 871775 546131 980415 0
MIN 35 0 0 0 63508 308915 676879 138490 351107 291615 240132 324293 247774 210325 474085 933905 266128 0
MIN 36 0 0 0 38428 659940 686823 144594 671126 61821 310427 79146 620458 316033 6206 188801 690530 0
MIN 37 0 0 0 410157 488194 637382 16533 702306 663977 11674 472604 185460 147783 159093 96993 970504 0
MIN 38 0 0 0 924152 1898 227169 47524 600819 319412 85313 974218 440858 683036 867549 713773 762517 0
MIN 39 0 0 0 463728 812605 697523 576363 719349 436999 727953 66003 953465 658881 284400 766425 547675 0
MIN 40 0 0 0 673206 219726 524207 41469 42617 806863 872508 958722 357681 237307 743732 698850 945835 0
MIN 41 0 0 0 642649 793268 195423 200145 921096 979036 408632 246594 797707 91942 727378 172252 91441 0
MIN 42 0 0 0 910711 140752 99594 478272 180775 411569 340026 846995 734489 409722 759364 43070 346942 0
MIN 43 0 0 0 321114 488961 696367 669630 828773 550534 894367 969089 640811 720636 536859 509453 774159 0
MIN 44 0 0 0 957236 895729 128101 592523 182650 941388 184136 852066 576171 672654 684115 172839 247383 0
MIN 45 0 0 0 362295 712290 5363 213833 66390 420967 534116 855846 180060 238773 149868 754756 279670 0
MIN 46 0 0 0 175430 936816 583195 73465 88329 382997 691096 773294 559258 600810 718690 381740 599631 0
MIN 47 0 0 0 644721 961892 858421 401665 643529 80833 514039 528301 666403 428525 290498 635340 52635 0
MIN 48 0 0 0 824711 50071 734621 46142 718202 182541 761184 181006 255232 649738 653628 191377 963601 0
MIN 49 0 0 0 80402 592194 635726 130430 281997 480941 672218 624358 501849 733154 716218 833912 914031 0
MIN 50 0 0 0 946654 152723 835764 966936 641605 54751 69727 164333 149717 666192 192248 857451 307074 0
MIN 51 0 0 0 579419 782714 981924 320973 893358 611494 65616 471805 519688 647203 137827 921761 376541 0
MIN 52 0 0 0 894231 746826 368107 702110 887051 539807 804685 302705 634244 71992 832411 973027 792434 0
MIN 53 0 0 0 960955 926371 579747 881458 2294 218115 16460 683237 413222 877709 994460 442800 333676 0
MIN 54 0 0 0 962801 221970 665395 105498 473587 218984 331164 948821 761525 813661 466028 147556 778902 0
MIN 55 0 0 0 391729 676891 592454 273305 147913 398851 317509 105820 95503 837519 380741 755739 279581 0
MIN 56 0 0 0 564879 148611 676609 341239 825290 127279 826642 787900 549640 600506 97003 810109 837583 0
MIN 57 0 0 0 741479 728276 352185 744425 152366 431805 857622 284610 793965 83742 762050 753376 471807 0
MIN 58 0 0 0 642720 123073 563982 286479 690112 774417 317719 530482 115821 794854 37060 488434 137351 0
MIN 59 0 0 0 507196 862198 277882 177551 29122 212309 249335 58547 766109 644061 789496 714460 431053 0
MIN 60 0 0 0 144010 301796 584400 529594 511926 882434 823411 363340 107151 743879 766080 463880 716166 0
MIN 61 0 0 0 566733 967614 301429 354508 20815 669109 385456 289164 121493 682901 560120 526266 915679 0
MIN 62 0 0 0 526956 935568 620872 956678 65712 596999 309489 623211 780349 431156 462827 781516 156602 0
MIN 63 0 0 0 326443 622609 266953 24464 407793 603985 79599 252853 518124 720372 27492 230023 929189 0
MIN 64 0 0 0 711128 370386 867360 198167 924524 231484 201745 184065 682734 45792 895573 49696 235930 0
MIN 65 0 0 0 959517 49866 207624 661371 51271 729068 323696 611720 378931 839619 730178 815611 227157 0
MIN 66 0 0 0 175802 498685 555242 549241 452926 739348 729106 273331 597588 727013 606773 709813 846837 0
MIN 67 0 0 0 628353 599593 219763 728302 937023 251895 991634 750217 742993 935745 6016 988564 748157 0
MIN 68 0 0 0 728779 919808 504515 556457 957864 692269 108862 310921 685745 171707 524450 800788 505316 0
MIN 69 0 0 0 690201 762775 80900 368022 541538 439134 408181 815183 936874 393416 413983 520852 355073 0
MIN 70 0 0 0 376981 488247 425989 862476 313098 454780 628743 652187 837971 406411 276339 298069 587618 0
MIN 71 0 0 0 189825 274702 295632 823005 151653 161778 97210 362591 120968 744165 641173 653855 969710 0
MIN 72 0 0 0 504075 993838 92388 333885 70679 361533 545952 332149 334596 814226 53503 536465 62521 0
MIN 73 0 0 0 463852 163095 503498 939901 592306 125668 654655 153439 141703 610401 43873 619496 671522 0
MIN 74 0 0 0 747082 131405 953577 626538 617506 270441 991205 279540 42395 514137 800039 609794 779230 0
MIN 75 0 0 0 531523 840986 297276 407475 383832 9360 938883 71153 696782 264268 244397 217020 796174 0
MIN 76 0 0 0 246538 749115 836786 156573 634696 48460 55814 626458 639879 723318 829179 455684 729686 0
MIN 77 0 0 0 453895 286979 596885 807710 678074 808359 115597 926206 705030 997370 167594 404397 197332 0
MIN 78 0 0 0 198390 661219 549202 456883 512601 504758 909682 533874 443486 893269 50927 947785 382885 0
MIN 79 0 0 0 288270 124239 941238 138151 923714 486260 350844 283420 754928 714538 731504 747036 306640 0
MIN 80 0 0 0 771655 7964 297851 211055 286025 372892 24653 423612 809748 568058 236323 986211 329212 0
MIN 81 0 0 0 230410 368325 56573 282194 92193 413669 457869 868103 156960 824472 699190 121245 943662 0
MIN 82 0 0 0 876056 286831 293341 934796 252223 780202 542779 158524 230545 898317 502767 190013 84935 0
MIN 83 0 0 0 924013 573966 331754 354311 192079 886262 696994 276413 907034 754585 778548 736998 872392 0
MIN 84 0 0 0 45680 154715 850181 960457 172079 161967 398939 256352 533237 412031 964647 809392 792556 0
MIN 85 0 0 0 345681 763346 109866 515229 589620 664567 938754 938342 928133 128149 601759 828661 997013 0
MIN 86 0 0 0 392579 547376 33303 49300 380432 773868 147859 645861 759392 566517 401782 72873 194001 0
MIN 87 0 0 0 342487 396548 114460 236161 222787 562788 22471 436464 680910 982654 935868 419444 365730 0
MIN 88 0 0 0 782422 554204 614572 584572 865801 311008 547329 142918 163126 441124 175599 183483 400368 0
MIN 89 0 0 0 289208 495429 778341 121240 973508 279294 178604 787885 101063 571625 513984 284849 128373 0
MIN 90 0 0 0 983811 695627 910824 416136 992390 763335 364274 417276 291435 940781 123889 356116 360970 0
MIN 91 0 0 0 69517 282587 93633 996357 656646 123087 355545 254988 695597 709583 253767 658755 246223 0
MIN 92 0 0 0 102716 254525 860906 890152 646576 127779 903287 402767 159471 995934 801336 397084 374731 0
MIN 93 0 0 0 523066 71736 237696 222121 760404 514278 169414 620339 749928 319547 763055 479108 278582 0
MIN 94 0 0 0 652593 495279 271114 867206 436677 857942 671877 843422 712771 281539 363708 806452 261758 0
MIN 95 0 0 0 967130 107252 715731 613850 864472 637007 865227 310515 225721 761382 702803 850694 832837 0
MIN 96 0 0 0 864417 815744 699031 451307 400178 736939 480520 712147 842219 483117 929047 875089 146854 0
MIN 97 0 0 0 858114 926347 751432 820252 447012 310968 159667 436925 725716 847748 999379 695901 238817 0
MIN 98 0 0 0 261448 327231 133406 480666 874534 36091 266948 959868 733811 18029 176610 340105 870937 0
MIN 99 0 0 0 767748 183046 104572 937768 232575 340720 480795 824952 524703 274755 286361 671473 962366 0
MIN 100 0 0 0 975225 179029 476118 217997 766999 434048 498433 736051 910108 888927 801831 722695 450382 0
MIN 101 0 0 0 529433 166182 851406 66443 27326 611 266035 589687 877720 725814 465877 946296 912154 0
MIN 102 0 0 0 904673 961887 453708 642320 443126 478393 681707 367447 491998 845206 242964 843914 742253 0
MIN 103 0 0 0 502452 283179 917549 905560 836008 365899 567477 475586 668979 834413 264047 310933 228090 0
MIN 104 0 0 0 102923 718277 369828 45557 459232 703990 444903 292610 238602 181306 367105 300788 335041 0
MIN 105 0 0 0 69329 483967 996025 802488 597366 467715 637501 658438 26035 851853 621015 17800 663531 0
MIN 106 0 0 0 795248 287671 386666 669447 994863 407503 893125 519561 919978 535096 729539 153630 385575 0
MIN 107 0 0 0 809107 388552 178857 75819 905126 991782 579140 950145 240770 423494 676541 884612 501886 0
MIN 108 0 0 0 27191 951122 70407 841690 935019 749297 602687 18280 83069 681967 269347 538789 832395 0
MIN 109 0 0 0 61482 640441 502601 736799 138276 334086 554617 203374 427956 619703 457259 536613 912706 0
MIN 110 0 0 0 875691 975623 615179 457022 829282 559055 683105 317726 790243 629718 47660 832357 294983 0
MIN 111 0 0 0 933546 818415 681107 228554 96155 823942 486541 609913 836310 446815 854972 790891 26708 0
MIN 112 0 0 0 795524 895003 348373 699171 638240 202708 69828 351015 920506 733012 969306 560824 144750 0
MIN 113 0 0 0 608353 691578 981522 117873 526299 711746 88126 150956 486905 48484 411521 891532 770796 0
MIN 114 0 0 0 513226 409945 810124 783769 413362 362020 53667 845414 795772 254249 738836 902829 760112 0
MIN 115 0 0 0 466142 258298 285132 352293 163400 23923 506632 676890 783636 555840 458562 867826 216548 0
MIN 116 0 0 0 240332 190614 570666 763624 759256 793080 707536 15720 780333 12146 539666 613536 376288 0
MIN 117 0 0 0 419323 369799 789941 849072 934723 897568 723046 639707 486845 153368 799473 554314 255140 0
MIN 118 0 0 0 394141 973007 512170 455799 832739 36676 614214 405930 645641 190531 137931 582404 556228 0
MIN 119 0 0 0 533234 908909 175204 822007 461217 46281 361510 626110 270119 180291 576047 409035 880353 0
MIN 120 0 0 0 420702 273598 470051 653284 876095 687117 155390 237083 999490 195280 319208 957016 589863 0
MIN 121 0 0 0 470853 437693 51889 94923 194166 520340 394337 626000 233150 372750 252890 175265 29090 0
MIN 122 0 0 0 678242 276690 567391 627403 545919 902660 119688 608715 888744 897036 719272 323555 165083 0
MIN 123 0 0 0 809471 529033 948292 301132 252397 519367 467400 648920 833706 653057 286326 707880 927660 0
MIN 124 0 0 0 652548 117767 728122 453635 799318 758130 206752 643356 760333 870801 459966 484983 113162 0
MIN 125 0 0 0 528937 598470 139879 314524 566775 137938 887109 829501 599368 807834 107203 608943 517068 0
MIN 126 0 0 0 959839 963016 439857 416800 294433 365824 987154 621661 106374 663731 555592 853801 293260 0
MIN 127 0 0 0 877636 159163 2893 544664 195912 696181 522268 584553 745162 917756 834938 330435 208116 0
MIN 128 0 0 0 743830 785259 243275 588587 277607 888209 209119 877884 743631 909318 683905 448536 775341 0
MIN 129 0 0 0 250679 274173 802387 154198 64004 785686 501216 358216 58742 146348 120612 49501 805467 0
MIN 130 0 0 0 456719 755610 959715 151668 316210 887452 943462 801708 81363 228134 885067 417474 868456 0
MIN 131 0 0 0 706249 553300 474038 631981 456529 335037 133350 209498 161625 786923 128748 838149 881896 0
MIN 132 0 0 0 34757 850261 135403 454528 707513 99671 656755 826921 134905 996217 910545 314354 725038 0
MIN 133 0 0 0 227014 883950 835452 861801 473764 167941 828413 677117 248750 188981 57552 480530 436096 0
MIN 134 0 0 0 514339 774083 279776 593603 213590 821160 644354 523521 526842 248413 701206 755694 328012 0
MIN 135 0 0 0 818743 691328 42902 104746 234284 31768 252854 350753 728512 338322 65093 198271 974022 0
MIN 136 0 0 0 694194 981167 770315 276275 394562 16863 545066 258077 194774 834325 936290 10261 143860 0
MIN 137 0 0 0 929183 240932 743337 653927 897666 328819 273302 970693 365752 821242 619628 422197 708161 0
MIN 138 0 0 0 546914 615972 358805 167873 71150 226809 695746 625938 943713 271696 568076 764864 803589 0
MIN 139 0 0 0 738316 4318 795673 780574 69046 489746 698109 211320 452396 739839 223638 928031 298789 0
MIN 140 0 0 0 6034 161424 236353 21258 475971 935644 898009 7179 330880 469351 831385 365915 753952 0
MIN 141 0 0 0 594924 142886 550404 217271 37427 739957 747539 180894 208608 238922 601483 123786 568700 0
MIN 142 0 0 0 928950 521108 988200 251408 806725 523645 284440 362243 18533 777090 477021 79653 604046 0
MIN 143 0 0 0 662267 807364 692897 895694 552053 891118 631195 832585 691975 908131 962651 881312 935443 0
MIN 144 0 0 0 680128 73977 23441 959018 151224 387752 576973 773068 811960 796658 311486 311423 74515 0
MIN 145 0 0 0 239745 689568 281640 938073 330460 974995 874422 27832 543562 419766 285308 11910 803088 0
MIN 146 0 0 0 115016 705014 984627 739204 10395 377418 802458 808197 566407 304577 69018 57218 757955 0
MIN 147 0 0 0 91533 837038 348039 480119 236195 597822 253195 75066 687818 325801 897236 147853 85909 0
MIN 148 0 0 0 950501 461641 598131 590598 895770 782006 604261 756046 399398 86757 389537 968442 280473 0
MIN 149 0 0 0 892041 60261 968905 239802 137387 379248 941495 351514 659743 41865 842408 911664 920256 0
MIN 150 0 0 0 890455 974947 231571 978338 13912 388830 604409 726314 132848 862382 818846 339962 148549 0
MIN 151 0 0 0 916310 477511 840624 772569 97211 81953 42634 256447 12384 828597 948895 39754 829509 0
MIN 152 0 0 0 839114 107606 342285 137067 19701 673158 764549 228743 549657 405337 236451 891432 353185 0
MIN 153 0 0 0 900422 79402 468140 150123 821911 549193 551635 579813 677720 134556 251458 903543 962098 0
MIN 154 0 0 0 651121 142057 67449 775716 679056 143068 640589 916145 624205 844378 618382 282181 772390 0
MIN 155 0 0 0 270255 313210 450329 611177 467653 65098 33778 685769 458471 527353 374127 473424 12947 0
MIN 156 0 0 0 728365 605957 974454 257051 368004 133324 941477 385209 528429 397937 922081 71082 234096 0
MIN 157 0 0 0 250437 814332 925458 2314 966938 637336 908540 253879 735558 141883 187157 873888 835676 0
MIN 158 0 0 0 872572 167929 751813 352330 700266 128774 684708 92397 774867 656913 552926 967221 964879 0
MIN 159 0 0 0 929009 813292 490651 304015 288063 661892 202682 491555 892402 402220 200873 910030 60133 0
MIN 160 0 0 0 644646 989071 472430 105194 592088 971127 129411 573148 391101 171130 423084 160949 267382 0
MIN 161 0 0 0 34914 411629 863458 397930 320865 529445 979665 684309 444574 478111 307212 76400 781915 0
MIN 162 0 0 0 414892 739866 223251 96449 889897 967293 839205 3801 873821 587866 949568 193561 301942 0
MIN 163 0 0 0 697653 115272 78953 442604 204187 377767 407456 52194 758366 860636 595340 874936 477866 0
MIN 164 0 0 0 320023 327498 154580 896570 900127 492948 251642 113381 835175 11832 689048 378518 266258 0
MIN 165 0 0 0 347846 464488 706038 95839 838555 206446 840426 817830 610502 973600 921737 431910 610050 0
MIN 166 0 0 0 791800 893374 945539 209864 904151 583544 122950 767202 841570 880058 873013 728698 455772 0
MIN 167 0 0 0 158694 4865 856792 737641 964474 551449 497492 767733 557713 237903 103712 331317 609459 0
MIN 168 0 0 0 65893 331113 20184 798960 799423 409707 993242 402115 314378 831859 454252 93187 585577 0
MIN 169 0 0 0 293578 720065 790616 952809 643386 204076 444558 657452 764465 153010 170360 746994 657538 0
MIN 170 0 0 0 709609 403277 37467 601790 899830 95515 878618 916525 366044 101772 21737 574635 3795 0
MIN 171 0 0 0 673469 27334 397700 77530 512068 193341 680053 50682 616545 629229 563204 426534 565512 0
MIN 172 0 0 0 86332 554385 501654 466007 825420 267429 427219 425761 183762 5388 315705 681488 183209 0
MIN 173 0 0 0 414795 920658 888150 292376 126083 301450 895068 335112 29187 658267 513220 718743 460662 0
MIN 174 0 0 0 471113 216604 263510 516627 164795 680127 11830 574996 349907 832669 952990 232110 721486 0
MIN 175 0 0 0 367465 174279 516749 12038 565969 781499 885482 985715 978787 545956 860349 45349 396082 0
MIN 176 0 0 0 867959 492589 698112 780139 564521 805948 263087 768161 790345 822429 961641 990977 568267 0
MIN 177 0 0 0 765090 467787 157480 352246 308480 882944 259119 591101 69237 990907 635282 671394 661676 0
MIN 178 0 0 0 920838 333665 516591 187771 187093 624444 730180 604422 952949 172328 216295 420076 323190 0
MIN 179 0 0 0 510005 633300 143243 770353 785988 337079 519400 644669 759260 958866 497749 972775 619440 0
MIN 180 0 0 0 443098 861271 349766 87443 721266 769711 724187 483936 422288 622930 985066 631403 764190 0
MIN 181 0 0 0 538180 646047 516827 414902 436223 737728 643152 310294 80807 794507 623196 445975 271852 0
MIN 182 0 0 0 732760 388710 595697 120161 240352 618176 119370 573786 266187 63698 443519 477897 496695 0
MIN 183 0 0 0 139955 496995 367230 636638 168241 228908 590127 263618 381099 393630 281366 181664 688449 0
MIN 184 0 0 0 786119 603414 148572 191083 160118 419973 159986 367981 231749 65639 105994 63020 76591 0
MIN 185 0 0 0 260715 869641 425573 890778 872863 799606 458886 455960 695561 747136 580072 198868 767968 0
MIN 186 0 0 0 234057 429206 73620 329273 935425 537119 925765 26316 811237 59891 972409 418290 276832 0
MIN 187 0 0 0 298689 991245 269145 243865 641886 455635 833844 218433 356539 55235 102299 410717 979039 0
MIN 188 0 0 0 242777 501375 151085 947031 460940 275885 7822 685179 518558 345504 873883 403410 453794 0
MIN 189 0 0 0 229949 880405 741358 443872 613139 77404 630424 984907 846680 795260 51179 425816 756236 0
MIN 190 0 0 0 43725 700201 705326 477252 156763 765550 693823 444571 750427 222649 8783 475288 740071 0
MIN 191 0 0 0 562465 555871 425179 724644 430925 501511 372279 178396 702333 936501 502567 932327 25159 0
MIN 192 0 0 0 972581 186052 52277 190542 188383 274231 108647 863254 660809 102656 858344 320246 465960 0
MIN 193 0 0 0 960210 584504 409183 456575 836049 725724 927033 295259 246246 574561 491219 13314 225519 0
MIN 194 0 0 0 920803 215535 40999 18677 70878 323277 668438 494464 827447 291998 189217 868983 123904 0
MIN 195 0 0 0 183258 303179 913043 477613 49204 659054 149791 627728 863138 696594 560576 418415 815355 0
MIN 196 0 0 0 463809 37136 900450 525069 429463 171429 456939 419556 287927 180364 654554 715046 121556 0
MIN 197 0 0 0 316416 786144 34330 981156 202317 621787 407247 893657 65202 714302 161979 355059 680001 0
MIN 198 0 0 0 663969 119609 64602 935286 977062 426483 861543 63416 899009 314640 885726 597825 69849 0
MIN 199 0 0 0 962807 291710 852546 581697 346132 623214 275021 527627 19192 713465 541780 102271 342314 0
MIN 200 0 0 0 868444 257434 45577 248671 326868 311272 474249 641946 607027 881105 623267 256358 765810 0
MIN 201 0 0 0 209721 862470 162152 664897 116731 636028 801187 586454 974067 703146 897945 729061 256133 0
MIN 202 0 0 0 488809 24519 78142 843428 710001 194264 682935 59998 240782 303969 88169 698090 568700 0
MIN 203 0 0 0 853668 192834 742065 612744 158238 192327 729627 918068 160914 36947 612585 217769 345838 0
MIN 204 0 0 0 731070 966027 572080 883147 221463 827131 932936 43172 423842 870543 723884 956092 974994 0
MIN 205 0 0 0 578517 456288 400693 925754 995718 233139 222808 466155 367096 485701 31847 106795 451277 0
MIN 206 0 0 0 647194 414884 727798 424808 550001 197287 990755 67642 436701 562291 723128 853600 653958 0
MIN 207 0 0 0 221385 69918 580515 702067 859071 875168 788117 431181 695280 321169 610683 348264 668341 0
MIN 208 0 0 0 25070 666102 980556 965762 164423 769068 364503 923109 842939 475201 337585 695406 982199 0
MIN 209 0 0 0 863389 163692 249322 162801 39728 679245 946291 734949 289805 594021 392046 587394 532261 0
MIN 210 0 0 0 232879 551813 830201 515391 845201 836647 359775 168303 814759 139188 543328 986795 499209 0
MIN 211 0 0 0 605821 472887 984759 186650 4420 540640 832740 928820 606897 70224 40691 399194 874688 0
MIN 212 0 0 0 21771 668053 625265 189878 285333 307019 345244 737578 125506 844987 645990 200526 780558 0
MIN 213 0 0 0 107027 102243 635534 683330 38022 716119 940127 442581 293731 387760 333403 563457 293919 0
MIN 214 0 0 0 371421 935923 110736 824546 520061 555486 203554 624378 190837 654688 265437 148 845739 0
MIN 215 0 0 0 45469 19984 927729 308700 309084 80254 458521 460267 332969 6305 177909 380853 918479 0
MIN 216 0 0 0 83402 554818 418519 686174 640172 325870 192095 236635 981322 625088 675119 954969 248456 0
MIN 217 0 0 0 144251 370234 546955 569429 693178 313522 745299 974884 411527 725034 489883 327359 136722 0
MIN 218 0 0 0 40518 244746 541383 362602 71628 977351 557909 495884 708667 867788 125351 208739 745666 0
MIN 219 0 0 0 389048 747095 544236 405480 779161 632622 917976 69179 758909 650442 597059 997689 681441 0
MIN 220 0 0 0 684321 450233 90964 397260 272140 756434 760652 543192 458555 250502 870056 367535 935781 0
MIN 221 0 0 0 229541 396926 56915 925294 781837 63190 953297 471127 922973 493539 984376 766997 464297 0
MIN 222 0 0 0 685129 415170 993332 308980 164023 499081 933584 909543 554452 631731 154102 53954 966007 0
MIN 223 0 0 0 134934 733678 293638 312412 487739 651547 983988 84792 747418 950762 582880 546581 915469 0
MIN 224 0 0 0 610297 215771 861416 767049 191789 945039 856116 828855 487345 551269 70374 483468 82312 0
MIN 225 0 0 0 595131 721416 492210 463366 168883 67003 578252 125056 705592 386104 547714 417903 748420 0
MIN 226 0 0 0 991015 399061 886189 935164 7679 40173 631119 388005 142297 30493 64406 424340 58081 0
MIN 227 0 0 0 802793 266774 115892 715535 6004 605104 950154 152098 624887 241389 850185 123471 162852 0
MIN 228 0 0 0 751223 43581 958488 185481 218224 908024 35917 180454 107833 325266 272618 471075 627271 0
MIN 229 0 0 0 671985 158607 368234 827643 486923 686341 415164 316094 118966 432044 754418 838276 708125 0
MIN 230 0 0 0 412906 315650 575149 855944 881592 155413 760182 35971 473502 247325 822536 692752 261309 0
MIN 231 0 0 0 611804 458930 367176 418228 702019 374288 120311 149401 735293 121288 337296 186706 401256 0
MIN 232 0 0 0 673691 158828 244748 743342 500329 809327 556747 800945 744721 208847 338406 80193 995189 0
MIN 233 0 0 0 453876 813856 938915 24896 883342 814945 922205 914086 258265 563391 382403 332451 216406 0
MIN 234 0 0 0 388293 701141 909162 143341 568317 70675 602125 905222 981554 855589 131299 977127 498579 0
MIN 235 0 0 0 473835 342991 106639 421731 115551 726756 86290 575938 237837 113076 790886 669113 307499 0
MIN 236 0 0 0 124594 537520 512619 129844 987206 885509 471266 830033 532009 164293 903684 985363 725738 0
MIN 237 0 0 0 654080 485566 703995 130969 27359 163527 29353 135023 543573 279811 760182 110728 219908 0
MIN 238 0 0 0 748119 752325 192359 186716 745576 324863 9697 765347 41627 513556 703968 849883 635959 0
MIN 239 0 0 0 136610 289495 9386 897123 699977 53450 818815 64161 620909 587664 643153 290031 938074 0
MIN 240 0 0 0 175112 99230 484088 185724 220821 855067 839620 354317 814043 472024 264112 66971 258484 0
MIN 241 0 0 0 443802 184988 935744 960795 710218 631027 88457 100752 976674 453643 706191 640101 869431 0
MIN 242 0 0 0 824848 616145 598216 188346 640491 551250 864040 844813 288975 762649 487169 490248 567987 0
MIN 243 0 0 0 187206 813047 852245 34351 539837 989946 188966 138267 274716 239987 616981 261159 287443 0
MIN 244 0 0 0 387025 610647 456925 934629 424107 1053 380546 817510 446795 899741 563065 300577 649883 0
MIN 245 0 0 0 28193 708003 780120 385787 568438 120783 862038 365061 928683 497752 547877 920491 882103 0
MIN 246 0 0 0 675247 904608 357878 222697 27174 659892 381096 47463 178303 421867 790869 424836 471733 0
MIN 247 0 0 0 871845 564376 344609 178007 655127 17424 926289 269083 43878 287729 198282 517010 106606 0
MIN 248 0 0 0 303825 713126 379158 749506 923899 107254 779726 497390 626730 774917 910972 58734 9046 0
MIN 249 0 0 0 706938 273134 705615 197880 93399 295260 79814 49807 266688 979757 117026 612784 845438 0
MIN 250 0 0 0 547637 350211 100133 263586 782689 393950 554373 805977 274587 328193 404372 859546 753465 0
MIN 251 0 0 0 662447 185725 423420 362060 560882 817636 589552 445572 279515 316159 666345 651995 72694 0
MIN 252 0 0 0 774931 281851 73055 808507 456148 667087 808015 503081 326142 655969 971127 4886 296115 0
MIN 253 0 0 0 665124 759979 89521 487876 469033 152576 827123 214419 944651 754263 6906 166929 948357 0
MIN 254 0 0 0 354015 530089 615096 976308 100239 526790 18210 336198 943971 639985 340096 650891 311055 0
MIN 255 0 0 0 63697 418464 176945 605865 124962 545031 503164 601906 56152 676719 885135 481760 307371 0
MIN 256 0 0 0 675480 386693 516673 520022 627161 358614 287617 449748 53831 560008 95502 820915 439661 0
MIN 257 0 0 0 744729 821389 786458 225204 440457 963900 223973 855801 315434 133418 294867 971823 89789 0
MIN 258 0 0 0 853033 764142 727741 319583 951541 630441 170255 566544 981740 741571 547638 65045 915232 0
MIN 259 0 0 0 844437 761316 561120 443740 302380 477944 256828 24214 97674 986517 455184 963317 404162 0
MIN 260 0 0 0 820388 716045 524866 867654 16778 969777 691413 501711 878207 354212 754232 579809 565388 0
MIN 261 0 0 0 854234 938926 200475 720671 938649 647342 55932 678785 529475 190196 781494 27552 870236 0
MIN 262 0 0 0 68172 986941 267743 204882 372277 662538 352318 510083 512897 35658 48390 464117 715063 0
MIN 263 0 0 0 409187 4452 651164 52618 242420 258458 742310 346106 73384 987920 594822 616348 446437 0
MIN 264 0 0 0 640245 514615 896295 73427 227048 333079 55390 522903 977330 329949 176936 383378 212954 0
MIN 265 0 0 0 196175 772829 308917 567084 250103 180974 581031 671227 464758 212879 748651 426920 946185 0
MIN 266 0 0 0 708512 439859 180494 571721 117528 774465 761237 255681 911380 565079 416261 913552 342216 0
MIN 267 0 0 0 653188 147662 305146 787921 852816 589596 148186 926507 265669 770226 356938 226528 706505 0
MIN 268 0 0 0 843935 71158 146837 482029 670160 153655 320445 915537 669359 12292 328901 100732 337687 0
MIN 269 0 0 0 668280 293551 216327 694320 980955 562520 110238 991580 773108 318180 28895 227013 519944 0
MIN 270 0 0 0 677970 49731 978325 642079 678710 339273 243940 687266 372070 826412 669135 186625 735117 0
MIN 271 0 0 0 579616 672345 563109 901228 480008 707022 820143 373753 885070 638728 174117 274064 796613 0
MIN 272 0 0 0 884098 184123 869497 23292 980217 121618 32321 898518 460096 450 320432 522587 466351 0
MIN 273 0 0 0 118201 327419 800617 826308 482050 691158 210163 534301 812716 39849 955423 738432 992816 0
MIN 274 0 0 0 972610 21148 684360 131822 633939 759240 256392 947887 591959 15310 438867 773227 119966 0
MIN 275 0 0 0 827402 555604 423607 170006 597056 930122 195954 744423 561088 665161 299692 483400 552007 0
MIN 276 0 0 0 365989 351081 136901 558979 916337 688186 424584 336320 736031 769498 119719 125054 364340 0
MIN 277 0 0 0 730859 95180 243954 825963 155207 829510 735788 183598 718366 254174 523686 642302 607712 0
MIN 278 0 0 0 550559 724619 741484 905992 204773 653725 784524 261888 599050 360269 164783 591582 785933 0
MIN 279 0 0 0 446677 794479 296879 471686 895443 932660 176491 721569 449166 549458 85221 308016 578619 0
MIN 280 0 0 0 370671 603375 871680 450968 668854 61041 433755 604695 573139 392897 191077 39561 960418 0
MIN 281 0 0 0 865149 99454 631742 741674 534472 448436 552220 946871 538061 525753 698010 32298 733163 0
MIN 282 0 0 0 322982 418267 537116 979475 945652 812807 19810 458247 703389 976136 649482 848369 782960 0
MIN 283 0 0 0 223903 330098 651774 563285 103497 517270 922186 264522 562828 511645 617046 547911 63901 0
MIN 284 0 0 0 79352 711149 178701 130656 374188 755990 573825 704140 175585 467655 616519 513919 506948 0
MIN 285 0 0 0 852939 540009 302686 817213 178509 142529 769005 946683 934007 783405 601894 419223 965536 0
MIN 286 0 0 0 203973 412708 973241 951819 20524 347717 774114 747015 592246 327764 35854 980752 245207 0
MIN 287 0 0 0 392160 98418 527909 522355 64840 779992 849354 943302 175549 216104 457876 370898 786225 0
MIN 288 0 0 0 764653 103443 966451 800246 456821 296808 232684 972000 418866 75526 427067 881539 207596 0
MIN 289 0 0 0 592948 79284 977718 84789 628260 678080 599909 628647 97915 987569 311661 314972 217862 0
MIN 290 0 0 0 94082 753338 650960 210098 816158 355573 324136 925731 985175 980567 977152 593115 634537 0
MIN 291 0 0 0 46096 278222 506605 563239 300236 812623 615386 614661 670521 345057 837826 905261 390684 0
MIN 292 0 0 0 11621 682283 976973 461804 66722 146622 317149 348777 654364 55917 72282 379480 605289 0
MIN 293 0 0 0 559518 446865 573086 770414 66851 688916 203922 84755 975264 303698 806612 872274 822405 0
MIN 294 0 0 0 625839 542155 751924 82531 52178 440587 693054 819282 605093 485276 145211 637017 579329 0
MIN 295 0 0 0 182517 938445 758370 764427 591894 803280 860938 47227 66411 940211 414214 882242 663696 0
MIN 296 0 0 0 902473 891150 149478 289215 386068 470688 490520 235180 468254 636343 533259 63810 699506 0
MIN 297 0 0 0 83656 830723 610989 394162 704269 671699 482132 692802 726811 402566 59475 845734 740333 0
MIN 298 0 0 0 158068 374594 958551 355473 441403 715349 366178 316445 47202 75354 741415 538944 441548 0
MIN 299 0 0 0 468 376648 758551 623626 399717 238201 432380 319379 71575 856819 57340 944898 699300 0
MIN 300 0 0 0 882332 868468 22259 766286 531789 630353 198709 180605 820108 704528 13488 199518 838070 0
MIN 301 0 0 0 387778 258721 701691 588367 999549 212895 330135 681247 98959 556910 672471 421580 765513 0
MIN 302 0 0 0 711886 285586 272159 902418 652156 818565 951912 493036 117500 136507 837680 460934 821573 0
MIN 303 0 0 0 399661 213292 68662 310185 950319 144111 591302 127450 759801 549591 574671 342171 867237 0
MIN 304 0 0 0 981550 476362 526695 549225 451330 59410 382561 247115 856168 452899 177903 69626 73507 0
MIN 305 0 0 0 716014 854308 188968 723930 602228 393337 548237 931082 107052 667967 830232 629022 530316 0
MIN 306 0 0 0 448358 529739 509082 809671 95181 61817 651591 522807 592080 252596 835325 15463 174134 0
MIN 307 0 0 0 769271 643329 965293 965336 613562 472279 990545 913841 951423 832665 414259 317004 60108 0
MIN 308 0 0 0 624621 558581 899859 767257 621535 902276 118984 341791 208078 430039 445653 771419 470305 0
MIN 309 0 0 0 163336 315739 557130 99171 379231 578208 531908 373267 111453 546375 550618 573576 861370 0
MIN 310 0 0 0 733568 563439 136234 202790 53068 198855 739325 532149 970625 991836 479601 99363 342860 0
MIN 311 0 0 0 445994 904295 131039 471473 262672 63264 372288 114429 63293 772254 359640 786479 550721 0
MIN 312 0 0 0 655908 769782 792750 367211 11147 771536 614135 634919 661011 643345 868645 806906 177158 0
MIN 313 0 0 0 386097 54264 7178 924677 402630 953760 20191 889643 771461 660227 68810 992446 731291 0
MIN 314 0 0 0 751368 599022 786118 180122 383237 284966 80208 897488 929182 342645 171374 887029 748400 0
MIN 315 0 0 0 754317 648687 307965 322684 195171 451317 249959 900965 998779 96650 410983 77145 18602 0
MIN 316 0 0 0 37151 579638 187873 243718 542938 731213 478115 673514 991577 892081 213196 766755 232357 0
MIN 317 0 0 0 540290 635198 895616 812808 110615 145642 65419 16787 283467 677319 159859 684120 305122 0
MIN 318 0 0 0 947379 345939 417421 899962 893618 339567 53303 20388 644044 546772 495617 424394 333651 0
MIN 319 0 0 0 772540 416475 218357 497421 949200 258843 155169 920716 511483 548800 868177 271500 382849 0
MIN 320 0 0 0 123018 756429 22701 729612 767056 185576 777873 674347 47531 424153 612826 998848 829831 0
MIN 321 0 0 0 574044 6134 570640 65015 829878 336125 487176 794890 261255 824153 765780 210600 257792 0
MIN 322 0 0 0 294714 75564 388482 87118 483594 650074 52364 767912 930843 642508 746331 239973 391286 0
MIN 323 0 0 0 717942 703820 505342 313594 455589 736627 479240 620581 350565 749754 538486 970103 749484 0
MIN 324 0 0 0 842998 94302 984416 424681 930422 690087 602095 291787 875249 719507 876427 509116 747247 0
MIN 325 0 0 0 619110 562953 472771 191644 824451 725733 665209 111697 571166 688346 104022 227249 53838 0
MIN 326 0 0 0 168937 956486 69565 418054 66855 810451 157490 734298 475581 336361 409304 662449 392160 0
MIN 327 0 0 0 522261 467414 466163 923635 635741 981959 567246 596203 558345 611817 904852 298623 363225 0
MIN 328 0 0 0 257266 785401 862939 108114 678536 573114 753122 230110 479249 359264 974998 879423 91677 0
MIN 329 0 0 0 87919 132422 462467 661574 931429 244510 425515 580312 54756 378609 446149 252026 113416 0
MIN 330 0 0 0 422819 511685 167424 472765 692101 182379 763151 477922 280765 293479 433754 358075 534664 0
MIN 331 0 0 0 864131 554598 893559 344273 733265 173787 622095 187044 769373 805949 712864 397169 823973 0
MIN 332 0 0 0 691534 715293 494742 535540 73753 110632 439852 822728 510399 32862 909643 681152 692780 0
MIN 333 0 0 0 132096 427181 828197 30677 840748 810428 238175 746589 216250 977158 446815 439200 29995 0
MIN 334 0 0 0 170692 974864 177274 45435 918488 575681 12643 428941 784488 45949 785097 296581 133495 0
MIN 335 0 0 0 956036 279540 338513 4686 884701 984994 550623 279688 45709 573402 610081 694674 475534 0
MIN 336 0 0 0 381785 266487 460722 279473 516564 194554 160626 875490 88911 587786 886845 962870 533998 0
MIN 337 0 0 0 503097 8023 988463 110418 279541 268494 977575 937492 994397 106134 916407 742371 747505 0
MIN 338 0 0 0 352961 677934 280394 329393 101657 642018 23808 322925 347369 217925 795510 580219 817060 0
MIN 339 0 0 0 979157 677301 773506 645226 78186 483180 531825 422720 95442 812279 719192 733750 484160 0
MIN 340 0 0 0 214215 48381 601958 484694 280243 948493 361207 897744 694807 91174 419522 957095 72820 0
MIN 341 0 0 0 974102 977525 305613 495019 510731 186533 239661 733362 947916 998877 919721 43809 967479 0
MIN 342 0 0 0 270271 611326 668533 621448 520445 517401 135926 783631 818170 892682 666213 963728 314015 0
MIN 343 0 0 0 1972 701456 682312 172591 457632 536267 655587 758865 483260 36110 21925 504972 332911 0
MIN 344 0 0 0 218727 936195 445457 369264 811920 943448 51650 191817 382167 861799 991176 52814 959188 0
MIN 345 0 0 0 378608 138339 688575 222875 27529 131012 945842 355866 472721 673592 527345 401157 602290 0
MIN 346 0 0 0 329209 717866 825098 567271 11265 635672 898906 625671 52380 528489 705875 279040 787740 0
MIN 347 0 0 0 256017 782420 196416 880356 936280 301012 417339 159394 531982 166229 361524 847689 907791 0
MIN 348 0 0 0 842811 689833 172540 303672 413454 818639 369727 32980 978930 832441 932247 518640 848202 0
MIN 349 0 0 0 779397 476546 642520 896375 307172 924600 150498 242856 99525 359035 178944 257047 244198 0
MIN 350 0 0 0 886160 767533 29182 774691 991812 472332 355016 54387 977043 419218 140498 274824 94050 0
MIN 351 0 0 0 956279 169653 965333 479781 537646 691951 864075 562324 95325 523224 600692 787631 874504 0
MIN 352 0 0 0 793924 11810 872493 86703 310282 376079 887884 204959 866054 389741 891400 823587 605269 0
MIN 353 0 0 0 806412 324861 791900 622172 401912 930612 18086 960776 805505 311448 291121 463191 864817 0
MIN 354 0 0 0 365580 387094 869589 146194 259819 916363 593371 203721 626742 448167 806029 997450 682044 0
MIN 355 0 0 0 959242 836114 303358 400914 149371 112160 850266 691131 398343 347599 831361 706665 584003 0
MIN 356 0 0 0 135710 690050 263851 359350 594583 507773 89723 579372 793874 346022 187841 355910 736505 0
MIN 357 0 0 0 582339 653265 80074 118768 256667 410349 733855 490649 732788 199158 874224 206004 546115 0
MIN 358 0 0 0 936008 491908 178083 845524 46401 731899 428234 350457 186505 259221 683510 272519 550985 0
MIN 359 0 0 0 614824 106569 725982 542271 867028 837411 596828 878179 551094 301521 67497 793994 342917 0
MIN 360 0 0 0 176409 597794 750272 716900 807979 442128 255192 175478 858513 613138 903542 201710 77355 0
MIN 361 0 0 0 160184 113770 475699 886325 858966 210836 88922 980284 194380 882548 678630 974625 698664 0
MIN 362 0 0 0 20731 55220 137519 92694 58690 100604 479948 188189 618995 256419 960042 458703 226293 0
MIN 363 0 0 0 716124 14740 827622 329203 538221 557857 156821 370943 146904 940490 837028 106768 569611 0
MIN 364 0 0 0 711606 551204 560307 27192 334733 188174 617594 725584 496553 252958 725269 859948 964028 0
MIN 365 0 0 0 249335 258361 69856 738237 958255 186206 649883 227296 943552 953973 45746 752749 78524 0
MIN 366 0 0 0 285234 218764 276227 572574 990200 817727 27109 897762 285457 804402 775787 873897 702758 0
MIN 367 0 0 0 915081 696954 887645 647896 269268 477504 545911 844096 785870 574819 589437 852882 86374 0
MIN 368 0 0 0 938141 380739 418961 329147 209287 393511 420247 969597 776171 408810 704430 183739 243811 0
MIN 369 0 0 0 429896 236630 574301 167394 95884 80996 502807 39002 394843 602772 655008 446746 416493 0
MIN 370 0 0 0 488858 923652 189643 714609 511573 238517 535915 925507 390032 577625 703883 481886 72606 0
MIN 371 0 0 0 478941 850268 318253 203603 608503 922798 421290 809690 821081 420642 568793 369087 427798 0
MIN 372 0 0 0 594724 467949 464247 26922 852707 65575 440828 638133 564869 434320 587122 641471 511579 0
MIN 373 0 0 0 34784 209853 513082 645059 486343 390559 976226 805471 151034 348 220601 936116 931034 0
MIN 374 0 0 0 866324 861657 387627 839866 198467 169429 142806 136334 756462 850363 600452 973318 654999 0
MIN 375 0 0 0 376665 502214 76177 23491 689008 97254 179247 781078 567029 617397 860420 896444 61713 0
MIN 376 0 0 0 258441 374237 866770 324165 190841 159334 745542 441838 354789 356629 128091 189975 756323 0
MIN 377 0 0 0 311146 55664 534380 766322 2217 422341 827232 329974 86843 768283 108156 400685 650950 0
MIN 378 0 0 0 594417 579009 679660 25160 450069 947536 566094 538420 530240 871750 358871 901044 581895 0
MIN 379 0 0 0 404768 797458 238886 988436 944153 940501 318766 201099 351449 115466 880936 696268 189112 0
MIN 380 0 0 0 246769 37233 134007 275808 669189 152329 852824 461283 650710 725600 435814 677220 521073 0
MIN 381 0 0 0 647810 98275 368972 418375 329404 640588 768850 573684 867099 208589 416974 921005 843144 0
MIN 382 0 0 0 494030 89839 185731 835951 133529 799527 923462 290298 380354 205588 372417 797938 739210 0
MIN 383 0 0 0 768977 829614 301935 863931 334254 359054 459588 600204 523339 414617 197564 953517 269310 0
MIN 384 0 0 0 834676 627682 537254 167817 606912 478519 622525 380605 80399 491410 260426 343386 196791 0
MIN 385 0 0 0 95928 956452 922702 281119 728880 250296 592736 673404 45335 424348 657059 49018 497632 0
MIN 386 0 0 0 868755 895425 430611 125877 190723 446395 916946 237398 377344 939509 643962 408700 467315 0
MIN 387 0 0 0 864319 947475 848688 305279 720107 720262 552416 982190 908557 603215 783471 395818 407475 0
MIN 388 0 0 0 624025 507314 448111 359693 768575 716942 451865 393695 473611 841787 794082 132845 511691 0
MIN 389 0 0 0 708081 389859 628321 491805 785713 300032 565447 482310 232831 728738 540452 351501 952284 0
MIN 390 0 0 0 598478 398784 413097 45433 412053 681268 751600 598978 681444 843387 960756 312804 727657 0
MIN 391 0 0 0 727393 905411 891671 918408 951178 98127 379125 801375 64490 675995 766154 939492 876378 0
MIN 392 0 0 0 326786 309386 110034 644550 935171 670326 30042 593238 285087 974115 451684 492855 771365 0
MIN 393 0 0 0 567662 316312 493645 102312 248744 849160 853316 994558 871005 205709 311865 721619 820616 0
MIN 394 0 0 0 73312 425736 790277 633685 983508 465270 28337 419429 892351 828804 909326 237360 569647 0
MIN 395 0 0 0 106215 696126 963353 806814 539693 376571 204596 934299 26823 461217 24438 102604 19792 0
MIN 396 0 0 0 717874 178094 306283 857997 859492 447784 848898 650300 507350 871620 918443 553356 89479 0
MIN 397 0 0 0 71067 312091 882072 74376 94759 265903 777728 447818 29187 200894 632618 779403 556930 0
MIN 398 0 0 0 155993 291332 888310 715299 795593 311368 720831 881100 419321 132112 427307 776517 818066 0
MIN 399 0 0 0 77750 533884 759507 404831 891431 177973 484791 839764 717225 282296 988842 249575 612007 0
MIN 400 0 0 0 975736 296606 856542 904674 847581 533882 459435 207007 361458 249547 425947 264620 419397 0
MIN 401 0 0 0 264240 74601 249723 301743 516679 930157 494594 339656 994194 694117 616664 422939 130123 0
MIN 402 0 0 0 173289 363332 624271 635282 438071 931033 903728 527353 545611 8921 500415 378916 508312 0
MIN 403 0 0 0 136946 989025 211448 88783 860413 267234 104142 509798 803359 860056 344500 931635 942240 0
MIN 404 0 0 0 863131 235307 252872 808456 773387 624269 345588 101237 130120 93565 83248 442406 728237 0
MIN 405 0 0 0 253347 412751 556123 494127 400388 202194 740985 757102 161241 488800 933859 654080 115010 0
MIN 406 0 0 0 569243 741887 142446 227825 245582 753136 695564 334787 794958 284022 934876 310175 530234 0
MIN 407 0 0 0 171463 137977 370614 682315 465181 300140 771962 108193 691899 801165 299405 918356 657367 0
MIN 408 0 0 0 755400 51980 113600 600457 750152 675229 581181 929213 374566 402605 757443 972449 221473 0
MIN 409 0 0 0 127666 425668 398546 162633 733700 209211 838495 233705 861988 175188 998946 293097 160701 0
MIN 410 0 0 0 988870 277776 566267 645162 839936 667322 975536 743288 277380 308303 427482 776777 434488 0
MIN 411 0 0 0 369418 204059 802140 33687 887091 796620 61506 859094 38486 358045 498330 982543 598301 0
MIN 412 0 0 0 37885 163888 185149 930962 680501 299514 824553 153525 822910 55367 929058 266757 901664 0
MIN 413 0 0 0 348409 27750 692636 42502 887650 668884 750497 825438 502404 157303 350613 258969 651900 0
MIN 414 0 0 0 770910 201483 585676 42352 621793 242489 269463 370103 354128 74075 447862 840138 107916 0
MIN 415 0 0 0 32178 748978 431782 691146 180295 752148 385540 795155 305751 896356 588387 275237 372725 0
MIN 416 0 0 0 308568 349573 430837 963146 512227 465016 93938 363065 481531 450596 83679 617658 913134 0
MIN 417 0 0 0 125133 261978 29549 66313 269640 291199 654038 806410 771117 776768 225508 899614 625889 0
MIN 418 0 0 0 605456 589317 491319 705241 66067 294596 524617 560848 987548 321329 12760 155209 224857 0
MIN 419 0 0 0 159432 932767 454619 553839 390436 590891 545432 257027 497723 674611 501026 266503 160642 0
MIN 420 0 0 0 52053 918559 283842 221065 207771 942603 100332 173825 520135 280368 962651 262108 436686 0
MIN 421 0 0 0 190255 941865 581852 768611 208497 785014 974008 566600 998185 21570 586371 579345 547156 0
MIN 422 0 0 0 968542 485498 208511 251575 344510 561295 360100 491012 680911 778581 947522 418233 396910 0
MIN 423 0 0 0 92540 714055 539486 971903 439856 8268 629164 117230 589931 872904 27070 192268 810949 0
MIN 424 0 0 0 29516 504737 445076 619147 773441 875406 7747 997270 100616 505527 826686 912184 262051 0
MIN 425 0 0 0 481124 463442 727225 290129 820314 850233 517970 51742 392605 579616 713650 489026 498680 0
MIN 426 0 0 0 854080 252676 992401 990975 871335 339211 102913 263436 453619 351055 223882 602308 46507 0
MIN 427 0 0 0 231826 771771 339176 696856 517381 388781 328217 486383 374554 617386 443287 386417 564389 0
MIN 428 0 0 0 183223 615981 510280 743816 833009 646096 413981 263671 704138 548081 103539 359302 838227 0
MIN 429 0 0 0 883258 3174 956952 219863 922094 136401 334154 57459 220324 160463 29929 91694 537026 0
MIN 430 0 0 0 391630 391669 623110 716164 654018 295479 463492 417593 325902 474236 832274 72338 919770 0
MIN 431 0 0 0 463213 285508 912814 120390 318803 496746 501200 430859 935671 158227 106043 560643 635762 0
MIN 432 0 0 0 131768 346307 315104 674968 423076 193131 44117 414768 76394 791009 988382 60990 499430 0
MIN 433 0 0 0 321346 845324 111175 896329 3231 808765 676797 302504 878837 459430 177556 107208 398629 0
MIN 434 0 0 0 55340 513523 25283 347796 752787 735294 799350 787738 827055 169767 854946 522274 816336 0
MIN 435 0 0 0 265161 836617 141893 439390 668170 638871 495887 550421 733784 261105 273393 832868 463766 0
MIN 436 0 0 0 61986 987619 599814 262673 695238 683213 693076 841289 704764 180829 413253 545272 424157 0
MIN 437 0 0 0 980979 893664 509501 870454 844238 683275 98058 599478 505550 547437 807263 28358 684746 0
MIN 438 0 0 0 735391 291111 295452 893418 933855 91547 442946 75807 661841 180336 920130 538082 980502 0
MIN 439 0 0 0 659015 622715 950800 939580 707418 192713 687809 59461 447631 922763 492598 885631 792037 0
MIN 440 0 0 0 132293 155726 942067 768661 704438 95014 326852 305041 692767 346062 828189 497039 505245 0
MIN 441 0 0 0 570159 24202 894882 212776 748457 22457 172909 428272 257636 980236 608593 811841 252434 0
MIN 442 0 0 0 883775 592822 98501 956827 112911 811602 59736 280834 584961 873639 851360 222145 729613 0
MIN 443 0 0 0 603820 593644 90797 800655 112855 383018 752113 321749 611066 495302 734468 957304 978321 0
MIN 444 0 0 0 833007 785919 396750 849983 827480 422910 698449 53539 820755 854122 703066 306040 322127 0
MIN 445 0 0 0 87124 492521 379674 345522 409413 642878 929009 552627 4572 333136 703299 482066 81697 0
MIN 446 0 0 0 84740 504098 61001 513032 188512 115893 715866 213799 538222 12419 128409 708926 427174 0
MIN 447 0 0 0 496619 725758 670263 914547 110700 90196 518674 931083 872608 15075 999088 629575 364922 0
MIN 448 0 0 0 216720 802426 710608 949742 726300 132453 548001 876402 354396 247200 791567 632003 760176 0
MIN 449 0 0 0 949725 997743 690082 607732 263272 184275 816703 957839 161351 938116 407536 110271 78066 0
MIN 450 0 0 0 620402 83635 301620 533741 351045 788165 959268 710350 23493 172266 772861 484254 51597 0
MIN 451 0 0 0 190689 45200 726100 360809 183065 438800 732944 855523 122050 549810 416089 868253 345306 0
MIN 452 0 0 0 999536 669945 425389 344660 764754 37303 395440 899440 655518 71355 95682 664116 484610 0
MIN 453 0 0 0 359472 235571 213732 275447 480062 881802 905883 235236 260353 64747 895155 710008 789348 0
MIN 454 0 0 0 282702 137810 293027 294983 482029 494434 983061 166322 540490 493951 807990 943488 200087 0
MIN 455 0 0 0 593774 969780 752439 894601 9100 890579 420207 65858 400843 760197 976131 550054 102207 0
MIN 456 0 0 0 16655 174865 172267 944615 446944 880256 406778 25364 602846 789815 675598 861153 816000 0
MIN 457 0 0 0 330601 208252 178518 387822 198735 939863 514777 986213 203522 667611 184215 288395 127301 0
MIN 458 0 0 0 341960 347775 584793 929978 733298 632180 300387 155562 847010 674822 763938 678634 298719 0
MIN 459 0 0 0 957486 69216 526299 649197 123177 734649 322524 638803 930646 480992 631382 732001 222259 0
MIN 460 0 0 0 174518 477426 482274 971417 840405 105746 515705 913043 386892 850340 565749 138738 422465 0
MIN 461 0 0 0 310875 202109 471911 94434 750764 739308 786922 475159 907332 233127 726812 441236 364038 0
MIN 462 0 0 0 557371 323848 446875 936056 29291 389864 461846 653191 139436 583536 470221 901781 118962 0
MIN 463 0 0 0 935101 573752 946389 863811 815173 523433 307888 366679 595890 94539 526505 901754 977275 0
MIN 464 0 0 0 294105 178847 802567 462148 405521 412391 361145 544626 665309 489040 178217 898361 592645 0
MIN 465 0 0 0 929703 654763 764832 744986 467173 139096 992380 955811 881378 390229 812650 884219 150920 0
MIN 466 0 0 0 598377 77268 73611 259902 343667 875253 857205 898913 714893 992764 392562 356727 516361 0
MIN 467 0 0 0 290839 164440 182588 956034 154025 367978 398941 631414 720918 128203 629978 534885 274354 0
MIN 468 0 0 0 171988 271982 666546 580360 588163 902927 315936 425275 590754 245303 39418 17588 558994 0
MIN 469 0 0 0 464986 146489 817939 806633 530685 599224 237846 488125 998156 81834 76634 894488 229158 0
MIN 470 0 0 0 876139 668123 832253 918611 414543 349846 476042 416822 961495 551312 932315 975287 700283 0
MIN 471 0 0 0 481166 294460 556493 995202 664691 37902 246858 487117 862449 773612 950008 301056 118671 0
MIN 472 0 0 0 85154 497373 42208 705518 125714 964883 810326 256078 774700 411040 873241 7386 257401 0
MIN 473 0 0 0 341572 379111 257123 781611 789518 706322 462479 997862 326476 296639 105086 807182 183440 0
MIN 474 0 0 0 569609 848663 101944 710808 45994 58122 695062 252255 96667 760592 877904 506399 532239 0
MIN 475 0 0 0 335734 531109 888344 822445 399998 3559 401010 720693 930719 34427 470687 873138 386107 0
MIN 476 0 0 0 504901 798448 863214 704502 574162 60629 336855 75041 777815 405462 304647 808999 93275 0
MIN 477 0 0 0 573602 358045 34476 967483 417141 893056 621418 483554 130823 342486 357054 191352 345206 0
MIN 478 0 0 0 157196 170828 792389 718928 115910 214437 971679 168788 558521 410606 176990 1417 369956 0
MIN 479 0 0 0 255233 435946 917171 156494 292651 680453 722452 480285 405551 950395 175307 604960 902833 0
MIN 480 0 0 0 525456 392687 12548 790880 881307 74876 250218 927728 876758 257370 769945 938058 872745 0
MIN 481 0 0 0 756011 527920 870473 141086 393668 469817 459343 909571 203764 587118 549491 668703 184965 0
MIN 482 0 0 0 956441 482760 414872 41900 257960 24244 996171 411187 489124 29285 308301 806369 146119 0
MIN 483 0 0 0 695364 347445 867388 873158 515360 961854 834448 638742 208935 784115 889169 455906 422389 0
MIN 484 0 0 0 131736 613887 758849 59807 667558 183549 519432 841052 18123 534838 67368 138651 562127 0
MIN 485 0 0 0 273334 494941 571839 408518 947710 410381 23818 267195 707745 711553 714882 912456 401314 0
MIN 486 0 0 0 962352 656156 137878 672920 732698 441666 286639 474391 769105 464969 268896 141520 419589 0
MIN 487 0 0 0 209441 99561 863933 376098 209975 976835 884890 106292 155877 563319 684399 361037 668151 0
MIN 488 0 0 0 343471 430423 873143 785046 837113 759058 843288 350682 113227 487445 725033 695674 846858 0
MIN 489 0 0 0 45044 571610 871744 126656 910527 710760 602360 667124 206160 671851 912538 708062 932546 0
MIN 490 0 0 0 421066 319246 507480 399773 38056 262604 955867 815545 123849 61455 166560 565330 89831 0
MIN 491 0 0 0 436763 698291 738045 782457 435590 763327 374487 688345 89089 53716 334448 697689 613628 0
MIN 492 0 0 0 215090 882312 532237 15963 264837 771924 520610 49103 226988 536124 585202 141138 206402 0
MIN 493 0 0 0 670321 269523 151438 370338 495247 785569 9519 516338 587858 634256 286184 923132 787867 0
MIN 494 0 0 0 133604 679067 116819 318016 753870 768386 212967 185103 471938 347441 374253 58824 612128 0
MIN 495 0 0 0 329728 288410 526212 975307 681763 990711 251530 467557 363329 700280 405922 369633 267925 0
MIN 496 0 0 0 797784 44578 425910 178297 308059 597141 75130 873787 535941 633114 768640 624862 973060 0
MIN 497 0 0 0 673076 872512 80878 990032 737207 743574 106648 736214 606367 155229 854068 109567 868402 0
MIN 498 0 0 0 664694 170327 246183 880324 756223 400244 225180 753807 454066 913294 757187 702220 480688 0
MIN 499 0 0 0 232175 166769 83021 574298 117124 493051 597524 150664 967168 562990 101124 266601 927775 0
MIN 500 0 0 0 611680 783579 244586 347191 132880 712435 816474 210697 112974 402629 282814 236985 684403 0
MIN 501 0 0 0 903671 840929 4923 833607 822553 107041 701099 182285 256629 873580 635297 857521 96104 0
MIN 502 0 0 0 896139 637524 244516 473318 495791 924258 267562 405420 603738 693877 230326 587104 941072 0
MIN 503 0 0 0 473139 663386 31254 839346 541182 879728 325477 337283 785496 172496 563250 289521 926366 0
MIN 504 0 0 0 119382 134209 443807 678252 994465 367351 16883 172171 980505 517939 288525 618597 392874 0
MIN 505 0 0 0 163080 54167 511740 363068 880762 950142 76425 80708 822074 895496 420626 167480 46786 0
MIN 506 0 0 0 991946 933144 303421 520308 520633 398576 5613 934437 531689 848071 137720 196925 254537 0
MIN 507 0 0 0 957837 507205 837180 854306 43817 265310 413629 354804 919896 351589 837214 951668 772062 0
MIN 508 0 0 0 772664 388630 702889 535735 93322 133192 842021 891087 644554 228992 917312 436850 354490 0
MIN 509 0 0 0 140781 844063 653768 633909 276966 680864 267416 820630 780959 691009 383547 682531 972526 0
MIN 510 0 0 0 345563 178932 873547 419325 875755 419862 422080 111729 445900 482942 64705 922561 372304 0
MIN 511 0 0 0 97247 803348 797872 733543 851436 88066 780719 583191 798547 292262 979923 543518 634649 0
MIN 512 0 0 0 980581 31326 945621 748488 896847 160229 462509 757163 338159 441652 680746 41692 32817 0
MIN 513 0 0 0 120569 697735 519303 829282 5474 219406 997080 27177 81396 233553 67431 667026 19023 0
MIN 514 0 0 0 965809 724211 245243 670363 739463 518875 606484 958580 671521 451033 681519 452545 631511 0
MIN 515 0 0 0 48652 127074 746235 133275 977275 57151 432570 744311 245878 335197 433392 891799 452512 0
MIN 516 0 0 0 161015 777907 449583 238341 577196 165693 421940 586173 72085 468785 709917 589077 722245 0
MIN 517 0 0 0 610417 719739 279412 436195 823181 584297 181074 900075 32805 728702 297684 524353 158746 0
MIN 518 0 0 0 535734 144898 597960 755005 999169 239440 941530 12699 316093 718975 513839 96716 144838 0
MIN 519 0 0 0 370833 558428 633285 310306 882593 414853 487936 152234 977367 461395 677503 45012 695198 0
MIN 520 0 0 0 638542 246148 469897 603676 264491 855320 660399 57919 182348 508808 250486 588297 709982 0
MIN 521 0 0 0 606719 378676 701757 778041 158982 928564 466388 836464 573119 255099 563282 800187 646857 0
MIN 522 0 0 0 931879 450116 953785 184376 608099 420878 392255 915216 912618 352649 97659 832501 420160 0
MIN 523 0 0 0 652004 522552 95094 743551 48547 549066 815491 335303 360828 988169 196103 858776 747526 0
MIN 524 0 0 0 258015 297939 835324 910810 202911 287803 71497 439249 637256 37294 890583 612196 148303 0
MIN 525 0 0 0 409841 486535 964371 727984 693941 65083 989414 98032 7891 314755 429092 947303 324775 0
MIN 526 0 0 0 468480 989800 262361 371496 536157 875548 334962 343038 837550 530461 165724 204845 206927 0
MIN 527 0 0 0 582317 762322 289697 985512 778344 880808 512624 528740 127454 506626 851315 743226 5267 0
MIN 528 0 0 0 511864 507561 421714 465702 926827 747729 82861 634662 374236 391352 40728 793746 683902 0
MIN 529 0 0 0 110171 458609 279386 16106 344245 850011 732337 684185 414869 849431 751190 922163 213831 0
MIN 530 0 0 0 373323 246634 824847 837927 383700 422523 723012 911395 37203 635161 202414 538325 894662 0
MIN 531 0 0 0 382672 258206 611282 647161 8709 346534 397965 697685 195107 901534 559716 303775 722692 0
MIN 532 0 0 0 340155 479248 571512 978013 378607 665353 470962 530004 245166 62279 767045 210833 772142 0
MIN 533 0 0 0 72364 105616 822312 602756 82485 202107 668086 344829 848638 943484 263341 574054 180913 0
MIN 534 0 0 0 736503 506555 339042 126307 955095 721005 107907 292203 9500 558456 935296 302467 435461 0
MIN 535 0 0 0 963190 951702 543067 384447 293552 280635 101671 591394 513375 89661 264443 972621 782494 0
MIN 536 0 0 0 880481 335303 945208 580646 374848 670790 189952 840000 330449 831812 686864 254081 621142 0
MIN 537 0 0 0 166728 851219 214855 228605 609699 638091 313379 197040 243616 448778 974472 648746 660678 0
MIN 538 0 0 0 673461 82140 254858 573463 937696 480654 109319 136992 252184 25431 354854 987412 328154 0
MIN 539 0 0 0 787932 818249 831720 906301 233829 314155 931120 518743 809820 719775 662046 201120 370387 0
MIN 540 0 0 0 216201 35044 419371 995767 932988 22093 474209 258232 14820 633022 581096 670768 107877 0
MIN 541 0 0 0 547045 677753 961271 575529 260129 23870 556442 667125 284518 910288 205306 130764 572890 0
MIN 542 0 0 0 82341 466583 194921 979587 674200 632868 738913 881879 545572 396175 136233 213274 265364 0
MIN 543 0 0 0 825345 459872 264419 6673 406612 927105 776878 253434 21288 957036 372976 841464 340139 0
MIN 544 0 0 0 545163 199597 764811 452458 920025 559293 495605 202795 825306 117453 552733 434743 573353 0
MIN 545 0 0 0 295842 891479 825137 496046 289486 274005 878246 511612 461347 748447 511624 743628 125515 0
MIN 546 0 0 0 58991 725170 39913 169130 2173 363565 765326 830768 896376 703989 130209 394196 693207 0
MIN 547 0 0 0 363456 544987 803417 943770 954718 603290 31025 447978 590739 303824 939192 674964 688922 0
MIN 548 0 0 0 476146 866959 312700 802550 119470 725908 303982 325860 842538 93464 929405 517663 285028 0
MIN 549 0 0 0 186022 512697 308623 635176 928778 793030 290288 473587 300764 626728 194922 472512 370946 0
MIN 550 0 0 0 554263 993675 6741 857146 605887 362740 551528 68384 774081 684113 833030 152998 327750 0
MIN 551 0 0 0 473466 87189 251348 856734 755950 471699 541092 521261 346826 210793 554553 648220 981634 0
MIN 552 0 0 0 667897 284974 995037 435610 338329 487151 655232 202017 407248 679824 367617 443432 118780 0
MIN 553 0 0 0 843178 132270 219841 285135 473662 177979 991589 970626 664793 912644 33939 315807 352236 0
MIN 554 0 0 0 233042 632057 297524 686792 28589 788668 738702 546848 854997 445437 773114 121506 631993 0
MIN 555 0 0 0 520414 975750 808190 493950 929078 960831 622080 45273 773264 153851 168347 407709 743513 0
MIN 556 0 0 0 678721 702974 258503 33233 731668 762937 547301 367126 115540 636006 812321 995061 991774 0
MIN 557 0 0 0 889205 805810 305252 770652 440695 574336 65333 950855 965917 870223 688236 978244 994401 0
MIN 558 0 0 0 298045 793702 98019 568583 877620 410894 65733 582016 253069 522716 339624 869722 873204 0
MIN 559 0 0 0 952759 995567 369527 406750 290872 44460 521260 259025 252181 452088 121763 434882 436492 0
MIN 560 0 0 0 205078 644649 345812 982317 683976 403704 188071 969316 619147 329084 950006 74384 177665 0
MIN 561 0 0 0 673028 380449 168575 367341 166009 813133 478508 960372 150905 492311 946360 121703 207824 0
d=5 m=20 rows 20 u0=2 K=560
MIN 2 0 0 0 785974 3543 186256 138080 439819 306982 486837 441472 381847 945222 666287 823862 461956 617976 543437 847389 601848 187898
MIN 3 0 0 0 609488 364867 979240 963356 405158 558498 444233 307401 361127 236171 228974 296201 24513 857805 67054 420654 841506 870014
MIN 4 0 0 0 891159 328894 389979 237312 166277 926574 238955 473944 164729 821828 187283 85138 828708 901178 59579 211828 918177 678294
MIN 5 0 0 0 751432 187910 321153 749970 638828 724092 148093 904792 954080 564225 249139 209000 664207 134758 715110 576993 5903 671749
MIN 6 0 0 0 241236 346458 263732 864880 377573 911346 305820 456420 688356 467154 162572 238027 728665 183512 543919 285692 440635 374203
MIN 7 0 0 0 167364 822681 456891 865371 930492 364580 546990 348135 852716 793008 87772 563163 433748 217694 980592 870012 447905 505486
MIN 8 0 0 0 785532 66239 514378 51105 102699 40821 281461 624988 107596 101890 952233 612861 493088 80326 737886 960915 64560 656785
MIN 9 0 0 0 427370 465291 848725 229766 263969 443816 515793 40163 867628 82403 889536 983442 640290 499121 498150 552987 766405 17474
MIN 10 0 0 0 994800 392153 57014 935254 380470 634775 931554 506590 959310 896441 345209 83268 242488 846131 614168 140736 996784 421480
MIN 11 0 0 0 309519 893149 440515 450960 218639 16116 6135 225148 67211 611503 908150 476059 946837 163805 149925 189018 362270 420108
MIN 12 0 0 0 831283 151382 213647 968975 732033 131113 281067 817461 857587 103819 242733 720300 38241 289740 852042 121623 252260 995929
MIN 13 0 0 0 439746 632754 334920 65636 148665 597883 306246 68440 745752 866463 50930 550812 447010 871265 398015 439145 451970 178468
MIN 14 0 0 0 108730 33216 239760 546247 1785 157381 819788 156583 368449 60560 53067 231121 915307 533219 722151 626005 725454 510558
MIN 15 0 0 0 311741 501554 425860 502460 684205 974816 320540 964483 155602 69972 113710 232762 953616 726058 252190 680421 950227 818090
MIN 16 0 0 0 492859 649799 292599 822002 260555 832189 656401 524481 606448 893552 775179 353634 240113 466154 695575 301079 783184 47742
MIN 17 0 0 0 387106 480219 917455 90612 558723 131665 417922 480215 992088 515611 863335 378912 987111 427088 233689 575799 899658 607577
MIN 18 0 0 0 309395 126135 337697 117398 887036 815540 420081 827194 539647 656593 570625 814752 91113 84709 39740 949030 68299 386075
MIN 19 0 0 0 359731 948281 713179 670673 525787 918380 405415 193445 128930 25012 351922 169458 283290 284841 353586 367924 815089 117902
MIN 20 0 0 0 942536 830172 47146 498527 482487 749808 805284 515514 447206 390827 896558 878466 770825 771847 483946 735173 685535 443992
MIN 21 0 0 0 54309 128895 66540 987144 650659 361504 756919 407583 390772 476884 615988 35687 516132 875757 421911 493421 169574 493348
MIN 22 0 0 0 93990 997529 796655 57522 262168 710839 4345 268711 719091 227951 268612 55718 895809 779434 822447 242297 823937 144696
MIN 23 0 0 0 783870 708826 759133 940884 595421 548596 688327 312508 165312 484818 6106 82718 194496 987685 708705 6831 267283 786956
MIN 24 0 0 0 384973 692164 922202 894264 74366 905218 888534 542582 546935 786355 85513 681776 480732 101835 1199 749545 944749 203570
MIN 25 0 0 0 572284 577628 809234 334342 337512 809405 139766 960144 706941 176175 817694 172692 61534 819759 227103 21661 908075 785443
MIN 26 0 0 0 878243 998242 720388 880796 857421 121820 719958 795716 569971 574703 413051 890469 267713 321836 620091 499789 394613 695170
MIN 27 0 0 0 152125 728572 136353 543556 301010 276801 427772 645961 507304 637797 2933 567438 555311 943712 733510 53875 653181 711748
MIN 28 0 0 0 755110 471715 761396 953773 673846 411863 304986 249344 385310 769880 433935 591442 791016 339236 211787 966085 572056 319303
MIN 29 0 0 0 162120 461163 30235 297537 293357 8324 164662 875397 594401 868798 321255 749378 339346 486116 387431 491473 434685 106500
MIN 30 0 0 0 456437 534015 464269 419279 345802 943483 930371 945289 815851 748043 242369 271184 440408 284323 82430 132058 493270 503905
MIN 31 0 0 0 562206 97727 36187 434655 214431 80058 448962 14911 123834 690770 643191 458077 450631 413598 31803 447826 663962 578282
MIN 32 0 0 0 553890 342558 497954 135442 809734 550806 570763 209714 754279 722158 271417 908107 601618 265521 393010 508160 190371 319735
MIN 33 0 0 0 371682 239084 580002 568168 974527 862945 935973 19795 451931 513840 816863 113604 554538 643963 539886 402152 866977 978494
MIN 34 0 0 0 456869 780168 350856 454631 952842 833840 561047 838391 67301 875751 406732 285205 818467 26879 581422 287702 746016 925324
MIN 35 0 0 0 352219 142391 676423 136484 682048 399094 678624 660948 851764 402104 998913 787478 976640 859526 630009 891570 688414 507315
MIN 36 0 0 0 259873 236797 753003 576981 505079 682623 801944 391582 444441 688899 874677 396351 822734 523695 286732 276422 790435 908922
MIN 37 0 0 0 799063 258407 69360 221139 581410 910374 219931 34938 738334 502924 975781 44933 354743 685590 443082 46989 272626 135784
MIN 38 0 0 0 80052 310527 716058 792886 72117 976593 559325 492168 846421 928234 803224 287101 238915 902291 478531 503802 672275 660975
MIN 39 0 0 0 607633 777822 150400 699128 760345 635668 491212 890792 791365 581545 481090 829003 554572 390850 819804 637409 609832 951980
MIN 40 0 0 0 100652 750146 223010 366595 190721 221583 643692 60467 362301 786608 16475 675250 551157 596564 669674 266957 269850 77805
MIN 41 0 0 0 831184 582786 711421 986665 613878 770237 958180 193392 404758 751538 334514 141604 624926 626957 173489 790650 616518 545901
MIN 42 0 0 0 901070 748149 250523 366131 950841 804832 372166 325040 139792 260665 23339 805572 724339 619814 966657 999276 411467 757868
MIN 43 0 0 0 376490 84036 197440 928114 663461 189401 670845 304500 184278 5188 134494 887448 420154 420206 348328 553945 959657 753418
MIN 44 0 0 0 82200 584976 808786 283765 407786 595653 397591 505789 379973 626693 118060 935959 34374 391233 437385 788425 283688 841271
MIN 45 0 0 0 268302 512948 223954 499494 968744 773770 332248 201185 38338 345407 281516 725289 321103 386565 632922 172332 680936 509014
MIN 46 0 0 0 411663 84551 862976 338885 162250 429098 385402 922377 517843 276304 258157 464213 254363 772752 849434 895743 905413 767833
MIN 47 0 0 0 91373 314485 766765 256293 945270 539600 823047 594011 165847 649317 805952 501367 240124 418205 458226 990624 477396 841213
MIN 48 0 0 0 973507 305842 116146 968857 722730 162620 518593 539463 887882 614839 46562 938514 679590 498018 343332 816810 544234 929220
MIN 49 0 0 0 178943 216816 3423 838424 847119 949833 13358 769437 959160 608371 845855 981610 923665 610959 684813 556343 669582 458589
MIN 50 0 0 0 908988 687237 496423 253973 935709 232841 485949 958773 296437 230016 368743 44338 549753 548550 627331 452481 257685 531349
MIN 51 0 0 0 710078 815823 729711 370839 337082 620567 579886 308780 226193 157967 851154 275532 307269 327964 333763 179606 448971 778236
MIN 52 0 0 0 428986 805288 133065 552874 989776 995441 818266 882935 764684 991308 256847 305700 349480 817029 320739 863150 806161 169701
MIN 53 0 0 0 203136 958768 283542 731919 971589 452890 195621 9538 740203 609615 169281 15954 570438 642490 657555 625678 3383 983731
MIN 54 0 0 0 539486 757992 718051 901336 448266 297966 351833 622606 783800 179715 932815 141368 93193 472762 619553 459870 792086 652229
MIN 55 0 0 0 592414 494468 91459 878712 219379 886665 882681 720330 370492 248827 874457 462550 475818 183312 119747 40898 450670 345483
MIN 56 0 0 0 478129 831889 568252 221201 132843 986832 431379 936121 339974 826857 103404 400526 932268 15820 967841 487229 685956 462886
MIN 57 0 0 0 636758 932317 835970 956994 792540 450193 814591 368421 880503 427968 323088 166755 990906 456712 966685 20140 521392 587526
MIN 58 0 0 0 963626 397593 528747 101092 238912 514708 867127 725972 285865 588757 272432 108527 44872 822415 638084 420000 11807 72939
MIN 59 0 0 0 185332 451995 36904 525306 713319 907916 331858 674357 452994 597293 179456 630255 767778 964841 38872 710634 592086 766968
MIN 60 0 0 0 652289 660657 818280 641555 795795 456045 338539 205898 359014 381044 359547 940975 904847 721296 436818 59396 326182 712037
MIN 61 0 0 0 923744 689794 248559 996912 753569 414422 898922 700827 525532 388672 571758 521105 661205 522727 116669 459316 100449 617353
MIN 62 0 0 0 272056 547307 451456 23430 501964 946676 951194 908230 914450 970418 30737 632340 454986 8017 357023 775771 522222 702995
MIN 63 0 0 0 691718 945561 154298 91897 62161 262419 369809 356780 751231 671844 355463 795590 223500 231992 98025 51856 62103 410542
MIN 64 0 0 0 411082 635129 327194 985392 929213 566751 607474 778268 684941 434248 665512 411381 686153 445987 8326 246948 224107 830410
MIN 65 0 0 0 925808 172605 748743 298366 337844 546067 591526 573872 55066 150188 341458 609866 245254 979166 764343 56129 630373 859337
MIN 66 0 0 0 461510 663020 902201 420157 889506 229873 758752 913549 439877 151570 847500 450243 902344 382515 573406 293295 265258 760864
MIN 67 0 0 0 313285 646337 46804 734445 520240 415248 129199 113354 677656 255101 755434 817170 200481 635670 593136 288302 954539 329749
MIN 68 0 0 0 122267 929134 981447 110676 337699 646053 247791 461440 931008 649699 939706 500321 349583 944646 72753 611803 209450 895132
MIN 69 0 0 0 349973 482895 877846 135510 237493 434092 204470 983736 839280 824848 260807 968988 301851 5332 658570 695684 153796 55478
MIN 70 0 0 0 87079 930563 737114 912489 378935 167478 424649 975741 743859 396413 384523 614871 696600 324400 915621 745626 620748 836375
MIN 71 0 0 0 897543 674868 725210 333705 133170 36204 551941 241722 466947 511681 889491 434833 821367 237100 369269 208433 945808 983566
MIN 72 0 0 0 148232 157772 918661 812178 863362 208696 518183 159179 259601 300506 219610 327600 431497 937593 820093 541275 71471 661717
MIN 73 0 0 0 188749 838924 667209 18561 168708 41090 788286 222937 514720 447914 690188 880 344843 8710 167875 391433 424337 683632
MIN 74 0 0 0 145463 215613 137334 838578 752904 116202 13838 795279 961582 569717 906481 509971 222111 505484 542224 552738 248312 958083
MIN 75 0 0 0 628460 936451 539002 958111 822331 520867 695642 155999 545284 824417 577799 642213 326672 564320 60185 383780 556530 926062
MIN 76 0 0 0 256053 490565 135609 39292 905705 486774 684236 4333 827914 690752 905014 161234 733946 50639 131878 753317 361912 301993
MIN 77 0 0 0 187658 628189 27487 210582 932 821017 203596 238577 616538 839938 143212 12474 803881 966943 243057 509795 551231 86850
MIN 78 0 0 0 515676 328690 73828 411790 714507 82700 428096 51367 6824 903252 816493 210199 192654 865869 406053 77279 121960 241321
MIN 79 0 0 0 112071 104357 964943 120300 194389 218745 526725 684617 192013 621852 297507 381263 623425 164002 210836 157480 285445 797459
MIN 80 0 0 0 200036 421418 909962 617644 979843 274214 588441 973263 655415 655871 472346 646101 834851 934443 344596 131603 506602 563229
MIN 81 0 0 0 605629 313144 261616 898151 484419 189042 865602 965741 669581 909261 732232 72889 282130 651558 770620 566318 335009 211137
MIN 82 0 0 0 748489 66159 458882 871535 943350 451192 763517 100790 396158 415866 832258 672174 342811 982189 977296 464813 924547 296797
MIN 83 0 0 0 736237 737493 10413 529898 958691 375082 94506 103150 465984 718717 169323 649057 387019 102089 287906 974841 741779 288508
MIN 84 0 0 0 747479 886706 322606 934644 734069 953662 864087 53917 718829 2633 788514 349847 884672 497880 883104 649518 880702 806377
MIN 85 0 0 0 521364 586734 692885 978177 427127 570723 561617 382105 785360 28065 545866 208242 468892 637853 614594 320943 489401 89320
MIN 86 0 0 0 64310 160360 694692 861043 308269 794434 383543 789535 707249 158485 724740 543050 691163 165936 157439 272783 231193 583851
MIN 87 0 0 0 561600 569479 205825 816783 563148 294241 547001 274762 33884 264715 177586 681033 301113 793670 330708 600753 492590 611053
MIN 88 0 0 0 218021 195958 981784 237737 846342 643455 56888 600840 908579 896523 537199 36800 870447 51376 146978 712928 645447 764267
MIN 89 0 0 0 834460 441476 82239 986480 572206 510289 92368 129720 74803 64364 238434 652022 93300 191484 973648 798744 195823 191649
MIN 90 0 0 0 269853 108949 272425 514678 289396 335871 238467 525730 833872 740621 193748 38862 636395 641554 965389 37799 57824 186167
MIN 91 0 0 0 892685 405849 870260 376031 256360 388720 569666 429599 813541 75474 949475 663402 844596 259791 318166 222497 859405 539481
MIN 92 0 0 0 718959 40260 290766 940508 959198 850793 14317 250695 336982 626662 204352 647144 603590 117346 64458 881075 680865 690351
MIN 93 0 0 0 82547 154400 440023 730025 857692 884806 654113 904380 759619 609605 965401 261912 843098 192077 709770 750289 847156 906143
MIN 94 0 0 0 302899 347362 296390 962725 444489 207324 201143 635239 163549 64904 123532 645569 706831 837095 703329 544431 824584 307122
MIN 95 0 0 0 996521 951258 795363 925581 37266 309053 129163 620270 452897 238194 150304 424779 584577 675180 181424 834522 311494 746944
MIN 96 0 0 0 368790 993124 413790 117654 698759 383611 337796 579719 481309 630020 923810 452675 99919 930283 923821 4892 28124 133405
MIN 97 0 0 0 872812 752473 739399 83187 966813 605006 397366 9032 473917 215959 345746 750852 372185 488136 551306 92370 644964 927846
MIN 98 0 0 0 898896 542925 961579 73071 256978 2317 481269 695441 660293 188780 703570 875338 694779 903432 118540 442463 170364 690596
MIN 99 0 0 0 665110 249641 877704 11037 784122 767202 995398 629556 550337 427563 605266 705165 72481 14902 95421 496363 457959 953778
MIN 100 0 0 0 979318 524386 87981 107535 879537 973150 837489 614970 90288 250385 760727 233176 212148 133295 594551 36811 358195 189727
MIN 101 0 0 0 772060 503595 83386 580421 134462 76350 727301 741041 765656 86028 867771 804823 824431 411549 912233 182147 355572 91015
MIN 102 0 0 0 573359 889457 889272 180774 450174 205386 297624 347694 561145 960195 67997 601988 870684 532007 724067 129902 793259 536275
MIN 103 0 0 0 775116 833904 608250 4825 358980 61999 699495 460298 442495 300482 370525 547935 861195 553756 154117 85126 218102 300181
MIN 104 0 0 0 334843 866756 207666 251193 377963 546605 578722 441797 509268 598557 455671 468275 143801 320845 54188 134378 117042 655447
MIN 105 0 0 0 788522 309501 309752 75083 496482 572832 232988 626109 363434 907692 979494 237584 401525 64680 687625 804829 308414 47544
MIN 106 0 0 0 261438 332361 47875 394901 273978 251307 688761 836613 717659 26668 842507 641813 305942 713892 522387 396538 417650 509324
MIN 107 0 0 0 853686 679957 620127 541349 461172 435536 186957 618841 800574 47288 263682 992005 672775 487999 565104 209981 337110 978212
MIN 108 0 0 0 434698 631350 336877 180496 917915 810865 580414 970448 605566 393897 516520 531109 37367 299183 389342 111967 296033 262246
MIN 109 0 0 0 146548 868671 232845 554558 46474 212855 477608 717572 268398 591130 501815 538418 772750 101353 234250 50477 254802 728998
MIN 110 0 0 0 448793 275424 433315 876916 448783 582778 127723 922383 595626 200066 726787 331198 754367 682142 721802 458978 750821 506622
MIN 111 0 0 0 942243 478318 701942 921695 879651 48344 135376 718276 387610 794161 864856 79344 302954 732443 547899 697935 455978 126206
MIN 112 0 0 0 86049 375110 58621 133837 764501 650302 736921 848714 599939 239681 966524 292284 40701 318965 826091 805439 556682 373709
MIN 113 0 0 0 305116 869649 730421 813750 978378 348976 798347 582418 723823 913653 123550 674784 696388 835967 567148 819098 649178 530743
MIN 114 0 0 0 464441 356606 398548 792557 756944 495585 314709 951341 68570 22076 765270 983876 682003 903849 649739 288532 810479 606803
MIN 115 0 0 0 320830 571015 231523 185550 5109 942262 97704 138746 974645 500790 834165 875341 676898 173601 682608 639502 915054 976731
MIN 116 0 0 0 413507 12881 775007 488306 166900 815299 912331 336784 985776 296913 356605 334836 593059 160424 251041 904057 606584 723806
MIN 117 0 0 0 783329 787999 658219 381621 506967 284113 488498 707748 677178 501080 513425 153587 385153 107925 641546 291797 15543 42377
MIN 118 0 0 0 584803 769453 865384 228258 472457 286422 588859 169337 300576 450534 262892 78453 210517 647902 135287 644555 831957 80426
MIN 119 0 0 0 231261 547767 972652 443257 563848 188428 323107 331026 413189 99878 616157 792347 647079 262331 5328 38690 836096 416374
MIN 120 0 0 0 440291 507010 300013 659242 751064 368600 407126 38042 131226 523370 521916 559650 886221 244477 894878 699745 415095 182674
MIN 121 0 0 0 561412 949590 99460 524542 701802 91968 200098 444707 154880 977522 257403 801827 618166 176233 559011 975974 922531 695959
MIN 122 0 0 0 719068 571528 453994 21758 390890 663690 580992 72202 463738 648683 213917 104759 196120 713042 128110 355739 793775 677458
MIN 123 0 0 0 338748 276173 636072 519712 24100 656244 215498 45547 362989 120654 973527 447265 686366 893413 747501 582228 104567 649832
MIN 124 0 0 0 167650 863918 155640 63054 378954 660120 409914 829538 294188 210955 505814 417615 543142 168662 20667 742930 648589 669735
MIN 125 0 0 0 675258 502402 8492 82891 482416 472241 67077 495009 441883 400467 538938 285527 144350 350048 354572 164219 999229 796539
MIN 126 0 0 0 642144 348470 515123 627204 683333 880073 8565 877763 138852 714132 706193 408076 906132 331922 475965 642658 754774 720774
MIN 127 0 0 0 789983 957396 788679 599223 896028 640028 450613 682081 536107 40418 106981 733762 7321 229499 334595 303538 388227 833191
MIN 128 0 0 0 520388 985759 130876 540779 306795 525512 139323 984111 998475 640070 134812 879182 287907 460293 1148 741877 426758 158898
MIN 129 0 0 0 771712 370522 808813 91623 90140 721512 44353 226497 228256 364554 812864 938417 450816 538558 300138 420121 65156 503047
MIN 130 0 0 0 870396 376087 6104 841697 781592 739793 917194 966057 850662 901388 958177 68062 305695 68401 75245 228167 228370 911691
MIN 131 0 0 0 374977 175728 789756 63253 641161 774052 750078 705908 659953 430394 393238 950513 846471 560362 871411 861087 890422 590197
MIN 132 0 0 0 743646 48361 499350 783095 280909 585284 306900 743866 277839 209937 249348 54358 123762 603031 313721 292696 361290 710269
MIN 133 0 0 0 592455 839726 622877 916900 273999 108431 406731 368999 798583 547879 780705 73865 244102 135552 9654 168061 444278 57993
MIN 134 0 0 0 180929 148021 738592 703486 173519 390479 379931 971782 395428 790216 412556 522988 505491 443719 672518 77800 691426 766263
MIN 135 0 0 0 839229 724950 221580 71974 263218 439912 723955 975289 520 291600 702679 140807 769316 352145 705201 987214 200479 970413
MIN 136 0 0 0 720800 209838 383842 202358 250484 480558 87319 714882 405946 33244 130795 838833 860318 406520 201622 366291 982293 347929
MIN 137 0 0 0 938915 528636 573814 862881 315265 80724 943505 305819 55962 665832 610105 210495 704420 369232 148475 596220 314741 868539
MIN 138 0 0 0 989495 122605 355617 697910 161256 9426 843811 315939 402744 312566 992671 3201 648944 725308 655375 570623 771626 696922
MIN 139 0 0 0 302352 296920 638324 979979 154888 464142 463173 282678 11882 8261 694675 385187 517364 295311 156778 613012 598531 524590
MIN 140 0 0 0 45645 665765 381381 371640 976786 813919 389471 430652 890798 695961 321819 479528 839501 671834 279607 343486 578577 610700
MIN 141 0 0 0 434258 797949 123953 617335 152241 255814 97205 28032 410579 919681 205969 13498 804576 266165 778614 63416 636113 269236
MIN 142 0 0 0 910396 207146 556350 324921 288569 510995 29801 159869 201545 353281 997054 503105 935889 461049 864690 978090 26616 862691
MIN 143 0 0 0 262430 812942 756208 896992 942953 429674 851876 956129 209909 790086 411078 439921 623230 394001 432372 75785 259972 135577
MIN 144 0 0 0 487336 340049 655747 25576 704953 540592 636894 409538 491261 628428 23861 126103 788082 878459 960479 759209 526908 1991
MIN 145 0 0 0 663089 877123 640874 602954 423661 675871 226925 150959 85946 807586 989448 83057 416251 405845 585189 765438 168223 920129
MIN 146 0 0 0 273812 84182 908280 920018 34476 807743 531466 290129 244528 396631 957852 830542 445122 965636 680833 651134 802955 297837
MIN 147 0 0 0 16698 689171 328213 6934 204396 649622 973047 964027 192603 962599 74210 681153 309875 451768 146640 47601 669028 4232
MIN 148 0 0 0 110022 483167 75397 795121 417474 946415 477651 791004 79809 850981 487588 107310 303444 367734 36224 314437 680234 142502
MIN 149 0 0 0 903933 642175 229396 394978 686605 790143 381605 402743 166281 606813 131655 834756 210807 185115 592208 314284 131673 304876
MIN 150 0 0 0 998446 793045 157664 894787 437105 456649 737277 115750 903195 219612 795965 19047 956116 142422 430189 905022 266779 51027
MIN 151 0 0 0 776654 23843 732082 730505 82200 953395 144538 508597 48841 2735 121824 87464 937938 381974 582049 446360 752062 132128
MIN 152 0 0 0 269589 758655 685477 529123 145330 327619 444575 711593 264593 475478 419531 814881 967630 545654 144182 187888 127959 414168
MIN 153 0 0 0 3278 626906 227289 232737 236369 122616 339416 2479 964709 746156 493134 966149 239749 277885 505575 435546 511309 653979
MIN 154 0 0 0 336772 294434 373862 332618 55992 196252 805881 302038 623209 713928 21592 278006 676631 425156 336970 876885 318816 959596
MIN 155 0 0 0 185471 730776 911748 432358 519690 686371 336527 219847 135753 615374 415778 130968 154730 344398 861703 535065 122832 34989
MIN 156 0 0 0 835704 410199 950761 626698 568269 122351 615801 600780 327811 90409 365131 992852 72360 476596 523944 175944 677002 590559
MIN 157 0 0 0 606925 902934 556826 626600 940693 399517 333272 129303 527855 412866 798561 657845 445582 901376 885877 700255 790657 920561
MIN 158 0 0 0 411973 556042 663327 472078 749727 793140 674930 942259 391836 149101 864828 480340 424364 232328 46808 936869 899586 902404
MIN 159 0 0 0 473037 75867 747331 327206 159103 201137 202372 162270 568266 37151 881665 743561 541094 352683 497623 322569 472938 385318
MIN 160 0 0 0 832884 523294 774791 782179 837926 346091 669532 809089 147651 690360 900096 774392 599710 846359 660932 814647 643618 519415
MIN 161 0 0 0 82853 434211 510111 213154 822306 766344 742236 126842 81501 859034 870739 796412 354145 394366 889333 129467 959520 795917
MIN 162 0 0 0 951453 846570 187730 209298 885046 411832 877764 362579 17909 6779 746986 474430 234655 744627 60773 679959 317937 599057
MIN 163 0 0 0 88234 926069 575821 608643 927157 288323 899003 608456 512771 404601 224604 116472 990461 778462 681826 903821 3810 351443
MIN 164 0 0 0 502266 257198 328336 22156 225699 388847 539291 531763 488425 448204 746739 610444 815052 867911 836696 981074 20414 780906
MIN 165 0 0 0 229076 122630 689383 555908 880637 435650 394580 903586 876080 156129 129392 46594 375942 602464 453004 792766 723615 956871
MIN 166 0 0 0 2252 377219 749813 899657 1223 765911 516057 747659 523193 804878 610518 449621 866862 66409 821113 499206 429322 455532
MIN 167 0 0 0 118676 493719 11454 660348 386309 155664 841625 492634 642535 890121 53960 710968 509468 223082 191355 817442 415634 820063
MIN 168 0 0 0 213699 87069 190022 233619 304206 14444 683816 307104 987515 240413 46622 688029 688687 541395 414922 949983 614882 90661
MIN 169 0 0 0 893616 205834 780610 200414 696476 752 626184 249043 896525 969519 344413 671815 911726 944050 61931 477984 961528 810156
MIN 170 0 0 0 808472 398107 266444 936046 686164 204473 936486 219696 135478 479828 306494 363826 604701 473258 720158 837602 554450 620692
MIN 171 0 0 0 76312 151908 968646 268366 538460 175312 398315 634725 319947 254999 93253 472428 845108 567038 735747 528813 823437 523931
MIN 172 0 0 0 29673 892045 480043 246763 122228 591595 929927 700531 831643 629260 721663 831325 139354 119957 203415 151654 880325 654036
MIN 173 0 0 0 774043 540770 173788 257227 876357 404994 186774 759728 632208 277028 423313 304775 932404 366305 584801 337248 648812 768837
MIN 174 0 0 0 520250 53982 886808 648865 240655 98367 196269 948078 692227 795575 689980 212715 835797 685492 944467 100066 446181 514884
MIN 175 0 0 0 428385 500588 43589 78288 753179 634415 776715 768742 476163 248003 239224 311483 726772 72262 66029 221834 953956 193691
MIN 176 0 0 0 161321 975411 717528 704734 618594 882910 575739 357756 476570 574806 807162 156198 465925 604470 875727 387098 756196 854609
MIN 177 0 0 0 827967 201851 629715 835444 183697 513143 332329 891729 251220 899660 189805 51478 704590 413008 169439 740018 621983 948185
MIN 178 0 0 0 203520 478444 933314 859872 442124 937755 331828 666702 340034 831478 594948 524204 729856 830484 879835 436693 257085 355555
MIN 179 0 0 0 702655 709560 567463 211096 400598 912840 189309 771345 707132 842858 488247 599003 813201 90410 500887 816535 794897 707375
MIN 180 0 0 0 229643 417148 296964 482941 223433 561573 489531 900265 430907 629414 165378 638041 91150 852099 141614 633363 573582 117123
MIN 181 0 0 0 313206 581149 169856 204760 462472 403276 120780 262457 930806 901616 398029 637513 713278 413919 799801 914535 529881 818772
MIN 182 0 0 0 955577 70646 897878 357379 15787 278715 960533 511624 281567 22245 338998 270508 204094 68386 924395 577276 489107 346497
MIN 183 0 0 0 353105 68212 108000 324012 589401 392961 202925 649105 721419 93490 810008 293143 589550 763180 858645 93712 295401 703114
MIN 184 0 0 0 830576 899177 186087 690388 528514 866469 368996 869981 133342 406233 335800 54336 824198 797277 571530 222139 556565 458733
MIN 185 0 0 0 202012 717665 957522 750819 844080 407502 4318 764520 445127 923297 513976 276779 219540 462417 618586 640868 890129 515461
MIN 186 0 0 0 996231 688580 131284 853638 644180 965389 684827 474715 958031 232075 430733 80629 65366 434742 657716 197404 6566 624375
MIN 187 0 0 0 304817 412996 918614 253407 386740 843373 827808 362057 62581 372678 388556 735698 627551 548766 498488 66424 104123 728420
MIN 188 0 0 0 634687 93108 750342 913347 666911 592259 412214 869667 427973 302996 994927 180152 397572 74475 938243 127436 441868 621846
MIN 189 0 0 0 855028 197109 360613 735377 124693 964645 147868 626273 289625 214444 863098 155990 760020 173415 337412 838387 33617 497774
MIN 190 0 0 0 664520 140332 847641 361769 106275 149719 833525 1474 104957 642835 37265 642538 511973 905325 657251 104090 300135 994815
MIN 191 0 0 0 718677 595379 988374 640450 614388 212679 184674 26894 142689 556049 995574 670503 778473 527812 560604 980780 514121 585468
MIN 192 0 0 0 132749 65479 453620 634883 170522 458369 595229 155435 789571 988149 314439 218989 506446 208092 367880 573678 450698 446296
MIN 193 0 0 0 832729 390530 934037 650378 487287 931491 582774 176030 686124 172556 432667 695330 35491 37282 646609 163259 830250 86353
MIN 194 0 0 0 702230 991961 348403 375880 818158 353809 195674 652543 766453 17274 9941 124618 809380 362621 226067 200322 640409 670187
MIN 195 0 0 0 760598 354535 142934 739197 509595 327384 568211 596432 412493 738937 172194 115180 760691 452909 517272 661589 883305 957004
MIN 196 0 0 0 827408 742341 769706 621651 917905 643935 723882 943055 973148 549866 416295 868740 179667 785651 932974 613750 189794 348592
MIN 197 0 0 0 479603 114461 286917 364048 787992 926182 567482 90320 510921 735755 857560 897664 589248 171659 756482 949894 339148 887413
MIN 198 0 0 0 706039 738288 494499 335914 959807 152257 416126 330732 838136 668275 509444 285015 886659 81649 264122 760846 566597 753096
MIN 199 0 0 0 282594 661886 422046 227300 674770 590616 486488 531178 741580 482789 415399 521023 572433 428953 450944 642869 556785 515995
MIN 200 0 0 0 875946 29480 188099 134636 47335 571183 750632 629138 667895 292051 689841 913856 796329 221564 392851 872508 369407 35937
MIN 201 0 0 0 632682 311205 180380 44672 654793 209671 831889 599144 731871 996535 753191 93379 291310 485921 749093 362120 878106 90141
MIN 202 0 0 0 136426 128661 548277 864929 376343 151533 484496 118683 387167 474793 816202 434116 315490 842626 28976 905405 510716 492390
MIN 203 0 0 0 353893 955428 140686 108935 62562 233408 225197 541726 601558 463599 480918 256292 462773 46529 293418 385468 796147 452734
MIN 204 0 0 0 127737 505367 639917 380947 838164 831322 847004 218529 47056 720544 438629 527984 310115 130554 924170 862431 157934 448953
MIN 205 0 0 0 470504 856 485844 199837 544738 625927 396557 694042 967538 273724 9549 938116 546806 468448 998023 48795 880313 593394
MIN 206 0 0 0 11224 908373 977484 66445 116531 953034 485877 951952 39561 203320 456223 742715 862595 579995 999577 391303 20887 268193
MIN 207 0 0 0 452428 401047 197362 403040 179393 310629 653557 533715 513573 576642 92834 601740 626475 11498 356084 907753 725108 902789
MIN 208 0 0 0 786682 74318 425795 769180 920346 675833 339523 657532 654395 269417 970898 66293 956300 26466 704987 887443 663543 664735
MIN 209 0 0 0 618820 425291 808232 602952 451974 174170 180901 891642 895696 572472 473229 384453 370936 835356 784119 329744 179547 197862
MIN 210 0 0 0 520199 673504 969975 914509 487702 450904 134650 851244 833819 658659 205228 611908 615353 812019 112184 855902 465495 982405
MIN 211 0 0 0 671000 919865 296714 502005 204778 705802 865373 724649 65202 935870 829628 956719 832175 616830 401033 78494 974056 654801
MIN 212 0 0 0 110599 997348 664323 45618 953338 574629 635257 843099 273281 607829 959432 646991 893077 540647 586002 607433 941596 538619
MIN 213 0 0 0 527743 99774 997382 644101 127269 235254 477414 508256 382187 671587 724567 315148 992430 124276 735569 511087 876946 135497
MIN 214 0 0 0 330876 349033 219973 35873 254064 126652 883306 569644 447204 990704 499943 854388 305175 909479 131503 300472 228145 594819
MIN 215 0 0 0 876522 978751 435158 828054 920261 31009 728440 1741 568901 374301 995901 434861 761468 195629 194431 96018 602095 580754
MIN 216 0 0 0 185642 557795 608108 164162 384566 140144 428796 753685 965882 949118 261100 314677 951526 218327 964556 930788 112611 431521
MIN 217 0 0 0 298098 208973 685476 951131 420542 503233 294210 248884 116007 96117 416528 56100 712820 247894 626440 44018 968270 578674
MIN 218 0 0 0 19073 584934 297868 326069 147953 657189 637288 748731 557997 536972 951891 491450 410209 278184 769209 718304 249196 667395
MIN 219 0 0 0 269752 701854 706771 923810 52790 960854 715180 699587 192305 9223 909150 864308 378670 630047 415169 239895 148946 355118
MIN 220 0 0 0 590467 425476 696858 922531 98207 379218 762541 768683 248766 258415 372658 543546 542565 781630 865305 346628 229297 683977
MIN 221 0 0 0 265403 916076 363614 678713 35031 198616 852471 250548 233681 260295 333303 904157 803763 167963 967145 546403 819736 26593
MIN 222 0 0 0 828736 902574 400497 805496 395148 754693 379115 956069 725909 781178 604807 79620 368529 158426 670605 919782 919470 483616
MIN 223 0 0 0 29182 774158 358235 606574 818706 229537 795671 909898 287610 14414 264871 588615 626834 858971 685039 37268 629772 982231
MIN 224 0 0 0 49846 865196 303693 880363 409109 941998 788195 866208 406735 2400 16470 999066 629604 583256 551981 214470 235174 941718
MIN 225 0 0 0 231043 711874 379057 761882 715987 694607 210753 290841 84018 600858 829838 247241 661035 421561 40217 816335 853462 831439
MIN 226 0 0 0 564510 331827 401481 277641 374624 434308 709160 952844 594577 322460 470081 781080 351633 817062 978448 583177 389996 649767
MIN 227 0 0 0 718309 786044 687650 381858 745030 643395 344011 453785 333754 860167 822287 840087 5503 589176 679489 576756 69204 3199
MIN 228 0 0 0 893354 656661 86041 22553 585823 190956 976161 666100 476738 156809 50627 875436 92879 147447 243155 944371 884618 409937
MIN 229 0 0 0 267554 204725 322696 683070 178821 977675 151225 622057 549842 107869 664661 147563 511582 588066 992340 180649 660131 159903
MIN 230 0 0 0 238898 529002 226813 332545 919197 338001 244520 570936 683593 885515 503275 88187 405166 809491 976224 61541 696249 461722
MIN 231 0 0 0 33250 630533 571019 78724 665309 812487 637327 421553 684417 13502 64215 134515 793116 950298 158197 965708 692309 420285
MIN 232 0 0 0 625015 948971 258996 669027 446963 524601 867454 24165 642727 387201 654180 260568 19411 599933 704594 473361 808384 815038
MIN 233 0 0 0 448104 643770 225492 579691 444490 133122 249388 424175 85029 45777 721805 625870 891902 540516 412174 230783 270448 244273
MIN 234 0 0 0 673551 463917 397916 366039 596655 885650 589023 496135 699154 599075 112432 709030 834104 416771 881174 272144 152674 667591
MIN 235 0 0 0 78368 870958 217973 605748 825697 241719 497763 639363 566264 20369 383594 900974 314107 413861 633989 55260 508232 829549
MIN 236 0 0 0 339103 560678 322342 185249 260910 702246 818747 448951 102166 735824 290129 425909 697540 687110 587264 671807 430 511573
MIN 237 0 0 0 829849 407543 446547 389286 267131 288466 963109 741344 551934 641391 132895 983421 485795 332612 487222 483346 232514 643016
MIN 238 0 0 0 808117 798359 371354 378850 662222 882377 949957 373953 917355 637175 799705 304706 174504 285003 258309 18045 724199 256971
MIN 239 0 0 0 450809 580891 635136 408830 111037 174834 967128 706528 929956 543340 383107 138593 564500 392407 312498 7900 282179 258496
MIN 240 0 0 0 900794 397054 584561 851169 709781 18381 620476 737940 14313 532764 36009 899120 567685 971906 810156 686749 106258 471032
MIN 241 0 0 0 34577 759099 520120 376267 251031 623215 804066 121505 26198 25395 368326 779102 636600 535549 427045 547467 823520 938999
MIN 242 0 0 0 265445 147597 964297 547888 182886 770693 679201 226056 914845 469518 657822 540540 240724 113098 700750 818742 519142 574577
MIN 243 0 0 0 442221 839503 520762 82179 248788 671783 573357 230348 509387 355618 723729 538878 114121 582387 320446 534665 99693 512309
MIN 244 0 0 0 915928 865922 6522 398217 771065 780912 538561 373446 522134 318096 259195 191133 185661 665954 329954 557800 773227 240789
MIN 245 0 0 0 127751 662392 871281 613168 4013 122391 576128 928037 312813 246360 307872 503557 269889 676244 943859 835504 939148 66142
MIN 246 0 0 0 680606 109198 978993 847268 66694 550480 102693 763178 594112 587471 867743 7170 757102 224550 184917 39504 822929 825769
MIN 247 0 0 0 21859 133129 57532 667238 162150 566734 159348 758520 715365 546243 538584 805075 606000 798183 612080 200020 545277 570083
MIN 248 0 0 0 194129 686366 428671 819425 822310 578025 63607 782670 982977 469808 700077 897081 869395 765890 58821 674765 84533 641974
MIN 249 0 0 0 508699 133218 537332 794196 102987 535816 777561 38857 219280 688102 829151 966138 126 865583 932370 250918 567874 65766
MIN 250 0 0 0 524818 8950 617058 901587 287018 534465 390450 870878 301996 767473 671530 812943 285428 611545 556495 75378 882220 217299
MIN 251 0 0 0 166509 746702 500 692236 656517 768834 779659 174408 958350 309073 174375 883443 831907 527161 210485 150304 822328 778841
MIN 252 0 0 0 765415 719147 488074 220418 282560 259067 837334 658608 353780 655062 713137 11005 563389 10944 130065 71224 449671 403816
MIN 253 0 0 0 268280 7005 236734 766936 63008 478130 345787 592195 406237 386553 838310 609775 442632 922266 69119 727997 158545 914004
MIN 254 0 0 0 437206 95008 428110 274396 44937 87273 193822 244916 998485 923532 537171 400423 175693 409473 370688 297579 838537 496952
MIN 255 0 0 0 273419 146977 103027 888707 810479 976373 135603 50773 928401 647724 437178 315353 913066 525492 518656 634993 536797 928215
MIN 256 0 0 0 54960 428212 656340 371051 240250 682596 483291 355245 738400 653821 957237 442942 426086 451325 544293 707736 532252 100405
MIN 257 0 0 0 734 284556 964399 14312 391934 586574 457326 808409 113797 221390 456779 895661 812979 863377 399126 553677 490987 388243
MIN 258 0 0 0 248821 870750 505175 453791 925458 538346 78657 855936 147105 560802 62868 231 322653 952792 668834 327167 634103 702545
MIN 259 0 0 0 336576 231045 710903 269784 283888 106481 413548 765391 337681 190684 775978 281098 242821 134444 744299 808259 4221 339512
MIN 260 0 0 0 635757 232769 157983 300149 61511 194786 40901 380648 166539 893458 806155 986245 471985 4168 424996 779113 53405 596432
MIN 261 0 0 0 765283 746745 241974 288619 42988 611374 987709 837124 989370 65323 125722 27678 535102 925160 651600 62883 514480 604734
MIN 262 0 0 0 508316 686592 304044 214630 559463 786605 363202 636097 486501 638911 145718 597322 87101 738237 498030 762008 597955 657059
MIN 263 0 0 0 418939 763427 136555 965123 749332 971771 386735 566057 610136 589306 600176 80659 243524 843891 946745 530321 887839 139106
MIN 264 0 0 0 642718 132323 832816 756449 565520 570291 224229 878903 78099 209203 294228 800654 61010 611288 463473 393239 380819 734980
MIN 265 0 0 0 716979 138759 553249 967795 95241 882231 917583 723098 772740 845084 163583 48253 401819 500474 665674 823164 680365 774402
MIN 266 0 0 0 405259 417488 465607 464132 895604 87443 635768 820943 199711 753805 520584 674887 270471 941473 477773 683270 980269 93631
MIN 267 0 0 0 47884 260422 875987 336889 61022 504868 871465 445357 111157 724803 565443 504970 619390 242353 632703 928749 511125 410846
MIN 268 0 0 0 345317 900470 160913 996091 531281 972290 275313 929043 506664 580309 739185 351009 926794 343814 145892 586819 757259 222909
MIN 269 0 0 0 978196 950375 656721 150093 556978 530074 699250 744360 417356 502982 18569 383661 74407 44072 897231 89385 501511 86813
MIN 270 0 0 0 863522 36365 563616 51925 499322 591817 388394 472171 61019 680828 170911 863953 263338 714082 128172 747902 974847 20572
MIN 271 0 0 0 889785 281526 290513 856212 606995 332009 924030 503460 186922 278587 175553 140127 881560 59036 581971 403408 963343 546789
MIN 272 0 0 0 271520 422244 902212 42111 513387 903260 384177 145601 554176 85233 726740 722609 405350 196953 723000 10300 359465 274877
MIN 273 0 0 0 243054 538854 472787 653703 181200 132476 631451 271511 471537 799402 393459 445789 618057 469573 513666 28633 516319 741820
MIN 274 0 0 0 294331 492107 509144 267565 964373 669955 917329 977031 376041 267699 117973 847391 935100 681917 904568 310727 952932 777628
MIN 275 0 0 0 937051 293916 302019 713857 918039 802252 893385 519650 614542 143521 512731 611492 865405 506185 458189 470009 860501 84526
MIN 276 0 0 0 99373 739108 429959 172997 951142 437195 128111 407488 400830 631074 136249 893456 415643 11843 796600 889625 938397 181265
MIN 277 0 0 0 340867 364420 59626 427111 804543 944607 572457 691887 724997 870563 305968 442203 224648 142880 484294 668099 718027 317171
MIN 278 0 0 0 732068 687531 205532 801018 10536 12195 331834 417225 456103 933956 982527 452217 302873 601693 372160 520899 655686 599291
MIN 279 0 0 0 511592 180215 277811 94674 97292 598809 234501 964866 567530 520750 309606 248480 367627 494824 176040 235155 884250 763085
MIN 280 0 0 0 375550 171838 296969 341926 496775 643096 632993 809388 694693 246634 1619 804388 566442 498973 892624 172417 689130 568824
MIN 281 0 0 0 714575 174452 645895 864717 475124 484596 438495 266422 900667 945044 801535 157888 660139 843967 306146 764354 726956 694256
MIN 282 0 0 0 565407 521381 947828 980359 875043 432772 115823 522617 695378 362375 117604 931562 170949 509754 486276 36401 762112 570487
MIN 283 0 0 0 291155 270886 208897 248847 629099 416652 393606 772687 75293 957356 779173 961084 8582 5340 916572 541488 586922 92039
MIN 284 0 0 0 130782 322227 620724 512477 366117 36926 895269 152704 782360 545200 777292 385247 477884 164531 62071 976781 132078 452328
MIN 285 0 0 0 980296 376942 679361 419151 309433 248380 342177 851222 279931 266688 499205 241263 105556 589874 667412 433718 858110 519906
MIN 286 0 0 0 339842 488058 633140 425436 518189 370644 76462 989971 856069 683670 620787 727600 958338 738288 654813 684982 741833 778140
MIN 287 0 0 0 702372 847901 7226 973107 900440 841450 577431 740553 917535 264663 784606 989038 10721 176409 808829 924630 189163 391330
MIN 288 0 0 0 569602 802459 992170 411811 58505 205701 208460 37125 572398 897475 130678 179093 613601 567963 407142 597858 450957 861327
MIN 289 0 0 0 264451 133635 239161 258416 431441 135670 178630 406575 741021 132444 609049 905600 763159 781843 697418 86635 142654 837217
MIN 290 0 0 0 566801 500137 804501 587393 748610 965158 969711 643476 360112 978716 300431 936389 413809 812260 940701 818839 683860 124616
MIN 291 0 0 0 307349 642624 583431 940600 400679 812420 224361 250634 121371 636933 969752 669479 831354 244712 810985 629421 629346 64200
MIN 292 0 0 0 935974 142569 297428 128830 128947 782854 534581 412984 318838 153898 808621 498976 182553 429900 452636 206892 771514 258432
MIN 293 0 0 0 878137 326284 646513 129454 794565 42293 809088 178056 755848 958273 163587 353412 543855 346828 475827 724426 945227 125742
MIN 294 0 0 0 256934 633607 975481 294536 266113 410776 581692 991362 449459 743248 475306 254591 24687 55873 778719 669863 462313 799639
MIN 295 0 0 0 371024 643510 339274 137605 30287 365724 362191 291406 502097 949212 105462 111743 897954 229030 532671 129820 293501 894484
MIN 296 0 0 0 57607 734513 185808 167841 915990 688878 476673 590352 825753 291151 907552 935863 880116 588615 248571 499586 255065 259082
MIN 297 0 0 0 288625 77925 184882 583109 748259 684977 803179 480184 208080 241870 916052 387899 712651 570651 367172 613140 524148 993955
MIN 298 0 0 0 703800 968047 604506 940616 493001 929098 392003 100250 954960 508267 898288 563712 819517 351386 224993 84341 685166 879164
MIN 299 0 0 0 594547 710309 847237 778092 337824 889593 675431 705820 864930 905085 800132 464612 208054 303153 434000 511785 114422 295568
MIN 300 0 0 0 965123 430494 978305 611176 413030 720752 485768 495784 275505 187963 690509 775755 315732 763770 249687 195646 890531 452925
MIN 301 0 0 0 859248 284905 2358 66912 97674 56274 130660 541157 886751 186094 848139 258173 193077 205599 931165 724024 688772 599509
MIN 302 0 0 0 633360 71063 144517 874121 8417 436045 723404 356596 283990 541636 753957 571943 690704 845348 359188 678163 692011 522323
MIN 303 0 0 0 684805 840346 600124 619597 941951 738695 579592 528840 860979 617631 929959 536944 11043 868449 226160 643323 836497 158477
MIN 304 0 0 0 200268 987649 236816 734897 551121 924693 605997 841869 220011 687509 937958 611655 198155 255490 382390 154165 48823 265182
MIN 305 0 0 0 238818 137674 441253 549185 426430 638964 863724 352767 349327 706319 362405 279631 668235 27818 595292 22326 943360 350857
MIN 306 0 0 0 524314 101498 256024 237781 556622 565494 26068 431926 122529 964867 595816 849330 150674 857982 676855 141664 183309 907335
MIN 307 0 0 0 329584 164867 914333 762592 115879 84093 859891 69372 632952 836432 452639 865004 122012 812261 1106 728773 93115 897198
MIN 308 0 0 0 403978 782605 443050 480274 90957 215745 103174 667721 116421 965722 167629 884 583873 505427 761442 637892 340011 491650
MIN 309 0 0 0 369508 575529 556236 604864 148026 117690 1377 724450 458913 200188 883966 526781 786562 976505 209577 806845 791719 602914
MIN 310 0 0 0 577925 646682 731705 276349 336511 533467 950765 397209 40783 748195 927348 284451 444897 436696 911874 325856 325405 119198
MIN 311 0 0 0 444575 653840 631234 501084 533308 592338 27241 498952 253724 241842 470438 422182 694948 737116 898651 44105 543670 861555
MIN 312 0 0 0 224575 453855 517198 478297 610960 758628 483974 711804 476625 490660 87038 468041 411991 464559 508535 163657 260117 880752
MIN 313 0 0 0 719722 333287 774659 382468 809536 835403 842078 373206 662465 450638 877125 768888 265231 736041 67419 179012 693350 544172
MIN 314 0 0 0 916198 648386 622611 863857 445865 697469 840302 849958 608079 767311 236098 772139 999889 326728 4055 918641 13789 818378
MIN 315 0 0 0 25883 742822 671716 828725 325969 308113 868729 70485 953336 380908 112175 556877 257271 519954 821136 796030 148778 219616
MIN 316 0 0 0 105278 76102 246268 396351 424027 472538 793000 476765 940089 653624 118874 682069 179751 949527 157705 682473 616660 285023
MIN 317 0 0 0 639298 168131 155547 661661 637419 790617 360536 763293 768836 20247 630066 304085 953298 28573 968935 549305 184237 202896
MIN 318 0 0 0 279548 424464 397951 59637 418228 287708 221978 980299 992771 573082 517088 895344 388957 497949 957488 800773 423017 406235
MIN 319 0 0 0 89837 9122 481657 273369 992089 16295 731340 561291 469378 590027 419574 37897 622557 413882 104792 203745 453353 214911
MIN 320 0 0 0 488579 154099 581390 937923 806520 318272 664634 259479 634428 803776 568344 139665 921338 652620 275192 58196 463916 294390
MIN 321 0 0 0 349209 827808 883920 807261 870439 776126 60925 265100 169659 275087 334043 74740 430563 219214 180833 226939 458692 925700
MIN 322 0 0 0 830810 287619 192815 592058 873027 429899 165078 659858 236746 604526 628335 159856 527306 504035 209909 383691 840311 58152
MIN 323 0 0 0 491330 893997 185669 975322 533883 197507 82736 88063 319720 443617 806646 172018 392527 249950 227381 175686 346648 839167
MIN 324 0 0 0 662989 848219 779264 322559 648960 827144 962960 767290 225295 821307 703265 734781 206104 721663 297411 757684 282803 717884
MIN 325 0 0 0 856809 985098 575537 578219 480859 234541 207883 331635 156000 920766 757578 590322 8268 576779 467590 117593 474797 89931
MIN 326 0 0 0 257004 432280 21273 263704 775611 6261 513918 575943 228865 714035 291147 931957 517609 164442 769251 403676 832741 310800
MIN 327 0 0 0 137602 4713 998458 289238 482782 871888 781783 491296 856029 1992 267620 301273 489938 293801 222991 72239 870488 254331
MIN 328 0 0 0 121733 647208 856594 558822 29625 724778 517408 834773 604615 334397 351538 60700 687862 151635 264062 248409 557590 596811
MIN 329 0 0 0 208578 7899 88711 819932 992148 947299 986714 711688 710671 414420 130874 289153 473461 875989 60712 400924 229830 292033
MIN 330 0 0 0 864021 956374 651620 306671 507116 233009 886175 220484 599550 50870 469045 424734 627658 134680 359270 841889 984422 543166
MIN 331 0 0 0 628007 491337 422825 61101 375259 896456 604948 819064 600076 607657 116103 596965 749435 587114 927867 515406 505224 104099
MIN 332 0 0 0 114707 384618 221312 104181 318023 203905 633562 427265 832186 888200 817913 619159 731904 176839 576387 313412 542547 407094
MIN 333 0 0 0 53630 822752 446118 651063 255774 376616 522017 284784 656308 817469 802198 989426 125444 192729 231821 215393 220394 948671
MIN 334 0 0 0 711610 383186 291973 99169 164791 285280 984046 700564 209341 878879 765179 849146 643801 199274 739217 26798 292819 362488
MIN 335 0 0 0 546518 597536 720662 61103 196519 842559 178206 715230 274062 401909 948689 446929 750538 213470 989684 168342 913393 671531
MIN 336 0 0 0 91697 756244 983950 999721 714189 285725 748761 163929 46984 35668 25396 127541 751720 446506 987745 267568 586134 617535
MIN 337 0 0 0 68097 184650 403455 287906 401880 15013 33627 396700 602992 879382 957290 931001 392886 251770 731514 999851 400769 565485
MIN 338 0 0 0 777971 705824 718930 438485 336061 836611 43612 256843 185450 630233 932545 595799 616843 72988 119999 46599 442326 13448
MIN 339 0 0 0 554352 34124 982806 358997 82344 605027 367118 102440 197317 772366 844726 481444 464753 454145 745082 865045 356839 357163
MIN 340 0 0 0 742482 671107 534884 725474 806933 259340 349929 440644 528998 711661 353610 702107 257444 856939 508079 619940 915117 494351
MIN 341 0 0 0 537523 149707 85648 528300 696362 438513 394025 571122 212749 116404 435727 919778 969438 19388 249360 534115 701802 309473
MIN 342 0 0 0 859077 235785 785693 689483 576263 75206 123445 600735 47043 883283 435691 972072 462292 267239 520110 994695 334148 640194
MIN 343 0 0 0 287177 153088 119554 963524 643256 981324 83930 463446 359508 717457 455452 371483 951278 332846 264091 309210 317769 743952
MIN 344 0 0 0 290648 487251 977689 973106 583780 590630 836863 588520 303453 858551 204372 860581 282476 757209 331385 264308 793657 396294
MIN 345 0 0 0 625403 228706 770709 294357 240359 664540 750481 37892 332283 262542 494550 660674 147164 446569 674819 16769 520245 800626
MIN 346 0 0 0 440207 806075 431719 621657 284415 193716 294589 858743 286789 269264 598831 53312 843095 650062 785845 488571 759255 731533
MIN 347 0 0 0 54948 127565 880396 348562 63197 612602 978320 951540 394572 877380 954755 788868 298820 817718 767228 256457 325930 331447
MIN 348 0 0 0 828455 861813 344398 105055 382598 395743 392274 295960 41888 869959 677484 954446 388067 201430 850276 931521 722136 906291
MIN 349 0 0 0 996449 439231 489567 316954 240919 72356 823686 617852 833811 532717 168164 667169 368370 580980 531178 920037 217123 745389
MIN 350 0 0 0 625671 156247 342233 961616 493582 690747 722586 418664 118468 995912 690552 994889 171650 929176 497840 304152 545645 639866
MIN 351 0 0 0 184740 657481 624374 348105 468065 128322 14693 248905 908155 391326 628760 285503 437157 474876 771961 863550 331057 628560
MIN 352 0 0 0 898598 438715 353038 307177 476494 295573 919511 105122 463590 536704 55974 203380 473688 71575 794711 360869 653780 467823
MIN 353 0 0 0 110206 963891 717582 933757 454762 735629 441990 493746 535692 86916 485663 157040 475186 176629 964202 46813 104093 558391
MIN 354 0 0 0 906839 583651 850631 130456 769084 896726 908673 499139 405113 945963 978894 443550 8815 905405 145948 500165 227248 15299
MIN 355 0 0 0 995442 993758 296332 716073 152791 784117 616137 484817 565818 295691 177010 951948 629234 33150 555217 850207 15989 845850
MIN 356 0 0 0 882639 12328 437552 566090 231983 470481 152133 752696 434891 971210 388090 53341 768704 917161 252463 657908 566750 296798
MIN 357 0 0 0 247996 817849 165134 81453 705430 330188 798323 503572 507027 313958 887158 20584 745915 911974 265807 481453 966284 130436
MIN 358 0 0 0 451676 684255 585099 547260 98711 641136 739948 53274 901656 884285 942415 582232 975770 296342 168785 989656 5433 448723
MIN 359 0 0 0 262853 993788 536264 42644 884905 148679 991790 446235 891830 110009 177601 225708 822901 107863 442643 866448 325581 204826
MIN 360 0 0 0 210638 28479 568566 975489 319246 666993 813358 978062 112202 177498 721212 337625 746660 380815 807389 945770 306573 597610
MIN 361 0 0 0 106834 566099 492410 399106 638098 418976 120678 399200 662559 916329 946422 452897 22362 968541 468162 964945 234985 754333
MIN 362 0 0 0 447193 165567 716924 930901 97829 76436 350789 231579 781525 206583 882956 740197 787406 415372 469221 647604 270185 417087
MIN 363 0 0 0 981145 402480 836713 912436 843347 191578 712542 731824 805654 508151 225622 565040 257363 365247 592114 556982 119895 67193
MIN 364 0 0 0 994157 856387 540008 521952 807950 720952 551062 218616 534615 831029 861443 612668 278224 524560 825523 394310 769192 687156
MIN 365 0 0 0 304071 205684 677957 957905 229178 481401 6752 872833 749862 761378 22679 385155 947158 189012 451030 76434 575218 614224
MIN 366 0 0 0 715384 146566 779596 600481 585911 848372 522940 378827 367076 143440 144809 861661 165353 642708 757856 399446 535859 976102
MIN 367 0 0 0 323412 986115 324385 426413 614146 959187 471866 332584 199928 319609 679486 812728 854801 907500 700652 11491 109974 6432
MIN 368 0 0 0 463198 236319 104814 780401 879740 90471 575108 343521 496088 785066 506757 633067 325326 698218 632572 649238 406954 193842
MIN 369 0 0 0 89774 569023 516650 671515 647931 503843 761390 371008 487095 971048 879171 189285 346962 295007 7304 105072 979066 403685
MIN 370 0 0 0 272132 437006 35846 953506 350817 999063 575845 678149 230464 232388 709462 431579 231307 821434 996790 435824 47420 578867
MIN 371 0 0 0 716789 397492 973968 554678 982039 221256 153076 242967 183560 812419 669655 923885 262392 143891 952048 138642 951739 289342
MIN 372 0 0 0 811663 95218 763153 885310 72562 957036 587896 468425 58368 99600 111879 783519 972216 840511 636413 976148 667295 709131
MIN 373 0 0 0 316590 999344 946831 379860 814212 853091 49716 685947 320217 783402 629414 894708 199201 509107 814624 723733 692402 152544
MIN 374 0 0 0 988195 526997 302477 851027 100810 20989 676625 312672 676690 849125 945397 169825 61269 382893 745404 348983 693398 124016
MIN 375 0 0 0 713909 540924 48235 610912 76651 310841 67954 753629 615072 877068 445737 542788 393773 677262 576112 688657 993107 575114
MIN 376 0 0 0 267023 886199 392221 536490 317813 531963 732943 676138 24776 538907 273189 76532 637671 586785 802305 476554 334456 865394
MIN 377 0 0 0 791223 636742 577595 770989 52023 886863 126814 480985 211324 474930 332335 503678 186717 100959 382381 354099 365765 627817
MIN 378 0 0 0 409350 225540 191386 699784 136403 882869 255043 30296 891937 373349 969143 138038 632947 24469 455116 734644 136056 480943
MIN 379 0 0 0 942499 870906 193695 79281 978735 401095 623385 812990 962179 789097 663550 665582 692386 318434 982921 93545 536012 479789
MIN 380 0 0 0 678319 168090 65622 675695 562342 410059 379830 466262 893045 701984 615403 892098 92238 804362 539165 829101 47493 171801
MIN 381 0 0 0 217191 431401 617520 320298 992484 782750 211084 734041 480887 552285 679469 639569 250380 584978 211764 322259 828175 169430
MIN 382 0 0 0 675474 523047 164700 75175 238982 978486 917927 471223 498806 820698 131322 559142 753156 400815 959768 765082 241373 876436
MIN 383 0 0 0 43350 964443 729641 573460 903403 293354 655143 764945 472976 222713 852987 624092 373907 775340 696779 531536 79052 479490
MIN 384 0 0 0 302377 775217 956726 172613 185209 812456 17329 280297 556192 23220 23563 670447 227148 344537 190233 129405 321551 640956
MIN 385 0 0 0 596844 799900 396353 453860 704251 364894 218510 393265 790121 905942 608262 847643 89890 326704 49964 214982 461314 382672
MIN 386 0 0 0 282538 504893 421386 979056 293997 342712 127267 315273 136843 655825 471918 40806 271246 50564 615104 878593 900564 394246
MIN 387 0 0 0 228846 510322 638523 773669 178045 956372 729207 135073 500403 341664 833135 990492 961367 573086 21579 202375 591278 964279
MIN 388 0 0 0 991030 494842 953615 818384 965418 204818 979975 133630 418747 519163 435382 667234 309409 204420 12261 318967 724888 44849
MIN 389 0 0 0 870132 878686 979366 3873 246092 486227 222625 543671 127261 11295 861930 678001 141229 866505 391835 445449 782012 509464
MIN 390 0 0 0 651360 735338 709973 19363 768413 592670 264047 36472 725673 387755 630153 314227 267000 274669 264495 715195 61523 840587
MIN 391 0 0 0 308115 89837 823976 77249 230400 442102 981704 42500 91833 611654 988098 739707 194261 175662 483002 141455 780055 661395
MIN 392 0 0 0 606968 612034 74233 420524 801280 88482 996392 997856 255785 23699 230288 681737 997271 295062 2999 407100 428771 637401
MIN 393 0 0 0 493312 833065 15531 941135 275980 199164 523709 894786 73893 958355 15253 951463 681048 878955 456397 878331 264171 904730
MIN 394 0 0 0 284540 190696 9424 480010 544963 421175 776946 697811 382907 11656 831879 597301 441968 715096 812328 609717 637928 555018
MIN 395 0 0 0 505505 179657 619466 864983 973270 801772 192575 273008 800869 75583 984836 907848 979302 839890 728663 275954 973559 255891
MIN 396 0 0 0 342311 411066 223951 994606 905095 984932 968768 100498 881847 151687 517578 267831 938305 389799 949551 405251 746152 290570
MIN 397 0 0 0 948930 759479 569536 463172 885015 957992 24566 220333 278503 476746 247803 95455 585659 463098 489031 569729 741260 224665
MIN 398 0 0 0 616079 636321 370223 252501 769539 531741 389309 999723 403131 138268 681285 755906 575282 614058 837308 970874 834614 705997
MIN 399 0 0 0 408667 137883 34103 574580 523528 297716 529106 769534 350277 500512 416167 566130 258996 687340 636356 301998 977965 768637
MIN 400 0 0 0 38289 846119 592276 895154 185016 353646 474004 807638 876096 910077 193053 856362 809837 579389 410698 554555 290696 278720
MIN 401 0 0 0 79718 882722 487422 164357 85378 511578 246797 917677 611838 836127 843713 278226 661535 933954 276230 149336 964643 935022
MIN 402 0 0 0 428331 651853 892607 349493 467416 427839 690173 197015 784791 877839 544270 270112 490431 860484 113489 162402 700672 925313
MIN 403 0 0 0 170056 245585 419816 297302 249889 513342 355045 164256 317776 829086 492667 723189 743580 841554 69163 326027 501010 839074
MIN 404 0 0 0 599433 125111 74176 866953 198072 5411 106805 371470 16805 154547 90026 841776 115339 909858 806726 276302 532877 326715
MIN 405 0 0 0 909623 940304 771913 957349 754263 326054 852544 494305 825036 105604 89417 227550 588781 534408 270030 269111 529612 997057
MIN 406 0 0 0 71084 471765 108138 274408 998964 687188 778528 793006 389339 835865 334108 143290 52036 25038 894927 514918 373056 237911
MIN 407 0 0 0 131123 881654 157031 426828 903807 326892 637478 127952 546363 909498 43419 810350 370477 124462 210034 957660 302988 646192
MIN 408 0 0 0 696833 940747 308587 968509 643276 695362 526732 47019 855206 691312 902178 783316 848575 137032 181587 975097 736978 301604
MIN 409 0 0 0 699599 880085 215253 111149 278257 891011 306976 583011 7708 137392 550444 823777 930381 435717 313301 201133 952702 751440
MIN 410 0 0 0 935365 723934 340961 391794 190893 431442 768947 590262 892449 109668 836289 548798 954202 298944 46577 319401 846770 643801
MIN 411 0 0 0 875782 908431 486148 334331 337400 735523 919570 719061 546159 165085 495572 301336 262139 652043 817003 205651 456164 944726
MIN 412 0 0 0 230032 776207 284003 443453 335095 68242 928076 56667 392817 234916 443934 382696 908203 641106 324194 422241 256778 450897
MIN 413 0 0 0 254535 533749 458547 580457 571080 890792 425721 85466 969845 935849 939910 995033 90145 534264 565176 526347 284572 379615
MIN 414 0 0 0 266196 770844 585377 110770 380596 651232 934550 971031 740625 215936 82933 634577 371946 573800 184239 426701 443979 569366
MIN 415 0 0 0 653712 579262 881115 167511 930911 868949 370301 753866 226400 494965 270619 365360 771171 281026 145953 234357 41968 110726
MIN 416 0 0 0 134810 208814 603071 339051 185589 57381 322583 983013 843591 704041 72663 478522 792591 741870 89603 107892 986268 765716
MIN 417 0 0 0 614061 610419 471030 305363 439303 948942 122277 16470 939463 559300 584324 627819 178026 386064 234177 613657 309254 829371
MIN 418 0 0 0 91101 201573 296128 85025 546931 622345 794048 151197 156496 678637 529500 904115 7572 357193 510008 597319 774470 862357
MIN 419 0 0 0 490890 987527 169828 17756 825561 40636 985393 955353 681053 957894 863549 752441 844383 47022 127540 994197 81865 835867
MIN 420 0 0 0 219122 754435 965601 324088 343075 71843 935855 127178 986693 292115 279304 276917 56471 453657 593159 564828 260979 623860
MIN 421 0 0 0 258674 630109 699721 938814 485614 580171 483943 217646 773262 858119 460589 37594 317483 573201 714441 177617 374603 947538
MIN 422 0 0 0 240694 284387 940789 389568 691469 522896 685322 706724 734145 498831 66871 518700 447731 296410 140798 522370 767117 649602
MIN 423 0 0 0 91059 141519 66651 604733 91463 599943 742320 39738 222977 76582 84645 646473 788532 888193 874420 823953 925648 640434
MIN 424 0 0 0 932370 760450 30379 63917 845448 89 26952 771477 412125 807154 601435 43429 261966 192531 811675 392742 317365 969366
MIN 425 0 0 0 523419 318391 364491 546174 56998 242837 212883 423297 97769 916870 703056 827870 311613 293691 524812 348698 963617 143546
MIN 426 0 0 0 730701 207531 789735 55375 686470 80095 303672 524935 892951 326394 316662 125966 643297 785691 505427 948216 817271 635430
MIN 427 0 0 0 383213 118539 330018 995242 494840 122458 55192 748669 890907 731083 799848 63139 599599 372181 137612 832836 771119 815336
MIN 428 0 0 0 453715 773292 169274 743010 348949 213835 802590 906824 710597 623627 80164 683110 292663 179120 750604 217004 190513 794817
MIN 429 0 0 0 965219 477265 70669 382731 565550 120225 350817 287693 98990 127745 245973 129985 654314 284395 365118 669737 696771 67914
MIN 430 0 0 0 871695 707236 79124 141249 125180 379571 181475 861070 80654 251755 525495 685070 198853 170022 323201 146767 378609 631119
MIN 431 0 0 0 754275 597792 745554 356205 289378 980063 774420 528178 84535 658848 42207 818098 406582 101256 663185 303870 715640 241914
MIN 432 0 0 0 52670 618005 328508 207032 181369 294759 492129 907988 538353 590885 145186 199585 209718 803980 231626 213687 277833 830171
MIN 433 0 0 0 765701 190013 506402 876236 447218 790068 247302 379552 143748 52930 449234 914350 441893 534487 881068 105884 231837 884602
MIN 434 0 0 0 111484 823538 629626 142510 547380 652099 218562 414209 921686 532098 577162 461112 590855 621010 636749 520022 419123 530090
MIN 435 0 0 0 418372 611669 909933 219496 505587 395257 903619 647094 922572 475486 932173 288153 248254 585589 633827 994528 86649 364269
MIN 436 0 0 0 916765 361434 77370 11710 657396 631200 668705 655344 667466 583596 574686 665643 549947 65632 756819 751794 891976 459116
MIN 437 0 0 0 643497 987164 706140 214986 303133 500876 229188 826196 352026 304772 934222 284930 996660 31241 788450 680913 981401 749828
MIN 438 0 0 0 358265 155407 604127 706105 377957 479080 883637 386331 913069 432190 322166 540472 204732 525550 108892 665091 19997 824053
MIN 439 0 0 0 615155 911272 890672 424186 91155 418458 933661 517060 84415 849343 553714 477569 563002 965650 138598 286952 13167 879549
MIN 440 0 0 0 560543 392984 934178 929097 667363 968840 351430 40979 917770 893918 196144 628974 632682 437298 774218 484934 369333 48263
MIN 441 0 0 0 707878 399859 247694 770015 328915 942999 229922 793184 366904 620584 353645 431755 706532 283549 181868 135480 609200 793819
MIN 442 0 0 0 185449 436782 110310 776981 25967 773715 28546 560471 275801 193770 522914 392694 77753 3718 954016 812753 425184 875673
MIN 443 0 0 0 761163 631406 46603 927832 880359 44076 779090 351807 480755 736989 998709 761094 34997 742769 975434 499059 167678 764005
MIN 444 0 0 0 294178 18823 963263 713544 393347 120226 137079 44813 559690 478644 700332 396985 9165 361762 157772 471722 490841 48927
MIN 445 0 0 0 960577 378234 958962 218837 908399 724487 22284 25083 260716 126046 261373 732273 390514 367600 26239 648359 884772 834551
MIN 446 0 0 0 363586 805574 312195 593537 821139 503650 307847 990460 947587 100761 707714 927788 653900 645154 213948 258133 568694 311476
MIN 447 0 0 0 63750 773441 672468 111921 902340 573612 527777 935548 724949 746116 307502 800962 603490 580612 141924 368175 942896 618031
MIN 448 0 0 0 452538 53695 850866 812645 986365 763606 226939 422874 153674 23528 78219 824917 585365 359102 555648 252337 40922 593512
MIN 449 0 0 0 62086 982719 464097 311842 424742 677879 245390 220229 790784 752987 688441 49640 131656 61463 420006 485983 95049 704857
MIN 450 0 0 0 664341 492324 818471 424207 421493 761465 978542 549995 37105 191288 767465 675485 196409 730692 836088 125639 519511 159815
MIN 451 0 0 0 997510 602524 940341 892180 376295 818361 192744 728070 906342 125116 890751 932652 30493 586180 539256 165969 340303 550239
MIN 452 0 0 0 543564 795739 429590 542358 222600 352793 331390 109541 501375 580115 198584 798353 359194 655015 419895 405422 205505 296690
MIN 453 0 0 0 660175 183586 401853 351484 95261 58034 69997 67176 763686 934034 947293 740061 864752 433927 211861 127174 193245 212068
MIN 454 0 0 0 762154 615658 407287 960571 704778 563126 103966 666602 414238 898673 765164 990599 69126 929220 883475 806766 10008 233368
MIN 455 0 0 0 118420 894583 316438 834088 637787 136455 428086 505328 265301 706440 656074 881780 603168 439442 991256 872881 758526 954200
MIN 456 0 0 0 410456 493752 166900 855693 572842 12187 692205 595701 783164 570273 444278 998928 165300 10964 152170 487228 883408 370990
MIN 457 0 0 0 941927 448089 688864 870362 324830 727348 261154 261971 856002 390315 563732 72540 26165 677072 109132 364448 535509 173319
MIN 458 0 0 0 860835 771778 947364 651175 415582 141777 304794 142682 172408 52376 397825 502066 534576 534242 759274 653812 621227 800664
MIN 459 0 0 0 530394 978650 335805 921575 935955 261950 287709 396560 896271 406215 761665 261941 673764 913758 168046 439487 512593 456491
MIN 460 0 0 0 347734 642213 589001 835693 73384 667753 991864 732663 442992 316121 948725 338882 830690 218399 312894 888235 362514 317122
MIN 461 0 0 0 205539 259545 116727 648804 323413 192852 573843 218018 113431 451854 743844 919393 914545 381966 484947 906450 583822 222130
MIN 462 0 0 0 332265 187235 659181 617754 241298 787558 203862 326891 693605 415879 395890 284399 286493 667915 814425 514510 114714 497751
MIN 463 0 0 0 192286 657517 507728 15328 163183 682787 595694 563459 842476 894715 389788 509818 998145 830225 69421 136648 829527 388966
MIN 464 0 0 0 532164 75377 740859 407054 119405 867893 78983 83065 122064 62132 402824 257661 109407 848651 610051 67044 190407 589848
MIN 465 0 0 0 440529 745902 424804 911873 506318 379932 977485 808596 900389 413050 98385 326134 366446 246719 227587 646726 656368 187844
MIN 466 0 0 0 832494 981194 788021 311659 253377 581636 171775 740400 112122 619248 710197 179535 573703 769001 873880 415619 804807 331375
MIN 467 0 0 0 24649 301301 444682 685433 798947 972952 680472 211118 26454 567970 39170 591531 417078 513769 394765 46299 133542 213296
MIN 468 0 0 0 405609 58389 657962 636471 28016 788498 74033 322247 454075 997425 802351 516571 269653 177948 753035 857991 586553 29178
MIN 469 0 0 0 699906 441773 38133 290376 477996 621935 350960 847378 105523 608443 560864 695077 273037 727366 969242 2054 140062 30699
MIN 470 0 0 0 676475 954429 308033 462902 710195 846636 906031 29955 969192 596369 713679 667031 812442 390248 338033 491959 871913 165340
MIN 471 0 0 0 931361 755368 660938 419740 802542 497633 712196 401346 57124 499994 965001 854580 579466 914198 516322 16907 524333 678066
MIN 472 0 0 0 817099 614074 70306 136466 355526 654314 142425 639546 78281 669556 495848 668687 921237 681020 266925 779377 389225 838454
MIN 473 0 0 0 694400 466438 692470 806842 972268 710182 142653 1165 799998 526811 561179 4030 760031 46930 382563 657934 538347 99958
MIN 474 0 0 0 983752 441029 476855 801153 356190 426949 153430 343082 110228 443018 294357 694255 422702 687494 866519 914149 14374 72856
MIN 475 0 0 0 834506 657407 208066 51438 138923 877699 411034 12621 673983 580223 324655 996655 319672 2431 670836 594094 771015 453259
MIN 476 0 0 0 279477 161792 237174 414152 589298 434421 100717 346900 415484 670167 939797 163700 475123 256990 414170 545206 248162 445478
MIN 477 0 0 0 546742 264951 423096 858108 54645 281599 893093 156972 930328 105686 554115 670533 658851 150381 124726 666779 885509 141999
MIN 478 0 0 0 432777 634489 35248 951943 327835 442244 45681 647390 71473 162455 285204 30417 357516 868056 141633 333566 944851 99826
MIN 479 0 0 0 549997 654055 122636 819001 628343 323381 28964 573769 420319 182058 153456 710031 955497 932867 297367 928419 599617 597325
MIN 480 0 0 0 23301 307286 21373 239776 946963 690903 234833 975112 944618 438773 361933 356780 235543 54355 253199 521013 364291 12434
MIN 481 0 0 0 765342 36045 223144 558139 6888 83515 479879 634431 449767 286600 716062 525409 157430 631187 842890 520667 968464 56392
MIN 482 0 0 0 306957 268263 449184 153959 618846 612287 31860 441873 119864 5015 69671 478888 845483 730325 319339 495479 344957 817704
MIN 483 0 0 0 647 190204 28766 263859 410544 719867 942193 466644 42736 681368 165993 358489 787036 93454 848211 578095 721958 260627
MIN 484 0 0 0 282622 395490 124879 470083 486934 8412 875472 452447 686519 968543 393253 644997 413839 862347 448276 626271 296136 495990
MIN 485 0 0 0 528925 701006 522985 997458 173308 407 92009 196149 485292 275241 277705 133994 406269 437196 817302 57693 733372 586779
MIN 486 0 0 0 124513 714757 383832 737389 178229 641037 377657 519435 961919 955005 170274 954860 237259 533253 374006 164920 11836 72554
MIN 487 0 0 0 805245 780990 267842 651876 954628 557677 640575 100315 904418 306813 644686 84585 652654 180621 15637 284792 685888 909633
MIN 488 0 0 0 332297 751157 728271 913582 937162 223173 754396 782226 454774 265072 868066 997726 714418 385064 827757 970972 582505 882111
MIN 489 0 0 0 988737 102718 688310 192615 564893 769788 492982 605159 664699 531272 840142 234013 443570 48206 332854 262180 465721 810359
MIN 490 0 0 0 223406 258931 381564 622566 30976 315767 43812 405943 312645 244791 179077 195342 208965 545990 540956 938560 906715 364002
MIN 491 0 0 0 223556 590115 996833 890555 645868 879725 197848 172258 181427 456879 417873 225214 343210 224312 588822 202711 256844 734189
MIN 492 0 0 0 25824 489708 988378 517600 875230 684800 227026 620187 761411 381736 636288 594377 30978 402014 289063 191075 216198 950597
MIN 493 0 0 0 714526 476340 211619 543095 700905 825072 127008 431057 472946 340193 254430 644661 966757 28970 327019 396394 88124 464367
MIN 494 0 0 0 657084 823537 117423 291329 263522 380373 943151 165569 916305 243516 164370 89145 759502 234803 905453 727741 38547 150967
MIN 495 0 0 0 858886 121993 906172 148380 599629 250670 972997 269806 118515 549923 84209 846959 317888 658125 441094 963344 83447 420522
MIN 496 0 0 0 2789 40829 817976 158716 372942 124866 52991 912484 848685 221823 284314 745890 820735 468870 133426 103796 98728 847213
MIN 497 0 0 0 24908 89089 396489 976350 324082 533789 278087 859921 354023 955963 504591 681316 691101 372866 531666 511670 275333 695589
MIN 498 0 0 0 260221 743036 4198 184302 436550 477232 3212 747505 807424 604466 550294 340844 801569 575135 955449 177505 549462 544943
MIN 499 0 0 0 604583 514044 373574 988763 487703 605451 773960 626014 715971 430434 508015 458368 890134 719917 356743 82597 591565 69430
MIN 500 0 0 0 468255 796039 585401 668677 56245 209091 65181 370044 203296 972450 68996 352194 693056 659535 52804 586466 631137 754350
MIN 501 0 0 0 756980 363827 772538 115857 319071 256219 20670 41175 814251 294142 650574 441740 513321 581986 479309 276344 242183 948285
MIN 502 0 0 0 52510 952100 663469 411262 690882 983067 462173 731744 790469 147000 591185 71606 537318 19719 435338 1157 749784 468870
MIN 503 0 0 0 899116 808334 520843 600545 848525 166450 85086 376922 454484 617789 73348 936099 857548 487167 514137 313449 633295 637065
MIN 504 0 0 0 7966 613555 434118 818491 528606 702143 375462 824206 547432 642789 73421 144584 400547 10141 14772 300128 138605 220231
MIN 505 0 0 0 204706 226856 388938 129596 628971 286453 900621 356497 222478 944754 93230 624870 304692 849083 278957 293405 530384 122442
MIN 506 0 0 0 901688 767434 306955 143018 944053 217598 145436 751202 978659 140865 274096 280088 775968 240607 676257 792988 300480 663997
MIN 507 0 0 0 430910 104879 296769 141780 989421 594812 922055 870017 659639 881238 209312 803068 475060 179311 745704 353523 818952 11502
MIN 508 0 0 0 809522 182387 752089 664210 471686 512344 779199 961857 413974 148913 478800 596342 633438 460381 186218 200108 146285 803607
MIN 509 0 0 0 881506 199404 813871 689060 435276 779000 839187 204863 174420 102832 442960 379004 193345 550871 948402 306733 568983 314295
MIN 510 0 0 0 237737 878998 137357 349136 121771 161589 218850 324571 487864 978358 19940 950715 795706 355519 434327 425723 219381 114050
MIN 511 0 0 0 146427 614963 894089 323901 811728 204359 136869 783477 340661 916445 352916 396852 660300 283016 754564 67715 202724 25817
MIN 512 0 0 0 644839 729297 663476 416272 556442 984964 624275 444837 992125 527284 802519 958498 715586 384683 568522 32994 885488 748120
MIN 513 0 0 0 904580 303399 797940 884600 469868 990806 672689 814347 267917 40441 283551 731302 789580 290856 597436 549632 648401 278485
MIN 514 0 0 0 794011 372728 736216 149255 500876 422450 34018 145775 924235 860700 4166 404349 592757 277255 849123 236329 937107 140744
MIN 515 0 0 0 360603 738276 733971 215738 899240 750768 417354 540285 788910 644588 894073 86707 224755 278685 123355 911537 898712 119386
MIN 516 0 0 0 344998 645047 915061 63369 606744 292719 438909 725542 307962 780817 942368 980073 151510 707315 648623 718924 598108 82973
MIN 517 0 0 0 205183 948606 200936 330974 553376 310248 69606 556753 81756 375251 217810 717267 755681 544216 345228 254535 867804 808407
MIN 518 0 0 0 535876 574870 951923 595462 576186 415 569619 20262 101496 976406 124976 2848 130345 444294 2707 181342 18016 297719
MIN 519 0 0 0 403581 361673 182052 8606 305093 874393 972745 911191 81792 268696 672909 621856 614482 322643 706961 280225 473803 916056
MIN 520 0 0 0 475052 206329 858928 747528 70147 824424 780494 163872 307344 249412 253032 633431 337075 949756 384999 958725 560314 671238
MIN 521 0 0 0 274203 134631 686905 733609 281537 583312 271291 770023 938931 829092 223622 147821 448038 749082 131173 623899 241547 662561
MIN 522 0 0 0 501268 45919 384457 508276 283967 589869 922343 737459 728471 93147 80401 317930 743386 899007 734714 474392 407704 149801
MIN 523 0 0 0 264298 565883 277911 39245 49652 370246 62202 852191 788673 161053 139198 344905 191333 525992 931084 98601 534818 730660
MIN 524 0 0 0 846930 15674 74219 726849 976371 889810 4519 153225 159388 953924 131230 533232 278686 510633 155167 756398 596054 138967
MIN 525 0 0 0 723224 619136 435075 3961 314841 681035 356336 388109 839850 808446 18781 490265 441922 189415 581539 953336 804511 756645
MIN 526 0 0 0 169091 803427 686245 283910 527751 562962 894536 701839 98883 609842 855217 937501 181955 74624 264595 996691 626335 804190
MIN 527 0 0 0 986568 898553 246964 735974 511118 490510 165437 432950 780513 998814 704727 982591 306684 471071 301411 943581 720949 864656
MIN 528 0 0 0 356023 884196 473828 587795 905382 80725 590066 250708 195612 287656 121539 707334 684586 820758 877761 820911 845484 995927
MIN 529 0 0 0 378173 841703 449044 981695 40575 695599 611873 464714 641297 142584 804299 158694 893024 203454 261701 58062 428596 456744
MIN 530 0 0 0 896332 372732 273090 543335 123679 528326 628004 895100 623948 160568 557448 639003 416484 456864 104551 955780 261863 293687
MIN 531 0 0 0 739361 689962 116609 657203 552234 359723 575062 365097 335936 414572 174489 770586 109255 109250 230409 781275 900606 787135
MIN 532 0 0 0 537075 670480 424137 952217 656626 99236 518540 261421 625297 854649 829080 413804 293174 462371 27774 807376 297478 784032
MIN 533 0 0 0 769706 148094 400725 842413 509922 388997 977108 789917 157871 301288 303944 612721 776866 237024 378339 184421 509643 102685
MIN 534 0 0 0 410104 263396 829771 622316 215437 50139 403557 35984 273360 183680 530751 238338 942763 522866 916405 560148 832240 439584
MIN 535 0 0 0 1721 724714 398871 960016 929642 525095 553323 407338 382855 715514 94503 91003 826863 41397 939245 934440 838636 577842
MIN 536 0 0 0 650261 603315 20222 54111 851933 132271 959380 566358 528908 82012 770739 952600 408496 533628 420283 866342 860825 234404
MIN 537 0 0 0 7885 622331 226219 716723 875996 510759 886121 503122 810440 562736 919297 916377 156836 108493 801532 607613 76759 151013
MIN 538 0 0 0 899684 739665 686824 727774 794371 917662 242824 744017 306921 79426 332293 986973 62481 662781 763768 953523 897152 922862
MIN 539 0 0 0 71826 527264 620000 903915 682441 203791 109897 657322 83700 883376 683737 298109 607855 558343 64794 348981 192888 593952
MIN 540 0 0 0 468836 254577 42078 50057 125229 580215 532794 541435 523696 975452 819846 750690 534484 499337 162496 203154 513619 932928
MIN 541 0 0 0 136746 667866 559367 981845 598022 79718 306658 650575 458985 783678 248984 61829 934114 445421 150381 429686 42925 444765
MIN 542 0 0 0 266460 444206 690404 522761 332716 701188 680196 639564 851811 188050 910549 881483 119157 123885 641618 703091 315031 816137
MIN 543 0 0 0 747384 675589 974127 863068 372802 772178 31378 691756 822906 58929 868866 729610 135613 225307 35403 346803 953630 215183
MIN 544 0 0 0 522110 732678 324623 668721 125504 37021 201956 477323 218500 636198 30456 680739 794755 186677 782139 295116 614395 833509
MIN 545 0 0 0 325778 344351 329808 916115 388464 549890 850949 462806 58482 341315 66631 287159 787014 293816 856861 705946 340909 394903
MIN 546 0 0 0 393458 556477 966209 23746 708232 733133 698164 569701 831087 946215 642757 190021 200869 42394 793716 663782 249057 267756
MIN 547 0 0 0 60497 925421 969367 603023 4058 280465 253191 661333 119291 694031 95745 586555 57698 408519 105697 814611 520538 279282
MIN 548 0 0 0 418263 494449 506864 940852 807578 952188 840162 176103 127909 523755 328111 182484 975697 843325 899999 657534 601638 689719
MIN 549 0 0 0 870122 910817 533774 420677 203015 260173 508574 120983 393381 106972 703920 252587 145179 941863 175210 960766 193001 660233
MIN 550 0 0 0 404147 362367 53044 580181 547726 59202 514701 824216 840170 735545 594171 150480 500408 684252 640142 724650 495475 584696
MIN 551 0 0 0 524664 925464 156202 434081 577861 278093 444164 666496 558183 407092 377939 202426 734743 213417 943862 604697 110516 456090
MIN 552 0 0 0 947872 405762 793929 538135 93803 800193 144097 291049 75041 107158 347534 253153 899418 578740 453143 393967 596855 168426
MIN 553 0 0 0 423031 725857 154345 412291 498478 468107 491778 382398 44686 489227 720275 565781 940564 287682 161812 205484 945345 446886
MIN 554 0 0 0 273133 12528 164561 191454 556801 212248 851157 127693 340641 664333 662297 961146 238047 938784 160993 355899 776462 501327
MIN 555 0 0 0 589122 697008 714610 827645 197255 927738 500270 411198 76321 47836 961885 582300 264856 552072 8805 813710 837097 456173
MIN 556 0 0 0 864193 152303 96013 358638 70011 545396 213832 290616 901806 826745 192427 424015 137332 771317 891244 903044 158488 542799
MIN 557 0 0 0 303282 677822 520970 732075 351661 8881 530372 310486 946655 165259 47352 753242 525283 94149 446749 411460 642308 295789
MIN 558 0 0 0 563231 474473 976663 184432 211453 835505 460525 12073 16405 881106 526342 616661 423552 629825 589269 640141 199840 942877
MIN 559 0 0 0 813637 346373 906132 109008 421704 312400 156145 871454 329642 311782 605761 723274 977271 944342 399509 990660 614936 706096
MIN 560 0 0 0 885766 653807 604700 922157 993411 880929 762237 574036 32088 377283 14515 69432 235836 794310 305984 987420 123805 519319
MIN 561 0 0 0 173360 680451 830668 435735 230329 643862 507198 835594 484038 639576 55506 736028 899438 746825 946404 728999 529518 704657
d=6 m=24 rows 24 u0=2 K=560
MIN 2 0 0 0 0 308006 789614 684819 691505 909983 464231 109708 206304 220884 784605 180592 31192 245324 808537 627822 728598 308101 224433 741719 67910 0
MIN 3 0 0 0 0 593660 563894 65310 968575 676296 223307 447182 902725 592214 44878 92480 72621 517434 351773 556023 955572 541219 857411 119649 33682 0
MIN 4 0 0 0 0 968448 716910 853191 208548 344899 682125 217739 283659 418675 900216 371987 860682 37133 846211 303795 368403 55391 368243 812703 841122 0
MIN 5 0 0 0 0 977595 922594 253700 39292 777719 90746 107626 220287 579631 97841 250341 812792 65581 947607 803352 485643 178086 420930 730918 959349 0
MIN 6 0 0 0 0 99011 497421 274105 792048 434791 838522 490813 660034 969216 228996 464356 153964 423469 946496 763690 260760 696525 668495 41587 868580 0
MIN 7 0 0 0 0 981385 988066 531165 542028 337017 823951 269037 774450 457026 765639 732899 269967 979805 659506 645457 215063 550988 75604 726412 305022 0
MIN 8 0 0 0 0 110833 564119 378470 397863 661474 726937 345101 302531 573592 751162 429345 121209 203983 921737 813764 996689 808712 705201 143821 506270 0
MIN 9 0 0 0 0 389371 413549 1653 182031 107356 962106 532141 134234 296059 478731 930133 347233 744352 309957 778947 429870 548838 212270 186707 187334 0
MIN 10 0 0 0 0 600122 920386 831555 584559 347500 273054 889152 395472 398869 274656 756596 715242 731037 970472 491368 508791 849676 487006 365041 352549 0
MIN 11 0 0 0 0 439093 716348 133185 103683 820726 919749 417229 711296 401376 401082 442063 658463 548887 913915 389357 410238 772202 112216 85972 307207 0
MIN 12 0 0 0 0 788515 876674 711635 339535 333018 419407 843121 198145 669894 510067 389957 271398 430529 944604 861041 712864 358188 962451 165145 168351 0
MIN 13 0 0 0 0 746081 399574 489685 596915 418779 147589 296117 802981 927280 952989 274975 123905 950552 264223 744537 711325 663219 484030 185659 968397 0
MIN 14 0 0 0 0 16718 665871 292554 675713 714882 219669 915274 532111 248687 236037 148180 702277 458994 332741 690150 51075 882294 989138 781501 252249 0
MIN 15 0 0 0 0 424005 490954 81019 576942 943540 223344 643661 12957 674729 56264 645864 702993 283258 549796 246807 99406 717523 484620 168428 204225 0
MIN 16 0 0 0 0 526027 188722 698255 641552 910922 56528 264977 942737 594531 515062 900308 812130 885348 436710 54183 331068 58148 8527 744955 637378 0
MIN 17 0 0 0 0 134930 619683 207208 294646 776027 616537 871607 236822 312625 373628 79526 395464 478223 346133 169791 71090 407154 515122 73415 466483 0
MIN 18 0 0 0 0 905594 431752 498380 215303 952180 642329 179242 171975 572951 792257 429012 255445 17093 842255 531265 148273 858926 297480 603400 463441 0
MIN 19 0 0 0 0 429655 71137 479176 63397 991458 127568 331764 150502 405097 81901 849130 26136 416272 88046 754136 874546 793954 247767 449546 182171 0
MIN 20 0 0 0 0 740575 329594 294643 200609 319392 676799 58406 14425 889919 927780 416903 481990 745813 724540 890614 323443 566183 680271 898185 253006 0
MIN 21 0 0 0 0 738389 647099 424435 658510 887463 304850 182676 595098 799885 866011 632438 846749 195277 227451 40627 439209 92131 233319 144970 772903 0
MIN 22 0 0 0 0 840283 713988 6441 701336 48515 503290 435741 304854 862133 455934 211428 565729 829493 713431 360827 466264 208932 100370 869078 474680 0
MIN 23 0 0 0 0 544667 55194 235305 334149 196315 572770 651440 347107 403788 984157 886636 403195 692318 359932 96841 778230 347431 48493 293728 614359 0
MIN 24 0 0 0 0 75225 830035 481549 803069 763468 570376 403962 301066 55991 278733 583489 504982 557338 852408 680261 952845 754027 931515 880591 372507 0
MIN 25 0 0 0 0 128326 890098 86090 216194 776228 31400 172758 171111 236585 563292 460535 592295 139 522082 806310 491332 461692 976196 688258 431872 0
MIN 26 0 0 0 0 571709 580921 447620 407604 802763 445798 464292 23768 276100 757843 68827 536000 883605 348287 9215 378899 550036 526196 54811 151126 0
MIN 27 0 0 0 0 155805 397085 178562 504523 37219 589309 312181 406604 505658 706466 587826 455748 168740 482694 765512 25594 293534 8095 807905 862604 0
MIN 28 0 0 0 0 220592 946149 879664 772488 881756 48473 355339 638299 176189 260408 638167 722583 361327 279723 295352 790979 815016 281615 428631 88411 0
MIN 29 0 0 0 0 959847 147478 296091 50090 602966 100846 426585 968656 409482 450446 93004 425087 80788 113162 403668 913897 387964 652150 226724 256340 0
MIN 30 0 0 0 0 115040 359254 864479 451607 80150 687450 318236 743338 236005 559550 731959 861038 965603 204403 925760 699969 905738 81930 836548 119556 0
MIN 31 0 0 0 0 869097 284999 385354 385574 430769 47194 791296 993962 731545 767747 817904 804715 540022 772450 561811 374771 838820 800056 15897 589653 0
MIN 32 0 0 0 0 375589 61702 781569 549589 272515 869710 186676 101821 212365 497079 337259 875752 808259 93039 116157 527186 578843 201023 295919 814433 0
MIN 33 0 0 0 0 444055 277962 529362 919078 942000 351702 606835 204308 384793 645266 919822 851152 751222 438617 723730 75670 933064 647834 5521 254649 0
MIN 34 0 0 0 0 478592 782653 993833 579486 19704 160054 944059 671931 857846 200400 674871 607577 571487 577836 4276 194029 384866 366856 73586 397049 0
MIN 35 0 0 0 0 470220 259944 847620 909958 521398 396773 455222 148433 603310 535397 928766 153077 35331 628839 417735 371883 97679 958600 586108 488734 0
MIN 36 0 0 0 0 250376 117028 472368 608864 13380 563615 410469 407360 985994 909664 585766 486371 557685 522618 470671 798900 915624 428877 297908 371479 0
MIN 37 0 0 0 0 553739 555465 245067 92795 485290 618307 573973 746558 897488 358055 168591 863071 309844 224689 96846 941825 453908 151585 446683 520394 0
MIN 38 0 0 0 0 641935 369196 786731 782573 747033 135680 356903 788490 999571 665890 284046 677164 37220 193839 171747 541838 593405 490577 577226 298636 0
MIN 39 0 0 0 0 773420 856111 386584 940602 929132 365125 296686 625819 475556 703513 769650 97583 278995 519891 997555 594437 201292 911200 552396 124048 0
MIN 40 0 0 0 0 245595 705979 223535 759070 314861 813806 592589 963021 589552 815653 191172 53591 932896 519744 838584 507388 891733 250962 508289 722408 0
MIN 41 0 0 0 0 200226 111320 749396 706720 999829 283328 800539 250708 473300 335393 358200 796644 40669 815622 773349 684661 974432 796407 45591 513188 0
MIN 42 0 0 0 0 213730 446091 660948 88292 742567 953222 73235 161435 101235 628043 605152 690525 875236 631074 763749 63980 231567 276630 243796 40541 0
MIN 43 0 0 0 0 664488 947807 440749 690565 92950 43001 173401 539470 739148 705221 920993 212099 521390 323678 607232 844665 456961 980895 484503 518832 0
MIN 44 0 0 0 0 638611 33675 214979 359133 816920 690427 489504 452520 288616 289962 497621 790558 769654 801566 194176 917341 545150 163070 768338 704545 0
MIN 45 0 0 0 0 499144 822364 561530 238154 271253 514975 18874 964107 989832 699587 989776 423952 162027 46413 750102 288073 351386 742600 666195 224066 0
MIN 46 0 0 0 0 24200 300940 585232 465150 95943 372690 985897 497855 411741 731869 192370 497105 591313 768083 354399 206732 423566 266710 936013 408700 0
MIN 47 0 0 0 0 726427 565769 111248 4547 247171 751346 209452 217816 786340 224275 234947 504369 51405 45530 423572 816510 416548 877487 490678 902684 0
MIN 48 0 0 0 0 79428 192082 939754 789334 259836 342948 170539 138683 227152 27031 741075 259734 280712 457828 870152 86667 283797 874707 315913 30782 0
MIN 49 0 0 0 0 487085 613969 355630 564230 896381 632408 162034 76007 202029 671985 129570 779968 469791 719778 361515 394534 738114 163142 463251 675509 0
MIN 50 0 0 0 0 368310 989647 92745 884520 96022 209499 91718 712062 526367 42288 11769 196065 593051 904316 938084 350270 545730 972302 278400 730796 0
MIN 51 0 0 0 0 96769 833186 369730 653223 569691 248943 992399 34313 925479 451066 380661 676338 275716 337924 782208 543365 50474 804066 625868 362666 0
MIN 52 0 0 0 0 840330 7822 25170 940288 488789 707064 62719 369030 126670 468581 926659 872523 681509 821299 464999 571928 99682 267227 728743 628467 0
MIN 53 0 0 0 0 370137 221405 953183 488686 676612 830053 557389 312508 786675 255571 991642 508315 863928 384251 459674 918891 96745 359404 779561 47651 0
MIN 54 0 0 0 0 727355 321695 238854 835670 262968 231652 357210 89568 850613 451937 129036 167147 27038 842580 330047 578351 429415 492918 99260 153158 0
MIN 55 0 0 0 0 987967 355789 16836 714140 806740 737741 490901 526097 170917 242210 138574 70959 455038 708274 757364 327205 838705 311473 401358 93234 0
MIN 56 0 0 0 0 270321 976421 890769 28254 426190 822809 464703 103456 436700 585017 216579 523997 118562 97536 967169 985183 624970 256837 860763 564111 0
MIN 57 0 0 0 0 622723 838903 826527 762389 67747 51231 42142 250982 810638 363647 658746 442712 127897 355940 276031 872640 76899 854161 444472 285139 0
MIN 58 0 0 0 0 198474 341158 52593 75275 560324 58522 34590 820017 57889 584407 67332 456515 247846 640099 55156 19011 890605 129308 134654 69641 0
MIN 59 0 0 0 0 289848 465201 142747 755844 997282 468029 881075 368460 401495 220427 682284 13785 684820 297776 336784 499337 18121 83203 932762 941640 0
MIN 60 0 0 0 0 704305 285510 298194 330468 902382 789475 840232 675418 910048 128960 645302 396473 122369 2500 869322 46251 320412 155198 166987 525958 0
MIN 61 0 0 0 0 703364 926414 605702 107962 143162 383320 766029 351851 337663 925260 552288 261205 367688 778914 798621 814672 273516 250730 506059 288416 0
MIN 62 0 0 0 0 575758 620495 582512 738469 288531 770199 913340 190886 914963 922139 633510 286175 123452 797986 400727 138784 873715 591125 210900 476280 0
MIN 63 0 0 0 0 897129 208201 497695 380987 449997 770392 247571 207073 343982 775997 670202 677862 162621 895545 946532 233364 157546 864165 816355 697295 0
MIN 64 0 0 0 0 100686 226592 677864 398279 518824 328610 531524 403448 768854 555975 834294 909458 927905 235526 376991 983553 385656 441468 954735 860713 0
MIN 65 0 0 0 0 972013 829774 22558 621118 513358 187904 404619 883254 224098 493508 965947 494811 134179 729703 804966 133276 614767 531771 437069 435981 0
MIN 66 0 0 0 0 469376 977601 608699 507531 518974 711221 747798 820929 100733 257398 775039 142350 867494 748873 933743 175180 682203 871355 487133 771207 0
MIN 67 0 0 0 0 330624 187380 203800 823826 8134 229577 602620 343083 711071 964662 25617 679255 765815 218520 648515 89306 459526 46345 188525 591793 0
MIN 68 0 0 0 0 823161 148142 126091 469433 864432 450481 798669 69971 764077 14829 823888 163765 527694 232912 770492 182902 838675 359447 798406 39969 0
MIN 69 0 0 0 0 72094 524034 73614 245863 881202 676981 872713 690379 571833 375376 82228 722753 976234 733566 136984 913915 996939 273637 690750 507780 0
MIN 70 0 0 0 0 929780 292046 195050 230439 973800 723302 794547 345480 23134 981142 67576 441008 548639 946882 724104 648694 123842 19959 953179 424743 0
MIN 71 0 0 0 0 443393 305210 325210 505838 417892 397346 44014 476334 268026 28029 349449 591479 659601 396403 408011 478982 12500 52545 678279 282047 0
MIN 72 0 0 0 0 49211 306769 691779 462270 271294 303046 3235 507434 802213 569155 645432 936688 315399 588911 566761 900107 627486 753684 765135 55431 0
MIN 73 0 0 0 0 202210 110606 500878 363990 169397 399910 266745 85156 357830 123336 287746 118501 658278 329915 774113 249401 240407 662276 121020 175008 0
MIN 74 0 0 0 0 805609 682235 155705 418535 698964 200378 2840 621067 40538 297588 360702 461024 398614 896845 720777 169729 577673 933275 126153 876889 0
MIN 75 0 0 0 0 53377 958903 354844 657544 479691 164221 576313 795141 956791 392883 880200 590087 168009 146210 149212 115636 787535 594553 547852 403238 0
MIN 76 0 0 0 0 637992 24427 491308 127884 33443 275422 361343 16583 773040 711925 791192 209664 621123 272533 393129 709680 773658 135688 552904 706958 0
MIN 77 0 0 0 0 1537 160618 822339 484192 520638 360184 195063 901335 645431 740703 5342 190597 161406 828655 191093 886115 318980 575674 645692 815335 0
MIN 78 0 0 0 0 901421 925741 168943 394672 599520 321543 813053 701642 872641 60981 596603 734101 319737 798362 660874 890697 788993 336814 868104 207485 0
MIN 79 0 0 0 0 266716 170630 856085 214465 47483 316419 67366 288264 153401 398108 597362 5569 217703 21985 532088 536704 66431 754450 739252 275244 0
MIN 80 0 0 0 0 588590 961031 188 682864 560493 505330 298395 747812 675185 181680 261900 453984 96533 380761 818468 958847 250106 876974 686516 985931 0
MIN 81 0 0 0 0 743410 427332 723963 168218 337993 968 746253 45675 119902 248504 962455 570448 714864 459920 122756 409560 945091 28438 246577 60734 0
MIN 82 0 0 0 0 613767 608138 394908 598652 394957 474396 656345 327102 491362 92094 680228 718168 168249 815227 69041 901390 418349 988223 373608 749011 0
MIN 83 0 0 0 0 654014 158758 172144 8021 438758 476716 776709 151144 199024 16431 542639 163918 564609 875089 706766 165285 658008 704630 135995 235319 0
MIN 84 0 0 0 0 562014 729075 751271 733671 80569 393793 718783 115290 579010 794307 284482 909461 195005 743315 669281 583142 571150 172982 506172 262077 0
MIN 85 0 0 0 0 335984 381636 939428 314077 104557 858879 71803 730132 509839 640856 487223 854056 227986 803361 727504 562858 840129 826785 141049 32173 0
MIN 86 0 0 0 0 430912 249064 453375 358205 683824 548093 808549 854109 760103 121167 200494 747200 325404 292287 287289 316737 169274 980161 880301 399844 0
MIN 87 0 0 0 0 152704 331772 73853 256939 573494 194726 696119 566338 783363 343453 80241 484835 743538 581482 616221 715615 131594 888822 652586 230459 0
MIN 88 0 0 0 0 400388 509534 800191 358335 834617 109057 370129 566614 809698 237418 497398 969922 438242 579159 702217 171820 39373 823979 948990 389992 0
MIN 89 0 0 0 0 661097 850739 948644 804847 702442 815570 133155 56613 345508 471174 797715 396544 685510 190843 719173 903571 985434 386741 306537 6230 0
MIN 90 0 0 0 0 458199 220690 451081 54187 340633 341601 557140 358749 307598 712629 592159 672674 962024 471788 818653 26753 57438 471397 202094 297341 0
MIN 91 0 0 0 0 176998 337391 491290 803242 628330 745997 418203 382900 240799 551363 431482 195150 920695 964077 716962 315562 851487 3743 577518 917216 0
MIN 92 0 0 0 0 694138 664711 433575 876608 833400 108080 441362 822603 705376 587261 46513 152392 488077 578813 364626 556455 545499 502271 728565 715828 0
MIN 93 0 0 0 0 467909 751294 294232 604958 652459 834998 555568 239929 169044 923339 557020 976820 709989 424627 220788 891615 995357 664132 797167 434435 0
MIN 94 0 0 0 0 510372 102363 306266 791565 987937 325318 352205 285374 149766 688334 708390 440753 11837 663488 515215 737015 136693 835592 659556 736473 0
MIN 95 0 0 0 0 75694 793309 966180 258572 378708 803312 287362 974816 930338 932560 44367 112041 927485 326287 501277 583024 601586 705373 262929 940042 0
MIN 96 0 0 0 0 596990 985241 707453 746361 81489 927807 81497 550810 569296 608727 548435 575081 913841 911928 275652 773237 275879 476401 600983 380251 0
MIN 97 0 0 0 0 838867 742031 884834 185226 985834 826030 142890 137612 993219 279591 303773 290726 1831 371006 615138 705162 425147 447906 822790 780567 0
MIN 98 0 0 0 0 768813 559925 900166 891968 506336 257203 403099 709104 309037 938060 32187 744416 342212 657987 837436 295130 250272 511464 414177 364545 0
MIN 99 0 0 0 0 608344 977460 224222 13388 126722 107697 287465 413322 660167 782854 420855 358711 304356 993162 396530 180141 314394 787485 770707 955732 0
MIN 100 0 0 0 0 741483 563493 829507 512129 373594 20370 69357 351358 970798 412118 756148 98000 565407 503465 583443 133063 44189 637628 730320 67413 0
MIN 101 0 0 0 0 568437 52482 390026 688278 543198 984572 726894 765147 31503 440009 564900 952122 391525 947322 23421 424734 621012 18314 984003 174403 0
MIN 102 0 0 0 0 293928 944597 979021 84730 415455 528346 188925 122342 618678 255167 352637 32415 709027 2557 461872 539335 472072 650749 356198 500348 0
MIN 103 0 0 0 0 395129 591324 316987 79162 992051 154357 403628 118302 594780 489084 419203 461849 346644 993400 897234 518691 185222 628540 500259 955342 0
MIN 104 0 0 0 0 249584 17314 33255 401339 75031 477351 7607 290373 775039 260382 128185 782021 673268 796601 119920 56593 678411 935463 630322 435247 0
MIN 105 0 0 0 0 893227 306308 557956 223024 589774 882238 638414 275329 384091 18557 501375 599982 37176 707590 173439 388602 200347 760102 425773 808698 0
MIN 106 0 0 0 0 197034 202510 870215 22858 77439 824821 345515 386884 797732 30695 770210 380700 343813 312852 895472 36554 89564 720700 858982 786736 0
MIN 107 0 0 0 0 275112 303427 404315 880790 436867 937161 270059 74549 873896 457050 496945 12845 317031 442110 304816 51133 766713 591912 846169 703181 0
MIN 108 0 0 0 0 383444 208510 335350 781707 675776 630270 965134 441979 402366 194754 774307 966961 680784 626275 3052 725091 697741 724106 695632 765501 0
MIN 109 0 0 0 0 638598 625704 343297 922930 130360 997861 694790 325438 623650 784045 19152 584975 120908 356755 409928 170166 13236 793148 8252 951201 0
MIN 110 0 0 0 0 965435 932497 814129 584753 3839 40701 940367 829345 738164 798799 851490 499638 968423 231721 240094 550021 970206 413303 462170 752127 0
MIN 111 0 0 0 0 857852 961325 498046 237258 682201 574263 672564 979571 166303 455495 291602 997028 559023 358433 643853 530192 774914 495163 203048 227492 0
MIN 112 0 0 0 0 172817 902377 40612 20171 710833 779048 560535 233429 531123 53482 203855 148804 507600 487271 203113 919191 628234 713413 249076 827727 0
MIN 113 0 0 0 0 75919 151926 742098 768946 799687 797505 916598 206565 410634 103395 850576 155120 509064 443836 525791 397349 446000 71343 652091 716450 0
MIN 114 0 0 0 0 766559 368817 348656 741131 857410 107171 203013 17314 45887 559786 775619 645491 947991 270713 776382 118089 229032 417488 289896 246749 0
MIN 115 0 0 0 0 795765 172476 416330 511910 533811 314179 367329 102326 753121 699265 883964 219269 540759 34062 602317 438241 540544 40094 812553 253588 0
MIN 116 0 0 0 0 143991 45230 776419 458464 806845 346819 594351 7023 133951 888800 32832 91490 753993 312498 391471 48149 78077 1336 135404 675696 0
MIN 117 0 0 0 0 19031 174679 909723 656025 530222 722012 89015 377139 625428 958177 846800 782863 370127 882560 528784 426797 36804 400876 504179 881248 0
MIN 118 0 0 0 0 651210 266745 540565 256178 813670 854391 480878 282648 813867 24594 168021 657987 812507 364634 301345 62308 943641 12549 210099 35208 0
MIN 119 0 0 0 0 378610 529052 219130 633065 948268 191101 85053 369155 871104 413 439551 939817 49067 127644 261941 425923 965713 112839 7079 330485 0
MIN 120 0 0 0 0 895315 892292 586974 547585 187017 450712 715294 967377 50692 473872 551778 287862 255414 862698 729642 791969 936585 896650 792646 119355 0
MIN 121 0 0 0 0 451149 214162 646646 764634 360296 950373 676912 517946 783827 404790 89067 403475 586859 303514 755619 668242 463856 33891 955382 815998 0
MIN 122 0 0 0 0 797973 155508 374764 189013 565058 923675 922302 769450 990063 589999 514447 519310 546515 226555 670688 183361 218748 998628 465016 585895 0
MIN 123 0 0 0 0 241437 803103 882359 407355 489988 859959 165579 130540 932632 486588 4224 88258 719273 530965 156243 986680 654410 852688 384281 65659 0
MIN 124 0 0 0 0 96129 683388 420929 283116 696772 956252 283056 591861 136478 543597 631696 951648 333271 555890 464223 344918 370431 898406 406871 272297 0
MIN 125 0 0 0 0 719148 899993 230256 959490 925435 378591 48692 915916 949146 566445 561511 190285 782355 188097 497037 714653 323331 234669 381953 40389 0
MIN 126 0 0 0 0 22472 901235 653740 196237 357517 504825 38366 840019 689326 300665 696052 997083 801117 887750 895463 586917 248491 901248 9618 727729 0
MIN 127 0 0 0 0 195435 92099 714261 611535 241784 817250 618527 164335 215303 91204 680790 342372 341119 371420 999325 744604 821044 265910 849162 253876 0
MIN 128 0 0 0 0 678053 617961 293319 677143 837781 423165 383825 50954 800337 867383 527066 591273 720944 860275 521460 957354 103876 256210 956540 26715 0
MIN 129 0 0 0 0 748303 177297 530746 211101 147041 671830 50170 869670 158827 569348 376154 65697 219203 400838 764503 513729 108751 843272 292460 502085 0
MIN 130 0 0 0 0 56916 739958 458080 221472 405803 590816 141958 883170 958235 837068 968227 923328 752475 788479 178858 713525 970838 835717 857412 640592 0
MIN 131 0 0 0 0 968033 562757 379737 770299 816 267893 859561 66340 372993 135190 920396 870462 921658 223155 370813 237982 601388 156537 407320 422730 0
MIN 132 0 0 0 0 497675 820763 692541 993809 693285 717490 661064 263163 210228 373411 12650 792544 153888 342635 319073 285127 332266 54608 625558 738551 0
MIN 133 0 0 0 0 211197 851424 565768 201354 794775 653530 999648 505067 273535 245133 965127 332866 424266 955533 381166 406112 419734 94988 865205 117413 0
MIN 134 0 0 0 0 802516 833430 282851 429304 46541 799720 58673 988706 773942 813824 915426 688859 440805 30599 315058 656444 389506 990579 422737 534392 0
MIN 135 0 0 0 0 43845 759530 534957 427496 68608 968412 488219 799682 105642 304158 464504 856782 986320 87440 258942 793092 626369 433490 875100 866271 0
MIN 136 0 0 0 0 699020 162461 855319 781129 367683 670763 628653 247794 224923 632638 129947 713719 313134 906182 417019 263585 837245 520358 444601 544651 0
MIN 137 0 0 0 0 970080 691761 580707 541839 663753 188659 289365 65454 288101 917982 794568 139754 551452 35527 582635 955669 833401 89106 586165 312279 0
MIN 138 0 0 0 0 209144 697196 38315 186256 579128 163569 866531 917890 163173 120176 481239 5224 217287 344043 975837 232349 181316 164482 879025 600509 0
MIN 139 0 0 0 0 91391 369841 156531 125406 541184 662442 38239 623630 866666 399148 540669 101850 903938 672260 691134 70376 218060 571133 381401 807029 0
MIN 140 0 0 0 0 754575 755988 488809 346838 719556 204855 154089 738571 790161 364009 804274 976371 311045 549604 864210 687707 426773 999884 555645 953634 0
MIN 141 0 0 0 0 892787 340348 627225 855906 347033 738572 256633 138626 726981 779266 16138 471167 518038 835101 991986 91178 197064 583786 490756 172812 0
MIN 142 0 0 0 0 997800 46139 990834 616287 820528 103812 147234 900546 818234 97728 982547 51075 496634 924946 352793 128567 241494 472102 645788 368541 0
MIN 143 0 0 0 0 550198 768113 698795 67906 846964 246456 619061 323595 1969 739180 392620 328354 509687 932974 904846 256938 263397 232684 351056 231059 0
MIN 144 0 0 0 0 433397 592658 822237 890594 362880 634790 337365 422998 465809 663406 707493 592247 741846 488454 35998 267531 459597 635298 323886 319116 0
MIN 145 0 0 0 0 533228 574354 557195 542757 718636 723742 55079 828240 998804 850784 446214 683008 580391 681748 423911 271652 644334 90371 507133 985855 0
MIN 146 0 0 0 0 369550 138661 203113 920151 953645 803737 819982 745959 743991 592984 935134 221625 681654 513834 981432 47319 538762 632272 10942 440748 0
MIN 147 0 0 0 0 903569 450028 951857 152236 936514 26880 794567 532256 985084 288461 596977 619824 278782 938060 15331 208905 972487 536053 474589 82766 0
MIN 148 0 0 0 0 441077 769906 599483 537213 353540 2034 259895 114820 662603 223196 683663 326869 516217 558946 697913 312232 721132 696576 703752 48164 0
MIN 149 0 0 0 0 902219 7366 643862 94218 50814 771078 143539 101600 436942 183248 625189 858681 957976 365383 491690 215741 799312 709215 983796 503332 0
MIN 150 0 0 0 0 722389 423581 654381 392196 766128 324076 871124 936050 638146 178391 279371 355100 108361 112337 997485 180405 857039 900678 653759 650691 0
MIN 151 0 0 0 0 153756 271195 352371 469431 500800 624093 354172 883323 873873 239166 962031 352766 928143 890314 284562 361406 838409 539525 33549 335360 0
MIN 152 0 0 0 0 918422 978228 247330 246827 608322 402534 200531 41373 861650 891807 735399 327540 734660 568695 239976 954938 456564 268324 528739 988570 0
MIN 153 0 0 0 0 576181 906022 683791 989816 129584 886608 255255 167025 632399 838150 933904 442471 548929 52900 540769 609851 265889 490298 511002 939598 0
MIN 154 0 0 0 0 282590 654153 76182 945451 417816 579669 727342 868836 821552 549043 321811 184119 870278 406926 877618 820341 192211 192534 481923 33868 0
MIN 155 0 0 0 0 607273 934401 843190 479382 991632 131396 683544 480538 717773 172683 175676 6589 685204 858331 669124 581361 441549 988354 448103 610570 0
MIN 156 0 0 0 0 735217 66853 251429 838010 683341 974007 387827 566420 239621 887897 706457 682458 229734 866031 970620 273532 26499 733355 633447 325786 0
MIN 157 0 0 0 0 613900 373987 999797 645824 768826 715471 978361 524325 335298 492670 20626 346678 318646 617415 281505 558018 681360 935707 756017 862387 0
MIN 158 0 0 0 0 81219 94694 40999 393781 964390 252823 153686 133923 240163 504217 971984 195192 215146 726670 696718 490435 121421 341272 990486 828369 0
MIN 159 0 0 0 0 787841 637923 887587 862687 367248 921502 575719 236972 905841 418714 659701 9640 602946 121504 871560 656361 752360 175473 694437 138437 0
MIN 160 0 0 0 0 886280 91629 571064 903240 21880 960418 980639 255937 771774 308354 177915 787250 859496 644443 301427 23767 847777 849647 545526 731703 0
MIN 161 0 0 0 0 902066 161287 286405 961566 98068 325336 922304 421788 932449 94050 581310 296910 938715 301699 823669 285204 649001 57222 118543 362431 0
MIN 162 0 0 0 0 637527 888031 434307 215508 864496 363194 510307 848995 985126 190377 320402 849071 575877 568799 645389 628606 41452 912356 752767 884367 0
MIN 163 0 0 0 0 218438 246299 875862 478386 202746 37689 636501 845714 302309 55919 686307 857434 957246 644978 695360 664807 826474 412079 284644 393500 0
MIN 164 0 0 0 0 534012 62503 501381 512267 243883 73945 372243 45427 658930 636756 295460 535235 495784 449770 854434 837580 420200 824575 871136 918483 0
MIN 165 0 0 0 0 255081 557217 200993 833700 704340 199085 545799 318087 955238 201703 721268 408449 279274 423113 626545 931372 980640 399883 950467 166765 0
MIN 166 0 0 0 0 677210 399868 69834 161959 457965 241515 394208 935672 928812 746416 201507 424912 46993 467965 461304 962357 935860 317742 511356 939888 0
MIN 167 0 0 0 0 7005 181881 163738 357481 804524 75403 991580 140795 505769 957956 650377 757088 801566 995334 785761 389708 714042 996945 658333 296000 0
MIN 168 0 0 0 0 303210 339282 108467 6638 63504 563626 190762 884009 291699 129888 142553 848586 994450 740008 765991 979288 959172 189724 83189 788399 0
MIN 169 0 0 0 0 941105 120660 267590 433546 26802 324821 642959 149497 466218 259261 265863 850279 210663 480847 584789 280240 812187 957312 848834 399823 0
MIN 170 0 0 0 0 730540 955784 87204 970765 897779 516959 213031 608766 566843 355498 451984 664412 670927 862619 976267 966529 319166 647526 505103 557020 0
MIN 171 0 0 0 0 158093 925523 374749 807436 880563 606927 586559 312597 42505 746370 323931 535628 283983 749488 317631 970696 385351 352385 264329 288444 0
MIN 172 0 0 0 0 827480 526001 134936 2920 307294 955189 46792 751866 109636 704335 445437 890917 32638 243416 956608 346275 956292 386087 708262 947479 0
MIN 173 0 0 0 0 297593 422584 855881 845866 636239 201319 932109 369272 430416 778862 186171 844392 453108 195240 5452 121504 164621 588503 384026 912644 0
MIN 174 0 0 0 0 660494 240396 885645 371968 448370 319128 330320 748437 291658 274082 67003 132680 99104 744217 537854 366984 982500 365484 851389 253813 0
MIN 175 0 0 0 0 2397 247762 204340 430715 834231 136787 964079 357481 878904 387579 786880 69380 942432 173134 446180 153582 933959 986334 914299 127978 0
MIN 176 0 0 0 0 217177 906906 144992 740844 884232 614883 453629 457812 209057 808358 586390 446196 584201 943947 103009 962098 528466 657408 504711 858686 0
MIN 177 0 0 0 0 127918 298875 728629 792857 551723 29287 343366 135016 426836 728635 966994 128777 727276 721232 713138 615554 797721 403104 635854 5712 0
MIN 178 0 0 0 0 114052 176764 868779 39014 969319 636497 11439 327537 534287 69919 65208 662352 96570 84920 249400 183863 677585 637460 360852 935369 0
MIN 179 0 0 0 0 693679 686107 446628 647560 682709 868955 747106 617718 876833 53002 321866 893373 326039 252238 243700 262114 114530 13802 244941 882056 0
MIN 180 0 0 0 0 566408 151845 633663 36357 783956 179271 502850 488475 366844 103651 122485 296734 14616 264725 148429 132609 714921 174276 462398 560697 0
MIN 181 0 0 0 0 364336 896800 506426 534669 985618 632616 952813 152221 988180 770872 77284 184900 337658 860754 885733 132592 388798 706282 250564 929478 0
MIN 182 0 0 0 0 150249 471751 718918 448684 191804 212605 561470 998099 120356 913655 861358 35089 385966 657959 691648 436988 432933 417130 576634 105634 0
MIN 183 0 0 0 0 699320 490552 262047 103254 71911 497127 613192 165759 496852 994635 446758 920702 442281 881651 297119 774198 421157 213227 188976 979435 0
MIN 184 0 0 0 0 131378 317968 381510 213148 640316 921519 15174 800740 461208 376557 404212 634822 648791 653108 268731 593149 532976 476535 970952 8104 0
MIN 185 0 0 0 0 258411 177870 361983 978931 7353 841622 881090 197174 303061 99158 326172 566003 671891 600698 390518 26603 523209 384675 35050 604704 0
MIN 186 0 0 0 0 843176 718686 503753 607078 190326 903937 250244 689005 94651 975636 678281 652720 551401 587439 836079 84052 251090 206846 962140 170696 0
MIN 187 0 0 0 0 264894 61756 420990 173441 13581 137653 426378 786562 4864 610978 379764 305303 845342 787725 3544 859023 956642 479868 224236 690403 0
MIN 188 0 0 0 0 539442 54858 958518 860085 140227 776609 106480 642293 432183 528506 819189 891547 397014 351989 36097 711560 992610 607198 106198 395449 0
MIN 189 0 0 0 0 685528 151658 558807 757326 161843 340096 66493 812085 591573 417504 871569 393021 59515 384637 783752 387729 562611 383891 908549 717164 0
MIN 190 0 0 0 0 501954 324916 769811 225370 822742 5160 31378 484727 67884 122673 373683 333374 649683 81957 365927 946621 613907 403658 22490 645913 0
MIN 191 0 0 0 0 767569 31127 407786 748325 641936 691434 49050 750260 695879 873434 84812 833970 629634 725686 775904 131799 806923 287330 969926 763019 0
MIN 192 0 0 0 0 223136 945 603204 700067 990016 880208 963223 448254 427020 128752 410271 852216 872764 114627 103606 242071 444539 845784 134589 24698 0
MIN 193 0 0 0 0 462761 794161 759998 13500 738165 609138 967858 541666 111773 626920 998305 531167 842431 458990 315791 974260 884496 654267 651450 962381 0
MIN 194 0 0 0 0 879905 628389 852864 640323 799814 272739 998583 702339 620140 52880 706376 725001 365577 718603 896235 331320 478885 86504 592261 711688 0
MIN 195 0 0 0 0 728450 310653 133893 288140 458099 340313 395030 240935 183975 586029 588419 131470 177387 838028 483478 333897 331519 562429 355086 53485 0
MIN 196 0 0 0 0 469672 625357 801045 370890 79705 720453 24009 747926 900882 303744 675181 279696 292079 492347 237097 674006 870541 287571 874043 731217 0
MIN 197 0 0 0 0 718651 333110 653661 330284 439761 184046 921299 590691 545960 337376 354149 66481 223023 155237 156404 746339 42962 265388 764009 926872 0
MIN 198 0 0 0 0 929120 239742 702530 76061 947379 683033 351986 410740 25720 566206 910615 89842 362692 769820 559034 604414 800054 170133 993273 274266 0
MIN 199 0 0 0 0 845913 124141 164968 34198 298575 194273 978230 706266 335847 511280 150435 597362 40671 107620 606061 409779 352346 799151 447343 976246 0
MIN 200 0 0 0 0 951888 711895 645301 614918 397822 621629 15224 734853 923540 521392 767681 790572 774668 537703 955437 602586 548221 671751 963894 370905 0
MIN 201 0 0 0 0 541142 330162 933136 317976 470347 488917 585078 273920 890851 236216 679511 37642 243078 253650 477103 929205 243445 39386 192890 580277 0
MIN 202 0 0 0 0 14 954235 284330 612942 98465 413789 97525 720572 382592 249776 274047 765591 919379 704300 449754 595314 388010 742048 67769 172812 0
MIN 203 0 0 0 0 837255 805292 825364 380289 966683 443918 80067 624640 367207 385104 830180 943305 447776 357198 33006 635312 90605 246652 424376 348869 0
MIN 204 0 0 0 0 105695 46513 624326 913029 785024 348298 165169 784470 380337 823271 105093 244780 823199 502146 437529 956300 26692 151127 769589 311653 0
MIN 205 0 0 0 0 402722 367039 531911 603153 863529 623310 433967 606526 281133 675161 922083 358461 50896 451356 75912 660938 662638 172221 177346 839831 0
MIN 206 0 0 0 0 727467 9406 52782 315739 595304 34765 704761 647727 817944 441556 660512 423570 352078 288646 981808 967620 204380 946028 237909 857775 0
MIN 207 0 0 0 0 800811 503700 259756 751361 162531 715767 255252 532958 55513 506216 145843 946997 464719 743214 14000 553809 573199 581297 336517 203611 0
MIN 208 0 0 0 0 765504 83606 808840 603242 737420 105456 125992 732803 49495 843986 492371 340901 16702 460125 337914 150888 147057 724511 479552 627612 0
MIN 209 0 0 0 0 870639 570037 872179 818250 507161 66756 331884 606602 380719 546049 955900 241569 302701 585046 212779 417501 481317 788047 484540 543922 0
MIN 210 0 0 0 0 469132 85495 6336 736839 514529 876516 111303 657515 672291 748772 668084 722180 62105 910060 357770 270252 285419 238632 259314 337524 0
MIN 211 0 0 0 0 315723 804173 106219 288915 658372 133016 449709 182424 993353 664625 708365 487295 182739 391044 905669 132718 201959 565799 588718 657225 0
MIN 212 0 0 0 0 404149 989701 986171 328034 372353 945067 776702 776862 142387 91558 457987 58821 934373 322930 507515 460573 675145 131636 843296 755975 0
MIN 213 0 0 0 0 77920 755115 302893 376714 774899 380197 688480 935760 59785 356470 340491 2628 525987 118696 362420 724562 189196 567279 60994 109452 0
MIN 214 0 0 0 0 708614 518030 48187 857888 818551 516 842491 546148 923469 514544 788625 342957 307331 387355 847231 236921 35918 878540 167464 859509 0
MIN 215 0 0 0 0 4247 695741 163123 935858 374939 340443 57532 905147 119084 332336 388634 853538 29086 788822 177048 860988 969527 171424 53833 945063 0
MIN 216 0 0 0 0 927677 372722 247685 380756 988273 274442 134105 358894 959748 717270 223311 239522 907707 288711 42640 766462 164632 108801 356556 890417 0
MIN 217 0 0 0 0 840850 889584 758611 547416 67147 640353 878459 637593 79083 398274 176739 956846 100385 57679 156759 284463 977873 838598 616443 978228 0
MIN 218 0 0 0 0 961486 303445 68127 763342 250368 578671 321709 3946 368909 865533 476532 388225 459021 623744 518941 31038 820765 693583 946711 316505 0
MIN 219 0 0 0 0 762600 515187 384192 600249 181714 411784 222493 500208 166222 179971 184142 636508 321065 649447 267531 223185 579314 572469 261966 856254 0
MIN 220 0 0 0 0 646059 905122 434149 77149 114767 142966 848940 539580 965473 745981 599060 253242 208932 894282 822371 193657 253483 30765 98038 365576 0
MIN 221 0 0 0 0 819443 230787 237104 842149 174307 575615 909011 441195 819477 54773 264635 431327 363176 6660 465901 350174 405655 165317 821399 700787 0
MIN 222 0 0 0 0 351784 600281 220696 637682 317632 327024 72364 865611 245147 830605 630338 170367 259123 197657 671030 373398 552652 265336 101279 930272 0
MIN 223 0 0 0 0 206030 894614 950697 37220 575607 870436 649527 731864 383757 517971 203595 922754 222855 43275 90526 585084 378192 517292 113356 849170 0
MIN 224 0 0 0 0 399174 591456 804500 209243 921567 530267 254383 799056 466214 633877 976116 334701 235004 443398 421837 177446 182020 259800 397209 315486 0
MIN 225 0 0 0 0 506163 194892 646565 67421 956866 244111 435630 328501 856409 926785 5675 52266 342759 931602 398461 606206 771284 175876 264068 755040 0
MIN 226 0 0 0 0 373561 656410 386356 167342 512513 945330 94026 875664 768578 690960 510418 74929 499039 552138 147251 704836 601837 212053 536794 245136 0
MIN 227 0 0 0 0 657388 45056 776683 895159 236225 265439 385496 270902 765696 514296 817028 670177 494899 806980 607638 24248 773337 593909 40878 175213 0
MIN 228 0 0 0 0 626917 590401 961265 332310 489306 726181 703918 423808 199327 467871 410323 137521 852750 157373 407310 326586 953454 689953 321406 782618 0
MIN 229 0 0 0 0 587346 523198 595587 977729 851526 103976 882081 280063 565403 19477 337964 374181 172285 812936 756168 923161 604733 310622 793261 115995 0
MIN 230 0 0 0 0 428739 346124 837847 910420 404123 912831 196786 497545 723034 204663 919313 386828 344814 678319 814524 7096 808553 768608 676838 52481 0
MIN 231 0 0 0 0 312168 676956 899005 886709 339237 778192 622481 98964 790595 977150 335913 388338 524560 285403 771980 829235 571611 352633 310730 566507 0
MIN 232 0 0 0 0 238068 772701 50635 293756 97837 66641 191325 816002 424870 842039 321358 697613 863815 145829 256827 924492 835878 32249 233151 664022 0
MIN 233 0 0 0 0 399293 868795 42176 956688 841899 586578 213790 904335 608862 922005 542803 721611 181405 993876 407448 72183 540734 559088 178199 223480 0
MIN 234 0 0 0 0 433386 72196 748645 635882 491518 629152 679973 80639 900826 468462 38132 374945 99923 186077 606864 771948 93493 509295 991657 248824 0
MIN 235 0 0 0 0 302262 39413 470985 488309 730250 331072 352886 610660 437201 85844 448783 837168 178009 160871 243780 986596 768421 23596 8053 233833 0
MIN 236 0 0 0 0 155233 169387 890318 71218 614409 18393 602624 346525 426669 865462 825009 458268 446113 688349 429005 530069 65215 824017 448684 62897 0
MIN 237 0 0 0 0 141241 625424 640315 896336 803911 487214 296175 148565 49984 891259 582961 54814 212935 351279 175601 593692 765600 240585 189217 584388 0
MIN 238 0 0 0 0 140361 419262 397605 452807 617357 927430 225701 765979 34112 742326 167449 943419 567575 712462 762517 118535 715508 448788 23466 962789 0
MIN 239 0 0 0 0 719905 807267 202378 275745 242709 411660 928582 576035 151143 921858 49396 852096 900598 286095 362198 240857 200143 152834 529709 826486 0
MIN 240 0 0 0 0 936004 612298 268149 342034 330207 25118 899962 776593 257773 996682 925906 134036 666442 435012 536914 188779 905409 934410 456709 768233 0
MIN 241 0 0 0 0 320901 839891 138236 379113 944974 566132 371003 158072 247765 238560 748484 385714 798353 172220 541849 537554 315289 534023 324193 822678 0
MIN 242 0 0 0 0 685603 366429 672078 881784 59042 885600 412318 673505 319208 990296 171077 257240 828615 887937 46422 772152 556372 952817 457547 236026 0
MIN 243 0 0 0 0 725568 557988 522108 927926 362172 811096 368327 937961 937041 202161 169673 4997 316465 103693 957600 882211 902033 80752 631323 211350 0
MIN 244 0 0 0 0 700056 14915 384803 388661 710442 349578 589696 220722 236125 276813 207458 650642 600530 539958 861272 710628 183596 244342 395790 967822 0
MIN 245 0 0 0 0 218845 405689 287500 619106 385732 650282 9834 167226 709359 759734 477790 214395 255790 90244 320124 974536 601435 768163 815645 816628 0
MIN 246 0 0 0 0 28272 223549 143411 645158 704243 582377 246694 412804 121861 430515 362299 511933 326400 116175 344241 762384 738419 787910 879802 262187 0
MIN 247 0 0 0 0 511014 750676 4925 154488 928871 190283 924664 449915 109380 213330 506233 389214 290839 963999 405735 886770 231339 495957 877400 169024 0
MIN 248 0 0 0 0 556785 491791 713553 804717 529257 334815 443560 857564 908974 757923 340386 957668 805576 722472 491850 616190 216320 776811 428790 376711 0
MIN 249 0 0 0 0 336397 97582 965920 540457 57464 91123 419218 912778 849900 765129 439064 265203 131670 632639 769027 845933 411443 453436 336171 467721 0
MIN 250 0 0 0 0 865413 24937 714496 372443 764275 151195 598809 577231 414848 694800 888527 342500 45694 934841 113709 194793 374937 943116 561306 800229 0
MIN 251 0 0 0 0 594543 538236 932382 718836 259318 276220 17605 601286 643926 486584 757601 126634 976650 200443 947016 938070 719379 533099 43055 42089 0
MIN 252 0 0 0 0 227425 482745 245731 521483 142575 494324 292168 61900 298538 724481 381318 327516 891124 814513 122802 704540 570862 127478 293061 853892 0
MIN 253 0 0 0 0 69152 309109 205302 780127 868106 137896 936897 684582 755656 900567 939175 848907 56423 855689 886374 60080 822998 179229 810097 19251 0
MIN 254 0 0 0 0 241602 639398 790028 110611 102603 36191 687971 181115 56395 38226 155301 210728 509275 760337 530057 545246 860729 968610 848211 827025 0
MIN 255 0 0 0 0 932963 182018 263025 609187 410184 89130 211990 389318 417871 684880 763067 996539 689563 265597 71319 72682 112100 96976 839019 165280 0
MIN 256 0 0 0 0 213175 94718 720511 565719 352289 985691 764215 242648 693819 483233 131340 40691 333834 284855 249014 714083 335022 807078 539561 114432 0
MIN 257 0 0 0 0 156345 785355 772518 382416 164456 444573 76393 41860 695785 851853 217157 925856 393262 754552 399658 792586 783717 478582 518674 380919 0
MIN 258 0 0 0 0 429907 561413 542298 282926 443741 155103 223012 318008 679446 486638 178887 528200 192830 921535 280792 856285 638202 378346 929704 805421 0
MIN 259 0 0 0 0 708258 785321 60480 383828 275178 249206 703632 809075 345398 591157 150264 691327 25731 687150 72788 446206 295917 554276 211708 73301 0
MIN 260 0 0 0 0 869450 641699 79788 146716 808786 127903 797523 769963 698120 415399 467835 450032 679513 114909 441491 663916 548169 629907 357950 942366 0
MIN 261 0 0 0 0 68016 266288 176579 662306 169671 428399 937567 919751 164866 243207 972454 501596 692773 160204 513494 186059 169565 825583 925183 413011 0
MIN 262 0 0 0 0 120894 211162 528463 967420 339746 865445 508606 221922 156330 494345 595092 415538 345197 171141 941417 310117 720131 241234 286495 33749 0
MIN 263 0 0 0 0 430861 301047 582048 794028 300920 445541 937681 675018 904754 566578 637411 762799 599386 42867 729682 681660 743992 909024 616337 223846 0
MIN 264 0 0 0 0 867329 638991 823049 367348 537848 152394 346496 805776 266736 411075 827209 106878 425363 519341 316970 354180 509514 820852 61839 14604 0
MIN 265 0 0 0 0 979092 431218 476212 573676 69724 525618 595462 162050 354406 367458 891928 109 218187 62199 226493 400872 434303 226928 239938 194128 0
MIN 266 0 0 0 0 583926 849925 229504 656849 389805 740476 332670 386694 505909 480880 201507 238175 273298 965147 217519 930368 963851 769525 1477 584173 0
MIN 267 0 0 0 0 954423 672632 61683 930164 6538 638725 482872 167187 740100 21627 890332 384705 518109 860943 444444 732327 737843 300744 619951 375062 0
MIN 268 0 0 0 0 488878 857917 160326 420035 16542 979486 271501 715785 715126 182464 155208 222046 37189 267945 326726 726256 595337 640584 151067 532691 0
MIN 269 0 0 0 0 919361 506196 21976 16240 889018 911942 241719 673140 909203 329196 846761 345902 73910 442218 271131 440802 225923 191447 238125 641838 0
MIN 270 0 0 0 0 166516 793804 722824 394488 224796 95814 778259 551511 812131 975558 778596 338972 907530 13119 139075 681591 397902 294355 483775 406632 0
MIN 271 0 0 0 0 437087 228038 919503 370269 176748 95137 345489 657205 331539 379189 445150 554976 807827 480219 85115 135968 276307 325372 694545 189406 0
MIN 272 0 0 0 0 196078 296020 662583 528019 85348 310032 134498 631187 192740 609317 702188 503607 572872 331615 939284 699517 158163 239497 88085 357538 0
MIN 273 0 0 0 0 439274 833600 439200 847851 691493 922975 23834 656730 558178 379131 508238 14398 725975 114955 666263 440693 745936 372362 170622 894948 0
MIN 274 0 0 0 0 348176 120632 15660 551037 330841 866690 149744 15555 241928 700449 252985 571252 615392 826151 771555 415989 867060 163546 599057 371446 0
MIN 275 0 0 0 0 539634 42496 716908 728467 876569 341762 179019 70506 316839 577352 808517 827755 826896 913410 225864 720468 683739 255823 281616 361584 0
MIN 276 0 0 0 0 35017 281385 955828 459305 494113 327742 794121 946434 158409 760821 253728 5241 572969 976137 733372 781926 89647 725062 114465 34117 0
MIN 277 0 0 0 0 50956 201433 68950 400200 254530 910400 563312 711351 401077 834451 754453 493669 988504 126620 827287 800662 433955 104828 132827 734869 0
MIN 278 0 0 0 0 681366 953647 270227 204445 116393 763352 929002 672118 254402 846586 60125 268648 408950 652831 596848 727362 415545 586829 56708 753639 0
MIN 279 0 0 0 0 815922 824160 664154 972462 427216 766341 35638 907515 820261 938948 98005 284906 786403 831627 909456 731074 830011 426144 233170 782919 0
MIN 280 0 0 0 0 20033 670181 242238 169854 986692 826274 739008 740766 456950 435805 909797 947972 305482 298 361508 574158 696988 361713 810982 343587 0
MIN 281 0 0 0 0 356055 821645 618594 772679 724400 683434 258877 831468 547982 752176 51900 726096 348082 329096 679081 330958 482923 974322 509475 551281 0
MIN 282 0 0 0 0 720556 547243 951858 707327 230104 807991 721366 335606 719013 737924 405801 776523 933385 14853 41095 589702 648693 554521 956354 688579 0
MIN 283 0 0 0 0 605715 407802 664053 159758 458060 992097 860879 742539 905902 174050 326681 689182 991304 537688 78029 833116 290697 110169 155710 420883 0
MIN 284 0 0 0 0 130734 115874 858412 71085 99582 420350 639299 495481 385429 745105 704704 29438 848953 536213 119301 49686 567643 894841 574861 7717 0
MIN 285 0 0 0 0 824118 404226 982754 778379 631331 173287 43544 778014 910949 448609 493164 423492 226532 978561 242164 52576 882300 822348 302523 912710 0
MIN 286 0 0 0 0 588556 671229 797523 957638 703257 495376 96004 203161 883196 936344 298917 228363 4036 471074 204706 166730 412473 309559 752925 201335 0
MIN 287 0 0 0 0 600774 950325 510148 766333 514252 853644 921201 793242 616158 831593 713292 833435 392678 178470 160606 22554 180833 330539 607731 431252 0
MIN 288 0 0 0 0 457216 141451 635990 950556 301705 529661 262190 877869 840777 876511 893990 388436 600685 540156 91392 587183 210685 821463 500256 863461 0
MIN 289 0 0 0 0 525020 846623 142052 706799 245535 70727 18630 238921 920364 909394 788875 800666 677881 293444 4713 962130 283990 829123 788619 851889 0
MIN 290 0 0 0 0 301158 315835 44230 461395 854023 363487 111149 587569 967906 774732 949479 769726 383572 266305 311897 767374 833390 272961 38785 144786 0
MIN 291 0 0 0 0 29060 296999 254291 883979 288255 218905 173767 257963 14091 137556 867337 752084 268963 758376 636659 929287 345566 552228 751321 972403 0
MIN 292 0 0 0 0 736177 714002 743392 256291 618555 18941 763413 329154 597777 549267 749878 852029 872581 345839 302894 844323 367977 450640 916155 200999 0
MIN 293 0 0 0 0 168018 255099 419547 143412 761826 213919 585221 564273 606618 326683 972404 769864 410078 122570 993576 705575 486644 28813 604290 613912 0
MIN 294 0 0 0 0 733518 201492 849787 524878 305314 390823 260669 184541 631882 620728 653538 541674 602325 610564 428517 195375 605610 133808 555345 457232 0
MIN 295 0 0 0 0 280192 716268 777166 592289 929509 388351 768655 558840 553249 59543 886092 417830 549694 937537 601050 248102 155514 860103 749073 457127 0
MIN 296 0 0 0 0 672062 755643 385816 782266 227455 185115 143312 126448 473242 666000 390464 304867 435767 228904 451722 365220 771127 24181 157401 862058 0
MIN 297 0 0 0 0 665833 145970 674275 493907 487140 242770 949645 388475 961362 863391 833247 40323 605428 354351 149814 949528 840559 491583 940763 356407 0
MIN 298 0 0 0 0 184467 382804 350793 604459 564694 875993 931770 131100 809201 863194 15286 975316 168697 752234 9660 659036 972742 525435 729097 978504 0
MIN 299 0 0 0 0 126087 798446 176341 916418 978391 72754 291888 162749 509794 762374 638343 3386 810346 968135 830351 938382 900430 182293 45002 93513 0
MIN 300 0 0 0 0 43755 219424 821426 133683 829587 400190 407205 536939 719746 8509 964866 309239 440446 588446 909113 315213 884314 610287 763754 897604 0
MIN 301 0 0 0 0 408499 789312 780995 760683 785512 901766 333882 304324 320124 63059 496315 827426 176845 720012 849955 365286 687995 847220 424585 8838 0
MIN 302 0 0 0 0 54109 688301 249991 342179 281170 786284 713155 671151 779364 348724 675386 795505 477057 20751 352880 502697 803280 213398 202945 59858 0
MIN 303 0 0 0 0 503414 829313 974898 918230 499120 803278 170559 401338 51419 121237 470443 346509 649803 350851 575337 923779 567706 73295 988980 701265 0
MIN 304 0 0 0 0 584226 187903 61227 2712 994546 679797 122456 392371 446704 562975 18094 685803 985796 87621 211886 804140 843973 981369 121991 530038 0
MIN 305 0 0 0 0 528545 714209 20602 636772 560914 823742 646613 447576 59232 212071 800395 412697 459268 421897 543611 95136 345603 254473 477497 412925 0
MIN 306 0 0 0 0 213720 158601 978401 855120 939968 478820 286410 531239 213884 6724 317095 467771 317603 866964 788943 487720 67344 387189 641884 702783 0
MIN 307 0 0 0 0 725705 739392 64234 860991 9483 76597 979447 428658 678054 751602 1888 807075 56913 327965 229784 141451 100285 664440 373598 516609 0
MIN 308 0 0 0 0 551390 335258 479111 240635 887323 327478 204393 161097 516853 755827 774949 379946 144763 103620 975938 742509 664587 811563 154766 618649 0
MIN 309 0 0 0 0 796729 406503 888041 883741 153072 583313 628693 553735 90682 245160 358514 733155 342340 241305 907384 702245 48516 139072 541530 58620 0
MIN 310 0 0 0 0 250562 675566 277209 302403 734684 130941 254008 57154 91955 637772 465909 536528 248 959382 195590 726449 934557 944736 871449 549830 0
MIN 311 0 0 0 0 922205 267783 926310 318932 765586 638432 309938 970457 854092 738627 407172 70656 552008 500864 504455 467364 150786 946415 637546 554880 0
MIN 312 0 0 0 0 570049 844315 9079 136855 946926 969325 68238 394541 967904 55357 826763 135299 204402 160965 222732 251996 605825 295548 442312 208210 0
MIN 313 0 0 0 0 39072 488603 156462 418569 647197 613026 991709 956629 64973 155877 685355 717113 943668 729195 135913 578351 763410 713572 435818 97422 0
MIN 314 0 0 0 0 959857 753277 610631 967768 710265 883699 686985 105883 337463 65358 85526 585750 822885 975787 406851 364166 882236 447557 593027 531463 0
MIN 315 0 0 0 0 467300 354052 461173 3516 335587 287533 875161 654654 969325 790156 248067 144631 3107 49451 352571 227370 412121 299331 617734 258380 0
MIN 316 0 0 0 0 449975 784333 442115 587282 550541 885465 40624 535990 224713 610033 668822 718600 294325 492398 291979 379131 137539 995781 799744 257414 0
MIN 317 0 0 0 0 477000 713171 897480 651818 621366 681868 189628 179117 766469 256993 517672 427078 986162 651236 615527 2907 100627 410725 585618 462314 0
MIN 318 0 0 0 0 448805 773437 687173 115106 776906 432020 144607 952441 639705 912844 120452 601432 291139 96933 670380 614827 5696 305993 472612 854686 0
MIN 319 0 0 0 0 402190 780887 718270 91995 444161 974379 821543 758149 42110 553718 55824 363740 864610 412551 173586 702037 329461 267085 752994 779834 0
MIN 320 0 0 0 0 345382 452142 716057 550873 728236 27075 932852 130075 46289 239238 425155 271956 997345 247693 111248 600483 167092 209988 250275 440012 0
MIN 321 0 0 0 0 225243 321696 124605 828852 237486 91733 965732 831157 533200 207953 444331 130213 964058 468691 908993 919174 79036 232750 179947 479176 0
MIN 322 0 0 0 0 166069 94713 813699 387462 856407 35066 471405 866713 175574 829915 488245 376060 496456 214989 280575 493390 12067 997018 214558 885632 0
MIN 323 0 0 0 0 184252 949715 237635 46041 737283 427147 367416 501285 382704 478825 68799 678735 553166 573376 470674 209648 89678 754154 151879 622740 0
MIN 324 0 0 0 0 562097 985955 487573 892297 309811 431716 854798 75593 682729 142630 219493 942710 15878 218800 499372 793022 810533 375315 985672 402996 0
MIN 325 0 0 0 0 954275 495065 677813 884309 558478 149041 69264 724136 237179 312853 709854 774982 36452 502566 306278 629497 9598 287413 171047 305068 0
MIN 326 0 0 0 0 419241 448470 387051 717348 450675 866301 101518 773785 419861 214866 124309 998755 770323 910526 400746 843963 364911 249564 95880 267995 0
MIN 327 0 0 0 0 783614 470991 808851 391439 175627 181014 506561 201473 260496 145881 808899 991344 23381 227094 485763 444593 735241 330380 450118 212970 0
MIN 328 0 0 0 0 416135 567643 25754 195703 520249 552781 936382 451530 458033 627333 150755 7833 889446 508832 415880 219 999342 8902 177789 46007 0
MIN 329 0 0 0 0 98502 657241 256597 769305 314767 209026 266846 952875 554845 247691 33075 784965 468684 306905 731267 143903 905472 369622 272325 797871 0
MIN 330 0 0 0 0 786194 375920 129226 911175 492326 960749 885804 858778 557893 359097 646635 355228 182488 501056 40087 842595 577491 664977 494830 916563 0
MIN 331 0 0 0 0 269581 890376 53078 11417 486100 247688 186734 317588 93054 948094 607214 89593 666789 763880 681859 241696 851098 163211 979773 860020 0
MIN 332 0 0 0 0 449294 699741 500288 718421 527480 378609 450482 75663 809795 419955 206483 349772 527396 893930 785438 549612 626370 136346 161768 751398 0
MIN 333 0 0 0 0 854102 800017 29019 597353 81742 417083 161135 133142 915489 517224 555738 728949 917471 820205 915323 514825 754039 265929 671798 528734 0
MIN 334 0 0 0 0 953295 623101 96505 377392 919736 562127 527666 616177 846830 822461 128683 176622 783304 925236 720702 234309 54892 911079 505059 771998 0
MIN 335 0 0 0 0 471351 137376 168138 579093 498605 37014 950281 963104 94613 113682 646753 108945 710594 773310 504496 464300 259161 602348 304965 241331 0
MIN 336 0 0 0 0 660531 699194 404497 836876 758181 741339 585182 107494 644766 944543 29968 901605 71602 221168 229574 98273 588645 568090 946974 440650 0
MIN 337 0 0 0 0 171294 906161 234395 370721 420402 161868 361551 109065 436777 897390 903784 219389 992261 691823 340069 394947 431039 142167 576538 92384 0
MIN 338 0 0 0 0 29039 930606 204414 457277 273307 64743 435004 836274 975532 309919 16585 293763 337409 860407 925469 764876 404959 74816 753191 527385 0
MIN 339 0 0 0 0 213581 951153 756680 847398 819902 660015 655431 43317 932543 697149 858744 79356 244472 619234 641783 849799 518403 30491 807228 15852 0
MIN 340 0 0 0 0 920170 773938 198945 800378 280062 968816 128037 876717 153689 526451 620027 513240 779715 359544 643805 188953 408159 81259 143828 37517 0
MIN 341 0 0 0 0 832741 710354 105423 211482 446729 628164 596332 679630 939324 962309 32517 691464 693041 963693 318336 190844 894042 146912 817149 301772 0
MIN 342 0 0 0 0 291664 728925 537104 644476 54706 802012 694525 428361 661019 514848 103480 698603 568602 828877 379076 745531 65296 451594 145692 828002 0
MIN 343 0 0 0 0 152220 880428 518399 591481 924165 881622 849167 310415 958077 347188 195826 200662 902747 445550 950291 754159 886819 384380 35252 339355 0
MIN 344 0 0 0 0 365014 783736 544676 307118 822757 571679 710369 403674 293827 937932 435074 655597 296752 628588 232414 190674 1742 30720 814687 101588 0
MIN 345 0 0 0 0 282130 487495 431302 186253 241878 568027 155397 650866 751691 269301 765689 945065 447253 720735 884106 468451 918558 378257 405600 979042 0
MIN 346 0 0 0 0 323290 930962 416595 132039 827581 140088 669112 163052 343714 443573 177556 861880 551436 755354 980154 117268 556424 183356 734464 190258 0
MIN 347 0 0 0 0 842064 325143 436306 356634 408180 905387 262197 987615 324435 65579 497071 76733 65773 60964 371239 515635 838984 25303 670352 366053 0
MIN 348 0 0 0 0 48028 439648 489106 145366 570965 41152 673496 827072 575444 652078 985995 124157 117473 731035 724195 896498 630730 705634 421488 278422 0
MIN 349 0 0 0 0 354033 241880 672874 242267 656362 236782 230180 305532 38289 717861 996178 604782 943841 899284 617354 223783 647572 147801 348280 574464 0
MIN 350 0 0 0 0 66472 540772 46287 140384 768209 558481 292735 208104 36497 902397 416996 92383 308123 899602 103596 101197 761814 259640 569711 91436 0
MIN 351 0 0 0 0 895916 479644 942898 328345 736010 950567 515234 553010 741586 10036 473612 944284 953347 391099 42179 897594 377085 447845 676095 620492 0
MIN 352 0 0 0 0 689551 904525 786032 973942 706017 651214 351270 194932 67590 831759 425464 494109 442179 924315 510344 153188 351057 581415 342216 543191 0
MIN 353 0 0 0 0 589778 911825 892092 742823 136829 336851 102507 5653 253619 928834 200323 38539 678855 901197 90028 641398 748266 225776 375087 241108 0
MIN 354 0 0 0 0 26682 782847 754194 326031 497264 87514 971912 842640 93339 272740 203381 816243 306547 809911 798393 828935 159852 977857 896097 435279 0
MIN 355 0 0 0 0 266454 106843 899425 265369 610601 64945 150723 508349 215985 308227 649604 780135 851563 105433 476904 133715 606123 263025 960108 971984 0
MIN 356 0 0 0 0 573569 962093 494149 940996 326155 559781 972206 507555 814755 113914 233153 387923 255707 694779 544132 158921 930076 832104 735357 441232 0
MIN 357 0 0 0 0 149128 800533 223344 978221 493137 383597 286892 72859 659530 635084 888418 803743 628443 423312 453256 169896 594596 796902 623560 496960 0
MIN 358 0 0 0 0 387461 333239 194132 197689 619661 746955 735987 723341 138385 323311 558573 437538 519609 794270 229257 550477 522873 840794 390456 895941 0
MIN 359 0 0 0 0 986151 511121 725652 527515 502792 831275 136710 923365 611766 417014 562126 184455 8307 307676 841833 87026 389922 903655 639977 776438 0
MIN 360 0 0 0 0 34081 680040 777955 593739 234938 881017 133385 563710 204821 63140 122960 872719 924011 431163 881276 948392 305610 970190 874399 674581 0
MIN 361 0 0 0 0 280642 387689 686319 647074 161122 702173 808278 350599 848821 804677 961643 637322 310042 815285 479363 416009 153842 860893 282396 806362 0
MIN 362 0 0 0 0 870304 377233 460594 875067 50526 366890 620837 690347 201347 979705 451677 211532 981490 18564 369104 847687 947103 792081 116053 208288 0
MIN 363 0 0 0 0 748190 980116 51809 705517 470178 233751 316926 916770 583809 58021 679147 537431 806552 693851 548290 380708 639685 226518 687693 154547 0
MIN 364 0 0 0 0 678411 222281 505643 432353 986599 851091 405225 118892 782359 360675 873785 12563 217533 847945 61121 176143 609025 104218 904416 917011 0
MIN 365 0 0 0 0 201611 429652 222443 11818 912618 970693 385085 249576 16120 572400 701209 165456 632113 525694 451897 363876 405515 334312 708402 632926 0
MIN 366 0 0 0 0 5977 124836 296123 630242 147499 700340 524141 780802 632143 125799 353161 645045 291026 23755 527916 391355 532278 895842 354649 482244 0
MIN 367 0 0 0 0 84008 521266 148001 838433 748673 649139 490193 299603 719381 683498 140333 778910 212985 773610 209513 767565 320393 966380 101987 912982 0
MIN 368 0 0 0 0 532037 74640 560490 255232 32341 551350 628401 442179 684768 75943 732465 873720 45944 12742 24217 248119 909246 686160 887994 387741 0
MIN 369 0 0 0 0 396482 685921 585529 382262 592650 807526 36612 392586 941120 163550 617069 820787 478429 196014 10602 502084 853323 45045 585822 476999 0
MIN 370 0 0 0 0 371777 585962 337423 846149 426037 22655 759746 894516 239423 381831 709378 569775 10727 479958 190378 510288 459278 245135 237721 471078 0
MIN 371 0 0 0 0 76750 545003 715572 100571 815949 806791 94647 105596 383854 255781 609615 141261 351126 859020 850105 888795 375989 311942 568492 707739 0
MIN 372 0 0 0 0 603421 765055 974153 216648 350989 745413 561122 909413 773457 165146 116893 921111 6953 319294 403986 863202 365704 195178 361152 748017 0
MIN 373 0 0 0 0 112256 436965 4548 334766 746910 705360 267354 522770 728268 856165 106310 293915 59550 278597 519870 940628 965380 897037 627047 169690 0
MIN 374 0 0 0 0 10275 418216 692793 389814 28215 331908 996335 432032 567586 707519 948016 511570 413270 374144 704289 268398 677942 838851 665854 991769 0
MIN 375 0 0 0 0 855100 626865 325362 33878 83894 895657 948623 914569 489936 719685 454418 12069 598262 640190 381891 802268 230754 26947 257838 834707 0
MIN 376 0 0 0 0 378868 491002 157054 514019 806130 733507 877225 30975 745394 546309 129385 835370 58768 79891 904015 511897 176072 239981 371350 250620 0
MIN 377 0 0 0 0 295149 618766 411597 580510 677163 835907 167204 390999 159350 3006 815328 573253 804623 721790 583190 746351 834075 730193 613357 130717 0
MIN 378 0 0 0 0 460515 485277 273428 951982 523457 77052 549230 478547 558731 581425 587892 406462 671084 449909 566665 653308 52920 620075 774452 816054 0
MIN 379 0 0 0 0 205993 368360 732469 958223 364841 83340 101083 226155 468851 452574 850410 79279 122377 67816 985413 592828 754838 94013 114362 866077 0
MIN 380 0 0 0 0 895056 33762 976968 341598 402899 521122 896268 367039 629547 22469 17166 992327 425730 524557 316485 996874 251003 291210 398124 679267 0
MIN 381 0 0 0 0 338553 286722 928148 143346 145687 321641 577282 80548 117648 830362 891510 473572 409776 990870 512244 555608 196738 281195 646068 751769 0
MIN 382 0 0 0 0 870744 981692 556754 178058 682532 97923 74134 738274 196869 492048 610258 569876 951970 301469 255855 323333 967633 985654 126664 112418 0
MIN 383 0 0 0 0 536759 253568 524637 738720 613055 846974 315688 566887 209270 334078 101491 851568 965995 698823 179290 534488 262724 693790 366558 161621 0
MIN 384 0 0 0 0 101394 829380 258321 980071 780266 312380 83629 72703 55545 845842 672604 422423 287949 561283 684441 700695 985430 326474 505957 213364 0
MIN 385 0 0 0 0 81277 164265 439002 929993 267605 949514 487637 776197 175072 511731 693195 834673 42813 7865 567706 238763 595326 678371 155250 831892 0
MIN 386 0 0 0 0 453711 771599 264462 503477 871870 784594 42959 118434 378174 742409 238266 549588 579608 261772 624351 939963 622702 58677 152540 74538 0
MIN 387 0 0 0 0 596183 48661 730716 624722 642702 456452 305900 48032 112918 296715 476361 920176 331662 810573 241095 448043 234068 191622 325465 249955 0
MIN 388 0 0 0 0 257983 593627 578980 590068 977053 495969 118834 172676 846638 383859 384406 631253 695834 434732 586158 121331 218375 204249 10014 175079 0
MIN 389 0 0 0 0 778421 470356 287082 317386 753733 254936 122837 661680 333870 960026 304641 125777 54376 35806 140179 161056 815812 940793 914230 768620 0
MIN 390 0 0 0 0 903282 241273 593806 928871 943335 400900 783246 835365 987978 594301 567872 131269 49721 495890 812096 358528 477282 378801 405993 351960 0
MIN 391 0 0 0 0 539267 533296 479372 992100 578676 647919 16890 624581 854546 459712 402924 485844 297836 198734 509547 111215 299900 507438 95049 302706 0
MIN 392 0 0 0 0 315135 93756 275837 423667 519398 320578 433055 916988 942297 655256 850850 106090 159315 121312 849418 837308 541118 28692 472163 564584 0
MIN 393 0 0 0 0 320912 430644 486064 273982 339115 420012 86258 872722 608954 420752 469897 78988 980910 574734 604392 940987 155816 599068 413168 688782 0
MIN 394 0 0 0 0 551187 182080 21092 654517 734036 561796 295757 762609 263269 716501 98206 826956 888466 431480 94967 869956 843044 700431 233445 710544 0
MIN 395 0 0 0 0 295186 369596 144224 396836 667999 10931 515783 910194 880799 120958 899614 933590 482292 781617 34184 362345 636384 176471 794886 73817 0
MIN 396 0 0 0 0 61243 499194 743751 898254 217462 860929 538391 707812 527174 915526 597494 513783 70822 364371 475046 299316 186471 843131 280635 297315 0
MIN 397 0 0 0 0 588244 446599 152031 615190 658965 248649 203646 95541 527074 538613 886877 628159 166944 568894 775918 20043 444264 77335 777099 101546 0
MIN 398 0 0 0 0 230282 873714 902023 484026 970611 946165 290781 309026 929638 395903 167878 999769 544421 964753 580421 288702 922049 803309 732162 909034 0
MIN 399 0 0 0 0 368509 965334 879714 138854 544657 373247 210678 359508 529329 447803 625143 128578 829059 472002 354839 976939 600363 713754 302774 219889 0
MIN 400 0 0 0 0 26251 897465 277500 442170 437482 897740 762987 171545 732438 457931 109433 853912 962342 492651 739875 363687 527696 480373 418754 245336 0
MIN 401 0 0 0 0 738838 34803 63641 616357 195617 910448 335312 771042 686699 32588 151567 87890 44681 302738 863749 970997 277017 141241 778289 912138 0
MIN 402 0 0 0 0 622677 190908 249596 880497 834544 114261 99111 610700 452473 170212 690052 522369 437703 317555 796784 802582 105790 920367 38248 414657 0
MIN 403 0 0 0 0 901075 794549 926548 137800 402579 172665 990006 695933 37853 198116 443192 881817 807209 787583 540071 574416 875496 296514 270668 92514 0
MIN 404 0 0 0 0 214061 114200 40401 744449 360963 165685 187558 316872 15901 483685 246082 669704 151809 593974 305074 653173 580201 572172 897386 937553 0
MIN 405 0 0 0 0 333366 298787 683747 345213 272613 99721 302117 536733 919108 984085 892804 755700 660322 616269 869819 59503 417190 903416 540426 384143 0
MIN 406 0 0 0 0 640887 420854 752639 487788 646334 92176 823205 145826 613142 32620 907652 106587 881510 315387 309573 767670 255527 883956 818773 442638 0
MIN 407 0 0 0 0 592047 652023 442752 312191 475698 575886 743678 770100 761276 921727 184638 970574 345872 871200 329481 841400 573081 460707 180605 829800 0
MIN 408 0 0 0 0 733691 203805 660291 874379 657613 859505 103262 370210 69867 179972 913359 163384 298611 779286 932155 190076 420876 15337 469499 512128 0
MIN 409 0 0 0 0 94228 890745 388871 908028 390671 899782 442073 538900 211310 950520 870329 246889 816734 828628 648076 420068 946793 639551 64861 617015 0
MIN 410 0 0 0 0 585133 885742 994553 173257 984774 669678 674829 662465 435559 334235 214354 91613 420225 408356 177252 326073 335865 815248 685330 528026 0
MIN 411 0 0 0 0 991919 83763 113799 916455 352070 933324 567238 427439 77712 673077 476741 335528 548782 544113 333735 919262 965289 227584 868557 889749 0
MIN 412 0 0 0 0 405252 773582 699899 591972 635381 212641 561356 423517 494431 486522 703725 583857 815505 481392 481472 482228 866574 382337 488844 175003 0
MIN 413 0 0 0 0 832965 349610 131241 292940 395654 110659 355941 454523 977614 99557 813591 686480 43242 510573 858605 183108 391344 392821 71191 696358 0
MIN 414 0 0 0 0 764698 721065 291190 924186 190116 205406 664532 603624 828251 587547 1770 404986 174604 637149 260199 992322 87805 45615 82098 833489 0
MIN 415 0 0 0 0 19833 455394 347862 257982 894558 701181 534757 76354 590898 858013 322168 25021 417203 64099 843378 942317 790148 405899 932167 580210 0
MIN 416 0 0 0 0 810885 442072 388796 533053 753754 403394 764883 299337 439823 475012 181241 413760 130523 596470 557863 576126 460104 991899 56903 952739 0
MIN 417 0 0 0 0 148490 542158 730178 893265 40435 450150 228842 454647 690652 524330 716353 803463 739478 233506 552796 855580 785774 619732 385161 872666 0
MIN 418 0 0 0 0 61514 7072 731983 232235 864707 84469 241744 261087 120325 786842 765042 260668 964702 637003 890054 932737 852931 752113 65773 708774 0
MIN 419 0 0 0 0 737914 203839 35439 184952 772083 633147 740634 264112 492314 129242 533572 120008 775362 766396 423727 848028 310390 806407 733489 568782 0
MIN 420 0 0 0 0 771622 848587 331581 300147 427627 402392 413762 771949 416037 42921 359415 691805 619537 126973 995071 64126 930099 70606 714342 752766 0
MIN 421 0 0 0 0 666611 884981 966241 833620 739996 152685 191852 600777 344958 626609 382776 645307 404968 4126 269944 693359 507251 527599 266067 506067 0
MIN 422 0 0 0 0 459230 733817 944982 719565 323298 230275 473899 553145 696738 442297 703502 984 713127 374899 489974 492439 716214 296226 915251 141217 0
MIN 423 0 0 0 0 654419 125418 481248 777443 522619 864951 383516 287525 91541 804625 696547 732668 119716 244027 633886 705467 976758 731857 868622 148391 0
MIN 424 0 0 0 0 307927 764519 222478 960879 492803 382033 679289 459640 754839 114039 9879 758910 761867 368515 940231 200482 468509 231610 555960 4988 0
MIN 425 0 0 0 0 176485 550639 553099 655868 488776 692050 968957 858106 886303 796337 792998 4599 759124 481626 23440 389083 7918 803583 354430 181762 0
MIN 426 0 0 0 0 414173 537552 442556 312480 784161 724381 450607 265964 202152 693380 810134 42831 807285 50579 690610 772719 188765 241158 680928 584661 0
MIN 427 0 0 0 0 386327 172180 278809 113850 209610 324120 904288 625416 491618 357610 919929 776008 57580 891927 96121 200685 89805 843842 852390 14686 0
MIN 428 0 0 0 0 9520 217417 994682 644565 212295 99472 316303 279623 332935 241514 859927 260506 440135 765612 991814 883416 199007 597542 383237 103140 0
MIN 429 0 0 0 0 983749 831836 943094 90857 377853 970642 486686 151632 630028 634110 525654 664963 174971 768563 63113 275373 597036 491311 395250 837848 0
MIN 430 0 0 0 0 466652 309677 239958 124631 941363 806282 456018 830539 645464 91649 523907 372869 263679 700019 657367 824004 925932 286313 920358 978689 0
MIN 431 0 0 0 0 851976 398078 359361 442054 352452 330860 869394 788056 977696 531271 43352 41816 785326 655760 894738 393583 19582 88645 485686 883926 0
MIN 432 0 0 0 0 161086 582257 494031 1019 843040 723331 397274 820328 745542 354253 615729 476794 944124 366500 877242 59966 242884 872153 797447 238593 0
MIN 433 0 0 0 0 666490 715992 886854 496152 969174 713048 629717 593931 160961 858488 47106 74807 839778 833330 3243 979474 309161 345451 865556 712400 0
MIN 434 0 0 0 0 576259 826463 145260 527813 569371 411425 304314 472480 247579 923165 808432 927690 514344 25627 296789 397110 698346 444462 245622 933230 0
MIN 435 0 0 0 0 317953 221415 306089 517627 462522 457713 127818 468267 836293 212882 211872 68584 447844 235282 665598 536102 206523 975900 968884 820679 0
MIN 436 0 0 0 0 921530 426005 936675 880530 451200 672311 821864 112626 691097 841866 720519 467562 9147 37196 591153 971707 990486 858082 532737 695867 0
MIN 437 0 0 0 0 764950 851893 503292 157581 936444 248874 749045 51402 180158 116425 570927 778333 856726 557274 614346 992699 130245 20921 961161 229150 0
MIN 438 0 0 0 0 699236 720565 63471 875964 489569 546730 113580 659160 54759 551956 590434 264508 222034 314030 453242 878051 227469 551392 299532 322762 0
MIN 439 0 0 0 0 593196 174173 699472 401747 820555 884595 581543 249716 847103 37648 288843 297609 184629 703157 399324 976000 897877 772782 946852 78765 0
MIN 440 0 0 0 0 187195 358427 286645 344746 352116 967288 360344 797604 851332 16267 722465 975103 706882 318713 475800 857775 322493 478907 906343 739345 0
MIN 441 0 0 0 0 118812 683469 738365 523187 984861 500035 408873 510268 444969 925770 822956 40652 691628 66230 795436 331878 248166 455158 519438 816061 0
MIN 442 0 0 0 0 448701 688203 211512 564484 257168 393528 5874 337698 982913 355676 963716 637110 992528 4596 577129 31261 596991 921768 453572 215425 0
MIN 443 0 0 0 0 445931 557075 597906 425655 336394 933512 392852 231446 662366 985675 148594 786941 360922 484133 303533 651354 958429 443457 531808 909470 0
MIN 444 0 0 0 0 441687 115108 418510 589567 15421 998162 366312 965049 568331 775504 944698 808327 743495 324355 341013 908811 435740 362040 158015 765535 0
MIN 445 0 0 0 0 444636 184855 741801 410899 815138 829947 745429 845274 703278 204325 874187 26921 600329 112569 55096 401135 63419 592522 874733 216774 0
MIN 446 0 0 0 0 71390 996529 563034 272706 298125 887996 953099 237102 769764 832781 22563 172183 812972 735610 279313 914025 93696 150515 348503 275248 0
MIN 447 0 0 0 0 493407 489372 616502 83369 30050 230000 569136 445443 175114 388111 271217 389233 307998 64818 416478 3874 502229 980008 906829 516091 0
MIN 448 0 0 0 0 359694 487267 676990 792979 629986 33982 934146 928656 660498 957169 332193 322043 694560 500226 612597 404409 765491 540798 630152 698902 0
MIN 449 0 0 0 0 940047 339306 563311 244468 376000 689129 343216 428394 732199 315883 294165 721174 527465 921399 338130 51714 264631 760450 185083 908727 0
MIN 450 0 0 0 0 494686 744417 761279 106940 828971 442840 399077 310576 120472 128478 332901 928252 738317 806707 126573 636911 304415 612570 137425 758967 0
MIN 451 0 0 0 0 974138 909262 946474 777914 531031 734445 587499 578867 970808 971723 858147 466666 589822 343583 893521 680588 736904 900722 761392 527759 0
MIN 452 0 0 0 0 279781 482183 242468 151836 591805 630711 880120 875343 689514 972077 498816 8698 884481 995499 564683 48950 40932 611848 818187 164391 0
MIN 453 0 0 0 0 404106 748284 543331 437452 886296 391442 253294 755264 639501 873613 205913 690 887146 938956 236838 281576 632924 136392 245496 563197 0
MIN 454 0 0 0 0 765430 178809 86586 462841 474268 219758 843617 617282 190322 252577 825468 439097 729385 929567 855928 404058 322543 985768 882982 267027 0
MIN 455 0 0 0 0 294744 935732 320889 429657 829068 668974 596481 557267 156758 854172 970408 229516 810808 432503 703878 29489 357952 500059 435031 700108 0
MIN 456 0 0 0 0 286155 135727 551217 316398 818347 669147 996208 193817 957189 50929 545484 878772 14202 358887 916713 982208 696963 45702 227973 257471 0
MIN 457 0 0 0 0 163397 598519 395127 325444 417942 582810 834820 935260 99187 676246 711703 301973 232199 802634 166989 276443 207978 763820 982598 22695 0
MIN 458 0 0 0 0 2741 248882 304132 415876 520239 195804 380152 403930 567219 521508 468427 195375 291025 184138 529943 720310 832067 565697 32247 169765 0
MIN 459 0 0 0 0 154141 140619 808917 886879 737380 724906 199170 131234 631084 482468 977940 509459 476225 611020 777953 416552 487630 9424 620654 932647 0
MIN 460 0 0 0 0 450738 885307 805103 756838 538289 290161 280113 799139 17774 742342 688340 697014 873064 83326 126082 190179 505009 557141 704873 476523 0
MIN 461 0 0 0 0 238282 30888 703447 208101 573158 610593 281880 314302 999210 780602 379588 88008 262390 697932 185128 52623 803409 231019 150912 903634 0
MIN 462 0 0 0 0 288047 763299 921652 220782 736719 287466 32081 800341 489183 108678 644418 181903 981793 793683 961113 16363 693792 585546 978525 166647 0
MIN 463 0 0 0 0 34593 966768 241782 864933 208872 316312 915583 151534 956398 889633 206615 170844 210412 714968 703368 128585 712906 135224 444686 944107 0
MIN 464 0 0 0 0 429304 151756 55238 153871 959129 132998 798633 695673 759097 582338 294905 759581 23073 961622 161102 267380 171500 79248 412183 611174 0
MIN 465 0 0 0 0 923013 245511 516404 24754 723089 774921 15540 370091 905444 108877 646944 744019 996358 930954 306635 936822 891967 806759 414117 761320 0
MIN 466 0 0 0 0 178724 322059 307487 908888 886066 161159 764694 462383 258384 815604 568299 178302 266746 246303 880906 699481 571211 118806 652128 651115 0
MIN 467 0 0 0 0 940841 206984 714234 866478 150815 498206 764776 279405 652421 257785 210012 704265 440732 406428 446348 663898 934012 327278 812944 19389 0
MIN 468 0 0 0 0 710472 143467 553790 686020 74868 711770 946797 244183 408364 696241 573510 397383 882744 43831 157856 823946 23320 351064 602222 411100 0
MIN 469 0 0 0 0 89903 793129 452773 215049 173084 80032 374171 329650 737920 920349 343639 128265 161020 252436 984759 555612 528656 288617 567823 36930 0
MIN 470 0 0 0 0 165586 446852 517227 958687 421935 526556 483431 170540 54370 525147 252644 937371 220814 2125 248486 358093 480869 512986 734765 783874 0
MIN 471 0 0 0 0 397813 890392 944789 560409 499016 957949 579150 825913 345062 378363 744450 623321 499011 700802 190568 581793 749590 563797 316942 659587 0
MIN 472 0 0 0 0 8014 858239 44468 516334 40322 314973 193088 514439 309506 201993 63052 690561 720223 879736 885381 727580 677342 585362 998385 563816 0
MIN 473 0 0 0 0 205772 212157 63781 990068 429954 614673 927295 693503 40916 339042 715077 682635 902419 428289 285523 84418 23965 349079 547962 909760 0
MIN 474 0 0 0 0 968507 207288 559291 735034 56629 112341 625313 409722 508781 406963 360224 256444 441682 10777 473113 374062 699155 788812 964910 683158 0
MIN 475 0 0 0 0 355782 110306 830194 213607 658553 144852 993462 61089 904666 249100 604832 631415 188446 306119 627709 352114 754412 852664 304950 943297 0
MIN 476 0 0 0 0 758226 88944 76089 263425 321531 358737 475439 31467 702473 529428 695506 507126 710054 491765 559090 783813 203679 828714 451070 335566 0
MIN 477 0 0 0 0 845690 318687 810839 756214 947804 955344 744407 462376 816211 192097 554652 946387 520204 139379 164440 779159 369430 505497 963053 517837 0
MIN 478 0 0 0 0 101835 200650 124220 479153 14582 476023 565465 59670 123445 613676 725461 707844 324481 771372 960546 463646 57781 782490 628010 240778 0
MIN 479 0 0 0 0 764469 322865 403161 339199 976933 804860 966760 39970 772465 413554 949202 469977 711563 953734 672749 136654 910153 104342 578119 394057 0
MIN 480 0 0 0 0 78701 448888 47950 8957 742582 547511 348079 448152 630576 509815 780238 528635 558723 90377 700648 460270 432115 989129 61272 793528 0
MIN 481 0 0 0 0 708791 401997 31636 878891 294925 358787 303146 554258 890184 909175 547661 984912 403960 920793 424035 503395 579396 649196 604645 407383 0
MIN 482 0 0 0 0 152659 565042 391462 306730 323045 663886 528333 201559 267260 428636 349600 473926 397927 575985 495369 506279 800954 716711 427735 313144 0
MIN 483 0 0 0 0 926245 371541 864611 894727 655970 932480 978045 77235 422230 946533 2307 803837 236205 921154 500738 346980 718783 776866 729588 51149 0
MIN 484 0 0 0 0 454887 183915 885258 426445 813220 121845 714448 389212 814610 530967 109852 759945 435566 915129 705607 107594 701071 841698 970241 775584 0
MIN 485 0 0 0 0 675757 758595 675361 87126 457602 88013 23590 530753 74607 41884 54955 577764 576908 821191 204140 107124 247686 780385 345075 625914 0
MIN 486 0 0 0 0 966682 992742 861557 758252 499142 675333 737133 380977 173353 445704 267824 134661 23648 118908 639462 834924 320531 575837 328738 558541 0
MIN 487 0 0 0 0 18967 211486 930904 756940 607690 164155 638226 786854 894838 260552 257095 677839 910422 327923 419862 881038 143327 152810 890852 171964 0
MIN 488 0 0 0 0 260242 393079 857484 190991 622226 258851 841221 804354 484593 578426 702677 621855 413606 348093 391148 22509 635752 254151 391760 909829 0
MIN 489 0 0 0 0 127598 801192 417754 145604 633782 769461 433887 29607 322303 675489 414670 695696 659296 217420 339779 181211 448466 834368 313920 845347 0
MIN 490 0 0 0 0 696893 990493 380107 932017 980662 808910 920901 264399 484847 105117 688162 743009 464427 470164 937857 876354 527442 184945 73388 378931 0
MIN 491 0 0 0 0 60529 724070 492319 46882 145088 540724 600381 380660 267182 417040 924901 994686 641250 421507 879519 202263 455538 861338 580093 264099 0
MIN 492 0 0 0 0 907852 298455 380367 688843 280082 706556 523305 416613 175754 874956 413929 731977 216132 461799 697501 308362 140192 992403 718512 622438 0
MIN 493 0 0 0 0 233476 495792 602036 98706 744026 22168 24634 778245 409406 893963 290219 376302 794898 283363 664931 339687 122482 351068 398278 597189 0
MIN 494 0 0 0 0 907964 887874 829205 335411 109347 614067 750672 298351 155611 279857 460197 173962 707828 952538 65230 716185 253050 998971 24838 704097 0
MIN 495 0 0 0 0 627872 87707 722915 982553 957400 222526 670504 603464 131315 710099 244093 486929 398098 661748 304780 506986 873248 265594 391800 447815 0
MIN 496 0 0 0 0 292450 496892 164445 134836 48065 984786 776863 434265 814506 337806 984641 395547 738158 198905 588414 327762 222320 956541 524482 576753 0
MIN 497 0 0 0 0 587322 665864 376506 123696 472957 357766 83694 135316 268305 582977 975587 886927 100750 554574 82982 116169 457230 343372 500131 883299 0
MIN 498 0 0 0 0 114485 497777 607214 331141 941400 971399 102101 610978 291584 422651 678798 993939 154510 965825 880558 897972 671899 746077 782771 884708 0
MIN 499 0 0 0 0 976275 401372 676643 851204 371929 406387 176629 734813 830458 70664 275406 302594 85699 878150 85416 719860 255263 757472 602191 558086 0
MIN 500 0 0 0 0 796794 176950 744282 290733 832915 947976 452467 112541 634336 141921 121449 763599 682553 174248 703345 230487 339760 923002 450874 699469 0
MIN 501 0 0 0 0 672193 439905 689104 369748 476772 663432 71600 135236 101884 66036 339601 210144 729178 75909 740856 632560 481436 776111 149608 462580 0
MIN 502 0 0 0 0 206239 662897 207358 650682 495231 423724 865127 825695 806338 978195 608879 889648 500401 494343 678998 651889 26935 946627 153764 249878 0
MIN 503 0 0 0 0 936718 300070 302703 965543 55323 425242 846868 713250 308292 402531 143566 998268 605303 798657 282304 905696 77004 948684 74640 65167 0
MIN 504 0 0 0 0 875210 720855 765198 209344 149617 47102 972933 519202 188356 628669 770903 200081 832608 277929 633085 587638 313037 623149 576255 51359 0
MIN 505 0 0 0 0 443303 379668 240235 619146 151595 637461 250074 234630 13450 939879 355780 886568 687826 92966 409100 788515 331441 285738 445298 937721 0
MIN 506 0 0 0 0 825766 264118 802622 253641 889008 978763 843647 470939 896991 99243 236395 16019 900265 896581 837564 877878 182140 82681 871667 560049 0
MIN 507 0 0 0 0 683297 212770 763940 354970 688859 379692 541942 182532 448099 586520 399877 80596 371952 904892 400269 830543 364224 481562 647573 309245 0
MIN 508 0 0 0 0 187413 482748 656703 838757 644537 176901 565502 218654 356729 898011 274920 985962 42473 740986 157460 494676 613529 110739 869780 677433 0
MIN 509 0 0 0 0 205982 726227 554418 952298 318410 603688 496140 983744 487194 882094 604248 73322 518471 963272 26449 389204 771078 680271 887829 402369 0
MIN 510 0 0 0 0 522314 501629 229071 236488 369090 515616 559879 536322 453171 685081 319484 118181 604446 321074 420281 334445 639192 331931 454954 267920 0
MIN 511 0 0 0 0 799237 835823 275620 351022 434450 190628 874557 395199 79501 864692 634121 17286 682478 474415 625874 867435 660240 50818 915911 629315 0
MIN 512 0 0 0 0 69139 623184 449933 957050 223731 809898 650200 470752 645268 229074 123454 718944 518485 864497 241095 299068 629267 674923 6659 149021 0
MIN 513 0 0 0 0 755575 503136 11421 98010 493649 630826 295458 862837 366029 316184 360395 986940 798140 20951 357236 256020 727332 837797 985525 640079 0
MIN 514 0 0 0 0 367302 951381 451978 34870 864789 615314 770603 83797 979974 300787 981686 887224 261905 386820 276486 675073 513179 313415 560171 496862 0
MIN 515 0 0 0 0 230882 763114 500058 544829 298441 983839 470101 302381 134179 134814 226198 816582 132025 955547 605108 208833 741136 355194 812455 287017 0
MIN 516 0 0 0 0 124086 202020 862738 730405 165954 388539 197702 326275 285471 539596 772309 295515 392261 742217 584560 626545 634515 775318 257533 110723 0
MIN 517 0 0 0 0 850514 88221 323741 357932 809395 570484 812307 381655 486082 707137 389195 714668 623408 907063 906814 337591 862906 402351 695595 839857 0
MIN 518 0 0 0 0 409753 23441 766511 13298 344594 256011 440045 776379 401440 628517 746311 563406 529188 335978 799702 313583 37157 373877 533479 836608 0
MIN 519 0 0 0 0 791414 336797 169110 896775 963618 465774 866734 323928 403260 867094 509452 224693 710774 953177 226633 68448 638494 443408 628697 561825 0
MIN 520 0 0 0 0 201424 394117 220024 754167 280347 54011 375705 689839 157917 789002 688980 512524 511721 739779 814874 782493 881185 4345 928843 135263 0
MIN 521 0 0 0 0 220792 862548 128609 65033 29472 666156 698975 20349 450500 552005 379578 93661 637960 2903 873969 549812 98328 454010 203263 690827 0
MIN 522 0 0 0 0 895523 227577 15721 854826 617816 421916 967275 530349 884762 550699 551941 427313 732183 444873 615873 373836 613219 62533 10451 859669 0
MIN 523 0 0 0 0 774796 352189 736365 999927 986585 156791 695904 366684 832366 527319 906138 222228 257332 640251 482910 43488 123969 4334 905525 133483 0
MIN 524 0 0 0 0 740051 231267 214215 436244 470470 908732 598274 289405 527860 52463 920936 591187 561582 937591 651026 397924 281895 554572 926911 990676 0
MIN 525 0 0 0 0 352504 313322 13847 728306 766657 489163 964155 97855 906690 560126 987397 134338 931356 958013 967679 908206 838730 283504 396631 234111 0
MIN 526 0 0 0 0 472425 934582 322980 896819 138819 659966 912403 957578 784319 502443 684448 114227 335551 465464 381537 636304 970139 833794 52834 953466 0
MIN 527 0 0 0 0 763684 837260 893587 988360 163180 981526 331009 411333 406848 749176 464010 971229 637993 428916 725526 181949 79410 193269 436725 739707 0
MIN 528 0 0 0 0 848250 560084 120769 737857 772844 691296 799520 736196 392696 59108 132335 433243 93832 902452 595741 615642 575055 122197 591641 464114 0
MIN 529 0 0 0 0 656964 596844 109170 947918 522277 643858 590651 943032 30907 723122 629433 225768 716852 742617 129237 14625 799102 320168 563960 423068 0
MIN 530 0 0 0 0 229901 195632 653925 613582 223036 431487 797983 601593 708903 985189 436156 176866 830744 50728 127184 23601 982108 589423 937663 517691 0
MIN 531 0 0 0 0 658826 783351 925747 144481 887549 256939 599191 938447 830813 532290 741912 688388 283620 696964 190924 886005 54501 532560 130266 434614 0
MIN 532 0 0 0 0 278745 259281 831657 3435 31896 87191 757322 258949 743213 187608 939285 711815 328485 474509 903066 980479 946861 370258 726111 966712 0
MIN 533 0 0 0 0 289656 454413 859721 803384 951744 339595 153106 124498 671357 285585 391715 443098 547819 79363 781785 438176 475666 748808 349552 998049 0
MIN 534 0 0 0 0 884453 159363 861041 242131 133866 349358 585359 410832 368894 303843 421328 181358 736044 116213 741480 430143 273388 160305 95567 875118 0
MIN 535 0 0 0 0 258969 236877 392181 49959 916948 303912 530745 156975 680634 574595 669274 923811 859044 963583 337577 98539 522303 230254 893415 257851 0
MIN 536 0 0 0 0 183714 103733 153628 40695 793973 398018 723117 873129 259480 663596 665404 506926 109848 774126 936917 34456 223738 122543 200453 258513 0
MIN 537 0 0 0 0 506695 506012 308855 101408 541839 411873 914661 325266 268666 584445 412479 234885 815611 814816 112551 155592 179941 995163 594522 383419 0
MIN 538 0 0 0 0 964803 574025 991139 493059 326770 107006 678266 872313 402651 837783 115551 480492 763274 387800 130231 618201 808942 277555 624438 586889 0
MIN 539 0 0 0 0 886369 844994 6358 771324 769455 228980 846123 581586 785607 782425 429439 349743 766958 356287 738460 881591 455264 978841 287187 479109 0
MIN 540 0 0 0 0 172422 765365 792996 290594 222414 565764 703440 779763 168394 587394 151165 987761 249198 40445 707890 996119 534581 720530 797231 501986 0
MIN 541 0 0 0 0 758499 996562 495125 891883 183037 100922 754191 752135 355568 614436 892015 69369 149985 227150 490513 620017 557310 701252 178447 388192 0
MIN 542 0 0 0 0 932489 191775 840695 548297 955650 107612 283700 162692 595832 713805 742829 928019 603453 468380 280384 748908 269226 469600 422491 560311 0
MIN 543 0 0 0 0 94482 503362 740152 327635 709912 907380 525374 573905 658301 705594 123052 99492 774545 840854 938589 137443 254239 240147 577812 890317 0
MIN 544 0 0 0 0 701248 383729 753740 240643 177548 161092 467267 887629 460466 629709 570714 487419 152366 283238 566063 483911 653117 658747 14905 828347 0
MIN 545 0 0 0 0 617310 550611 32238 247535 409135 681545 595024 679672 430660 929202 703532 795899 428607 813796 761962 841297 85481 434768 413509 836585 0
MIN 546 0 0 0 0 985528 921654 842385 930688 800607 211418 51376 986755 470817 958680 778502 46046 120376 985801 784327 124332 172166 988765 796830 842531 0
MIN 547 0 0 0 0 204480 804594 520557 636726 359764 113214 113591 115922 331696 325850 559691 670584 138888 750544 212815 172613 913546 123270 195350 737526 0
MIN 548 0 0 0 0 621242 233951 594388 398895 657525 6260 371490 394198 937779 385945 629459 619544 569273 771492 274768 551055 796514 166816 129621 347577 0
MIN 549 0 0 0 0 437942 65388 670695 281695 268370 171403 85244 325307 480950 410234 133630 632504 274028 190951 833316 527429 314227 496719 424127 42652 0
MIN 550 0 0 0 0 57712 392163 764429 442916 777754 774537 615305 718 550513 955660 464554 212759 635434 697768 120108 479196 545110 678467 854217 243379 0
MIN 551 0 0 0 0 440299 37683 231608 875713 485823 533895 705641 120278 455184 310352 513415 22295 129889 162840 427904 788073 106397 886159 412114 129406 0
MIN 552 0 0 0 0 878171 363246 499648 699808 884607 85469 500405 846155 254717 874839 7968 749774 622564 838839 258699 7688 475637 154432 320248 54836 0
MIN 553 0 0 0 0 873049 335542 417860 406109 792573 582835 112545 146062 656771 816658 147720 743519 32699 873936 943673 47962 910112 141981 673661 45491 0
MIN 554 0 0 0 0 477160 786425 370726 326468 343602 369638 864993 347093 315828 454530 406675 171221 112020 99053 655334 232505 409668 206138 528960 729757 0
MIN 555 0 0 0 0 736459 798931 432277 808430 323235 686369 826922 429637 507344 53811 332788 310891 808641 910589 93250 703080 584190 322467 259141 729331 0
MIN 556 0 0 0 0 56995 91650 898659 187910 446091 319059 720428 98099 83685 469699 232379 912889 759204 990347 738529 767819 31023 94851 47145 519091 0
MIN 557 0 0 0 0 749670 540608 535646 695750 300656 534758 945935 797014 758842 670158 495389 440592 867184 83824 145153 600891 219199 755021 592706 80862 0
MIN 558 0 0 0 0 548331 837195 914078 975097 956204 275663 408539 841036 53089 162916 743379 133123 381805 634199 937830 250218 556089 501729 81348 889000 0
MIN 559 0 0 0 0 305501 253755 154682 857006 6361 462290 769817 685990 482715 426047 995820 720800 174269 960052 205108 730305 552139 327704 723484 496840 0
MIN 560 0 0 0 0 691343 119313 378970 226984 811061 392407 850293 610923 860456 106597 426129 50630 476018 117110 207147 142192 71982 527154 524805 650885 0
MIN 561 0 0 0 0 507952 364560 455087 818435 782282 159593 355522 793381 760855 110688 414327 114451 897807 917077 104919 183892 16003 568895 921226 146232 0
d=7 m=28 rows 28 u0=2 K=560
MIN 2 0 0 0 0 663691 984088 21612 416154 259797 904670 140523 550408 788646 928618 603365 21578 504167 383284 964772 564743 85145 748132 59678 540559 726726 271659 349550 563795 308964
MIN 3 0 0 0 0 752481 830469 485685 694229 282478 435229 405230 530260 901793 959664 680390 76136 160478 867356 714895 885878 15059 10592 388163 347239 423109 214542 123029 780908 302027
MIN 4 0 0 0 0 868405 73613 221548 898100 681714 123595 462844 575198 729345 143380 862248 24975 476293 994021 762924 494129 187782 425968 760114 224700 528413 543522 945765 228019 881824
MIN 5 0 0 0 0 721059 117529 912078 370990 652131 206213 547248 145838 204046 883155 927473 898865 566645 587076 760062 40514 947251 982617 209928 443889 475825 133870 749762 566380 987827
MIN 6 0 0 0 0 439008 922439 184079 24130 107492 728360 278346 143608 198980 107610 409873 38158 599173 815177 227985 946861 994564 395147 508798 963335 125935 588553 297190 531717 913473
MIN 7 0 0 0 0 268875 82117 912230 251771 555818 996897 466226 625729 933530 423535 564221 564542 750366 517772 7291 199803 72642 85805 295004 869728 964458 822478 192426 136710 271641
MIN 8 0 0 0 0 932370 537184 169049 238859 796419 963322 436580 2917 227500 948146 36098 117045 516291 425945 25811 116477 705921 123423 430284 131681 840881 795249 517564 414328 275212
MIN 9 0 0 0 0 831034 444311 532745 390715 701085 562889 209981 369177 586285 701149 959738 666448 662217 387899 170742 769389 653515 146051 860421 994029 242636 314530 68581 386500 22099
MIN 10 0 0 0 0 452294 595126 883124 554882 965209 126708 93724 828496 974750 49482 732943 666114 356773 418455 599834 595992 482540 347097 261901 169043 547972 468798 232868 958843 796828
MIN 11 0 0 0 0 168373 840214 79330 756354 219955 274326 156022 491154 625859 542991 873074 430262 471954 75432 468160 475037 938386 476954 330691 209635 702199 887787 691060 316589 151271
MIN 12 0 0 0 0 345046 668915 848969 167094 494619 660868 827905 167522 697150 394776 509723 354195 827684 743321 326244 717894 701969 582963 307130 763105 89281 405612 90840 80633 906845
MIN 13 0 0 0 0 805387 698468 471401 894140 90911 87988 710251 203574 126367 179586 732222 214728 830423 246501 161956 907407 127182 763891 372820 350845 726006 554640 735505 815160 821910
MIN 14 0 0 0 0 346909 241842 419855 150565 620092 651664 453416 829614 475008 594001 906753 104189 216652 857503 83258 544532 895229 715057 440618 701017 691786 911174 408000 277832 597559
MIN 15 0 0 0 0 566495 788323 70284 699353 858530 168218 442981 592423 906883 637160 707596 279598 518587 704735 550175 669885 927548 985149 472015 420511 452308 761616 999117 879161 167393
MIN 16 0 0 0 0 553891 664738 93720 367699 535698 477472 294922 261321 316660 358326 772575 782145 113938 141849 662649 657024 321101 1455 54329 754576 706080 688051 500690 895887 546805
MIN 17 0 0 0 0 74489 188367 814641 813752 168308 749720 973389 801371 250447 114298 54057 740330 262027 915603 140593 449175 414657 878429 596600 298433 72595 565531 403411 644708 643790
MIN 18 0 0 0 0 791673 796513 298419 822628 755897 889200 471892 712364 468139 790744 9044 985581 230281 641679 770717 399250 387602 775412 362444 777738 959500 30012 700699 261593 706902
MIN 19 0 0 0 0 821650 527295 259156 205442 619209 332067 537007 367230 158980 492108 609346 901421 151799 136315 47836 281062 509695 299101 530904 753612 930298 757877 701693 394969 39782
MIN 20 0 0 0 0 548542 792387 32581 131747 899695 432877 165133 266234 590316 452021 124566 72627 156456 833514 52260 498400 174740 350025 587715 815002 292204 986814 495614 327764 767305
MIN 21 0 0 0 0 793770 596911 481014 363461 522695 230930 12621 48792 295658 403047 84731 547698 761605 807708 465570 240099 587135 343731 310974 44194 992847 855171 909615 852737 547248
MIN 22 0 0 0 0 639950 692853 779808 835883 386994 193658 330061 879993 341220 915093 161076 232604 48196 372890 757465 597227 498845 848854 462476 932543 977881 131981 189566 728659 833239
MIN 23 0 0 0 0 158284 543396 145479 280711 492737 179597 458874 307373 393527 748761 639218 377717 755137 377268 566532 507607 525588 129356 387554 531690 604190 830576 203176 935664 468916
MIN 24 0 0 0 0 489735 35868 70774 912236 715961 191368 702048 414280 726192 963683 188705 222766 342390 121920 57331 294435 821164 774694 202648 663151 602962 920303 297902 215803 786569
MIN 25 0 0 0 0 289647 37433 565940 740645 257403 451022 418136 103765 464665 787393 52756 740058 821227 395576 478389 623982 859308 67088 740528 112517 351946 509439 273466 46471 85963
MIN 26 0 0 0 0 286609 315351 450558 600017 653993 493414 960719 615938 921540 513856 412109 714313 172187 90044 273840 615343 173987 131346 728408 510165 955322 127508 164764 950948 956623
MIN 27 0 0 0 0 531809 353988 798591 931986 799783 472053 630828 257448 598237 942959 40222 689520 700583 825350 81427 457194 748953 914062 12921 656552 352084 411689 422437 893760 447489
MIN 28 0 0 0 0 501887 366582 163428 397926 578585 356676 892557 750983 160563 275331 951214 399768 926830 529454 706255 181398 932546 855296 216729 574758 939262 520474 985183 547235 272596
MIN 29 0 0 0 0 926319 729554 863510 64800 157503 194111 154554 789441 779697 717966 338425 790447 658293 135254 420021 91754 107958 186881 379059 78144 681220 598968 979883 918572 75829
MIN 30 0 0 0 0 752217 947872 423047 65164 660474 340380 512509 236267 328201 887017 521148 868682 777332 252187 570722 274205 956764 553436 343287 578347 954757 17941 967890 204160 209475
MIN 31 0 0 0 0 746795 629624 534750 255786 812872 35998 384612 503394 752480 639296 645492 905622 242347 816343 26101 157018 31671 405337 674213 45777 254595 561658 577625 612587 728468
MIN 32 0 0 0 0 138777 539651 523827 28470 402904 301883 245473 629698 947713 650784 362265 36766 762459 495578 293620 950918 269704 584613 574557 884372 525594 897078 649027 926121 791702
MIN 33 0 0 0 0 716084 333453 877706 586700 426790 278939 707962 231118 253007 854970 219965 791202 90271 959140 434574 746016 450253 804398 784728 324555 489556 692733 118216 133633 993203
MIN 34 0 0 0 0 323299 852083 771934 271351 93589 459602 966259 827105 831908 90550 549834 895908 673829 262456 201642 966791 826185 958763 415011 808037 821670 656281 311590 998415 675381
MIN 35 0 0 0 0 887285 471461 303833 738031 623858 155714 33107 348658 257059 815946 179049 878179 187528 983742 823844 52295 69156 535927 250219 41085 695247 305200 522385 752022 372786
MIN 36 0 0 0 0 367292 92942 914026 587299 716307 573293 691064 741670 62384 279293 481196 899893 982772 17019 9818 406610 328006 247685 909679 23461 769291 906954 695449 595956 452903
MIN 37 0 0 0 0 645612 427090 364292 620740 303323 695269 921024 338888 294253 745561 783674 398925 36114 505826 502819 24824 913018 981363 915959 991930 944762 904530 402901 152086 937378
MIN 38 0 0 0 0 364285 210757 324323 387608 398999 797821 116900 89858 709684 66822 34262 644985 702969 960624 991203 749500 713747 843644 878601 615582 814226 169960 783167 860315 711328
MIN 39 0 0 0 0 511560 238923 14442 13636 829707 964823 174952 652889 715311 285655 15797 5361 86639 745360 294774 221745 411964 220304 895063 85570 719101 168119 816494 292847 559200
MIN 40 0 0 0 0 611425 169886 201245 259292 807909 947103 461485 938467 914597 175487 694361 774873 291826 750889 658260 882339 475988 669112 712413 553379 911788 983974 586712 666788 291473
MIN 41 0 0 0 0 39661 531216 122901 107048 386270 401678 854191 584128 267329 909291 971708 135782 142254 211324 997631 483032 215655 442988 972155 839468 143732 416821 553417 121124 840996
MIN 42 0 0 0 0 924229 79783 649613 766044 632093 491078 895031 667349 323468 846204 514651 339264 168176 244319 144772 850945 924044 786642 536612 475126 54314 510947 893502 15818 178138
MIN 43 0 0 0 0 284782 231806 466303 70819 920346 619791 631668 139521 416066 205599 960761 114419 165234 397596 987097 135695 593474 896866 556333 714823 743256 657784 373106 302430 910207
MIN 44 0 0 0 0 185212 364059 412731 468140 383862 819097 646944 71440 977646 707005 778818 432048 608367 338907 425359 305812 810912 166568 301639 943490 112435 778076 310823 739275 950707
MIN 45 0 0 0 0 236111 162161 677469 98456 620821 427971 36931 176346 582517 951048 44805 76109 403677 130378 893150 325257 660156 348105 341374 781979 266980 38205 302456 996103 23125
MIN 46 0 0 0 0 80632 981724 136399 145249 254495 877512 694537 704027 379200 267045 547390 457200 611281 43934 368411 28116 385174 526920 983458 194420 982924 905994 490718 784059 92252
MIN 47 0 0 0 0 293618 980473 328152 845627 660618 372334 627585 281578 893688 633183 499736 990371 340173 880330 191905 338596 647795 250294 601948 807753 276722 119354 186192 248363 811726
MIN 48 0 0 0 0 533407 52927 156007 877403 155823 56371 398867 48635 896898 433540 920946 588739 717383 432890 657075 743758 774625 533979 695181 372456 282752 158453 282476 898935 670388
MIN 49 0 0 0 0 199854 443910 257339 931100 40977 969738 481558 313950 864767 695235 652735 138878 843472 523612 329130 284404 3011 472491 154737 415103 243549 788355 198535 858273 68025
MIN 50 0 0 0 0 580525 173273 659683 720529 541981 64446 931838 132429 719613 265851 636493 773102 130031 242563 571963 604212 167941 205068 28973 123689 572582 854357 245609 270757 242500
MIN 51 0 0 0 0 814275 410396 59531 917843 265109 502305 638305 133160 534352 164669 448691 27441 637548 740038 685499 75695 273175 218391 704804 553098 108374 633870 697130 42801 38070
MIN 52 0 0 0 0 9664 830233 582493 138358 411773 292780 662407 281932 350137 376329 656935 350031 221474 227130 189295 121963 579839 173528 770987 887450 798288 87613 568438 793519 682376
MIN 53 0 0 0 0 437391 403158 882695 327294 609351 367260 92106 90327 104609 574429 133338 659691 31561 48864 288298 607176 630753 76945 678575 772083 648753 708836 216493 146209 786900
MIN 54 0 0 0 0 256521 688312 788400 438300 565058 476931 297234 63880 502460 961744 233355 621633 539421 445744 784085 490371 585176 561623 833487 763411 76029 929994 804639 293693 297600
MIN 55 0 0 0 0 184163 568117 228113 986244 900825 450557 854308 686038 493481 815987 246064 177329 759668 633980 801993 404779 829543 35726 760647 149818 272079 444563 710118 26174 190740
MIN 56 0 0 0 0 203633 471410 489019 962093 193615 443554 242601 225502 961272 196827 100390 508656 614131 865636 146865 149387 944040 40511 84223 701604 552228 816100 309340 594991 406345
MIN 57 0 0 0 0 874073 882145 266672 608992 587225 33760 408194 346931 824311 436722 989438 996275 587164 151470 108700 303479 80055 683617 885969 557664 996051 955228 49045 959993 761543
MIN 58 0 0 0 0 344919 654070 266875 326393 637038 146285 426716 18166 139678 254888 582593 23732 229921 718101 185348 651333 897 669299 311740 916481 779386 497241 530447 774089 558521
MIN 59 0 0 0 0 523066 918462 860372 103283 102420 102380 759919 206737 897155 17022 154250 567796 66275 880017 840288 761982 726810 231888 852628 785842 41994 631446 928925 824024 954905
MIN 60 0 0 0 0 973241 562557 168273 45863 587274 953476 977718 103171 432566 121105 469653 332032 815279 480698 117251 920196 851845 252473 635034 997679 900067 855216 273587 972525 214501
MIN 61 0 0 0 0 577853 802607 853163 866145 715749 781992 446805 722725 506853 318887 137363 421448 705407 480689 724333 992806 373102 297294 744109 601096 17017 985978 399573 278669 861114
MIN 62 0 0 0 0 645120 545678 917142 481711 67996 391310 950824 253278 897664 382772 999237 218808 459018 801407 796701 951418 785379 219315 594057 482570 12193 913407 406981 434771 148408
MIN 63 0 0 0 0 369537 955734 180012 907749 716734 741253 620225 151603 113451 389386 438696 305042 508863 4117 814839 554272 821984 489740 478595 995666 439590 669351 39805 796221 447407
MIN 64 0 0 0 0 397224 154093 115321 474593 489898 949262 968043 826540 634544 378672 605524 271877 934736 194126 62327 697574 915369 541092 503393 777106 804930 204280 943287 831374 406820
MIN 65 0 0 0 0 477424 219054 750227 6873 679471 915140 738848 92151 964133 306378 871455 268388 870312 821058 914755 738477 720305 326755 604509 85914 215633 482820 482049 854550 996410
MIN 66 0 0 0 0 139043 6666 272196 597657 251306 847705 838034 491354 974492 977550 693670 43630 112810 765061 728462 159143 589959 87059 476124 759290 517184 542619 306930 505004 138935
MIN 67 0 0 0 0 284007 385239 450346 39617 36511 72669 517411 883216 433076 254101 838115 650142 904607 152167 842403 207139 318849 193238 450996 724276 593450 398775 75042 890982 164860
MIN 68 0 0 0 0 700136 226936 778787 870829 55151 742574 855833 616595 254533 795259 709925 779422 303755 819403 27373 716803 596645 946505 553403 496286 736061 473632 540602 538280 932022
MIN 69 0 0 0 0 663966 170001 421637 318992 231181 207334 159311 676455 614947 199204 536037 493533 311688 167597 455742 708720 36946 901803 699816 252516 921016 123667 835375 667350 954613
MIN 70 0 0 0 0 403051 318709 587574 352817 647536 993551 580660 78916 330952 543776 284058 313453 504098 983594 89953 131905 940167 148733 395269 605727 860791 707124 92041 114993 774385
MIN 71 0 0 0 0 751663 967569 518744 298763 560743 43100 527895 707825 973729 300220 38447 514145 894763 41288 419100 313797 9831 7817 138004 680361 773850 755327 495151 255650 917927
MIN 72 0 0 0 0 871560 857518 513919 169304 410416 931248 199844 585872 14744 971611 52829 698664 968353 564020 487243 777701 66887 387772 154175 759071 754234 675357 917644 943952 31170
MIN 73 0 0 0 0 657957 237350 348746 580973 546946 284504 522048 2642 828373 882816 875160 699457 712020 647549 749605 428573 810930 650600 63662 809975 382330 768345 582104 645794 606858
MIN 74 0 0 0 0 357307 90084 119248 162129 811044 329578 768958 745866 163114 168824 485637 804258 224915 649193 41771 243791 246001 982651 21653 312756 48616 888321 873319 150663 823875
MIN 75 0 0 0 0 702990 199546 761826 312122 423647 649872 302402 377540 138421 590795 882867 684467 967885 886104 645445 636631 214303 766721 465946 918817 335355 594257 280139 783960 894959
MIN 76 0 0 0 0 17277 230218 623531 39150 566032 988316 334092 852958 463794 848240 655265 921038 820757 403271 866009 279470 286614 757289 419454 980436 978462 16011 952925 868989 784437
MIN 77 0 0 0 0 424788 644057 414939 818010 513861 644657 246638 282974 569010 987840 131089 681367 75518 641291 798934 901165 584744 981369 306735 999967 761459 550404 494474 581156 911236
MIN 78 0 0 0 0 757632 372386 631370 6839 508031 285285 579465 889023 500743 910760 457967 656801 39177 796655 740918 821745 922600 102137 177622 974587 382457 65437 745087 160854 168102
MIN 79 0 0 0 0 495322 105614 360592 816832 284845 66826 56590 132169 477125 580639 360519 552252 961645 171837 326364 528843 536571 771276 265525 673065 851006 641664 342094 594465 682341
MIN 80 0 0 0 0 539273 174791 982189 476957 345285 722513 424806 526240 947155 321767 947611 107685 217583 191747 533815 513110 639742 412500 822791 39934 403606 355861 998850 998785 558709
MIN 81 0 0 0 0 234969 518848 891478 532786 810456 922578 803470 816583 102185 520397 851225 928085 908435 766292 815158 856135 439147 196755 888551 556816 152103 41947 559824 916953 304079
MIN 82 0 0 0 0 844395 543659 273976 898284 734660 281116 85956 557875 940721 345303 518423 58649 482705 453536 744679 445709 576708 319209 347729 507734 342203 319761 642961 54817 348900
MIN 83 0 0 0 0 749237 676187 796428 833225 95984 586223 440514 374129 694920 156828 917160 131436 879911 917201 827544 841295 87686 387154 955008 685413 449094 549881 136294 211681 256640
MIN 84 0 0 0 0 16693 83295 24499 92483 333629 594353 846617 742372 247379 260205 872826 832245 523604 505599 544192 505121 943982 396166 710345 499069 882395 64434 982692 340877 860163
MIN 85 0 0 0 0 517090 414146 969787 163683 940054 490336 514902 827261 286045 225939 452634 949894 563552 541903 702131 365843 579569 116814 540884 378976 473869 56723 189494 871678 12091
MIN 86 0 0 0 0 349526 380718 806089 923559 843979 49159 890361 254890 393379 374622 80785 459977 798187 151529 367697 646835 754821 54785 996404 327452 746673 661230 126020 779167 391730
MIN 87 0 0 0 0 515487 647998 714020 50318 430426 161543 785846 351424 812921 517706 284830 305358 520312 940945 577144 378469 40432 123442 238084 938928 861959 716687 686816 811261 689028
MIN 88 0 0 0 0 691142 7353 701816 942065 621675 760305 957908 273953 96880 601359 291559 562157 190753 423047 299206 780233 314828 224595 296210 344349 379501 424321 138154 408873 576241
MIN 89 0 0 0 0 761545 150994 317394 310594 551745 938564 238924 942224 290267 171985 332028 461323 454051 215168 393003 446097 74566 548922 771596 676163 164455 295645 10248 911063 33076
MIN 90 0 0 0 0 738218 5267 66173 647591 813914 799391 223894 45160 593471 429317 639989 662005 6787 893616 112702 615560 493464 516847 389014 641 506354 82880 294932 404778 350575
MIN 91 0 0 0 0 732200 258470 668245 396966 768007 79482 134385 40016 378816 274348 477993 944674 268791 474285 425736 968416 448075 707735 597948 615623 597261 307329 987419 74567 756495
MIN 92 0 0 0 0 571072 595842 759705 348198 286843 821812 56885 71989 707676 504749 517008 240153 292523 313203 578245 346108 824579 817918 741509 390544 380583 371644 993604 984066 534887
MIN 93 0 0 0 0 320296 397535 364919 29808 675877 359801 365487 976881 782046 757998 274680 639843 669414 624325 981082 796708 396667 73871 384721 326579 864170 565663 894770 412015 434454
MIN 94 0 0 0 0 933961 277118 348404 962800 516109 946829 148015 156470 764060 652030 660170 233539 56561 504254 776983 413952 148869 89261 910755 70313 293138 175513 670718 567186 930253
MIN 95 0 0 0 0 456536 221951 453894 804371 657441 675757 895841 595084 309532 551277 324417 23113 89351 674386 877766 775468 332802 813642 578384 11581 169263 530647 29351 671092 121603
MIN 96 0 0 0 0 446757 741544 401205 455198 482843 407064 182619 375038 671513 600556 408786 782322 616516 69345 234982 480300 179081 442605 833680 625124 332091 109204 831849 60746 540265
MIN 97 0 0 0 0 907117 612922 275210 753959 670574 802036 381861 689123 912050 963167 121846 450716 152570 597578 409163 100708 161186 787009 354843 599103 12711 261966 578934 807865 304779
MIN 98 0 0 0 0 903911 64284 276296 36377 782665 193225 375864 587447 850823 456389 671629 260249 640649 326042 497161 783098 350319 755238 348492 920542 290066 328661 584965 329550 900138
MIN 99 0 0 0 0 857274 122520 33105 711837 453720 869434 254522 76462 502380 753548 269327 957863 480864 491989 839152 211010 403481 323437 38322 496093 577227 839506 241839 366147 10929
MIN 100 0 0 0 0 627113 670516 80425 38606 76583 52715 573202 192395 213681 887157 503074 128077 571216 926161 486589 203006 837860 109582 472955 126477 707352 114689 562386 273843 379667
MIN 101 0 0 0 0 486847 337612 682317 262238 85198 747355 850150 9663 408423 41737 504142 471873 95938 656302 708919 262404 31769 367477 528780 706879 712151 212216 830791 684547 299059
MIN 102 0 0 0 0 138279 190043 837640 215358 326630 78652 990701 834799 134368 133567 327475 601963 411190 115918 25276 361159 10756 464670 541232 771149 800355 174448 689372 377208 991405
MIN 103 0 0 0 0 680481 738582 531409 29725 485947 190237 84326 946993 201762 208244 245703 532783 652213 410002 80064 316434 860372 109908 119444 31611 137292 842478 6249 950085 862922
MIN 104 0 0 0 0 383761 448339 909660 44368 682593 478904 398892 948382 798430 939234 372926 807830 626174 171547 213570 715054 205765 794955 129023 325877 991364 950102 587314 942064 778714
MIN 105 0 0 0 0 936103 782230 578150 547793 689193 874205 177120 355857 599733 90064 949386 120119 85327 504476 950447 473510 527844 119756 938447 404329 818926 100770 79372 32774 131681
MIN 106 0 0 0 0 253667 92240 939787 856313 601784 435567 69063 666203 165427 638441 126242 689794 777741 794849 632041 799712 935834 622023 358706 721534 283586 922239 96463 52636 539682
MIN 107 0 0 0 0 640752 323317 787857 887134 187228 358053 74102 989453 889061 114367 69130 986104 653216 862579 97334 206243 40904 129302 197949 180034 537430 910867 727413 294301 807192
MIN 108 0 0 0 0 709799 866313 778115 761692 135698 138528 246190 391520 133612 865739 115931 593448 661687 276813 155458 558610 639760 568233 942989 165235 472947 471750 307659 498205 158989
MIN 109 0 0 0 0 562084 897098 910082 484151 220427 661769 993875 544373 605269 287050 233484 993267 866958 244444 113572 323410 87739 621521 265769 590003 660784 413379 913295 996308 37717
MIN 110 0 0 0 0 219968 540529 151817 784404 353967 965799 871869 69702 994266 316289 781996 203222 160145 18273 159987 131216 71105 329891 563883 514422 994458 799393 92046 96217 554170
MIN 111 0 0 0 0 462602 436310 700500 894686 477588 481083 162687 711033 830985 614844 679449 255540 993157 438091 805449 452703 942405 281213 293998 789082 21432 32733 721839 279953 529880
MIN 112 0 0 0 0 854828 893834 125437 211883 506831 475601 848382 792066 807060 5120 91411 963108 590807 906660 516064 645856 697830 350691 934102 906519 180122 282976 201799 737194 742939
MIN 113 0 0 0 0 890 408906 570279 245988 745685 451379 506965 896640 952898 398855 743761 44282 409060 80093 319335 296034 563932 168564 560356 929841 270698 891919 525924 499730 611144
MIN 114 0 0 0 0 559487 419998 691092 129885 472796 840871 848897 375985 656375 553371 293991 184387 185270 989238 882912 275519 227614 28902 204730 802610 794889 597676 672616 840647 942064
MIN 115 0 0 0 0 776298 206459 48339 288668 267348 179006 911253 336340 525382 410785 490202 553569 927186 271898 475157 777036 874169 987251 385368 925559 893440 768421 578614 109411 566236
MIN 116 0 0 0 0 550152 494809 60530 948212 457903 840522 927378 461016 904939 445578 676819 719103 562498 415291 266063 143031 93374 401086 252644 680410 232504 682014 890943 334409 993699
MIN 117 0 0 0 0 447285 995659 995311 423957 776730 566790 846559 441337 371124 945253 325875 182865 661826 701937 932319 322634 902113 946623 161286 506675 690178 277324 87881 226775 550890
MIN 118 0 0 0 0 267346 257741 324661 58111 759112 915579 462501 746098 568018 658850 548618 862172 491298 640045 840791 78610 504341 411477 233705 470498 40055 151082 60050 444778 941974
MIN 119 0 0 0 0 359217 441640 86819 855631 565655 615217 773871 38824 29046 416973 702369 347520 198089 130936 488331 261949 623865 336710 724809 213715 604071 175726 860094 264428 319906
MIN 120 0 0 0 0 756695 25469 693381 444632 596871 952659 597734 10160 866829 113707 726993 831912 291130 102693 555155 43239 798679 497734 341962 162889 904776 531129 827325 140730 667514
MIN 121 0 0 0 0 590119 505169 203653 895561 308383 502372 559640 756492 220267 866920 196728 704023 526340 580868 782381 823611 897436 436327 44775 542018 721528 133882 21103 403256 79945
MIN 122 0 0 0 0 591962 742939 799278 332061 881090 227560 275533 175915 880214 66334 497185 760654 947972 491086 958261 153695 961719 334754 545658 276314 630601 610579 794716 511683 777465
MIN 123 0 0 0 0 736216 615201 131434 249268 862206 906358 487295 684308 272302 972764 445261 983236 896249 803075 733173 880744 479549 288371 616702 22395 438778 689988 425906 688134 27915
MIN 124 0 0 0 0 785619 724694 695485 221071 718802 156787 924696 43384 670036 697491 238347 80065 97446 778875 765599 802548 463558 276668 181085 849169 887684 114880 709877 222428 940296
MIN 125 0 0 0 0 119030 675808 181471 941866 984465 429041 21489 289801 5964 743397 188819 506739 996381 686590 505017 803655 762407 623604 175746 618572 463925 883536 51562 276256 550538
MIN 126 0 0 0 0 717659 350935 371937 822091 952191 886064 141289 731280 752635 646858 629799 65394 373138 720614 678957 228031 417218 930344 264574 692842 204799 38875 46989 700414 348753
MIN 127 0 0 0 0 828637 92364 308502 413852 476049 663006 261109 673597 235880 509316 189552 248759 447079 436351 318155 773256 759247 155975 742229 793450 313567 854887 307642 101058 613383
MIN 128 0 0 0 0 580219 68415 439783 98288 333686 929214 115980 695064 995599 771563 513 13394 315637 374094 658454 752849 926966 622664 638449 859588 194146 338933 359210 98905 411530
MIN 129 0 0 0 0 107396 898946 281493 526576 260697 801671 87008 849000 153683 663229 394394 734721 23405 876924 653193 507739 564612 11864 916190 427326 465093 517868 687917 367488 436068
MIN 130 0 0 0 0 222290 450840 959060 293136 153032 282933 947810 122324 43860 355717 418127 488282 487206 778017 501082 289017 947843 269726 772714 751596 89871 124875 185150 195865 122332
MIN 131 0 0 0 0 676617 537867 123205 688160 27856 725479 90090 754067 520869 766873 494847 816078 667815 467474 529705 572912 164287 18128 445514 631565 64504 270793 967864 458830 901753
MIN 132 0 0 0 0 704571 68369 694308 65038 332148 589673 288416 308595 729948 346654 188947 881668 674567 481864 473496 26416 233553 831918 332382 65040 464706 81417 898250 993813 254839
MIN 133 0 0 0 0 766497 373801 170775 414827 179617 48304 735151 9196 203393 735190 607152 237693 311119 638578 341475 792251 239982 315795 341501 35576 156053 14503 732986 650607 493436
MIN 134 0 0 0 0 999758 261287 155440 475260 102202 783505 827095 240929 703622 350325 774402 150856 707699 721381 374661 511826 333849 818330 317596 721192 44871 951228 485936 286832 877274
MIN 135 0 0 0 0 692847 856331 906526 841777 47017 293357 584216 277705 471048 599542 710860 350681 543550 65721 708176 48162 829909 552474 487451 296687 324390 354484 115587 106173 522077
MIN 136 0 0 0 0 15778 985391 550123 203732 460752 450962 22205 511743 449319 514903 548163 666567 287774 124461 795536 949860 219290 320494 672265 132686 849061 30891 891215 384926 844914
MIN 137 0 0 0 0 401131 356950 428689 511262 243993 49129 682296 584535 106405 965350 103192 901591 696565 197893 21588 601882 603551 357049 986692 70251 662393 74742 140970 677971 918547
MIN 138 0 0 0 0 230343 988768 544728 328094 614051 128703 24503 96639 439781 238192 127670 778750 864422 383635 903194 122060 963440 300765 663386 195879 194026 616451 160348 950183 611505
MIN 139 0 0 0 0 981637 116397 820174 3229 131792 220287 960214 475362 590058 5337 160149 878888 482990 672183 893572 922731 959917 849383 887096 495442 571781 603463 768392 113524 472967
MIN 140 0 0 0 0 656364 728026 337954 828975 148987 164619 555616 159844 469684 786889 526197 470248 381255 19525 162033 433566 440442 359133 10231 83715 29477 67364 303570 77059 763557
MIN 141 0 0 0 0 301395 23449 367594 52119 153165 473048 201336 658755 220004 584050 328997 326149 78623 211700 383099 455894 317647 359441 522304 725220 705504 174206 573935 607433 988257
MIN 142 0 0 0 0 52301 968048 92562 862972 473423 525141 728317 814901 308691 413239 523231 833608 922960 708207 299835 454112 738786 366893 517549 810764 477904 872639 519835 311658 566928
MIN 143 0 0 0 0 359742 981841 144687 330741 53963 849836 596230 271248 697765 740818 908162 23074 49048 943124 643480 515710 631642 569731 827309 378607 416174 116438 413740 579841 341251
MIN 144 0 0 0 0 241332 187526 847695 745770 297862 4178 509345 927903 799587 671831 613879 530932 50612 624139 766185 737282 717003 149968 920101 167210 255475 773133 402751 835597 868944
MIN 145 0 0 0 0 64462 654594 209270 804773 348311 823953 28006 9740 763216 131408 416551 414610 591668 931453 571592 434554 361746 167926 563564 177187 887835 718555 734076 831694 731980
MIN 146 0 0 0 0 58183 591205 586780 577565 667661 397393 434902 352994 255482 620885 832216 983628 161538 898292 335245 174369 882579 372191 95780 154498 959633 76204 637677 849133 530592
MIN 147 0 0 0 0 870383 349775 38896 606553 172212 396612 699449 675744 690227 719711 28768 527647 188250 518115 10104 905296 354726 720058 418724 54514 479427 281717 53356 321642 772619
MIN 148 0 0 0 0 932352 642280 853994 771898 195475 980647 980114 155719 491741 586799 157654 115844 434311 948689 824277 690695 465446 981569 857161 550659 399229 116312 828175 500391 844712
MIN 149 0 0 0 0 53871 420256 831816 95163 728423 821217 716861 509280 189694 917687 971264 938829 950555 390016 497706 943143 203170 873703 957107 586201 624699 581 487134 278972 244863
MIN 150 0 0 0 0 389229 989093 277319 238846 372342 565149 34970 39804 580697 528839 736291 636634 700156 254279 204098 294423 200736 435879 679346 136764 511231 344950 95303 577795 632745
MIN 151 0 0 0 0 605343 9576 500149 321738 507586 95952 796523 317076 501909 181494 944939 261664 53508 220745 40164 886587 162296 824099 793920 594974 691070 604549 388943 509076 409367
MIN 152 0 0 0 0 475694 254707 113597 925203 719420 323020 46967 730346 884841 607384 926204 729271 988814 111205 188439 159407 387744 847532 506404 993577 36821 599401 754389 669428 486675
MIN 153 0 0 0 0 872814 893044 970790 550904 641344 176693 613385 129861 777078 371660 170611 74537 751562 262458 759491 216465 765715 726933 846926 873349 568042 99205 733041 463164 140711
MIN 154 0 0 0 0 116569 526921 573319 504475 933824 294877 832607 411546 652891 639552 565898 950803 93647 672701 53083 254954 95200 961755 884345 232604 388664 368619 876538 297785 790709
MIN 155 0 0 0 0 751900 702083 509237 397353 940409 279131 919118 645603 170153 19367 122779 753761 117834 910517 642346 912480 67176 642991 662792 966782 238791 362960 336945 383982 112164
MIN 156 0 0 0 0 453491 577416 773399 68754 317349 974991 599287 664292 353129 807871 407428 469624 701421 525186 435663 197548 888437 585093 686626 648223 629505 115965 928539 338788 138683
MIN 157 0 0 0 0 44603 486317 172997 205013 515 285453 980026 693196 488224 18697 56768 881813 397432 622194 598800 554060 304255 730884 356785 104723 404049 380802 497222 109855 835595
MIN 158 0 0 0 0 513510 240845 640663 697735 704965 496178 566398 846359 948582 516768 123875 206340 354937 976669 189527 573382 944113 516774 740867 30691 863923 703355 702159 511427 39544
MIN 159 0 0 0 0 147007 374064 98655 754742 967251 724361 338923 350551 306347 108962 41964 842179 609218 102908 587871 270608 768315 425693 578553 65214 920683 813977 617941 319620 258022
MIN 160 0 0 0 0 38035 611360 241368 493503 560777 151364 488900 742029 900294 448830 423238 893241 798903 46025 53782 976797 574390 945933 772095 15802 605009 666155 360052 110265 752759
MIN 161 0 0 0 0 374556 221010 541220 706149 136151 718175 588478 954485 60939 85597 21456 461422 367372 526019 448427 542638 182353 410228 781846 286984 624609 631738 66525 532638 420875
MIN 162 0 0 0 0 945549 352587 211768 822106 449537 239132 4845 449416 832358 225685 444757 669333 351586 12846 311583 798038 967584 968829 638756 912861 351835 382162 510681 16823 704351
MIN 163 0 0 0 0 513129 794948 74403 205439 3943 859620 908081 952180 721089 954818 11905 12400 117279 85640 117251 840296 94904 879207 959669 668169 364330 7320 242098 360376 406898
MIN 164 0 0 0 0 604143 914566 402802 360193 679025 186027 142173 254206 766525 907969 295564 442945 110874 152447 863524 492240 117790 177043 981354 138207 412952 273660 120356 794936 730988
MIN 165 0 0 0 0 373838 896955 816995 550035 633659 926080 687358 336988 645985 370520 635403 463713 218182 938637 955701 976826 810327 628436 393245 736907 785527 816636 977868 916397 165332
MIN 166 0 0 0 0 977539 731936 51331 118012 569785 877810 251183 887495 509633 861499 150686 904347 444701 386127 778147 420119 608759 719133 298628 733172 19720 765328 282106 328696 686246
MIN 167 0 0 0 0 575973 861821 87093 87236 519436 757433 527021 297948 971294 710751 312310 965347 605257 267234 75367 782514 41857 754575 865190 338668 85641 546081 496264 473598 152796
MIN 168 0 0 0 0 416092 509821 243514 109905 899463 251597 251943 810810 207735 609288 298085 668927 531194 773008 982209 562995 691646 887721 78821 844578 979081 736462 770775 930735 530397
MIN 169 0 0 0 0 936306 587112 241077 281080 219967 673002 353874 93430 996275 567112 144422 456982 999033 959934 335998 786681 825873 454654 856712 124516 965239 968288 813217 165444 119170
MIN 170 0 0 0 0 393145 734092 994242 439971 983212 70543 202101 743092 700721 485011 623177 539446 225376 687468 570086 159105 749687 351560 575743 790023 856328 261646 363967 292261 502713
MIN 171 0 0 0 0 551242 603524 422753 891659 855913 697030 692733 478719 725656 644151 434955 493154 412621 601382 627590 337007 359191 331818 922849 622213 713299 404546 817177 732987 2441
MIN 172 0 0 0 0 669843 319160 610699 723320 301594 429550 837842 716234 790949 265691 772702 782627 715969 110035 584024 553577 927655 948080 954979 643872 384248 565334 57645 850803 14986
MIN 173 0 0 0 0 804364 434912 96506 28102 614468 78332 678612 281354 5324 602346 595197 796338 646040 875653 381200 391061 763492 664075 361317 467490 76132 523801 959575 64410 421139
MIN 174 0 0 0 0 900205 311922 961370 467549 744346 300090 527072 54393 493873 444399 228474 96306 804863 114524 710682 943019 405624 282825 212641 869340 675471 534435 745318 438627 585587
MIN 175 0 0 0 0 138383 90543 202401 233669 661926 198773 622489 7269 670495 173323 867503 179234 660532 900174 957516 8944 699183 59696 1582 760155 932563 885724 941173 711692 699798
MIN 176 0 0 0 0 939241 131376 252947 763530 404744 830382 774074 864828 553952 909398 351578 322042 53829 362215 526803 394467 254659 542859 321077 707182 678134 901362 642811 744546 481519
MIN 177 0 0 0 0 626171 647265 739412 144503 197534 890319 327170 414238 606288 188572 954705 912823 170931 37165 504429 301507 796710 13258 609003 638521 403338 205808 783649 587115 817070
MIN 178 0 0 0 0 785336 706721 390124 511252 430065 325187 967805 960415 426258 36121 970092 237454 649727 394855 456227 620249 911596 769404 773637 678090 461148 897450 862269 937839 458570
MIN 179 0 0 0 0 590761 475476 742801 405911 573882 175340 278470 528207 193133 676109 88141 137501 285428 469657 868330 728798 24349 392527 206513 985697 362961 153073 106009 973555 287941
MIN 180 0 0 0 0 365458 225519 519357 566525 948486 849105 440827 696992 332940 103621 790338 766515 651540 970292 533347 636782 413606 621919 98778 681674 670900 837704 408942 229512 965235
MIN 181 0 0 0 0 86978 617709 544868 617674 945364 84502 805512 274593 673712 627032 559396 828927 25622 368625 481196 256881 589301 120938 386811 858495 804144 71483 53973 656522 679527
MIN 182 0 0 0 0 515960 562796 476252 371353 855817 257806 204732 62290 179833 229179 745785 884794 463730 396195 829962 252637 821223 265162 291119 774501 438647 319555 668819 800124 670831
MIN 183 0 0 0 0 369734 745616 577370 725807 566361 899040 91208 246578 9872 677287 10301 763800 770208 67585 779796 887143 137849 535486 549743 835029 550976 38286 945890 644241 607500
MIN 184 0 0 0 0 14498 871026 632657 302275 379377 626039 619094 478516 490156 853598 578422 182807 810401 988049 798395 492581 580568 510521 160471 683763 895670 137077 518530 918024 877279
MIN 185 0 0 0 0 852121 934740 206809 340012 191762 858211 717256 221117 272532 414592 858031 376171 428405 974665 7727 369930 166055 111239 614257 795028 988656 315666 863852 112990 280270
MIN 186 0 0 0 0 328020 45079 73042 282345 788448 766588 341184 446796 587917 331962 651167 127401 569290 347105 607497 171537 706003 280690 161769 828049 688343 431505 561477 223307 794885
MIN 187 0 0 0 0 911265 645326 970199 317038 239280 421491 834160 973000 949527 905508 576363 753994 132049 524703 562847 776480 921031 291988 247631 922012 915298 369924 324774 933921 563824
MIN 188 0 0 0 0 487812 860096 2983 589735 789065 571781 99007 555591 81279 307526 355281 638191 622317 916111 877580 988866 18376 5398 519666 767163 797137 573677 936928 670925 867803
MIN 189 0 0 0 0 229023 790636 158573 307307 103034 673704 420080 702120 964557 204815 677070 708343 332789 935510 568799 149244 515125 619600 551720 38904 451848 510887 707420 223201 299354
MIN 190 0 0 0 0 675423 798404 716058 331391 758023 886243 978512 138554 31464 737429 194291 74534 287337 453422 364068 229562 818961 255961 841504 264626 283886 796434 490449 943407 588945
MIN 191 0 0 0 0 89282 394004 246651 524731 381144 66635 479356 458033 491745 207751 836387 591444 703954 925459 484684 471177 778476 248875 149085 518113 55978 990937 745925 89589 314838
MIN 192 0 0 0 0 269636 370999 442276 758024 618525 716558 598783 256917 880282 391708 382022 687338 69038 66856 692307 279660 910862 572445 93034 370646 732213 276929 830265 556265 566263
MIN 193 0 0 0 0 999400 997184 828888 306569 574335 369509 123029 625706 222694 115058 539019 721237 43420 255277 891976 979051 832623 114747 419202 158094 390991 997755 551298 295169 384438
MIN 194 0 0 0 0 150777 10778 76750 528127 767024 336216 599974 890622 694419 795251 315663 592401 397970 785447 763016 362490 324051 160104 575774 310217 481873 317750 515977 349276 996004
MIN 195 0 0 0 0 954089 375631 425954 244589 144370 141729 107628 473492 577801 664541 692388 706356 380431 888098 505519 164471 568949 227870 418952 112447 708104 476662 692634 861372 46989
MIN 196 0 0 0 0 835249 196125 101704 205575 381742 225726 721930 744056 175577 168704 963362 21356 346860 978140 781485 514024 955403 371652 856696 549197 409285 563038 736757 270013 349636
MIN 197 0 0 0 0 272448 647647 415063 713727 820559 52489 409725 908915 65567 671006 222840 18691 407813 382187 228370 196458 361437 17421 743122 797158 10105 782235 93907 970554 304425
MIN 198 0 0 0 0 544697 743352 42690 417134 49477 68335 155717 253613 752341 185091 705566 413049 460800 695748 581615 213286 610988 255465 165931 101030 862069 896715 278363 589030 345087
MIN 199 0 0 0 0 78915 37187 679380 363862 661857 935911 827262 313328 578785 914835 252176 363763 58165 806570 505788 236657 869926 480206 225871 911780 849776 965994 421978 345816 566847
MIN 200 0 0 0 0 306726 570604 386335 277214 701743 238272 207188 196147 665067 276767 798040 16959 898298 762746 142836 206830 712999 785668 137096 343438 408375 49777 940542 487051 106329
MIN 201 0 0 0 0 107086 32469 187075 424170 790935 284420 72722 196989 64027 449756 951254 941467 672810 676405 638969 365879 920974 269104 729184 763407 364466 919399 571919 536751 290662
MIN 202 0 0 0 0 194441 626375 610421 893607 925764 947223 252591 421038 972606 174209 685186 920975 717948 417059 875522 570362 699704 685202 146922 838043 211958 193803 707278 187533 882739
MIN 203 0 0 0 0 420041 339013 505165 192485 162472 598233 4933 297388 80562 11632 181396 271093 873201 776645 344447 212367 777213 475805 566789 617995 624317 457196 741938 873832 257497
MIN 204 0 0 0 0 267465 669688 630086 940196 337500 210378 499017 118172 372924 17950 387323 890941 576439 356523 385229 787568 773058 28082 400414 163908 341702 319828 702163 230907 652439
MIN 205 0 0 0 0 250496 753377 702220 576333 620718 504017 79717 319108 934789 605195 833212 96553 729811 94778 331060 200175 468785 381298 877541 198983 583246 93584 496342 97585 470059
MIN 206 0 0 0 0 479930 536978 634831 275402 590074 484025 914181 455778 446422 724190 664154 475321 855052 513020 863641 392704 944882 784319 536767 694086 337930 494040 298162 696684 406795
MIN 207 0 0 0 0 328377 200268 93479 636965 793950 453921 458208 907652 771896 353212 709147 220262 837620 366910 90368 121529 318866 21606 952139 638119 954228 682552 907219 202002 739180
MIN 208 0 0 0 0 697773 888797 4594 349911 629410 675799 192677 608196 38895 898412 287656 412860 599446 722733 83359 400449 880488 352242 173400 233312 53338 729119 692360 521229 349031
MIN 209 0 0 0 0 460506 54650 280815 648493 837078 181116 834524 925722 362256 71295 748048 575721 474233 298010 987583 429700 677156 488022 249078 449729 712075 784832 416748 709163 217803
MIN 210 0 0 0 0 613360 972923 848944 680287 98166 697374 319435 828479 201022 822270 383197 861694 324747 763422 651628 756299 520347 783334 191922 313446 68366 127662 174495 24285 100033
MIN 211 0 0 0 0 763956 750583 283311 130064 845023 836965 653675 94720 938371 96799 638057 776514 395492 595336 300390 43710 894311 528690 866430 811318 595943 708486 703078 958642 763848
MIN 212 0 0 0 0 84844 576742 744630 696127 792487 819212 804819 394835 17504 460231 960627 31525 907290 100628 500070 883965 755669 527849 342037 227885 295209 971685 917979 220057 907027
MIN 213 0 0 0 0 570598 906670 339286 50764 474548 318441 196632 528308 529938 626251 782353 707119 427657 177051 150230 632886 337347 4720 601843 641847 910459 490148 853250 515246 635766
MIN 214 0 0 0 0 134075 848746 38419 457785 705739 616824 606782 246944 364261 51940 224123 193194 200495 612053 936915 395889 680229 452245 109682 974074 115216 724989 535387 58163 639691
MIN 215 0 0 0 0 43875 320706 491002 449587 364164 481433 49476 714681 816077 405606 744282 921661 106647 559742 590204 850935 501106 510859 251859 105479 155636 871904 509279 337347 105530
MIN 216 0 0 0 0 628357 281908 712505 661012 490275 797475 153010 499977 149737 892399 44512 276712 715213 190422 248631 389906 167359 915915 745707 670302 920770 377308 935867 151456 273768
MIN 217 0 0 0 0 904970 918411 140285 842288 240704 635079 802560 746745 468506 790927 340501 140639 52398 343402 836440 103329 215802 361784 891885 720406 356341 865350 907988 884419 836220
MIN 218 0 0 0 0 667816 896975 52698 572733 289948 424783 487605 83119 266785 464506 766585 843928 141365 515295 674221 730330 391988 357618 817986 671883 216584 478502 295465 286831 563325
MIN 219 0 0 0 0 209479 795898 159856 215609 217368 340135 576762 447621 853651 763287 650816 182405 83370 385067 957816 884526 529639 805057 119383 867088 94226 944180 479159 94664 283569
MIN 220 0 0 0 0 653042 109929 430342 217062 713110 329466 856939 504012 918548 291558 323000 245690 823433 537325 637842 547062 337360 940165 37929 238948 271029 732769 862525 81182 800145
MIN 221 0 0 0 0 877479 250501 599481 843537 676671 389631 596150 675060 266513 467774 938152 201328 372023 631468 414099 378146 973230 818921 129616 128295 305902 242281 695008 792197 80103
MIN 222 0 0 0 0 916455 127529 706102 338758 350374 284315 936374 664965 67528 925880 497257 600794 398740 27099 907074 559683 770488 963835 910282 303712 532069 530477 832925 48388 240345
MIN 223 0 0 0 0 698719 610440 247814 802883 692529 371295 489843 24194 913762 510761 715989 739921 408878 446058 15219 501253 911177 862428 520253 57190 704697 17101 743446 845758 734695
MIN 224 0 0 0 0 367851 22432 40573 931489 22859 233407 906476 967609 491502 154356 80953 418619 103717 656638 3016 91557 399264 291797 757723 933525 744830 548601 103507 939673 551769
MIN 225 0 0 0 0 741433 772504 223974 229032 667592 260197 205138 194811 824034 916473 2498 814242 505775 53032 115274 872983 733299 277909 42082 861124 197127 840830 626685 399005 285013
MIN 226 0 0 0 0 694486 644163 984263 66006 167631 36512 594104 373867 467817 272929 129113 170805 920471 170732 72856 790815 808903 801684 613731 382668 439031 279180 186827 823329 510717
MIN 227 0 0 0 0 668677 999419 540104 240532 39568 205240 723873 103810 150367 85713 151597 576432 32041 834048 873767 660640 208491 256214 86899 672571 579889 940290 699692 2783 366836
MIN 228 0 0 0 0 240044 250817 822803 250734 775754 274904 572849 270215 800865 705682 469491 94728 924073 175065 25617 420254 934943 585262 753209 162690 87039 215703 552408 384510 324017
MIN 229 0 0 0 0 239374 780695 319907 21064 181241 404634 378860 955215 153868 478451 948022 28904 219373 92538 321087 116430 610314 962597 341611 519552 729253 455254 238195 507612 90334
MIN 230 0 0 0 0 377372 3775 445201 531393 542405 358933 364842 790252 448792 529740 482869 49000 514537 728320 936773 101204 304730 986930 898767 151940 768520 292304 420587 211816 909850
MIN 231 0 0 0 0 193792 525625 698004 977716 382138 654507 376993 552787 268704 8178 159404 783181 487558 152768 454555 416041 8763 456173 975846 830474 796383 896353 680358 365003 776173
MIN 232 0 0 0 0 839187 286007 755513 64621 629865 985015 235191 394943 923481 564295 505877 86853 221399 295568 883687 817634 663663 166946 194397 879514 72869 659598 634139 237532 998381
MIN 233 0 0 0 0 202040 664989 659487 333974 466964 284799 322833 852356 428040 638111 576618 589626 759646 416730 685786 205552 353960 348047 164388 528414 424058 211981 44077 468018 664529
MIN 234 0 0 0 0 446195 369727 760942 878880 694640 178134 532796 159033 396495 992432 871205 182507 130852 531841 751956 735503 162547 590948 920087 129854 717116 598970 932997 260609 679247
MIN 235 0 0 0 0 107631 814533 468756 800731 804487 942482 372675 981638 74072 317011 595031 761634 880129 549670 774728 380177 948829 429957 347649 201321 71791 865258 627216 974932 397132
MIN 236 0 0 0 0 305569 317142 646398 849255 192361 116587 493121 923048 563411 837873 472182 849583 989556 221425 286637 605605 119305 83225 912112 343350 982980 884943 426682 299679 660142
MIN 237 0 0 0 0 925254 462739 253864 551516 678486 370363 268362 418847 487834 62467 867325 488456 638449 489644 708894 235763 163218 806676 139837 528977 81591 355836 589297 57385 776782
MIN 238 0 0 0 0 540695 567740 376377 631556 734125 924933 56290 947121 4041 459128 740501 378257 9146 741503 569325 417488 65451 995626 393855 787676 260808 710235 707302 564521 536685
MIN 239 0 0 0 0 752227 828721 552570 490222 673183 473108 440736 673897 927648 570993 508997 600613 354667 542134 209575 27856 163172 587961 517174 948985 367281 380039 101255 766579 919131
MIN 240 0 0 0 0 410236 940745 300164 683326 641383 630751 814296 538827 954108 168071 23406 117336 458806 985186 276721 351786 157510 586417 611682 983963 626539 21983 602824 764932 549641
MIN 241 0 0 0 0 502250 588273 657223 152561 752498 941551 470304 513420 710618 968906 668449 699379 883147 62733 898943 817833 650133 834835 989060 221374 340499 756658 359349 174607 748479
MIN 242 0 0 0 0 297919 333499 715069 844391 802627 593952 723145 252967 124264 363614 354758 178517 988603 728841 164322 316656 110881 825495 507881 260236 8453 322228 849841 254578 492450
MIN 243 0 0 0 0 711717 698638 616324 740744 6234 466070 351855 822901 847388 641875 425804 448381 272128 156699 979644 897208 723321 710831 677471 829055 127702 800079 313923 14997 652689
MIN 244 0 0 0 0 192884 153620 922713 982979 957155 758130 325108 940826 486510 30761 915962 780001 872252 872348 755064 56729 951462 99539 895691 861367 520735 277534 105621 355668 498860
MIN 245 0 0 0 0 813651 149494 249331 752996 904243 804307 854391 267996 208796 723571 436240 421954 161627 54533 808887 100956 540592 450828 809315 385561 523596 727804 525546 112757 875034
MIN 246 0 0 0 0 439288 215274 589763 125288 596928 632323 838797 992606 866320 751642 333398 354471 672134 24541 428355 290890 782876 981960 959617 257842 888371 436600 851179 7582 643555
MIN 247 0 0 0 0 855432 911080 204120 817077 10894 191161 570272 374821 419835 15780 112469 511531 291779 337126 862171 214000 830445 820674 105775 381994 480756 303621 182905 489890 264456
MIN 248 0 0 0 0 406247 545694 670909 336984 809429 399891 694760 609400 799949 123761 159476 542475 702330 421435 196828 237716 499439 531296 577186 322679 862175 450174 930475 784159 223771
MIN 249 0 0 0 0 924170 749026 703095 570437 160129 804102 513224 933982 556017 361306 772863 640475 246529 318862 284508 869786 386645 930794 67143 786763 81223 341061 399781 597589 415967
MIN 250 0 0 0 0 184326 470970 835079 176126 707398 130220 873798 851728 853246 558627 882695 580692 517264 189464 766913 463838 925944 318712 293262 70320 980705 770391 190708 646997 823487
MIN 251 0 0 0 0 807971 369813 478860 813252 80587 879788 542506 329258 690881 940575 94289 484976 555141 273018 813747 783446 539690 654012 528992 366239 507473 333277 354505 994607 268153
MIN 252 0 0 0 0 810744 442336 130165 302029 452929 715812 932857 630779 908570 996324 5579 324807 351409 668211 103018 671773 353409 172237 917998 21646 807042 358271 495518 79478 245319
MIN 253 0 0 0 0 752451 473079 307284 234030 638096 791441 253726 244989 199465 45334 28235 767783 723944 382447 538215 913535 60692 666200 397205 160462 267601 617418 3370 158469 838766
MIN 254 0 0 0 0 496001 224961 877498 489 956709 873701 478847 291030 321308 846523 664045 11048 367151 466420 434653 102254 764553 836178 253492 481107 421614 85760 716021 421688 808882
MIN 255 0 0 0 0 88479 92853 984821 896964 778451 284662 725785 762414 863859 853295 771026 645027 165942 502003 840840 894552 414261 194097 970290 853088 503248 391118 903167 951353 322969
MIN 256 0 0 0 0 349181 747406 572039 427087 991470 379189 116751 765620 316449 555741 32317 29946 910460 28592 615999 716698 760603 603912 445163 567688 172212 207334 753003 322641 459586
MIN 257 0 0 0 0 960534 125605 36798 940467 288243 866430 293250 493916 994903 157468 453933 806500 680954 503208 274422 121631 196996 684079 290312 554794 46812 173741 219724 881411 954636
MIN 258 0 0 0 0 304980 565588 382165 532167 993567 453451 620368 542969 161660 440591 782184 542828 907597 22488 937146 352610 335001 361826 480204 452596 361688 228949 452589 51664 960247
MIN 259 0 0 0 0 86796 952439 423486 196941 396017 208711 694726 985161 403746 929625 241928 324520 450342 397307 314215 281359 849016 141272 638161 494043 582924 39502 635972 198859 319739
MIN 260 0 0 0 0 96249 416979 352288 183023 995783 292044 216955 863909 381824 9553 461715 650924 617329 280223 947990 623988 467912 547237 589466 148647 220954 690929 127474 346564 46413
MIN 261 0 0 0 0 556187 561576 888165 106562 438997 176425 111719 230213 841976 814696 541588 73590 401774 833576 211712 192006 223 91522 994827 967031 419419 896681 128240 182668 930016
MIN 262 0 0 0 0 746416 633809 194170 968274 116740 966335 537866 39070 463646 166442 218331 473650 469581 109610 244086 749622 994560 297346 630624 699616 875261 908882 404904 45399 459353
MIN 263 0 0 0 0 174003 532199 688298 461687 224741 954883 948091 498892 745355 448939 40110 989360 510308 601334 976616 275055 387233 74920 971577 716084 316954 793521 688060 786283 417779
MIN 264 0 0 0 0 55260 199385 871190 318300 52882 613002 357517 121778 928451 474624 609401 67027 721370 477610 625418 182484 63943 476624 396322 863813 888694 582158 120418 517977 707069
MIN 265 0 0 0 0 171182 602253 626214 95637 895171 941126 176913 150000 897111 716811 750829 594869 486515 97686 629582 773539 489043 442260 521224 156435 164180 381079 779700 980741 633499
MIN 266 0 0 0 0 662455 607674 174674 328259 278858 824250 610312 120163 809778 575746 35438 58361 587962 249367 263159 820984 543741 136603 7964 685575 694616 137335 48610 107140 594480
MIN 267 0 0 0 0 164879 725120 778271 961678 598751 128048 194351 373360 931064 352863 171638 222045 526914 734199 309538 563636 571046 302260 355544 948032 737884 499770 51128 178668 807257
MIN 268 0 0 0 0 654166 417715 342416 836382 601436 474270 200818 699749 535260 108041 618503 674052 296464 362693 779770 150350 648934 877878 245373 88174 276470 277173 905208 220409 422545
MIN 269 0 0 0 0 407373 253234 638934 794835 411299 326601 245295 622986 565242 922186 138505 449928 476272 969232 129153 303502 401094 45271 24814 391531 116405 583466 464235 594833 29913
MIN 270 0 0 0 0 815766 462864 139999 991530 93636 313117 440148 777583 785056 759613 753972 143751 333058 866658 887477 826369 536369 927531 960489 720852 238164 920666 591289 467303 375872
MIN 271 0 0 0 0 917485 394628 306884 234285 722055 649731 246449 209747 664637 353022 492032 387312 534036 726801 526966 967608 39884 38839 939333 609565 663297 7327 174475 288959 522787
MIN 272 0 0 0 0 537396 140655 459335 985463 96205 334443 422598 968710 323592 388083 180809 179338 59834 307217 448164 656402 295220 547466 863526 104527 362917 939372 80810 61253 131016
MIN 273 0 0 0 0 92641 976631 382254 395270 128539 422868 91735 912443 342417 429445 148296 542492 290215 22195 915711 806757 887841 539165 603254 539426 326171 834997 523800 290967 709374
MIN 274 0 0 0 0 211786 501882 201996 377072 70688 903267 928187 242881 247281 369081 462200 818325 450456 633101 552293 464008 851991 931842 119850 373966 452375 349180 669983 306740 560567
MIN 275 0 0 0 0 444618 487880 242442 156120 121530 999132 794903 161584 322334 158839 626472 179441 62771 380105 230033 367103 628255 725425 51428 701655 190090 131397 692226 157440 280309
MIN 276 0 0 0 0 768396 927412 383787 68441 584346 121375 124913 664501 214779 837019 35127 169181 778359 93305 125252 246512 885965 989871 790819 541298 960259 492606 206344 657943 355148
MIN 277 0 0 0 0 69009 778300 496143 713528 2801 126207 650689 980775 853683 748115 217627 623372 309018 845465 854409 884833 442440 163900 417696 723538 84290 760564 45678 104302 315025
MIN 278 0 0 0 0 321902 127151 231781 111112 687188 523065 708159 218208 253660 257722 350555 70616 83795 629804 470401 274865 369811 255087 466740 674743 391644 803992 724499 635830 340170
MIN 279 0 0 0 0 910922 451422 395659 825218 302016 80468 758441 846506 762141 546956 943985 689882 182855 45117 777331 822404 544607 143999 78268 561938 587576 511563 912616 395402 637266
MIN 280 0 0 0 0 24211 502263 674323 826050 761481 793 410040 590532 310688 848281 687659 367302 674655 896581 858079 459218 607670 240474 763270 884186 372310 775075 301546 433952 697771
MIN 281 0 0 0 0 350644 478109 753855 467358 65550 734540 16886 231740 200762 609734 85299 406461 869745 539920 560080 621755 274626 753856 844914 887564 356950 478532 516966 119150 848661
MIN 282 0 0 0 0 903392 909306 59449 98910 484784 901658 929662 268587 333476 204841 964825 669453 856595 487506 328223 776144 180443 578077 744631 817650 973638 119299 971605 494730 687356
MIN 283 0 0 0 0 199602 614570 787977 23577 443116 773696 52234 484313 543398 53207 757940 676275 714857 70824 638787 289579 112598 770102 813468 718779 578338 744576 517635 248938 794597
MIN 284 0 0 0 0 665653 959917 468625 22281 65648 869793 917386 952080 56176 932747 174846 923124 989303 249614 62321 157311 885572 197571 41664 16130 574320 139353 299525 106046 768058
MIN 285 0 0 0 0 464600 922391 88851 26558 862344 55600 527427 145706 280466 422023 161750 661178 19811 396718 433778 373404 335858 417043 413986 669401 777908 263251 438878 630624 16116
MIN 286 0 0 0 0 813558 44770 994335 971260 522969 527339 700102 721880 630002 798232 467991 272929 464656 59629 254614 115213 597625 187047 396988 426889 198225 569124 466419 868833 158342
MIN 287 0 0 0 0 881650 893046 269604 161822 537819 983809 502642 254199 289301 216157 259267 550766 723812 878311 224543 191698 467305 458317 233998 91462 245383 926891 161953 284895 204144
MIN 288 0 0 0 0 599250 995874 864796 436300 755293 512001 806042 167361 56975 413536 311351 38538 704765 797601 118552 5721 487645 982175 417082 259118 864329 251500 615906 318444 450588
MIN 289 0 0 0 0 426656 656343 583251 397021 245166 796562 919392 673828 36703 338915 331909 984373 627815 974018 2453 131489 247433 98031 44748 244511 236888 900343 333150 775029 689494
MIN 290 0 0 0 0 143404 450215 648375 165714 15661 507746 164448 570258 688837 749856 436437 107429 594964 541349 636007 549115 823290 734469 398555 627005 520946 285762 81985 830086 316944
MIN 291 0 0 0 0 39131 86552 855940 391298 167935 52471 565210 913912 341262 883842 106902 908843 195883 981288 314926 364338 594083 316474 218118 312405 576386 648290 297766 165591 930283
MIN 292 0 0 0 0 589934 596413 528645 972552 46323 496951 787679 819886 59551 994841 206281 337762 665332 307318 189874 730907 101817 986397 764868 69159 791554 786530 55404 602180 890904
MIN 293 0 0 0 0 950419 193285 429488 451285 168297 17936 611584 934144 596356 257931 766869 346520 751921 481362 960331 155571 790115 311516 424790 470653 302717 143125 748537 987021 576061
MIN 294 0 0 0 0 655673 309506 671339 803232 176256 394108 17937 327507 564767 482079 724251 671100 588510 991316 823185 826 279698 736299 353302 216960 374788 939916 386339 626679 19663
MIN 295 0 0 0 0 397474 942325 477090 86365 756081 874854 536505 569656 138450 995151 687966 813038 368918 20143 180464 444648 923579 916504 593548 543946 108486 680553 875315 504038 840033
MIN 296 0 0 0 0 437940 119672 604141 824391 574273 575017 787112 378712 260775 629407 551165 367746 324160 317422 814244 368142 193933 434775 290316 262150 889755 183664 719439 545104 194896
MIN 297 0 0 0 0 350148 756710 633540 680781 573830 946469 479259 146994 104114 418031 876065 409274 735339 412753 860998 80838 659710 608420 311390 911620 369355 158284 956868 658767 332120
MIN 298 0 0 0 0 33020 542619 811592 215279 652923 65375 797291 568304 751685 584396 199490 999817 261629 294926 545028 145275 771472 958900 130185 942235 191147 536906 754738 457712 406922
MIN 299 0 0 0 0 340062 640442 341413 962577 729767 2059 607967 728672 842012 796011 918798 306113 838716 783056 732580 845562 615914 833626 975299 197328 236290 149829 432604 543642 268550
MIN 300 0 0 0 0 791458 296240 631499 481475 680694 202711 260851 999247 834218 420162 446921 447137 664528 384996 79113 49961 608707 861252 406252 659568 66273 257369 238540 56690 612998
MIN 301 0 0 0 0 735448 268121 819464 971556 513452 683303 810872 508352 692481 918414 605443 620086 833957 364190 965562 171861 635578 666166 274779 675406 85552 329065 808239 683001 900079
MIN 302 0 0 0 0 331028 593431 416479 703786 501402 937266 800255 354514 821804 871127 10639 774038 68933 210270 240316 136558 599449 815897 857190 980231 180342 394119 459526 965611 250051
MIN 303 0 0 0 0 924869 43835 177701 522206 58509 268001 186075 539420 762566 869733 595889 103330 89313 460202 902530 314104 836284 497586 595961 24949 514979 424353 85550 145591 733705
MIN 304 0 0 0 0 44659 329866 619714 207922 356532 138297 309750 416918 658620 112010 550126 453645 969693 460033 185873 775610 856258 874487 297465 422284 175318 230804 759478 511423 472238
MIN 305 0 0 0 0 108852 670751 616484 835085 996620 880654 544072 843562 930480 472021 835811 784230 406353 676256 363272 595008 709141 670472 782106 774655 920474 242709 877978 77732 966077
MIN 306 0 0 0 0 278116 133109 489508 416657 733062 301358 305577 430846 468440 768957 117537 244358 264944 538675 509425 567975 513167 215259 527466 226379 545296 955783 4077 774402 130070
MIN 307 0 0 0 0 842827 594892 974362 138123 636444 935366 180913 261412 740449 200835 480145 557605 139431 599188 348798 582049 912828 445109 941673 625117 420680 288070 810663 431222 794865
MIN 308 0 0 0 0 821630 297144 589126 557749 658856 169189 653445 78581 118371 679975 120116 745518 795894 851788 503108 119236 702127 571365 496663 139411 226113 140071 32670 87890 113275
MIN 309 0 0 0 0 83744 794521 913093 762310 144837 728315 373013 80776 362239 118760 732086 20568 78209 914036 617275 429430 115481 665452 692608 834566 397270 755412 936091 213994 481279
MIN 310 0 0 0 0 201605 567842 575123 529312 712521 272898 229059 768287 410776 773202 442546 62163 710198 142282 205766 356773 990071 880555 802900 444910 667481 431343 325529 761777 106367
MIN 311 0 0 0 0 941384 146557 882382 995409 624890 471293 217109 717236 699767 442315 919344 415427 462356 55769 170362 847598 382196 590868 823495 624265 731866 373330 493229 283253 532004
MIN 312 0 0 0 0 687460 792205 675852 628379 94760 629661 767487 799606 777792 383837 354989 770840 132111 92442 453069 594351 786587 641878 835491 823071 815404 14185 956775 927012 626195
MIN 313 0 0 0 0 804054 461171 374125 667129 746040 811801 886459 18567 523482 94109 219889 423281 701469 778841 36856 141931 156499 870685 307208 821192 229153 25678 875171 673098 642411
MIN 314 0 0 0 0 858964 841461 813196 304401 849272 706106 485434 707395 466264 241791 270800 47927 996669 755224 568516 244530 860778 633533 876149 21776 61104 448098 170480 228410 728150
MIN 315 0 0 0 0 311487 872255 92745 405560 958576 985964 562762 434086 863812 998598 517101 249696 98942 25913 527096 709431 961021 609142 58172 227695 930120 737488 900305 438439 605943
MIN 316 0 0 0 0 137523 372882 218502 695700 468776 870555 628569 958504 220175 468365 713456 73400 437170 862692 480878 723251 750444 82180 791970 659795 197750 210482 6996 953966 717564
MIN 317 0 0 0 0 676962 550797 233303 359120 50186 488315 139076 81551 337448 403282 242771 142811 501840 453047 727606 813715 440875 335209 989408 816810 495614 112490 818336 737893 973490
MIN 318 0 0 0 0 599932 914454 463933 169004 935120 280828 480500 280913 304814 860422 906927 913461 110104 503732 966317 21473 174771 820604 568204 194482 764136 135293 503028 673783 612666
MIN 319 0 0 0 0 336941 167632 585028 655514 18888 906020 70871 127479 594451 324910 5475 439188 388996 392474 443027 223378 14848 424927 949097 920219 70608 372712 19287 865678 487692
MIN 320 0 0 0 0 263165 967456 291743 287095 191318 554832 95370 855198 770992 327677 884762 902689 137868 865273 884641 935964 705499 742140 511660 158172 798199 815926 532841 528354 631574
MIN 321 0 0 0 0 718311 828168 401814 379234 934343 818596 129470 663125 497463 822225 76863 224689 672755 88682 60549 815421 524115 535255 195547 154637 843364 599636 50181 475258 123066
MIN 322 0 0 0 0 215401 750162 49579 469718 949218 226508 908309 700369 846381 910792 394485 644083 104078 971122 976670 774467 119061 477754 865813 500055 464040 671983 86713 804504 415903
MIN 323 0 0 0 0 988670 395953 805912 762506 688804 321828 898026 438123 399249 277100 812287 470820 122433 903139 758265 495381 313549 971588 179528 392995 688437 604772 375785 12141 780736
MIN 324 0 0 0 0 139149 817960 953394 781003 713510 922725 437872 538565 887101 266805 665354 608215 255967 200467 633716 93620 816403 872783 946299 990618 86761 658432 12134 402882 525789
MIN 325 0 0 0 0 71640 468640 433775 736087 794727 933819 200844 596195 481484 442555 313992 291778 126996 385295 40871 372897 561884 13127 122695 349440 581946 86853 442973 492697 732380
MIN 326 0 0 0 0 59174 136357 34071 158649 883923 478164 499798 562440 167154 857013 279038 131798 673952 972953 741578 257196 658266 717935 521605 370756 301074 15794 472480 586496 489076
MIN 327 0 0 0 0 18640 568835 475386 150674 401510 984884 221757 389483 990266 699992 979064 430144 978209 177527 488564 360230 884374 199960 802331 246457 582318 958918 790762 750792 106432
MIN 328 0 0 0 0 331529 635953 238212 38911 326586 649245 588714 801777 426476 980186 182063 892377 517790 802678 238395 629232 834767 899411 859427 429391 650456 92431 311249 853578 290944
MIN 329 0 0 0 0 327738 156108 597721 533955 502057 855578 537408 454323 30085 869127 563710 190147 962957 329298 162267 49480 59655 478751 3131 848309 240518 517015 428718 613294 292239
MIN 330 0 0 0 0 182932 616231 895159 90257 184278 632898 380735 679487 935942 312908 885613 862905 457531 248822 268879 439949 621574 11038 922353 709700 978838 296840 239451 639635 537100
MIN 331 0 0 0 0 950718 701758 913939 614235 987455 577787 94609 373421 692041 887522 573867 838430 7471 80488 595991 218147 157544 883018 543285 663852 966380 553406 248842 220257 2898
MIN 332 0 0 0 0 150511 977835 658826 791791 730819 541752 3290 562143 290639 847935 684348 772565 114060 54383 596501 783980 373516 323330 245885 500005 576067 636125 582205 336623 341087
MIN 333 0 0 0 0 147628 32265 97493 585651 375770 91397 438322 176720 217381 350086 978380 770365 621340 1265 513200 800162 998864 287252 314489 835588 417621 323584 954972 840269 593443
MIN 334 0 0 0 0 738391 225268 129107 528841 593693 838806 52973 857300 957292 344604 739584 847944 549941 399060 852441 49990 339428 159269 859862 104493 824790 518247 780987 593993 162566
MIN 335 0 0 0 0 65029 948718 108570 894420 383300 197145 662709 427527 383353 441562 825922 880473 859073 296727 665369 7529 345188 310837 664991 480617 858482 788155 418196 171459 839869
MIN 336 0 0 0 0 477486 565645 315160 492053 941526 330548 480635 268970 49790 340182 614353 483002 171575 821664 581839 515096 782979 598472 764300 508978 221959 195619 833570 926361 241678
MIN 337 0 0 0 0 401060 128989 392354 990386 937211 190366 755969 796946 469006 954587 230800 82494 136074 133213 518788 60197 738689 626526 75668 719357 121263 326680 237595 871379 633004
MIN 338 0 0 0 0 155152 691251 677290 987170 989025 722703 494181 586554 663339 669967 125513 972758 787447 37722 735300 360560 184492 388170 421060 756263 745032 233398 240532 377225 820650
MIN 339 0 0 0 0 542451 432801 383586 697193 645033 962107 912352 399261 949013 478684 393613 956746 485206 179080 105999 729000 757277 982419 352338 407401 467760 716361 697425 612170 925573
MIN 340 0 0 0 0 478232 281484 908196 884486 299095 397380 85274 854832 697183 314690 407658 497436 607188 466901 155965 860051 676541 552898 567587 701897 111340 688300 255380 847000 770817
MIN 341 0 0 0 0 85127 897902 898942 808317 648572 131091 756201 900642 848523 43214 860906 361529 28989 971190 214918 203885 202825 258479 214480 249357 251252 232907 192101 446088 554714
MIN 342 0 0 0 0 575730 994091 480386 8994 374128 708377 979482 878612 145871 685316 745913 686887 234235 255265 843442 389192 422617 22560 263142 838147 641653 302850 524989 115563 15639
MIN 343 0 0 0 0 797651 581326 159957 382866 540422 672005 918206 835492 238907 345995 557176 335691 636793 652762 223486 144130 772116 750839 595190 615698 437206 275726 236745 846062 325511
MIN 344 0 0 0 0 518398 420056 119110 22959 318898 635302 869686 58019 494624 391309 728550 358489 412342 129966 168027 902097 520237 385054 266186 211578 475914 250454 482308 55290 751162
MIN 345 0 0 0 0 944267 406408 768041 17613 142037 603092 199366 535299 727844 372485 652896 340019 101341 197836 825498 240412 197382 51211 676405 183978 525995 473380 888344 907400 234591
MIN 346 0 0 0 0 419181 581428 320308 203971 126301 292684 749239 372735 527925 765391 88456 275029 61524 324747 38443 559153 983366 314657 199893 599215 491926 473252 191326 123990 577114
MIN 347 0 0 0 0 921634 384674 14022 250414 128734 490992 6530 383828 854868 297473 267417 410333 363911 237006 267318 677550 722979 26911 796672 342829 156053 960342 737265 868549 578497
MIN 348 0 0 0 0 388670 259634 942665 511372 164041 131443 896965 612089 799969 670967 571971 66535 673879 244281 591370 137252 703476 804878 665201 178144 790999 484122 163226 759348 845382
MIN 349 0 0 0 0 741181 398953 905804 746111 64331 939762 388541 187575 877667 413678 475206 489553 911109 105223 240908 285502 9449 732376 198953 735456 171537 324149 491955 647362 574266
MIN 350 0 0 0 0 873561 783984 679354 206280 143540 232345 778188 329589 374287 214750 392546 429919 316284 146934 501113 661602 205495 247542 99680 482155 961211 161723 326104 298055 275766
MIN 351 0 0 0 0 631618 230941 478387 992089 609103 425131 170639 649413 834231 267244 627663 293426 581270 276062 841806 569351 925483 454171 218218 240966 4249 857098 309895 945284 480958
MIN 352 0 0 0 0 625686 117319 568755 409295 743096 11535 267507 272843 499246 254110 108796 265207 945275 798807 406479 692013 786049 24256 367232 492289 486713 816385 285331 552381 173863
MIN 353 0 0 0 0 561035 778951 790608 931162 635553 243255 452251 650620 930729 492297 461799 833992 988506 960834 161959 69211 208660 392912 842703 568870 870303 294658 717641 826930 521989
MIN 354 0 0 0 0 928472 272195 767934 869251 634132 712280 252772 193058 866759 156015 377172 146189 723880 234611 980139 173782 624645 864513 661806 932584 598789 606569 548365 461577 330625
MIN 355 0 0 0 0 266005 406859 951410 670405 392793 746029 968446 917742 621009 615126 964512 966948 159761 340630 228776 903060 383599 672446 855555 580030 713783 860179 559978 493281 247281
MIN 356 0 0 0 0 246070 431300 882032 741997 83458 511267 993560 169426 641454 782002 4106 323047 860635 194774 493587 419651 65383 666996 561095 336966 704508 668877 418995 998742 973422
MIN 357 0 0 0 0 864484 820106 54015 12474 244669 289396 298 820987 596245 140118 150195 115437 305195 239921 835865 394203 729345 765720 853265 946533 312840 106215 835979 819113 753706
MIN 358 0 0 0 0 25386 131502 203031 501471 438929 623430 406623 445130 655771 223367 979412 954781 719735 916470 68125 8703 989151 863520 261016 324165 832885 487797 705107 282777 622848
MIN 359 0 0 0 0 805295 674853 375104 370437 44332 710378 604971 450419 851466 753031 941692 254499 854474 535722 571798 967088 122216 227781 908447 764835 400049 979039 374069 535684 423910
MIN 360 0 0 0 0 108256 735800 111010 477200 617441 503184 335963 578535 424566 699329 837859 311623 959810 705814 765031 44641 668342 175620 75174 141892 53192 136188 718997 152745 880014
MIN 361 0 0 0 0 40115 428700 622274 903017 71790 856096 215077 708184 272947 198476 711675 613864 236466 474260 88504 25437 595100 773021 836416 142665 502463 745236 325609 803763 773589
MIN 362 0 0 0 0 408249 93017 96631 691670 451493 502843 955323 746618 181073 971601 900286 300107 720105 655396 517390 166706 473765 45315 461378 794493 530762 333599 923971 665744 962295
MIN 363 0 0 0 0 627522 112989 276569 897742 226555 534496 107498 191290 336985 562424 438520 813405 359517 269407 259552 5404 525929 106071 27903 166244 424457 604549 926965 540735 35746
MIN 364 0 0 0 0 352773 178730 184070 591917 942449 233044 985147 721313 891766 664049 942149 27881 139551 258975 160670 503195 150869 226660 710744 369422 573673 211050 476775 848936 486090
MIN 365 0 0 0 0 581115 380966 587233 384619 279440 394508 164249 625089 441764 961147 293727 682191 802885 474670 484874 730822 578406 310610 952394 875528 285037 427059 824179 867039 242988
MIN 366 0 0 0 0 511647 5299 251402 10636 749575 35949 629426 853622 236626 382470 381764 980499 625042 41072 904528 23401 972945 502004 985368 350390 715422 306183 152290 270008 293077
MIN 367 0 0 0 0 845187 122782 602019 663274 320990 254960 721308 869800 91446 717638 705227 945531 806577 165174 285945 468012 600657 867719 310448 539216 160904 488280 564886 420898 994130
MIN 368 0 0 0 0 538422 368683 313583 767634 761913 680038 620259 925368 883961 753869 974047 615950 683013 833829 236411 66027 859422 528326 71595 633909 377717 623493 239956 670090 199774
MIN 369 0 0 0 0 602364 301901 700887 756827 316333 786280 565528 112705 375088 117536 265861 294072 457167 417614 119971 810188 987438 919476 573522 830744 929213 225521 502506 42199 90687
MIN 370 0 0 0 0 379721 716753 781539 102541 120533 354152 204905 130922 498156 692864 767707 268353 956305 74545 771860 123823 679530 379329 636510 464768 223435 506622 72525 204915 508587
MIN 371 0 0 0 0 553532 428604 237169 723635 353108 961987 347533 383153 294081 378560 578495 615542 875092 178484 857367 86160 681963 280934 142402 67485 678128 636532 129697 591184 997749
MIN 372 0 0 0 0 801651 420051 945551 74305 402110 798344 146374 494446 864080 770197 145132 679518 190369 945495 521171 515480 117313 343876 89744 846467 846137 107740 159467 456447 286662
MIN 373 0 0 0 0 91575 794032 711606 928823 911718 368506 459138 400257 756351 795413 739521 320049 153068 397589 87628 732536 838625 395958 849013 801225 786645 903924 54994 743372 971373
MIN 374 0 0 0 0 3958 205637 636747 560569 589013 728258 970458 923746 818964 457563 412232 754471 472513 387100 449032 217199 717779 527896 115636 534258 989515 82833 957987 286345 206258
MIN 375 0 0 0 0 853498 686382 86306 878358 897838 283410 180549 870882 926841 517121 640527 488512 999801 768425 917394 941168 521664 960124 794959 922412 910031 600831 192389 181178 533398
MIN 376 0 0 0 0 216616 133935 87533 693352 667407 828994 874016 801381 615769 31198 165797 634313 685292 724279 926750 433778 408440 965212 225809 400780 135486 288945 18850 125645 341901
MIN 377 0 0 0 0 424398 159766 849023 794016 111770 740485 156843 903542 715727 985023 555785 979499 80535 276871 361757 909425 678127 685029 848082 508940 383940 857150 532883 519517 213415
MIN 378 0 0 0 0 895167 979640 748172 919606 973394 332409 172683 983275 157425 227802 244086 432375 319096 213539 643652 637439 898492 481373 933766 688162 721273 960782 755181 849269 46643
MIN 379 0 0 0 0 833509 466219 168271 888010 778908 1777 336403 640228 789882 848417 431793 816843 141600 218243 845972 193054 157053 310919 550931 899279 458182 953960 315279 974115 704144
MIN 380 0 0 0 0 422325 744198 640524 911712 126821 433825 496197 617388 310947 183007 129128 857086 646239 337470 76558 965733 809532 248205 730065 575387 58385 206109 370875 477628 642794
MIN 381 0 0 0 0 399882 742223 216317 847730 799015 829787 575428 63534 28122 174968 810296 661138 604059 168367 268851 670503 255002 289539 128137 292157 598485 865603 859835 818622 603367
MIN 382 0 0 0 0 452585 371691 14518 766153 381631 31085 461861 58070 775043 674386 626682 362498 664225 694793 937742 429936 605632 883496 489947 367608 470319 461946 99952 882112 955721
MIN 383 0 0 0 0 224453 163511 890240 337184 184324 195671 328720 231359 66001 257713 788663 791797 862930 862421 824481 112584 773316 258898 782248 311993 450440 156560 841013 256762 127785
MIN 384 0 0 0 0 748326 436389 828715 829861 370282 323699 352297 836032 591862 64271 767047 422477 733434 928722 989099 75196 242101 560659 266929 899792 568823 329488 91592 392786 588197
MIN 385 0 0 0 0 217525 119597 441465 53842 733996 718063 675733 777469 810079 249361 84961 429311 534152 401600 803890 490847 248476 894170 630262 494355 967492 168855 725841 457197 706730
MIN 386 0 0 0 0 886698 422342 208120 637759 702682 727002 959567 634264 457675 379419 313185 880527 717674 461817 509076 186722 738791 296484 36346 427301 694621 166774 494434 637145 239906
MIN 387 0 0 0 0 660100 728348 714264 658217 632669 152859 846840 960026 140615 929514 72389 171062 230084 979955 723107 928816 937211 47711 786847 428276 707736 995283 268658 118535 433162
MIN 388 0 0 0 0 143328 835146 71453 564294 438737 621967 831209 372996 372681 5693 337254 487948 149358 658009 693252 564338 69769 596427 73504 853055 100349 628531 160921 467008 372832
MIN 389 0 0 0 0 145050 615105 313904 220404 95392 848477 930979 434583 331255 116693 481954 88356 145569 64206 534448 315289 72738 920054 776564 46438 267270 797159 805063 680357 18095
MIN 390 0 0 0 0 872764 350327 32092 285604 102224 759290 668814 557611 837931 8318 818432 260931 436692 642359 9493 37259 279124 246568 25270 259627 580288 701709 402076 753233 405930
MIN 391 0 0 0 0 24534 97885 806165 193889 222165 494397 270103 486296 227880 834501 900155 470061 767473 351580 438227 885667 601699 198461 535622 732046 40382 859092 635702 359210 602822
MIN 392 0 0 0 0 873861 421539 979040 285516 183039 128198 626088 634763 38368 963109 324658 157601 478633 622674 636740 932855 631136 251841 505688 903265 627593 733304 300694 164905 175203
MIN 393 0 0 0 0 769099 226781 349692 672332 936576 816023 912483 535582 20183 742499 30657 284545 990244 782526 66695 337871 513730 739861 903900 161218 73974 46344 705678 54771 614272
MIN 394 0 0 0 0 635019 426969 891837 155651 995236 833382 195322 491405 9575 817187 144682 122805 928432 496959 952538 176947 159838 851717 100788 353152 55980 817929 291294 955981 329328
MIN 395 0 0 0 0 305834 87060 697865 728650 198496 904552 966405 945818 986046 910606 978331 356399 668502 871264 4565 74238 837902 774524 206235 945827 656790 889561 769182 767678 244293
MIN 396 0 0 0 0 18646 836091 858356 454383 970983 715043 261121 148363 189538 710565 454970 388770 834696 518432 491652 952007 247041 591986 927825 881062 54846 655630 592776 294918 132392
MIN 397 0 0 0 0 435811 955085 259963 717895 411444 475912 111497 862165 294330 890852 521809 629399 894523 161347 320383 471975 576674 238808 681319 381507 708410 719718 674433 724643 84985
MIN 398 0 0 0 0 500200 848244 242554 874514 887861 293823 59296 994480 182386 65870 491757 825789 109047 668912 483454 382216 95111 727528 726324 475170 325042 911320 412480 236366 591973
MIN 399 0 0 0 0 241421 989476 715366 190620 203635 991084 273222 840238 729235 587414 398553 416014 416219 849961 27153 626613 914954 364582 728919 60690 806482 975249 724532 201752 394480
MIN 400 0 0 0 0 475008 582270 990695 503123 983246 495263 504461 881431 249931 819449 63513 78616 258061 230136 362661 848978 63297 68011 64835 697242 121079 376235 241962 746974 793537
MIN 401 0 0 0 0 932895 995124 437109 277465 266514 342014 240724 628158 150485 470014 914478 76464 20674 673373 511666 958683 644185 944864 36166 859574 632782 940559 76678 18464 712822
MIN 402 0 0 0 0 579305 462631 952573 338816 740502 425843 238179 554577 607400 676679 877923 463890 831239 401798 685907 970713 714208 122584 723320 834797 995811 202803 37214 234743 728540
MIN 403 0 0 0 0 757208 627938 72886 455187 215556 249196 289090 316896 543324 661353 501996 978498 487917 55780 281965 473711 37381 221652 49860 585076 182808 825418 126595 181984 207931
MIN 404 0 0 0 0 912705 422542 27390 670407 392380 339397 56384 731384 376016 19792 856939 694983 866613 246727 223719 250084 111197 125976 25934 644619 5108 957186 84881 914171 904595
MIN 405 0 0 0 0 894081 460205 616824 598366 761156 851505 424465 657904 275876 753368 711666 228441 132826 644538 282017 295144 767604 778045 412975 39256 111603 902102 416721 978718 993556
MIN 406 0 0 0 0 545507 466760 410383 692687 913313 742001 372070 648010 823944 658185 820690 857527 81697 52826 439646 789518 98441 555318 329483 588028 983178 580581 401768 169519 109006
MIN 407 0 0 0 0 85246 635515 219055 786493 281803 832822 842279 668322 835308 207162 195728 692572 309663 730818 635452 265192 334508 517620 691937 391404 308104 965801 560100 878001 21166
MIN 408 0 0 0 0 799052 311094 842739 24418 287210 979177 479696 412469 541191 528447 673203 127484 697542 189069 608905 784193 678635 380835 377144 894296 420955 426515 123785 904464 397957
MIN 409 0 0 0 0 331056 855633 651697 871121 271715 575936 309956 977740 502814 180694 730055 766002 994699 222319 146525 964843 235122 69140 154609 343316 324354 24563 24024 732737 708447
MIN 410 0 0 0 0 281011 706726 849054 151879 334340 629937 775007 245822 74387 441615 617428 20496 447787 674924 85595 56780 178244 572555 30979 194035 642864 28959 598351 465958 746985
MIN 411 0 0 0 0 371167 40498 447038 449518 87406 322136 823552 475649 970059 590730 962837 962976 881369 794101 34038 417309 363043 294563 100053 412889 593058 708886 117116 239240 715156
MIN 412 0 0 0 0 526601 683056 672951 23063 86380 296719 861825 355014 912123 423658 962988 912816 976712 802333 177397 727378 478432 627667 499115 286025 966446 923440 313794 136116 898933
MIN 413 0 0 0 0 290032 934959 10813 529816 908679 355478 284035 466417 797815 608392 464197 831754 514208 921269 581159 822821 15154 899032 999539 996678 414 623268 501037 4648 59616
MIN 414 0 0 0 0 959124 504550 747039 911582 726140 570606 364821 433016 698499 544534 952165 464458 929305 412184 299092 783835 399224 354498 396038 48816 737855 151213 830489 851072 430755
MIN 415 0 0 0 0 43157 422534 465419 525579 7289 834014 822008 245970 465428 770593 823132 58616 19585 473218 943488 497408 701084 264798 967017 292322 964132 763565 693032 84693 932546
MIN 416 0 0 0 0 814044 993398 965536 112017 569467 987194 386119 13191 487681 294720 956032 906456 371278 922997 421610 964035 74107 197565 299568 112456 807426 867920 665719 951841 692637
MIN 417 0 0 0 0 511919 525908 985890 75820 276577 799853 814232 937107 487493 154746 47407 360093 750137 330366 360428 430877 335534 862548 667687 965147 57125 870522 259477 243366 732072
MIN 418 0 0 0 0 184268 107496 815152 809090 908940 793844 985430 967587 972612 715887 167865 209577 488464 960800 357622 459495 942332 316904 604136 871788 537566 734190 933156 426620 806859
MIN 419 0 0 0 0 467774 755135 789430 615782 187397 234737 100674 660642 501893 812021 419037 978334 664859 593468 551993 683968 440684 402971 545714 523122 826381 4154 425107 348278 263139
MIN 420 0 0 0 0 677691 419704 709872 805690 426141 179962 325378 519485 336815 337126 53551 826346 147604 702509 967848 829009 84605 273890 855104 626140 596649 121703 782378 503184 729547
MIN 421 0 0 0 0 745033 663851 625694 3289 328513 146498 708826 345086 8352 446288 8478 111152 142612 210736 161500 296947 49855 742758 964850 549770 251723 168194 387038 85191 312146
MIN 422 0 0 0 0 505690 659174 330428 925658 537116 457976 619044 696390 660113 691507 198229 51584 250420 920692 352440 411913 575532 819877 489699 568039 243265 202126 192321 285470 960985
MIN 423 0 0 0 0 847532 90549 963985 777773 172776 504969 627807 565742 8688 930300 713624 913111 46158 36969 802766 209438 862910 101857 118724 10275 916861 471195 836716 1796 515658
MIN 424 0 0 0 0 377627 82698 708194 609280 351176 598145 588774 823427 80711 122924 849444 445709 823974 753772 79095 473592 97604 171107 340448 98195 659411 934529 396161 159210 499634
MIN 425 0 0 0 0 517393 837843 607737 675504 536797 390186 979905 859087 665182 915906 456572 294781 483999 745220 296234 788242 128795 152353 369517 825955 965392 116689 214255 527757 400537
MIN 426 0 0 0 0 49838 198196 133008 868294 177050 595021 418287 702553 649337 902295 279395 441817 107554 718172 804325 239108 468018 997142 25419 943290 640235 607475 198347 700915 157542
MIN 427 0 0 0 0 256049 510469 965061 387543 17638 308017 993193 668427 60009 460282 579966 314614 904502 917185 872383 981612 161612 708287 874953 159338 796105 29826 3986 413821 112419
MIN 428 0 0 0 0 826956 702723 635967 18277 11346 211922 668674 36990 857296 316866 170517 553227 2767 547572 378486 715943 357874 469250 412616 673708 835225 393002 710771 516870 176488
MIN 429 0 0 0 0 2619 409728 440137 133634 641569 887774 687850 620748 142503 472823 29447 34945 495357 85037 694794 728397 760288 407692 83693 921123 343473 281816 517622 253694 728466
MIN 430 0 0 0 0 567950 842658 133779 652878 69724 204606 510679 359935 409906 364992 538841 886870 156025 292331 911123 92734 383894 953528 337043 94162 490313 80304 678056 84149 629270
MIN 431 0 0 0 0 52119 817419 168452 295472 56543 277893 915065 620362 494240 45778 706926 587605 236492 352625 827553 224694 34308 385989 197627 47604 68559 736246 319193 250658 359844
MIN 432 0 0 0 0 418512 285102 393359 942108 639759 147949 105045 420803 878260 733193 413957 949820 658719 3396 493964 475520 214117 367822 711313 229456 533117 525988 202922 778903 919701
MIN 433 0 0 0 0 404772 139530 933866 97628 405021 543959 806941 622408 182691 912670 243029 834262 401303 534377 908245 906663 187750 444452 726369 61570 281920 885300 263012 935232 22303
MIN 434 0 0 0 0 599968 177815 481387 772514 925611 494185 821196 817436 236868 148367 621876 651365 139259 106608 778892 213576 48387 351675 373018 451629 863733 96211 576957 331114 781481
MIN 435 0 0 0 0 100493 752791 937691 211505 972117 179168 893213 149778 244267 58525 326866 800027 673372 570242 9051 129446 76945 413297 452716 594227 160986 550825 684828 876837 574171
MIN 436 0 0 0 0 101712 387179 123005 281163 463042 310404 811894 891110 897578 173603 693427 546621 633044 420166 211090 574144 469245 208863 31401 321014 255835 97928 78957 332410 617088
MIN 437 0 0 0 0 447464 818997 296549 166313 39478 117736 718681 16585 153236 969421 202838 802699 917228 933031 758222 199659 205584 564356 405548 947539 223569 866751 651808 710613 612540
MIN 438 0 0 0 0 816858 667119 145245 407453 650189 695584 522640 747581 821974 352437 378968 190458 599992 930718 62436 93401 969744 238451 549289 101104 936993 24629 76486 67892 461353
MIN 439 0 0 0 0 880166 968851 756711 423352 104880 551962 692604 127059 867202 981167 207254 529145 70373 554391 118590 705067 128684 996688 172626 68959 347839 305922 821287 911727 648547
MIN 440 0 0 0 0 366386 325338 45650 691375 421873 740554 480445 415057 835153 588119 339751 886917 501329 165848 911652 819258 903895 647232 930778 704389 482892 17913 407701 969292 384860
MIN 441 0 0 0 0 175238 123878 528409 89982 194323 643468 53717 971731 380535 812043 515951 606570 366447 483555 208611 343103 971104 857018 306825 15721 242262 163586 783933 374945 969839
MIN 442 0 0 0 0 653640 361893 783877 900604 473996 54721 940942 439441 355411 867049 801124 12692 348706 627629 319027 5203 809332 249105 529019 896067 848780 998457 815987 880280 63440
MIN 443 0 0 0 0 307543 68114 691845 173057 265556 102218 97077 781984 735000 91450 859243 111693 853725 454514 62240 408691 153885 739985 289742 109276 849323 673097 659673 819128 154918
MIN 444 0 0 0 0 83643 265151 832798 769156 737128 79372 593135 879082 145141 867620 883739 494672 165358 659673 290861 404752 176174 121920 515588 140097 613763 879393 677413 400169 354407
MIN 445 0 0 0 0 766407 869887 552506 909281 320301 142498 906526 927533 980484 850115 240558 942790 473642 46652 807302 764167 263945 792516 797178 412161 578562 846451 117761 14634 556247
MIN 446 0 0 0 0 752633 410191 842562 235019 213766 310270 900624 546666 155476 688186 754899 929252 636974 888574 799621 242380 777279 403668 767302 122910 139492 580503 187822 256393 976549
MIN 447 0 0 0 0 444287 382426 676275 938937 486065 823840 974175 636091 90793 848447 402243 457016 506887 326223 845545 793990 465719 598033 312119 361919 405191 713211 695440 195781 336304
MIN 448 0 0 0 0 820443 504533 186212 536848 913807 115637 555062 423047 117058 345612 221616 259463 485225 118019 204135 592132 696718 504911 876119 808595 682814 833219 31022 58072 52839
MIN 449 0 0 0 0 952960 824476 961487 924537 453545 124258 399207 849815 737572 404451 898142 179686 263498 412524 384111 550675 551109 615567 751142 499306 614280 177591 489224 29755 109458
MIN 450 0 0 0 0 930068 383850 782064 952200 665314 330603 497592 323351 174923 495250 983895 545231 246499 910619 131498 982685 542791 240064 31475 782567 723635 371645 682768 33591 474740
MIN 451 0 0 0 0 516845 668595 619642 564023 678931 862164 83000 297136 186149 994980 275599 366568 549114 924592 343354 693674 290399 692448 396074 329924 795736 772413 594638 701871 766134
MIN 452 0 0 0 0 311032 813854 740939 666047 40881 571153 389190 356842 109583 479910 404502 461117 824989 154532 192913 879163 497523 151953 825885 417547 82814 402694 843761 986612 638534
MIN 453 0 0 0 0 190510 101383 267686 624755 321395 230891 277949 364478 860936 71148 807638 915629 211477 129751 204614 509578 174185 433743 501891 725694 393507 32866 44812 804015 44325
MIN 454 0 0 0 0 646714 709304 802316 846075 585753 732086 294507 391515 572802 426185 944711 736835 973113 337256 729526 835888 646552 431771 431415 942996 390486 325705 990549 37420 392334
MIN 455 0 0 0 0 694021 88792 292840 32684 965415 895918 955738 623223 372283 966668 157900 62089 887402 416722 716976 449100 726405 500125 625273 406449 220039 783885 725954 275400 655110
MIN 456 0 0 0 0 557565 849508 828619 567267 371121 283716 779901 315927 293048 220124 940540 782861 14946 421861 959155 890487 688354 887931 857494 318710 694299 692286 915556 542690 566301
MIN 457 0 0 0 0 163700 253430 929450 80350 952408 190072 801482 624725 5552 279755 874804 471092 336626 245168 10815 168592 158948 931471 486885 334810 887579 536450 27065 596681 4441
MIN 458 0 0 0 0 764179 480107 420963 374449 608207 382490 110827 352869 822399 674147 251907 643295 54964 447534 584462 143638 231684 194 486345 660046 126176 980846 570573 322281 13365
MIN 459 0 0 0 0 901120 224872 834899 178530 469843 383782 659404 217452 601721 300378 170380 551041 898844 477647 458308 362947 701375 323911 603042 380903 587229 763130 60580 126538 123688
MIN 460 0 0 0 0 56492 719071 453985 972228 504374 656875 86071 208036 574032 113283 590741 336784 773765 668934 309601 152359 648050 200785 339619 335438 467416 936748 432639 459692 154127
MIN 461 0 0 0 0 593582 916015 792980 180910 838000 262843 714546 130451 748362 186777 597873 231867 279252 499145 33455 213983 381532 282919 826524 409834 844732 651627 619147 817990 502480
MIN 462 0 0 0 0 193688 183076 500869 774289 249581 519937 982727 185608 60191 924444 699495 524807 984440 998723 273934 414176 544625 491690 759715 521504 385140 929345 435289 457895 173543
MIN 463 0 0 0 0 238050 302496 414663 354780 505111 129053 465974 886394 813472 327895 89104 54820 418321 702382 547504 710061 546115 787963 867682 80864 782882 116470 773285 319544 750934
MIN 464 0 0 0 0 608123 394441 258334 757351 355316 437132 898437 690345 109397 144230 217095 573528 257457 735664 48814 554574 996736 253428 857567 460885 344716 305863 906100 20964 780923
MIN 465 0 0 0 0 510412 110072 592045 702108 569175 359198 967916 621284 710451 377510 814126 756 850795 709590 945920 681850 769116 669058 336205 537242 445882 179601 953526 334012 836745
MIN 466 0 0 0 0 466018 369927 295844 808684 759965 36648 320021 564741 599287 602024 903057 952459 561356 587781 335554 137552 699976 360619 516920 883356 626223 751074 702308 15554 1732
MIN 467 0 0 0 0 732841 741453 676567 169363 766435 672065 946766 399166 24082 154856 918267 157209 162737 528331 62652 856638 323009 723002 484192 718672 888805 958769 453640 791517 787136
MIN 468 0 0 0 0 315987 327577 363445 520578 758337 704231 750182 479719 37605 545029 471848 750420 273019 856691 64055 377520 456616 293574 56678 466989 655429 799833 16944 399943 749011
MIN 469 0 0 0 0 843878 127406 457512 241994 753031 63890 902545 218322 364075 444732 988901 293884 788736 454471 66666 892605 993108 97843 629476 521584 517008 870539 434066 764294 286681
MIN 470 0 0 0 0 410262 541157 379963 834501 831033 481840 951574 536578 95340 325336 431071 504121 478053 880707 954343 666711 675395 138764 189510 827091 302188 779018 425333 231044 423556
MIN 471 0 0 0 0 769383 135557 74942 102668 871755 708782 888272 309596 655027 718170 281282 518267 119920 345858 512188 68919 298421 609721 825748 715460 26053 660940 365810 83308 265962
MIN 472 0 0 0 0 661885 652823 342574 918968 411634 141241 93523 572060 5827 947279 447724 950215 48645 49707 761629 625131 440476 1190 315335 73001 317013 675866 146534 336178 778390
MIN 473 0 0 0 0 450083 103561 638039 311262 224736 722243 213389 363025 617399 380257 813321 197522 178351 341565 226850 691677 138255 718734 274439 119578 823606 6951 47458 317690 152093
MIN 474 0 0 0 0 567457 596661 76596 841929 773408 321865 211465 571295 228663 305128 311096 231185 232257 913532 823274 484391 67219 856935 733261 466636 403760 617368 495224 217629 792039
MIN 475 0 0 0 0 209378 595764 418656 687159 294758 573161 779097 801563 223149 665880 270214 253115 405657 922908 917313 104298 635596 922784 316874 624453 641018 940662 191870 694692 718610
MIN 476 0 0 0 0 491593 318424 541713 423612 781580 211780 811652 357109 382429 362487 696320 310078 783919 883309 47460 586774 51943 642439 268631 254086 833526 149657 401888 378283 672395
MIN 477 0 0 0 0 201665 504507 754567 755953 988451 13496 444243 727450 723539 667793 204959 139718 113623 571354 963357 785331 222749 737697 713769 787098 684863 670667 472809 793146 389870
MIN 478 0 0 0 0 605823 72251 665890 269074 646303 961135 777039 487549 620679 468192 129995 801573 848067 613386 692206 409148 994392 513762 801468 511692 742910 984706 237693 116487 543515
MIN 479 0 0 0 0 100986 299785 10141 720486 882087 192673 391926 629317 30441 184222 488305 24357 21891 611025 600433 3823 206820 392124 615627 663373 29934 335278 217821 435822 830075
MIN 480 0 0 0 0 387027 531587 328511 796914 852637 52061 304311 467821 412376 434527 826353 844712 212928 733873 122762 456565 500683 712948 378754 216090 194416 989294 870809 57929 471097
MIN 481 0 0 0 0 377662 360848 967198 755971 249231 415497 773869 933942 982252 120159 501831 993206 201154 902558 915258 217053 646328 736321 374 44888 191455 275344 777467 23982 329392
MIN 482 0 0 0 0 707355 869589 626221 575752 810779 882370 80025 524344 580443 939096 418708 239507 677056 289035 341457 411807 892115 357917 237330 857510 562781 820740 372919 453436 552244
MIN 483 0 0 0 0 989129 304473 223085 854571 553896 700264 203138 857354 777270 969335 426256 554962 573760 824659 241058 279736 891985 96514 359855 687723 933038 196819 803523 493697 583855
MIN 484 0 0 0 0 322738 888214 902301 595630 530595 318141 136976 391756 940399 299265 548473 823116 874019 85518 329879 912882 230503 791814 247463 724289 186413 877798 528176 18053 386227
MIN 485 0 0 0 0 628498 317386 970286 847123 553418 860428 105801 570315 890467 483413 40844 154703 277845 252518 506990 389672 932648 610113 231799 757884 729965 154353 820330 388614 397444
MIN 486 0 0 0 0 26189 241206 984040 345246 505289 154461 710216 960134 578657 661801 798092 393229 78754 159167 984374 693505 109693 625499 491890 219704 119992 740557 868174 987202 886891
MIN 487 0 0 0 0 720144 750478 689800 898987 865941 139062 110690 244311 285717 402592 523788 343417 431232 205103 996409 775826 929872 229455 806795 306905 854725 22194 597474 323800 532977
MIN 488 0 0 0 0 772048 581830 476623 389452 904207 735369 413057 112796 510563 972701 303548 535276 758499 320673 258100 191008 27941 814978 17875 483267 19544 679305 495898 219516 690522
MIN 489 0 0 0 0 805706 399005 465096 146063 511666 435079 272407 32322 490323 33102 588827 455767 61478 958713 42930 3966 819803 107173 961333 719852 760913 224994 763212 350984 884169
MIN 490 0 0 0 0 339445 478943 671464 86146 551537 405303 488054 182640 805219 670849 833107 504155 292663 237915 378368 111340 549546 343190 646700 878483 618688 234848 817004 888527 508165
MIN 491 0 0 0 0 547077 543786 407745 826431 847805 628276 907885 246263 454986 900997 134254 799742 338844 997141 791415 628469 583346 38482 736105 894548 48784 53723 830975 288453 288415
MIN 492 0 0 0 0 862168 33579 960728 827162 126437 67692 822017 483067 974624 931135 220878 245515 529273 878157 540128 278052 43847 265771 335850 14150 637878 667502 155823 498126 475229
MIN 493 0 0 0 0 402776 53085 544745 842835 193587 647493 75380 246182 849335 731215 305442 747555 644610 554930 577091 20131 320858 505931 341397 907152 736310 34625 711630 944309 593246
MIN 494 0 0 0 0 915385 565041 287250 720954 682831 987388 468764 197177 300992 961010 173047 194605 780493 474346 607445 874346 10786 441522 852517 458232 27781 405202 538237 775898 243275
MIN 495 0 0 0 0 161395 609907 580186 846516 87431 501071 735724 138820 975494 622912 393247 605241 24205 956562 894219 428859 586 653677 331262 651296 770730 40365 71568 251748 735943
MIN 496 0 0 0 0 163879 633279 798315 270082 859391 82951 714680 552004 471996 75315 977766 113014 82955 922951 314256 808472 581242 102721 899226 139822 569156 68147 163721 878436 354934
MIN 497 0 0 0 0 676463 653576 893566 69424 5203 786142 214799 51890 305688 707502 742122 371745 381151 26280 880849 384505 728250 483344 686920 756007 727681 55911 163242 489801 983746
MIN 498 0 0 0 0 371724 379863 408158 78679 477568 787872 537024 324254 376742 690592 507355 129698 178067 178794 961630 474120 147703 178083 298411 770122 452518 15665 728093 902898 983583
MIN 499 0 0 0 0 752550 89777 779215 276264 910221 784122 471538 422954 376609 308398 656205 760883 607567 442353 464886 311453 252122 817857 808233 531000 438290 481741 43467 225208 989970
MIN 500 0 0 0 0 374935 246854 414911 943389 344405 955340 956970 649370 121629 718556 66654 310350 681145 159550 321227 608915 233871 299310 278801 697905 415127 644645 953430 18399 332146
MIN 501 0 0 0 0 369473 34872 381398 497197 883043 849680 714209 604583 394937 390893 336196 102052 422043 253689 679246 919578 516508 470214 175506 831783 651795 530235 912002 473943 824088
MIN 502 0 0 0 0 655096 829884 900678 999913 552294 328267 134768 829678 500184 439624 580371 163905 31363 90714 592334 804515 58648 861505 493096 524063 489193 593767 992981 551813 773597
MIN 503 0 0 0 0 441142 550703 868583 947879 819859 909414 730670 780190 634481 782548 569691 586008 892144 608322 807176 883211 212851 860211 942657 226170 317538 887209 737872 151430 360612
MIN 504 0 0 0 0 507188 210523 964412 761281 483912 366381 235579 136584 137276 141053 546544 711506 487240 960594 634733 672794 59546 185984 419904 667317 566001 715157 62289 322957 939178
MIN 505 0 0 0 0 559165 546169 415289 499936 89250 118445 449191 899832 645633 183850 361729 144253 580665 957254 573544 653320 225215 488263 785592 140740 834110 10035 202973 229696 955441
MIN 506 0 0 0 0 468188 386569 659696 546923 115567 509776 647181 551945 786955 778904 844154 325437 760800 460902 337576 633055 873371 80253 645807 924208 325267 27749 189218 287715 530166
MIN 507 0 0 0 0 202127 617362 46584 780489 633415 96129 22266 667401 11064 235542 210315 481677 465849 45341 901117 900237 219985 66888 199652 618067 785047 466797 16289 734389 531319
MIN 508 0 0 0 0 610056 267459 142201 138988 640623 656596 544565 43320 392455 182414 308269 576442 272795 490514 946867 160187 668141 24209 947489 510905 669191 289826 59662 242839 576361
MIN 509 0 0 0 0 432152 501167 202884 94799 208954 742317 554285 686827 217077 855785 988877 419975 849188 630598 954620 605422 249139 23521 197374 487230 552933 565645 287111 865222 307755
MIN 510 0 0 0 0 622205 442032 984795 455471 563752 316511 83013 611105 944868 47332 323236 374140 334501 383477 357809 683760 156712 988693 83281 476356 938679 920248 493337 838073 688924
MIN 511 0 0 0 0 231451 69502 16873 891092 153311 788477 593646 748601 273933 783293 938493 214591 924559 392908 80788 751016 748979 381904 3503 900080 360933 966286 839605 364826 192918
MIN 512 0 0 0 0 490141 71554 212046 514768 413093 788735 982205 424906 119180 889806 614146 554040 811151 753811 538621 403323 553824 64573 517971 565615 649739 273577 16786 444940 591493
MIN 513 0 0 0 0 521995 807534 804211 166157 293967 215405 751822 711593 747513 574254 674280 851480 816504 821975 53879 616770 999001 634551 916851 857213 230162 652077 650317 209859 193113
MIN 514 0 0 0 0 779007 837870 425714 746876 808310 938654 11470 234700 834246 613702 345953 912873 415555 32886 230337 924587 966891 430825 718395 88974 395598 23396 264030 356217 295657
MIN 515 0 0 0 0 295307 420740 559935 894617 629705 543947 654991 249116 893380 178729 377104 652966 388500 712941 527661 802441 874765 265236 592862 448424 244955 842094 331772 333757 956680
MIN 516 0 0 0 0 301874 564544 193893 610778 77625 32403 403886 899543 399884 275827 494975 281347 132812 442934 817004 958385 7255 569312 553063 433920 543514 53913 414262 959202 119304
MIN 517 0 0 0 0 209614 922733 433924 704584 122828 308604 681519 347769 165457 888186 340061 473291 624664 429217 596750 272663 737719 59492 609535 203774 200910 300950 252371 568778 303072
MIN 518 0 0 0 0 9776 506906 463077 957942 274449 68257 167535 551827 682230 115583 826541 305348 243408 751002 538169 418269 866215 254597 226421 122266 799602 860115 92919 475453 77214
MIN 519 0 0 0 0 491424 128292 282724 737913 852385 504789 586029 493285 880574 604532 171672 342326 38091 196204 135371 298942 459518 934352 83878 321225 884542 851163 424334 872492 98072
MIN 520 0 0 0 0 32038 406849 808211 946463 319878 861480 379453 508384 829636 642947 824063 324828 80523 481138 353938 25450 146000 110052 887864 948316 874635 257502 387566 752541 747695
MIN 521 0 0 0 0 662634 436669 643095 377628 848454 187647 180311 472204 89011 540241 191815 745491 678745 131456 57344 915913 157706 932971 833231 267315 896362 248335 513448 68414 714279
MIN 522 0 0 0 0 529891 631224 885653 398918 932103 747953 670023 743295 46387 178059 655916 382292 989449 137037 92444 604905 587202 343978 860489 211318 769090 982561 33320 943395 79775
MIN 523 0 0 0 0 745348 942394 819338 34885 24284 857515 775286 973615 56414 697813 142882 599269 591103 388028 98303 92884 266547 923252 368033 434782 575532 643060 662991 664132 823320
MIN 524 0 0 0 0 49288 890247 664482 346031 790204 213366 336511 929160 548321 183856 979865 998787 590634 993632 48137 283794 185188 694834 500301 185236 967003 898601 950845 562828 562294
MIN 525 0 0 0 0 34943 985033 729333 473780 704993 721293 276506 93149 939274 707490 42728 383733 328772 25840 511115 657237 202050 568410 922381 552742 129954 86651 458632 934223 283794
MIN 526 0 0 0 0 706217 812858 324997 616249 528216 695362 107262 94738 816938 293333 287556 337448 85399 995662 338343 30203 2484 832136 780326 459052 212271 179696 556458 252382 987659
MIN 527 0 0 0 0 306582 242057 945101 952822 7099 955751 713867 988784 416736 304888 693126 731237 135695 86620 276660 826154 497806 290555 326482 921824 221563 780535 827143 679329 908033
MIN 528 0 0 0 0 368524 216186 632006 619600 331989 605094 579575 826376 544552 14534 398597 770761 284334 160064 11568 8680 24115 360937 40220 900294 889920 342210 922458 785164 657597
MIN 529 0 0 0 0 219811 226769 784313 269950 40252 21520 736883 601566 923815 595494 780966 494029 502751 993027 577101 893123 398303 879568 33618 369677 124568 172196 102027 343222 731690
MIN 530 0 0 0 0 544430 381188 661478 330923 128921 703439 780007 828590 749448 404234 13465 790082 26869 303037 591128 82454 436343 102370 232712 806508 964421 814345 487056 537963 186583
MIN 531 0 0 0 0 388453 862574 413977 499989 244977 356009 862694 807353 923819 158401 623081 210985 462270 324809 930110 202937 82073 32141 129089 301799 63211 178012 332069 783304 658168
MIN 532 0 0 0 0 548253 233126 224410 733198 485018 801578 969950 681705 734003 236274 884812 235597 916542 917608 263424 493407 281810 69009 65288 17352 533265 853793 310334 663581 931050
MIN 533 0 0 0 0 546333 54562 388606 880220 761517 832235 242386 362190 464753 771610 853231 150151 227722 911685 33134 581096 837330 629526 939030 562246 729920 646280 419304 432882 630667
MIN 534 0 0 0 0 538557 588414 990911 822231 197390 916741 53820 925126 75774 310552 452148 218737 85351 627239 232024 125751 867289 587992 1572 787047 509805 692666 278430 912966 27000
MIN 535 0 0 0 0 30491 555288 256468 811367 693585 686591 55476 626369 609620 662669 255139 59124 778373 141452 18524 211879 489190 526800 404667 706031 943236 60543 827513 38087 360236
MIN 536 0 0 0 0 456004 116268 479053 342754 111742 196997 403832 602351 799947 43221 983897 433913 447236 907880 279166 822809 34215 470431 709131 610402 268485 848107 365586 336126 394523
MIN 537 0 0 0 0 56821 941083 23516 747265 109095 361676 927771 355303 889780 462470 832119 254225 779906 235792 297719 103818 560277 259444 214553 220467 78354 71367 608769 415547 234732
MIN 538 0 0 0 0 792305 905648 643382 720562 916183 155063 943182 239771 635745 212176 324084 610364 121564 281672 355047 190822 116568 20554 959577 576630 442769 464449 291082 287045 298753
MIN 539 0 0 0 0 710343 329382 495175 758932 667731 668574 309706 706351 33833 779179 811999 551168 439321 407260 684321 818387 503150 888345 451788 662816 887984 750360 721665 613935 735842
MIN 540 0 0 0 0 318153 960555 328084 837406 904752 968199 754320 658303 566479 288838 284167 339606 193555 712278 984874 635337 480536 788804 676783 212295 816363 826643 511646 674031 266673
MIN 541 0 0 0 0 126833 18577 534697 53130 858418 16593 205881 907788 72106 961389 488325 381961 569165 875862 659470 953304 867412 690276 889469 513441 124971 262822 915643 140635 388756
MIN 542 0 0 0 0 261642 693404 942590 600669 311039 81581 81153 343819 456486 905741 717770 230263 850242 694042 255967 807517 891135 609746 611560 117764 171473 872388 652329 471345 705087
MIN 543 0 0 0 0 240775 729484 755175 497263 760291 591168 909556 549060 567950 990246 726587 87484 623145 429902 131549 843940 26736 903816 347473 418909 486327 51828 282343 947140 940747
MIN 544 0 0 0 0 672945 956162 541337 103286 814152 164506 806090 407541 378130 441344 588916 684425 701823 398569 116471 519819 806915 889810 436956 263917 229048 274967 377573 674450 504615
MIN 545 0 0 0 0 596818 27162 800547 764117 258473 39369 149764 605535 531503 920824 403896 842536 738123 339102 95936 979354 169710 968925 955373 860589 995747 484208 621372 401797 67080
MIN 546 0 0 0 0 541337 453788 680170 715930 143678 873795 903866 297001 349562 866808 391101 155915 179466 676847 513213 838560 63269 314224 149597 110998 343718 700142 628795 413205 504199
MIN 547 0 0 0 0 772934 174970 235116 183276 799324 299530 980332 203390 101433 531691 320167 170494 277282 195276 484447 31564 994999 40906 955484 486595 944372 669625 563634 477582 627680
MIN 548 0 0 0 0 951511 911227 457962 115582 989298 702097 951232 343632 754155 291038 121970 693024 69740 175108 108192 834216 800005 126742 113281 500805 281301 287164 578330 706354 962554
MIN 549 0 0 0 0 768272 737452 394351 955189 271476 523312 300082 648641 137708 965042 440065 887379 112516 699396 429625 475772 474661 602288 465976 14550 517499 73082 103017 318370 39084
MIN 550 0 0 0 0 27432 440019 74689 764180 793204 326010 448397 632270 532397 72919 35043 801374 499453 322951 252026 632969 555296 89830 409771 975380 873318 142828 97521 684837 571716
MIN 551 0 0 0 0 971493 504532 314040 915872 263836 304672 142442 926755 363077 527817 850658 218708 538802 812606 452536 898982 542720 248001 768598 722819 889195 681940 432221 662682 650120
MIN 552 0 0 0 0 554340 661591 510192 996928 906262 18953 478037 611413 947892 225316 585610 838696 583598 58294 161508 805849 917311 554454 101878 332179 781297 25712 876805 461358 931997
MIN 553 0 0 0 0 199879 670029 764776 777225 591137 961278 120236 236189 985621 957876 727364 282701 592837 403280 572037 391485 228300 633289 687999 815827 540823 84337 648545 431225 922402
MIN 554 0 0 0 0 978056 864115 572726 891861 174218 822650 268551 498841 492333 818039 348337 704531 740132 293140 181252 241267 700317 74243 481199 627087 651490 359062 830912 557488 512348
MIN 555 0 0 0 0 46043 230986 57910 729023 434696 997112 147104 942990 850611 483556 736428 962285 98343 917210 720044 208570 590470 686708 228565 150963 885645 579962 543362 170080 712545
MIN 556 0 0 0 0 6223 248080 222118 202475 656284 994437 834179 509702 23274 697709 573776 823270 8154 317378 536152 375413 653641 163312 995105 309851 146829 582475 987912 656716 364555
MIN 557 0 0 0 0 237478 92185 12585 116862 892319 531716 918797 315264 623092 360811 463530 986636 990294 500336 401649 133594 823934 435470 783627 889827 213917 145508 224216 156164 157560
MIN 558 0 0 0 0 733908 646382 432866 725651 884604 5597 384127 295249 878646 262389 53914 895029 765194 411711 894891 92989 859133 190524 506749 777112 243201 824123 746269 569611 669342
MIN 559 0 0 0 0 353498 217754 265440 871181 848127 781758 733622 382449 657861 851286 186181 15506 414481 545828 260962 437197 364225 985184 314441 93828 22491 981253 404934 581344 548352
MIN 560 0 0 0 0 877477 941001 982399 9456 976079 465980 631413 673959 970536 291661 125278 118471 678115 923546 436307 423137 880188 972827 603313 477014 760025 233830 643777 121037 443439
MIN 561 0 0 0 0 481079 495463 320197 981352 817450 723200 209620 949037 28438 609364 916694 76505 149091 272068 315999 519527 94211 745849 580105 82211 633709 390374 710486 894214 475995
d=8 m=32 rows 32 u0=2 K=560
MIN 2 0 0 0 0 0 234575 875098 318345 956253 363289 206370 488491 116796 845161 380879 882448 18607 762880 490508 630474 303234 944521 395689 395172 713184 387855 186093 185624 307595 350702 752668 56107 0
MIN 3 0 0 0 0 0 889036 539606 154017 387301 562555 290692 799188 758857 643821 722987 692021 772711 881509 691013 175378 514517 445386 39881 46785 410237 838315 302560 961954 262864 942901 687875 152346 0
MIN 4 0 0 0 0 0 954246 89916 579857 203656 764285 120145 768287 273459 790188 466398 467742 232814 147477 922947 162877 914062 645250 755953 521866 719021 705339 439281 304598 896084 175202 795460 387676 0
MIN 5 0 0 0 0 0 638449 846383 128252 243216 987087 9022 107193 875486 715907 491694 92108 975139 933499 825113 120396 667817 5539 210383 792427 657440 847952 846910 729259 653272 636529 507733 133038 0
MIN 6 0 0 0 0 0 569993 829299 615548 68175 698673 225449 620846 365183 836186 659918 193782 926662 748936 794314 9250 865054 163498 286565 78346 528160 648561 339670 522589 532794 830827 868692 123266 0
MIN 7 0 0 0 0 0 603592 642671 512893 82075 602496 330419 227847 76042 948095 615983 394517 792800 192305 573689 488997 858654 454408 46521 729580 652204 379571 195566 151026 141180 854386 85546 43475 0
MIN 8 0 0 0 0 0 222319 695935 263336 892307 381173 349299 701251 356042 154246 328913 636554 899746 955860 415669 245911 623364 950377 689832 468426 199062 880469 781144 41032 331158 760348 21638 816288 0
MIN 9 0 0 0 0 0 420948 818996 381254 894050 158492 76737 621241 9426 627242 428478 569194 518604 711492 837391 871910 154368 248214 266566 629487 184895 587468 989271 978277 561429 947129 586965 587669 0
MIN 10 0 0 0 0 0 267278 73351 493075 400860 304234 195988 898566 573516 683684 837452 537581 119232 153329 741342 529832 686453 425114 949502 46685 687109 441866 766958 128616 813769 723556 946782 823336 0
MIN 11 0 0 0 0 0 645129 776438 356193 46686 172640 629203 384213 246806 176746 84734 329864 444108 938687 743390 728356 441562 955409 864088 710109 160834 337153 872496 536365 156079 396682 145637 886454 0
MIN 12 0 0 0 0 0 412307 151884 225589 451975 133827 594222 712439 17758 242032 121606 231362 493951 848403 486920 85914 765917 85744 572881 804197 455252 605279 896910 889219 416422 740103 583666 3822 0
MIN 13 0 0 0 0 0 951231 19993 915625 922647 566113 302278 805876 556545 271668 737778 900296 798532 748781 90099 167825 4294 213924 95317 148210 833408 383305 193657 235765 575804 469761 356628 907086 0
MIN 14 0 0 0 0 0 383293 352375 978649 792865 715856 191220 777999 812817 154243 555339 608055 85383 817394 517614 547907 175658 69971 207244 785037 646689 948029 880774 708234 145374 902870 335045 801714 0
MIN 15 0 0 0 0 0 302409 781942 846520 282898 847447 649290 80987 483301 106370 810462 445274 245672 828620 176520 409038 900795 979530 46308 683537 74252 926833 284552 415201 756696 649357 350284 918693 0
MIN 16 0 0 0 0 0 33886 31070 967549 710094 493752 779648 865386 802615 227444 41763 28730 728703 123861 72410 925654 574141 368607 856861 735735 325910 729485 820055 9313 823988 260637 902009 29301 0
MIN 17 0 0 0 0 0 234614 11360 809565 998079 320825 156340 95170 638206 65502 696414 439141 709800 391589 477026 686469 983639 491293 351100 92019 841704 392668 362020 53507 713261 764503 967915 820481 0
MIN 18 0 0 0 0 0 318657 616404 803097 73068 337785 58703 938716 393129 149445 200704 246051 417091 510194 624778 253366 540968 753771 152107 975629 978368 246954 857103 655122 613854 5910 19331 513179 0
MIN 19 0 0 0 0 0 661135 457695 361064 475810 257261 129201 557629 261461 722152 335795 771732 448455 168316 564674 735071 85391 157175 355114 312687 281138 145311 435512 429000 290288 681 288052 419509 0
MIN 20 0 0 0 0 0 329702 775064 835761 783246 506227 339017 511082 30799 87843 243082 966136 862966 58150 71289 839115 461398 927127 229817 254714 468605 418498 655160 3326 516380 807178 857330 350603 0
MIN 21 0 0 0 0 0 942052 220210 875747 929882 990560 912094 901246 738902 885420 874823 202835 272470 108522 560816 434810 46922 856951 553863 716648 2668 349257 245918 207533 992909 545940 573345 550328 0
MIN 22 0 0 0 0 0 449334 529211 63611 862551 85269 472941 941377 963918 526605 583880 627603 287766 434397 540721 369058 177172 876948 499417 618263 151166 192493 416884 641272 567532 914769 609315 534792 0
MIN 23 0 0 0 0 0 949057 833470 86871 999051 704712 550327 435364 726606 237187 957725 78520 579575 77407 144293 425757 489104 909434 804488 898441 435496 569389 846204 180847 416673 96461 886239 445423 0
MIN 24 0 0 0 0 0 771515 757232 197217 154528 4784 714956 498173 227387 501426 42491 314518 643567 814156 569339 632385 442145 633354 358840 112857 503424 994223 316428 736337 277035 629654 463002 666512 0
MIN 25 0 0 0 0 0 101398 975456 303269 664732 564182 557793 37153 114254 530944 486209 683000 163619 910652 126240 857998 151619 790317 604665 835843 764424 657351 102788 228860 843230 413946 299908 322708 0
MIN 26 0 0 0 0 0 261475 265558 282582 7051 243501 832214 190093 579488 62269 174902 389901 644755 869833 380531 426330 73911 478772 440961 87179 137545 60618 158992 670796 283283 102594 513180 872163 0
MIN 27 0 0 0 0 0 456902 526527 685059 506414 626092 803477 2879 269477 266440 411147 593696 844614 18322 611850 903080 394806 628377 158566 687549 58288 273209 190007 799487 374135 359515 174439 188994 0
MIN 28 0 0 0 0 0 57638 732274 600485 718163 602068 227039 284683 966854 672466 715024 822005 49332 800005 439056 652284 940345 52777 92271 777049 297748 158037 46043 147397 144232 452491 356050 632864 0
MIN 29 0 0 0 0 0 668728 436292 688013 439386 551234 925027 823575 13105 409700 96079 666937 182452 721639 777979 576670 395224 481638 295348 727515 661411 668730 864084 768060 446726 22805 188715 163583 0
MIN 30 0 0 0 0 0 544182 327380 414706 331697 127506 774831 260294 326531 101148 112915 650290 380786 854046 659636 529381 755352 611564 132341 342653 204990 9421 237564 620692 383952 407716 284931 672015 0
MIN 31 0 0 0 0 0 911406 53128 312446 809803 734388 885830 680927 547084 383397 757505 764845 446398 32327 225023 578292 381150 876561 575094 421487 101498 221485 624957 402897 25464 480057 866264 649561 0
MIN 32 0 0 0 0 0 106435 590193 418355 706426 13286 744098 992236 805253 76037 670741 76571 628625 983848 271614 490372 161819 312659 466636 697076 860152 962178 877831 481842 432463 528333 953898 654404 0
MIN 33 0 0 0 0 0 329344 238297 294687 27522 589306 878022 671730 741299 677594 627649 142506 731099 696867 647378 668490 652684 253275 565827 32258 814270 801229 490256 827936 485604 915829 626717 95943 0
MIN 34 0 0 0 0 0 167658 234764 711483 405690 195278 410933 482413 345084 11408 101386 48117 677287 280539 888616 794642 509255 607606 306408 217575 922767 470150 14933 951682 768063 365924 39995 568705 0
MIN 35 0 0 0 0 0 588888 422238 893771 740295 80078 945321 580995 429448 958703 606657 434915 677600 786304 199309 127352 522735 599043 733342 430605 589050 250918 959229 495438 231413 338336 98688 820568 0
MIN 36 0 0 0 0 0 307663 370403 205834 682170 319289 130717 360224 303542 440250 411020 837219 177638 919182 90140 763134 140966 880688 386159 475415 355871 513941 259990 765137 254722 982096 790804 495215 0
MIN 37 0 0 0 0 0 906959 151477 345316 822506 489011 868778 41269 66513 934378 428443 343690 70551 688839 707610 295463 768787 485448 832982 249432 2100 304911 871819 687819 888329 915897 520203 821622 0
MIN 38 0 0 0 0 0 533899 634922 73197 115664 170218 234497 742124 320441 324348 702773 46939 713721 788127 823265 55463 217216 804556 871238 841769 995824 807944 391696 75481 68146 431592 359618 928188 0
MIN 39 0 0 0 0 0 633535 699567 485438 260578 233908 91900 488075 316957 191298 407192 56301 886570 953192 768512 789929 94859 910647 831862 246104 469113 65576 935311 226159 656683 737919 702203 980629 0
MIN 40 0 0 0 0 0 629857 328304 142258 997537 443099 20071 733120 396061 896285 183609 877445 521251 585683 709369 25231 59913 387147 708176 104008 960790 122716 22241 116919 651818 147594 636254 511557 0
MIN 41 0 0 0 0 0 306071 585587 706295 562621 662939 527485 186914 775079 641279 990413 286430 857045 579806 742771 195231 275910 943344 965292 504402 334937 926495 413870 541231 992113 527782 887283 402880 0
MIN 42 0 0 0 0 0 706854 317194 910119 336744 611831 101663 805083 861452 419326 685126 396712 483385 68636 890896 316170 651394 742063 281683 413179 39301 276667 770414 688372 54547 474381 585521 710908 0
MIN 43 0 0 0 0 0 117729 962098 859412 408375 545623 714981 74886 735699 364911 854739 968524 695431 676848 547700 968218 777218 421383 639413 835441 630759 338020 647317 176149 215173 571285 130009 341404 0
MIN 44 0 0 0 0 0 460707 800702 944374 709134 367210 32235 105580 831662 563805 842962 427763 465836 87978 564874 375862 649816 381513 464456 705094 307855 668286 152008 49967 410394 653257 390846 418117 0
MIN 45 0 0 0 0 0 141669 440740 89579 575259 280026 260290 254896 768532 513154 796039 974126 963538 256131 939689 523675 338635 125861 273680 83826 19547 735352 616844 380866 555749 527938 608095 563383 0
MIN 46 0 0 0 0 0 274981 229951 363362 616382 922718 358277 506804 860441 624888 174873 361433 720569 526208 535071 944107 949652 906586 279476 276994 66710 440181 791513 513537 694647 35598 435228 240768 0
MIN 47 0 0 0 0 0 355869 592810 429158 74866 393223 15967 986828 97922 384453 866855 398233 515644 302119 368942 868046 153055 895344 477241 183644 219519 244763 705786 476091 709081 475447 284303 75034 0
MIN 48 0 0 0 0 0 122538 200125 179021 775503 671188 630514 746084 4154 779048 273040 603475 357301 534362 195776 629043 319501 313621 64763 43843 559348 237410 837615 532157 606309 301804 328862 322736 0
MIN 49 0 0 0 0 0 483697 51731 749468 849121 20538 293171 574301 37160 540838 96486 341939 611291 713239 771513 838110 7555 672879 88331 637692 72459 230811 870194 951933 11204 61 644136 34094 0
MIN 50 0 0 0 0 0 748370 994055 118571 99000 483601 421685 563069 965421 219318 357239 541266 46978 189467 937569 430467 900885 221373 274279 744546 646882 333015 621503 194928 697623 171560 615150 930099 0
MIN 51 0 0 0 0 0 148142 572058 21848 103975 699474 572828 768007 995642 764544 74342 233746 977263 15406 564769 336993 40766 146582 159732 139057 461051 828520 174879 464358 358753 311216 944213 583561 0
MIN 52 0 0 0 0 0 921969 923592 916154 25194 772998 916987 713347 555431 142742 27525 152361 873214 888309 686106 543068 22942 622152 756108 309355 352187 818909 661666 61124 526197 226850 132421 663693 0
MIN 53 0 0 0 0 0 497898 157642 306277 57316 791252 59887 336310 419988 53510 875970 223637 604256 528835 980915 924117 573491 617210 49418 423770 595978 425039 225502 269270 703883 575016 837634 112122 0
MIN 54 0 0 0 0 0 672578 8100 269738 958679 104742 846771 338933 585531 710439 568183 408547 301203 985219 706757 898172 926621 859294 503712 969168 212894 468859 446579 642619 276529 721700 663121 172610 0
MIN 55 0 0 0 0 0 717371 119794 539650 467639 749491 192471 783377 755593 325022 254431 244568 539046 968285 463116 358252 656176 196103 8272 617397 997002 30607 364940 581759 582805 224720 563944 772174 0
MIN 56 0 0 0 0 0 846875 956867 568377 729707 581001 924610 775298 21104 708122 250816 816084 508969 150718 262877 695392 207523 226854 754315 534182 650114 393718 110210 82414 191149 790636 391704 461672 0
MIN 57 0 0 0 0 0 301618 97197 556530 811870 59266 691715 222195 576632 482320 366061 969172 967768 971574 538475 355926 598410 4027 573135 647105 869168 227924 695220 89740 132836 158236 603095 128516 0
MIN 58 0 0 0 0 0 142790 581493 329801 887206 646554 759491 733132 174324 891755 727701 698927 977584 438050 491213 374047 351100 819931 662532 302644 874105 10879 779754 4270 516881 366989 607101 399482 0
MIN 59 0 0 0 0 0 657262 70855 489983 559692 256633 954535 160829 636076 630569 519761 197786 511641 305975 587851 664122 916100 35326 863993 678266 702063 701358 705037 30886 639434 814555 936122 534276 0
MIN 60 0 0 0 0 0 770270 102497 516561 467778 266304 785728 474752 318403 986396 759016 561245 728377 511061 280149 911979 35422 540340 938490 811468 706337 959490 79581 208368 975731 873262 212249 961293 0
MIN 61 0 0 0 0 0 683216 645991 797666 943656 265529 212122 19236 691055 355064 117484 919991 57179 167156 704244 554450 548729 930537 612392 237718 907072 75908 56092 854231 858851 433624 941307 995022 0
MIN 62 0 0 0 0 0 819827 13985 255582 237620 136456 329935 687431 212218 351689 825090 141992 728088 987100 588675 330205 3560 462459 797523 550276 794236 594410 812071 906783 585428 883560 811878 668748 0
MIN 63 0 0 0 0 0 206006 144872 38786 917217 400821 981166 46995 202341 442004 80937 772597 763660 65495 779985 810815 200822 215510 822513 212234 480583 984369 477088 101273 89307 858064 386863 258230 0
MIN 64 0 0 0 0 0 741133 595696 165443 755848 428490 110530 325826 425596 654694 340006 756586 908616 225334 458856 423937 738399 83608 442404 755312 596183 841576 381029 284480 539526 858557 113385 906841 0
MIN 65 0 0 0 0 0 249092 54641 420111 199554 603 450378 665480 716687 973171 24300 604710 142435 417684 615642 19645 589552 140306 945644 974238 315448 121319 647843 709649 558433 889465 769914 229246 0
MIN 66 0 0 0 0 0 541060 994981 190287 785452 821455 578749 820392 553577 200645 137040 234795 555255 702110 401360 555308 871659 350027 465679 410949 212839 312291 955211 505664 444277 568279 650007 804724 0
MIN 67 0 0 0 0 0 187294 734710 577225 866373 232860 995251 243287 50305 745625 463262 796705 172890 694253 215763 993798 786176 733741 620328 648465 169545 985197 42420 798229 197214 132592 547059 950101 0
MIN 68 0 0 0 0 0 558616 177943 231864 368476 730908 292450 628704 206951 202121 590372 790986 715586 502567 399192 20017 766800 916699 109909 43981 292283 109004 132335 621885 664227 795113 577425 123071 0
MIN 69 0 0 0 0 0 970620 831355 905724 128267 327776 792486 237347 292160 150173 427869 401560 577778 450133 191692 131152 273526 619427 964091 634674 684716 628189 890868 880752 249952 592432 721465 792783 0
MIN 70 0 0 0 0 0 501657 828895 215479 805228 883848 497969 77151 541464 461999 721789 111210 180587 882077 112574 628569 937407 210154 91920 582312 743243 729158 290293 196058 98490 48986 605859 336839 0
MIN 71 0 0 0 0 0 715967 94850 700125 899145 735103 551556 5654 38597 29686 635070 15812 408973 878615 265703 843594 203592 928446 218926 173096 357567 45303 960436 849883 191355 862488 515190 20971 0
MIN 72 0 0 0 0 0 133362 217768 144698 893042 836531 553832 909654 85622 280844 152824 752124 408686 830391 480183 36598 362760 414009 674105 1842 951752 567662 844130 263918 54674 448635 118843 846978 0
MIN 73 0 0 0 0 0 822909 554578 310847 603413 635548 257208 856243 666276 815261 321261 605208 162837 46115 291340 974125 350864 728412 553447 304262 566317 711511 815761 492844 998231 193437 251771 361553 0
MIN 74 0 0 0 0 0 233596 458030 317750 989953 556857 45456 691642 323462 180784 42956 184612 690196 63125 821590 360850 487164 889451 10795 358331 872604 333063 353005 137272 432924 143374 354673 592144 0
MIN 75 0 0 0 0 0 155845 322176 719191 26680 27073 350601 980794 452271 46621 615248 35144 951925 83604 375135 844632 44478 137707 375140 30634 68010 91459 581698 696747 140979 34042 291735 110145 0
MIN 76 0 0 0 0 0 272131 796696 176673 919703 600041 461432 101073 343927 344304 210646 70882 462392 474346 186071 487390 687181 529238 571883 462041 655434 987895 107858 882879 97720 513505 668702 623046 0
MIN 77 0 0 0 0 0 856964 683994 743883 778979 831688 848363 528514 881359 116158 490802 150187 326212 443972 858938 209432 69505 919647 923590 991720 983373 133905 535222 499120 115959 214894 368292 790034 0
MIN 78 0 0 0 0 0 720738 469845 452059 199047 543861 516112 479478 973506 406566 505102 592845 189990 220846 74014 612390 278860 403956 18099 374020 102567 168295 131541 331140 116126 285664 956466 528472 0
MIN 79 0 0 0 0 0 815600 238271 655249 330147 926357 861726 623214 807096 703006 918568 210782 109134 633422 914830 442945 121940 905449 423481 906964 804028 491851 69202 363733 832593 282875 77855 864204 0
MIN 80 0 0 0 0 0 811787 419887 192987 964703 588533 246160 160327 976006 560916 675111 846996 950329 285232 422664 778826 827055 667773 604429 49911 483873 509858 726142 866142 333504 569719 413345 362160 0
MIN 81 0 0 0 0 0 892464 199782 477930 224334 666962 73978 554937 471836 998078 432309 900682 99400 229507 761322 962164 844860 358395 339486 150751 611058 147844 356704 526820 675 611938 531675 134975 0
MIN 82 0 0 0 0 0 833466 269748 316910 374839 136881 554610 898941 508593 28545 274566 78905 154608 924498 329274 394172 11822 537450 363288 44010 554962 763908 311112 898131 833815 802348 530713 103228 0
MIN 83 0 0 0 0 0 371056 167634 17152 479568 836358 151655 171325 72252 600756 23115 210391 683118 268590 350869 928830 49538 939442 256431 313926 430407 103483 163656 482326 618357 39802 644629 745800 0
MIN 84 0 0 0 0 0 353571 56305 122075 19881 764455 113514 429030 977145 726940 288312 230105 921706 536035 77905 63459 69998 252229 303516 587776 365714 739163 180175 88538 362474 166759 214983 63171 0
MIN 85 0 0 0 0 0 612548 567322 825926 292703 934521 312557 855678 588955 47665 557885 542443 955102 776872 559899 557650 453164 554254 123080 700389 232601 574720 336833 559219 727928 269448 804329 187345 0
MIN 86 0 0 0 0 0 722474 37155 370712 639258 695380 981080 623602 945869 475323 305501 867263 784869 504239 681288 184812 74726 852669 332280 799096 546002 987714 951949 440263 589024 127247 398950 164987 0
MIN 87 0 0 0 0 0 841170 463883 490176 534996 533366 27619 328003 787716 245556 337008 963220 837137 803330 434611 91881 779572 454483 403842 687391 230916 103364 969459 645210 953220 930061 28761 702150 0
MIN 88 0 0 0 0 0 701574 507306 185438 430513 747200 793217 269061 192617 434597 16935 274406 791286 747191 923549 785708 142357 149711 724212 177653 257503 978181 374614 276488 966810 141336 301795 210740 0
MIN 89 0 0 0 0 0 410171 366864 92103 455417 801742 552472 237585 989837 772919 346819 80263 376004 666839 223008 551268 68 1137 416949 283955 244543 872700 302074 266281 577994 808197 19415 306629 0
MIN 90 0 0 0 0 0 646534 360856 639793 167897 893032 81157 751799 428387 785559 333408 769271 406825 108403 986572 497660 203721 380348 844765 3104 405961 207175 251086 78597 210129 323302 606170 3932 0
MIN 91 0 0 0 0 0 53662 372386 197098 926901 687720 19913 238848 685336 145645 641539 173293 207903 821541 487977 955566 883877 722032 287108 532675 624993 993026 875080 945300 216578 649841 536043 707263 0
MIN 92 0 0 0 0 0 860398 828372 333311 103377 741061 176001 264112 253470 519013 688158 342263 557169 133150 199891 843996 748476 744210 694686 528218 442359 226352 533308 622343 12327 142844 84067 833560 0
MIN 93 0 0 0 0 0 800486 972752 981673 433755 538899 655797 841225 9114 122619 231218 39981 925395 782617 132304 33306 584109 307556 327756 328290 870601 455941 744018 708231 53515 461494 716561 537996 0
MIN 94 0 0 0 0 0 708306 19231 130746 219179 722393 918333 553021 486740 237194 884666 474910 985871 157492 476993 27092 946068 842760 361228 161749 174003 104334 680699 340846 790426 331155 542391 571569 0
MIN 95 0 0 0 0 0 129016 549400 510736 587576 516114 43022 155569 609250 888637 498943 359952 671053 212896 357782 887335 949814 60761 537451 287249 432172 802476 942408 994066 984177 239743 523319 51988 0
MIN 96 0 0 0 0 0 154291 224413 704391 302425 580704 87884 891525 996148 468020 394042 919739 51073 263949 576722 93812 921905 879769 733330 294727 993624 910904 937394 821704 795078 346550 58274 731576 0
MIN 97 0 0 0 0 0 295533 309990 585575 725635 115941 605472 247714 103825 832705 35099 814614 493726 886473 354277 853433 929483 684872 690820 990847 242106 591899 575627 593233 975703 443254 446757 275010 0
MIN 98 0 0 0 0 0 621359 494936 475777 162133 167001 202936 705078 917632 827776 706570 325199 560129 849107 790986 61461 31768 62538 564724 622881 560134 593311 406233 984277 185148 901304 637853 461858 0
MIN 99 0 0 0 0 0 78129 757820 467020 306884 554711 471764 708075 50050 934410 108849 291242 431503 172020 608800 85678 388241 120747 405196 867849 666213 179424 11552 797133 157949 407656 517294 788948 0
MIN 100 0 0 0 0 0 736260 164339 445591 57028 609487 160048 814887 421488 506812 184666 176238 518834 703901 220265 638559 363073 844140 177109 18601 517620 672484 667299 754288 272460 199176 630353 287440 0
MIN 101 0 0 0 0 0 736701 982209 701317 643832 991833 784996 476632 26887 635551 87694 234456 225656 643968 450484 347230 501699 458206 235648 957224 397371 342891 691924 773778 91539 290860 901533 902322 0
MIN 102 0 0 0 0 0 733963 462507 805037 933447 568188 196381 549547 852416 500681 419023 105174 961231 32199 521008 246266 147123 539532 363131 156848 302586 822796 170685 474708 310705 297366 250606 883918 0
MIN 103 0 0 0 0 0 897711 921040 167353 340882 907532 114372 566276 121899 785798 988268 263350 959608 990547 52411 263582 425904 392617 383536 286187 25905 876867 321761 93593 958424 793411 925306 769774 0
MIN 104 0 0 0 0 0 436569 431509 174583 464786 131496 755004 525506 608152 349262 759852 860067 910654 940335 383379 926793 311220 18002 459819 910428 702043 705644 667174 479257 623886 607314 730558 24676 0
MIN 105 0 0 0 0 0 525622 908744 854791 14974 659734 19343 880838 272961 810936 694247 116221 732547 39286 266493 453294 210907 299020 274304 655557 627797 960794 60406 784592 509863 646965 36498 6175 0
MIN 106 0 0 0 0 0 124633 471095 41564 113108 359665 901737 20640 25954 662809 157238 962657 212717 329838 63291 789440 671183 225762 244231 243647 45300 838787 19601 935652 155251 166848 586199 417612 0
MIN 107 0 0 0 0 0 374348 925540 775745 945686 584111 649054 294050 730438 759123 74955 578352 358548 428190 176652 320958 140719 704692 416273 745860 752540 348228 379840 7471 14637 619728 538722 862278 0
MIN 108 0 0 0 0 0 839730 143212 720197 189367 853079 326515 500950 327753 673298 93418 688348 702424 977260 901447 860533 269093 733976 324079 251463 842451 631393 406768 587776 373416 184437 384492 515948 0
MIN 109 0 0 0 0 0 541554 939094 355084 578796 820864 876240 949217 934358 467968 646084 532019 287365 472061 188342 731714 324071 546156 981633 157329 685233 733967 447683 298150 211556 617487 81611 689352 0
MIN 110 0 0 0 0 0 928557 577377 98570 82950 981966 289085 948739 715285 706888 573352 320320 205971 648514 979195 989308 551095 315493 283624 905684 463788 825914 114241 156550 759460 583183 727654 108581 0
MIN 111 0 0 0 0 0 564146 996780 546866 285472 356618 546948 882512 469403 101085 980410 791559 601524 234803 341956 561541 347815 337043 228226 719329 20751 469104 697157 933241 858534 798412 513092 959569 0
MIN 112 0 0 0 0 0 774726 95878 652771 858776 235221 493347 985248 613152 45201 49522 839739 29949 904426 910092 360466 387975 742699 763179 491659 815494 15304 794015 641663 789679 91545 504527 556078 0
MIN 113 0 0 0 0 0 431354 549270 607200 688866 385596 243404 442586 711381 109790 403694 995887 51111 679346 162590 514615 209359 992436 780038 493938 985130 428964 502596 432909 7742 653982 506881 470566 0
MIN 114 0 0 0 0 0 985939 30983 966214 455300 946430 165425 580027 555095 344427 716786 810641 898847 581574 315942 225929 713789 638675 874509 199469 794858 651490 267494 945759 370119 430897 937174 67381 0
MIN 115 0 0 0 0 0 722666 995938 93522 475991 299148 511256 785961 645571 635333 829442 88904 584437 460356 760003 237424 197670 179989 34143 186284 578096 687091 942919 911896 992177 818122 54 52719 0
MIN 116 0 0 0 0 0 492088 998792 509060 216487 262721 491463 136694 933264 668031 585182 177948 395155 653414 603220 476061 897734 529677 48848 341903 546251 620521 106188 311335 349856 246674 96575 642194 0
MIN 117 0 0 0 0 0 115510 972637 649775 783721 872278 102485 16231 467721 538229 604394 634090 303197 224038 984972 873292 197141 637893 384070 57035 217167 764806 145236 268577 495558 402383 149487 438585 0
MIN 118 0 0 0 0 0 312476 349107 164319 685608 888257 857178 974028 515537 926210 481062 118677 10820 330326 657625 43320 234073 693914 24993 741854 755889 509393 105746 885425 277852 626792 319090 983571 0
MIN 119 0 0 0 0 0 414540 796179 130566 436385 479701 627745 748216 417005 119799 656146 231325 694023 284414 199236 311125 371643 958888 988109 662557 785801 162473 380836 599088 261092 642974 461285 42542 0
MIN 120 0 0 0 0 0 731351 764518 629649 479095 763588 443995 960901 485017 847204 729921 451699 489811 76143 957137 425584 854274 925574 725348 612602 876137 651278 866131 911872 52340 390275 506238 215275 0
MIN 121 0 0 0 0 0 671500 162199 319230 171070 223511 714289 854805 543888 964152 696867 597398 237011 451646 779634 506181 890430 845852 259294 930631 105657 23140 324058 70440 200302 18754 989063 974150 0
MIN 122 0 0 0 0 0 186670 274962 19312 443615 54474 306739 7345 975672 598362 262206 3863 578373 331604 842498 782264 584196 297154 33375 749596 722760 712173 268937 290887 543945 60093 144908 73819 0
MIN 123 0 0 0 0 0 702437 246764 756435 468962 61119 690645 81115 841219 877145 961608 996227 268121 991500 552210 644983 845776 249724 310647 469213 75595 885580 793452 371776 853968 345799 352295 82406 0
MIN 124 0 0 0 0 0 707660 47008 983644 750418 834296 259565 566212 420707 484770 754871 690799 901370 285396 966113 152235 503517 55278 256957 904307 230729 394478 910593 863384 440003 247891 655961 771334 0
MIN 125 0 0 0 0 0 521295 551674 676946 973706 950885 840521 533433 536373 126761 740560 797138 429988 269313 4965 113975 218431 368042 75465 796749 664477 375447 932100 900585 264679 407508 739517 626641 0
MIN 126 0 0 0 0 0 958795 488639 984461 918282 273426 744897 740820 205498 690775 291514 26511 562879 920767 879934 364728 684453 940448 833726 245338 666973 151489 772743 615353 953155 110935 325280 72127 0
MIN 127 0 0 0 0 0 911931 287583 696187 808789 815174 315997 448598 782298 124912 914443 950690 480781 27223 884142 792710 701118 835373 668849 988450 458092 590624 93385 892598 282222 784708 674510 226965 0
MIN 128 0 0 0 0 0 468287 677469 571587 593498 97854 424066 57330 220745 242640 656851 335112 491874 416870 590303 606432 988815 757249 286090 94881 431337 892483 596592 615834 988479 5996 213944 317266 0
MIN 129 0 0 0 0 0 980109 54123 892495 808371 173000 882617 484280 846434 171725 20087 418832 682791 200154 93683 214817 610681 617537 114768 557282 320286 42970 693237 722490 201092 102127 13080 35505 0
MIN 130 0 0 0 0 0 318968 602335 190789 971399 339237 536452 57339 163320 303383 255760 104184 542284 431359 427020 681397 179985 723908 835104 951401 96600 338769 963186 76259 934438 15379 762127 514353 0
MIN 131 0 0 0 0 0 322043 766237 122813 699934 68748 198831 371686 673913 371288 819291 170598 338621 576619 432035 239128 804594 340357 17237 963250 23599 170654 807533 80092 555755 6548 826768 137650 0
MIN 132 0 0 0 0 0 619951 886770 500603 467243 387176 95855 60982 606294 946341 184856 576118 130925 320834 714693 726047 503128 71781 754670 276930 193749 440991 682616 935421 301486 949361 670773 841771 0
MIN 133 0 0 0 0 0 414961 838790 958771 275664 364262 413452 107392 501068 906329 464749 331683 688981 467449 964823 915167 598002 376579 103008 446906 199224 454314 663876 313265 486122 765411 970703 728471 0
MIN 134 0 0 0 0 0 3489 187822 974120 172268 832650 362382 840393 6369 526272 598105 182302 941177 860948 897360 806379 356281 428150 77193 207948 158081 826875 862637 704999 887443 210735 272720 287789 0
MIN 135 0 0 0 0 0 364184 582307 786407 345985 416751 342844 196855 935078 941221 59125 241941 695504 357508 663951 718003 163145 725178 475770 73353 568523 664842 603117 415834 796284 434072 706938 308076 0
MIN 136 0 0 0 0 0 671364 901682 986100 652324 588297 463618 40106 789745 870646 870652 34947 760264 609340 590818 220123 977514 550285 631911 303846 963185 458087 122688 943243 616791 562893 621708 377966 0
MIN 137 0 0 0 0 0 392796 49425 841781 215837 920540 955632 807545 507220 647592 80001 271111 874862 448553 787240 949098 332862 891524 231815 73605 450466 550642 642528 601249 821240 748696 58921 592680 0
MIN 138 0 0 0 0 0 532599 672178 117097 70943 540702 275544 479717 30557 462334 257136 196911 613131 533001 595797 141544 166621 79569 205066 287597 799564 681753 646553 497405 270151 871560 685855 137201 0
MIN 139 0 0 0 0 0 954151 494376 475340 147848 171287 33319 91662 957907 382016 713376 410232 490027 641639 500649 589607 647826 966858 92236 981178 951466 350418 892344 185574 312203 485940 286676 492898 0
MIN 140 0 0 0 0 0 138039 137718 298490 646897 561879 962715 451962 351614 115631 289651 576300 501309 236563 755788 277337 163488 498836 881960 697533 253266 536513 932226 541704 519432 382468 532968 72086 0
MIN 141 0 0 0 0 0 101376 878350 453979 161437 448263 135220 890973 84711 228225 364982 714135 376229 510865 548527 147117 861675 132546 292904 182242 372008 656079 327777 433735 219208 518999 182699 745287 0
MIN 142 0 0 0 0 0 563937 202655 938993 976469 464484 781140 121265 331538 461730 504357 517666 625758 390519 350928 191525 474122 352522 404983 249168 351528 469989 867746 506406 619966 196255 306179 249504 0
MIN 143 0 0 0 0 0 32491 415632 408209 554480 438350 991260 200391 280568 698907 169132 279128 44356 540785 100092 377578 125241 545634 423224 589169 719784 995314 408440 613964 913743 162893 446196 556151 0
MIN 144 0 0 0 0 0 909668 200059 415021 101931 185940 424254 789443 262775 876348 956825 13405 374153 450519 622842 920103 480897 837318 179838 748613 549167 871324 352134 417217 250055 427123 629865 937089 0
MIN 145 0 0 0 0 0 826270 930800 654442 46591 654526 478153 918507 859272 361748 836781 656448 676962 928496 201800 906508 146078 207757 704335 771651 752390 864723 575688 133508 984971 897903 652384 901037 0
MIN 146 0 0 0 0 0 855660 411215 503166 680824 243607 738493 108016 828604 838228 303779 881249 252727 872150 891839 358424 112383 489892 828614 374492 244481 494933 828319 652289 439498 804455 20170 72478 0
MIN 147 0 0 0 0 0 872880 596313 417098 443607 957711 664035 135642 519730 902473 532089 193937 491393 723994 23662 496915 404563 476127 541789 397042 370753 69180 229729 309367 690248 707752 983140 875910 0
MIN 148 0 0 0 0 0 271125 504738 326750 320465 252086 797817 681010 223464 434444 94900 988639 194444 429364 573118 288513 757286 194584 205411 741418 101056 332493 466223 136308 107386 338661 584945 680124 0
MIN 149 0 0 0 0 0 38154 312200 147006 7829 548347 681429 539302 445799 812531 448506 860489 781735 96788 395765 911899 348335 24421 747892 29554 159226 593912 574731 671627 878499 871071 373818 76202 0
MIN 150 0 0 0 0 0 795345 254411 734221 957408 121218 621081 622309 148035 392756 725682 414237 254951 38152 90368 120223 909685 803831 712768 823120 426733 10570 935381 159132 425356 121661 665431 614325 0
MIN 151 0 0 0 0 0 38730 322363 218051 343703 225573 516332 860796 407456 845967 131224 875986 732970 322289 369730 762879 39896 249992 309805 834641 821222 835382 239547 804291 808290 733285 697417 566512 0
MIN 152 0 0 0 0 0 69035 123942 354964 490501 809574 52490 154166 24059 970554 508174 852953 94355 474732 431933 93157 298698 583313 758234 740803 852500 105711 334126 765405 649139 365605 123551 290489 0
MIN 153 0 0 0 0 0 854727 817601 515084 287148 676120 951792 532520 507672 287499 773239 523862 682024 800995 872846 406316 262307 804842 662051 186674 775144 101563 778674 866892 847614 395936 533226 415902 0
MIN 154 0 0 0 0 0 1463 164133 698372 437183 4890 926879 385295 885551 481599 730599 238926 46930 98762 746596 352736 624330 397640 200627 899833 755200 371544 99844 395947 390797 513561 907190 212272 0
MIN 155 0 0 0 0 0 391230 567124 357691 774815 411781 109982 809561 283420 797839 317037 833719 825095 522367 3663 976676 961210 896312 434726 276567 673018 774963 222238 266242 967736 400008 732114 579234 0
MIN 156 0 0 0 0 0 439128 839454 615583 599696 715082 226143 345644 740984 105490 327404 392390 423107 765526 1966 98369 237211 166666 801523 736134 373824 545111 150597 967107 269792 407659 980962 197328 0
MIN 157 0 0 0 0 0 156326 935821 461750 731561 972554 907717 941611 371563 99586 742376 422083 304364 322276 739764 450431 868905 929930 433170 422457 68302 911450 410315 812932 479341 777402 744759 230252 0
MIN 158 0 0 0 0 0 770952 946486 319913 228071 785426 396407 563874 592031 890567 980670 487543 301048 13937 302545 971599 182130 233860 597701 121392 423375 480234 92839 862479 353496 186078 534040 257927 0
MIN 159 0 0 0 0 0 758794 737565 362255 691625 442800 857583 751164 900596 95045 424745 123717 8428 465254 680421 87849 365690 30220 968482 163607 499029 818310 976253 553658 77419 239346 738701 186748 0
MIN 160 0 0 0 0 0 818910 307259 718989 447921 49557 497779 887886 772901 235505 402563 888753 598361 587577 100132 399658 11634 228255 313250 471913 228365 234229 20946 456032 439008 847824 248750 99170 0
MIN 161 0 0 0 0 0 918367 210470 476773 983748 460600 454603 139401 495291 397107 202766 782736 7928 292561 478231 56856 149342 378572 756136 642755 411784 806276 798841 233841 740862 933582 342635 92040 0
MIN 162 0 0 0 0 0 636541 768210 276290 467677 496750 527359 28608 500063 148377 121511 219427 594771 70546 659787 769225 367998 676747 915496 200517 953651 568729 519719 672614 883662 626845 645665 885992 0
MIN 163 0 0 0 0 0 598547 629467 552980 530149 329165 880724 252125 534804 813596 648572 97241 587698 784087 821748 191557 744193 678540 793761 69125 492838 840913 610647 693410 395504 543247 619077 685933 0
MIN 164 0 0 0 0 0 101315 422009 679483 331269 520380 33279 43270 939573 641937 988620 521329 164644 553724 655933 597782 116448 777269 755124 803190 72345 681934 280176 305969 873528 360174 115458 460854 0
MIN 165 0 0 0 0 0 751678 646031 282359 618813 962890 138758 619239 99087 675106 19142 827953 368277 699330 719741 753379 495711 312149 394697 484838 128150 494559 789438 927415 52003 198231 418932 826279 0
MIN 166 0 0 0 0 0 578641 598805 395866 282760 913393 824215 395021 427346 49084 953976 617755 987199 698863 190633 829725 817100 239358 174562 567121 10704 439484 382979 84385 48783 377056 840121 443327 0
MIN 167 0 0 0 0 0 524051 40143 873398 870666 628967 723355 469599 776112 684419 788660 252929 923800 217708 243355 990247 239198 222028 119551 885606 628514 161006 143113 782796 937404 195837 471240 326978 0
MIN 168 0 0 0 0 0 857325 621406 548367 520820 3648 107336 409134 633425 458386 205619 296582 510700 467642 169314 761625 113749 40390 872507 250725 634548 241175 85836 258238 126973 988605 598628 480725 0
MIN 169 0 0 0 0 0 372835 928852 473458 365400 171603 781845 65483 750364 215498 51043 527058 922685 565569 894225 453605 236387 49200 99507 46806 876338 617074 429494 10306 222219 383520 123824 727618 0
MIN 170 0 0 0 0 0 268019 812199 504559 407399 932753 291483 663353 562064 505568 837064 863926 616427 786517 54975 694800 575980 643031 728614 818186 869717 967253 493964 766652 928637 100582 12318 15521 0
MIN 171 0 0 0 0 0 25425 899534 619749 756860 225638 20079 289866 343086 705021 784111 964822 426410 678641 304522 10957 115145 303043 393852 987279 698563 932334 837889 357657 744515 310879 691130 685455 0
MIN 172 0 0 0 0 0 95690 763975 483295 232123 396966 175791 469765 525247 126638 598228 210340 505303 207609 537980 849593 785404 464687 736047 880565 717206 221113 600885 293315 930390 873966 76761 370063 0
MIN 173 0 0 0 0 0 922503 9421 922712 787956 372955 414391 544007 254305 795198 370041 716111 549312 994365 422196 599482 150559 810119 838439 115889 590454 891347 171400 109004 222073 445998 612483 190055 0
MIN 174 0 0 0 0 0 783065 534270 524049 403871 557952 253529 457994 574262 62283 373192 403669 169958 146075 408133 508693 859997 838546 189466 804445 462426 425343 262202 723507 752956 651028 246724 251896 0
MIN 175 0 0 0 0 0 158415 834180 966933 118559 984983 175420 608753 871453 214053 962239 580304 621985 846148 835288 653323 712057 837951 235723 355700 183841 760492 699415 595083 144449 387159 712078 25209 0
MIN 176 0 0 0 0 0 808054 66355 270319 96761 869392 934999 660766 473290 875060 804968 779982 394546 446895 485007 478326 515964 482378 454194 470335 967164 282697 35482 238252 936919 131131 666840 590687 0
MIN 177 0 0 0 0 0 449201 792888 221387 77669 388018 530463 380772 719963 670488 467716 729697 715585 633929 295869 161438 895930 684170 169143 217889 872943 684456 798948 203089 396748 510941 831657 273751 0
MIN 178 0 0 0 0 0 204082 97138 620601 630016 668015 727825 74182 699591 681281 864384 604360 718712 967046 53478 487020 515314 813564 837473 46599 650467 819581 504887 666785 527172 595040 668422 334194 0
MIN 179 0 0 0 0 0 957089 458076 919617 569178 302427 408997 202886 264274 69705 777040 529205 690052 730558 808356 764812 576907 698392 617167 871581 863541 623648 372171 532916 478349 102890 43614 728853 0
MIN 180 0 0 0 0 0 269564 402576 226526 931211 343725 875424 32321 694314 229279 554824 425320 172325 78447 228302 526569 578119 119657 11590 55911 673051 982904 455250 925746 863171 190534 918696 164144 0
MIN 181 0 0 0 0 0 562289 440082 421448 454244 674287 179862 747166 19031 122464 400182 371368 613285 9262 606939 634992 937750 911060 878279 851767 13729 905205 983305 218199 290963 119593 546937 992136 0
MIN 182 0 0 0 0 0 545418 527906 881634 604222 314477 829797 172819 536860 670325 65183 381720 982778 123435 492689 49830 203675 867343 573873 504565 825436 878693 723808 543106 711146 554205 608284 613769 0
MIN 183 0 0 0 0 0 401350 461653 276464 595742 592076 909372 354126 571616 494103 395708 843230 507526 571023 177100 614374 123789 489600 271061 159801 402513 330957 913870 550663 974053 752405 728000 434860 0
MIN 184 0 0 0 0 0 683441 556484 46345 369733 165442 807699 185863 976626 930526 663026 464462 596454 835729 578980 968991 36414 746065 662861 886610 610490 775956 265773 733513 561573 790420 50804 329736 0
MIN 185 0 0 0 0 0 552610 551069 496001 841329 869979 332664 325585 458101 958005 526480 767279 508735 543319 413111 500520 829054 151665 878881 937418 36622 719785 722962 999657 684828 128568 374201 984016 0
MIN 186 0 0 0 0 0 688328 302516 231944 521514 423469 929837 112719 730184 893671 372386 659214 410248 357311 424156 717143 383799 148607 995876 185365 451962 648654 605122 340079 797679 423316 11418 757922 0
MIN 187 0 0 0 0 0 49453 560697 640590 443380 268282 957291 851610 413197 618863 437521 212692 288522 706432 692075 382503 750836 376144 238662 546462 692854 555550 79882 501883 202113 223435 431903 164836 0
MIN 188 0 0 0 0 0 335142 692129 416175 260863 949232 69135 599034 217258 672842 482393 205428 585057 978924 188006 345480 209721 640826 711374 157239 872140 125939 556731 520681 295547 688879 135551 739434 0
MIN 189 0 0 0 0 0 936095 57857 223955 270579 506297 417591 259111 794267 62275 882221 553131 516505 878966 452172 242314 195993 193866 135199 621878 632853 664664 548405 855491 400872 193757 88439 630274 0
MIN 190 0 0 0 0 0 490405 288150 125987 733072 634467 192308 733707 571460 534974 590461 13233 873149 873907 340433 320068 41031 5444 342245 913677 480487 822372 214431 339981 753646 216670 394931 329783 0
MIN 191 0 0 0 0 0 563548 825548 441119 915369 349201 173250 603616 132542 406633 705005 867851 279468 615952 586387 156361 697781 888968 790656 612037 654754 875121 429697 829680 639998 137491 604100 822579 0
MIN 192 0 0 0 0 0 336466 352113 512817 325146 658972 866175 744544 910118 577662 46924 646688 510508 608404 538746 346443 585765 969244 987664 252354 659981 258950 628174 176581 679936 835922 55905 320154 0
MIN 193 0 0 0 0 0 620788 613817 300666 681049 267210 931509 128453 693225 18385 465797 487341 106105 346200 876400 906714 181097 496799 599476 821695 316278 96043 427181 277154 346759 657766 112536 528165 0
MIN 194 0 0 0 0 0 570245 945239 75159 107777 779362 982898 418881 999891 305633 138131 568444 6062 297077 354361 278921 244879 67262 359127 775239 952122 346496 441718 550751 812522 573747 934878 283525 0
MIN 195 0 0 0 0 0 553656 142601 436594 525625 626450 614249 744020 607003 212429 974879 510115 448984 104955 326751 768839 784263 628156 729174 482859 692076 989816 31025 823957 156528 641196 941497 528842 0
MIN 196 0 0 0 0 0 919976 947812 128369 94154 479688 492014 200863 744166 885242 96490 576430 586579 30567 95684 816304 958142 8883 409383 98585 743283 251228 420959 267314 761762 384325 94878 237222 0
MIN 197 0 0 0 0 0 960618 597687 187538 804190 258610 238727 258262 295431 252205 782134 472809 759200 473395 400803 956514 718668 829189 824140 529167 197349 900965 954336 635779 488060 644791 53906 378600 0
MIN 198 0 0 0 0 0 750867 712925 596408 673196 318379 825939 955321 711631 877500 885848 59162 844779 435198 945165 767950 734780 39146 686545 568251 489140 90342 584717 678322 718059 371846 708786 821679 0
MIN 199 0 0 0 0 0 17266 537704 251785 519146 475748 498559 216814 894500 715179 466266 408689 831226 364392 375002 921211 806506 6865 975861 253636 856087 725498 997013 903109 863815 490158 857931 117679 0
MIN 200 0 0 0 0 0 631793 88811 169022 990627 397740 593351 129962 318444 622229 355725 316423 915319 115249 916915 999252 767012 592305 963180 782577 891373 553058 464731 320108 146204 904249 586287 630655 0
MIN 201 0 0 0 0 0 473467 479365 966769 528532 63654 286740 206345 899475 620701 706857 369318 188946 696264 883135 233154 255896 40430 545986 669219 643434 884964 132102 96717 104732 532253 578441 960930 0
MIN 202 0 0 0 0 0 490610 141983 589215 864302 307970 978385 106067 973771 476244 24663 419751 505932 571385 31608 195527 915682 34090 893282 900926 172080 17937 433648 344539 739273 386551 225971 745287 0
MIN 203 0 0 0 0 0 297207 379668 481059 419362 826533 171826 633182 621421 676937 681066 244285 611471 502660 397205 767485 500562 306153 263318 376227 721389 806782 278918 748230 297885 755248 199720 227018 0
MIN 204 0 0 0 0 0 931599 676326 454650 688215 635001 869284 917717 467190 855016 571840 701544 294762 665556 322876 631018 270036 460387 163661 565764 982962 873973 361552 937565 776834 466553 651490 346216 0
MIN 205 0 0 0 0 0 387617 613986 761254 652622 283965 16105 569790 1649 165362 59165 441074 697077 108260 50034 43187 355965 841070 195276 157534 963689 54886 649148 160498 468236 830630 743155 173987 0
MIN 206 0 0 0 0 0 294762 201634 974776 415995 870956 636419 94771 235239 331707 286865 191977 374453 133528 536615 433966 670716 95339 941423 348612 647704 78032 535525 889566 65905 499515 198906 624881 0
MIN 207 0 0 0 0 0 487410 912717 958466 881216 895115 212621 204110 93155 108010 815462 183573 696264 907837 579019 591726 93561 312332 122961 435353 899070 239175 461776 324137 841425 507236 256592 900914 0
MIN 208 0 0 0 0 0 32360 286761 573887 672241 296481 384873 370454 270772 610940 672636 848049 726069 126870 669534 626524 711658 871586 243767 516230 70182 160565 991659 440592 992987 339355 314938 959362 0
MIN 209 0 0 0 0 0 486849 184397 844137 802376 134574 890502 498680 745779 314300 772250 480561 481946 152010 348547 693210 939785 578238 910868 74713 703428 77808 692168 385799 885189 715174 215353 651029 0
MIN 210 0 0 0 0 0 170075 152250 71637 893620 245531 391431 617854 949341 402045 666774 231775 361719 319269 497660 316729 138132 289079 837527 299652 656815 613854 487771 770149 865580 711823 929750 679817 0
MIN 211 0 0 0 0 0 381442 695079 106452 515219 140982 397607 697023 988240 963799 11693 886148 945602 868623 279391 481585 684864 95702 899065 478989 773964 149622 890634 175785 40218 144245 377355 518813 0
MIN 212 0 0 0 0 0 704618 589159 894171 812727 344742 324042 781132 635973 729233 949287 632318 100596 707025 579379 865420 294372 130896 56977 985348 234304 457503 244901 451395 275531 888055 706928 888835 0
MIN 213 0 0 0 0 0 516056 526312 824042 788502 124581 272890 583815 308039 443116 440832 663530 693760 376169 710789 410768 260418 130029 235344 414730 717835 491018 88283 342943 473875 987827 803957 358179 0
MIN 214 0 0 0 0 0 294061 467423 508331 583341 968071 776501 783438 370240 283074 59902 223041 850617 3019 788992 743488 929705 182102 450856 73852 993647 295863 515694 459721 106489 296167 426468 832241 0
MIN 215 0 0 0 0 0 324558 421404 90992 528768 134406 451227 742396 374237 509395 527828 642885 730746 280849 347001 11403 678853 530832 516584 923343 185854 686746 665363 940371 759880 726917 564172 974056 0
MIN 216 0 0 0 0 0 756900 952620 569259 682473 563178 128324 60424 281272 547559 539011 604560 218348 723979 835096 83533 962306 608512 988126 887982 734552 115172 401116 175461 987755 807617 439891 635188 0
MIN 217 0 0 0 0 0 753504 631500 610935 374854 456605 287789 635733 730897 906903 753633 743370 527438 371752 30246 94961 82117 499688 862963 877908 777510 113707 228644 796465 312634 722759 715847 157703 0
MIN 218 0 0 0 0 0 963661 384043 972345 210168 99334 942697 897829 849050 622428 195185 147749 331942 814616 103314 509296 669624 199413 549034 755438 468938 461569 86210 214110 567540 551027 118773 172561 0
MIN 219 0 0 0 0 0 382076 132692 169352 614411 124284 39006 605067 616537 743257 459603 964816 638774 956521 695332 491051 743837 945964 963248 425142 496694 544349 28088 116701 908399 733571 813896 888885 0
MIN 220 0 0 0 0 0 81653 352307 257878 612328 831867 58874 892111 876666 927677 244639 555567 533657 617617 363866 352660 425937 704058 827697 583777 681129 592226 436826 56905 868688 975311 219876 285784 0
MIN 221 0 0 0 0 0 508708 114506 401175 345502 24481 608153 776796 424552 95698 867309 526079 805751 104152 867669 371331 807248 111334 133010 42405 873456 377492 630851 949073 171415 956995 590167 250485 0
MIN 222 0 0 0 0 0 254192 290774 340990 554262 78481 134951 174234 266767 993852 767105 709249 528307 519875 6490 324641 67937 480673 12565 505493 67456 604131 360506 242790 969685 990436 640756 738588 0
MIN 223 0 0 0 0 0 174528 672599 512556 316109 253702 425805 285525 573753 972248 274514 200281 705313 284406 874395 257230 773007 351315 899534 471632 585226 694172 970464 525384 973829 330733 42551 198064 0
MIN 224 0 0 0 0 0 219981 541671 20766 978063 132930 935950 107245 296937 852200 896594 685252 674848 256579 578437 676480 499801 140534 561284 208493 43646 829762 754041 197469 248757 537953 616247 89882 0
MIN 225 0 0 0 0 0 590715 740536 312037 53125 190808 100364 636339 109693 321854 411462 767447 246531 313169 362371 60278 177076 856819 565419 223330 795029 75304 580043 335839 687114 481949 659947 616719 0
MIN 226 0 0 0 0 0 823581 853282 27460 858153 435100 497270 282607 382486 699385 112476 555248 523916 580233 778360 967982 223221 78566 156254 328307 884339 801338 165906 137166 156884 264085 914240 55652 0
MIN 227 0 0 0 0 0 210611 307793 835556 808335 3188 48129 607856 549083 213399 291580 545393 1657 774103 243365 842043 2199 534905 881657 226894 384602 361661 166672 824540 16305 636919 566308 568538 0
MIN 228 0 0 0 0 0 826724 185015 704508 612451 56992 410247 797294 238598 957719 228129 807104 200493 68212 92109 942502 262682 718044 889468 870345 603279 302791 518681 283283 697852 45652 233760 336937 0
MIN 229 0 0 0 0 0 667337 667560 112873 76246 368147 881207 746449 206817 740372 607783 739789 167576 925811 594972 503106 521557 660908 990981 102799 533555 369490 38848 68828 497252 918246 522779 599293 0
MIN 230 0 0 0 0 0 128499 942936 306799 390179 704408 902162 53933 855081 162389 317111 737509 187679 154892 815927 387909 988973 695809 167160 891637 964261 34871 472650 346532 92181 700449 505703 37588 0
MIN 231 0 0 0 0 0 821968 975720 867533 206544 443349 276917 604342 999975 438747 112466 920270 301625 979335 821015 713535 38968 682185 960075 533106 275200 884604 78832 403302 367163 284718 220536 651877 0
MIN 232 0 0 0 0 0 17116 674080 166241 628894 403683 682013 508845 966225 667262 207216 181513 968150 660490 587624 692671 549128 312068 911816 3970 192856 717522 651002 121410 410162 262920 64876 759004 0
MIN 233 0 0 0 0 0 313612 762393 327012 391488 212577 382036 197104 870166 455036 984008 459126 219345 659449 77054 205168 230822 76888 514172 738365 272648 958754 877392 253395 592868 1818 96309 148677 0
MIN 234 0 0 0 0 0 18782 433778 611246 589641 829236 998905 858359 311214 238837 421173 8455 279144 99402 573419 41860 178747 325487 908770 625336 438753 432116 647500 92380 554187 100218 403491 556745 0
MIN 235 0 0 0 0 0 219962 144964 174448 506348 417141 483580 771337 878158 300141 228295 912360 37531 355077 880785 565956 249105 105128 943213 380023 993997 575487 811476 517715 169835 918528 126334 777555 0
MIN 236 0 0 0 0 0 786252 586253 102161 542887 644939 562454 560996 336235 585642 720754 425590 556887 542913 553074 910937 395922 422353 701361 869199 606255 97134 566020 852444 732029 68730 931717 655790 0
MIN 237 0 0 0 0 0 399113 308000 847897 827509 126338 17989 514306 274466 515606 557547 606686 190200 778728 261868 202264 764332 15907 314071 230640 302068 355296 722022 397972 766903 707738 139611 924303 0
MIN 238 0 0 0 0 0 701879 45111 140303 592587 849288 737665 141213 666570 515630 558640 387728 337572 589264 719757 509614 801752 158019 605407 766524 742197 524701 542899 136099 108096 287766 306065 372813 0
MIN 239 0 0 0 0 0 482056 512004 865648 7307 692297 989428 437819 661157 742579 148004 156110 445790 924139 589300 588681 971310 977638 542930 940439 908344 149649 905843 511876 72819 511467 292468 513166 0
MIN 240 0 0 0 0 0 95431 321084 745327 53905 723312 475086 111188 972312 772963 533857 997535 521278 927810 296072 177743 583013 840348 650703 516347 698237 936355 688376 403561 640572 555191 235126 987414 0
MIN 241 0 0 0 0 0 871598 667921 716905 280503 349651 42863 457929 673917 470231 495091 282112 794469 782364 494372 761578 10516 375385 272222 332395 241884 29357 81815 816246 408649 831075 167521 839574 0
MIN 242 0 0 0 0 0 81761 350758 634310 142401 553947 85469 684390 826850 973891 410433 434602 590037 328124 178607 787326 231732 438076 401549 664818 747161 702349 960160 335859 182848 171003 380252 837956 0
MIN 243 0 0 0 0 0 912337 345978 657082 536357 157869 937591 683732 594804 722770 784477 422488 104821 299139 730711 989287 199991 75596 418701 497793 426708 759520 507417 187745 590112 787837 517014 929268 0
MIN 244 0 0 0 0 0 394239 539966 586677 838883 978756 315616 533865 274485 55102 244206 533936 458218 136880 455964 111587 564851 617480 941749 846999 379654 686118 672319 112395 919411 768408 746000 75412 0
MIN 245 0 0 0 0 0 484573 922417 715161 553137 965333 606339 250210 509196 486130 199144 128863 39891 930361 597558 17787 117784 520091 529150 990004 851444 709279 832974 300484 309338 450367 599522 604958 0
MIN 246 0 0 0 0 0 299139 109691 39374 839377 214186 214966 662984 139060 285648 645601 265011 729936 249302 321262 259388 897854 170265 92159 625786 921933 630087 63975 316001 843260 19564 500045 401862 0
MIN 247 0 0 0 0 0 289585 634560 71687 339304 692768 69563 873481 7833 745652 44835 20222 976825 436813 439711 635298 949923 840773 800750 35250 732450 125597 547302 965753 878388 59869 325974 408060 0
MIN 248 0 0 0 0 0 967123 721686 702681 874677 222704 730221 398975 406290 50450 241152 859373 881407 679321 582183 902410 463905 468106 473348 218149 904492 418281 42379 770618 769511 268395 465723 864033 0
MIN 249 0 0 0 0 0 101250 351706 63764 93111 127503 503283 836787 601948 60904 84140 570048 192126 247067 341567 139681 422220 793534 397987 332683 247308 353936 183677 165915 67732 737008 413323 812265 0
MIN 250 0 0 0 0 0 670782 424331 381542 68576 591288 839066 192742 884659 417801 33866 501534 74632 530657 763118 114862 567954 478382 270263 250601 179151 845719 180070 996396 72325 298766 487131 100482 0
MIN 251 0 0 0 0 0 362082 66109 551205 191860 204441 284624 38667 775315 962121 393401 139727 156527 555287 6929 192674 1608 679183 22280 429186 407714 349031 985736 520153 908622 386061 905788 281816 0
MIN 252 0 0 0 0 0 896323 792178 386106 632292 951384 244293 187656 80070 923213 847075 616325 529112 695477 138758 294620 122771 505371 445112 844751 924267 526903 503549 782441 792009 155840 563172 504757 0
MIN 253 0 0 0 0 0 254460 51091 585728 692381 349145 733074 302677 638530 824647 642048 194101 900654 806409 687166 835397 982126 49845 774008 429247 80437 880116 220892 520085 746604 511876 704398 572284 0
MIN 254 0 0 0 0 0 142419 450997 251952 118943 739982 337208 718990 946162 66677 208108 775012 902736 224256 159388 389803 253250 878582 300114 771786 33140 429039 315736 40703 523480 20753 10557 888465 0
MIN 255 0 0 0 0 0 369397 920819 683161 32912 669031 864785 163526 687133 44783 577084 34596 248247 641810 142544 71648 586266 954598 487147 363367 930015 785623 906592 381531 824739 613693 702378 229771 0
MIN 256 0 0 0 0 0 295961 839133 381184 670009 715730 43288 260893 920486 187111 328575 34147 486557 916941 900545 464858 28271 381585 942217 82492 89596 403349 153739 420488 329848 837773 361134 866387 0
MIN 257 0 0 0 0 0 491035 274922 874405 673053 417663 831645 350149 92575 832269 478667 736854 576954 70504 74280 320976 706899 1007 366853 566445 555550 940767 177785 751687 958085 248135 735822 877070 0
MIN 258 0 0 0 0 0 272333 28581 620802 677274 813452 580807 841609 702312 484171 491616 916314 321294 562324 506681 628888 987639 163558 997800 638779 897432 766397 478239 598300 996657 665073 267550 658620 0
MIN 259 0 0 0 0 0 86098 237102 974929 691258 707869 485579 500444 692827 507088 699248 931175 60435 485282 457772 964403 332964 310491 27744 634266 804042 883919 389429 697901 446582 436219 186698 215547 0
MIN 260 0 0 0 0 0 618042 369936 455013 110847 895733 375840 503824 830230 663406 230589 309099 619856 120751 67770 634861 829325 428053 884353 225705 366232 468626 212665 254676 976448 871815 770453 163703 0
MIN 261 0 0 0 0 0 956893 38172 162309 196041 648020 343350 782873 267137 92557 998415 989298 546273 155134 17928 835324 472771 48964 989700 117201 241679 732274 144191 440617 603288 414278 84278 867155 0
MIN 262 0 0 0 0 0 237569 178186 559080 493336 659076 687795 249335 894623 787803 643965 727021 256802 41228 337999 403659 39641 779325 788846 38217 290774 862054 144735 462985 305204 902646 521364 360086 0
MIN 263 0 0 0 0 0 90656 630469 420567 424531 733747 127919 191299 27177 729809 288356 819963 224959 340761 428824 972197 728956 630216 800050 866831 909976 196065 304146 267671 11204 334380 505371 195186 0
MIN 264 0 0 0 0 0 944520 430795 46879 45487 366295 89741 732760 776669 62067 515964 658801 332058 56904 155052 80770 642391 982083 225107 581530 810512 58098 669176 429347 697570 244073 375451 30724 0
MIN 265 0 0 0 0 0 44404 61386 982643 870998 659823 807471 443937 681912 821781 667598 49224 901486 715678 488480 772416 795873 416680 704611 713456 159339 768188 341768 602861 407005 711853 923830 687605 0
MIN 266 0 0 0 0 0 184790 707803 388191 341608 737425 158299 142657 319850 938732 517225 127323 371173 486887 691032 818344 881170 413676 133659 446314 895591 17646 999823 356430 323993 556841 977512 303154 0
MIN 267 0 0 0 0 0 292988 915865 263524 92174 702961 473888 819119 167390 195453 346782 269808 802376 897666 791447 655603 578029 173021 229389 430757 233344 793047 217690 367441 935233 841851 945720 390999 0
MIN 268 0 0 0 0 0 92955 169369 271154 278562 285987 553312 614978 999324 650972 878874 793366 834348 10090 35938 611894 820831 909792 469519 435997 597217 515943 584551 622142 599528 527582 242629 596030 0
MIN 269 0 0 0 0 0 444517 775557 561789 433322 362711 460655 536914 858152 751323 518291 702989 616303 594124 250515 959288 335945 263353 714592 782102 399115 213543 825117 737968 492059 637452 554065 102960 0
MIN 270 0 0 0 0 0 440039 739165 212697 577825 278988 77530 660029 162992 242445 667634 47508 480886 719056 214510 379256 580262 906853 830471 441610 425643 385008 314832 326904 580045 961953 236577 273719 0
MIN 271 0 0 0 0 0 125723 914007 985125 475088 1772 767891 54472 45424 102471 125732 403215 115875 428886 32665 438122 306569 879843 943529 389954 753140 818917 580099 645067 80886 677589 292775 207247 0
MIN 272 0 0 0 0 0 523061 868500 488248 974080 1138 341733 675280 244738 98813 657132 199900 494725 978149 156038 645890 895966 735613 222777 633728 34440 39333 554451 606141 139761 779669 189635 271006 0
MIN 273 0 0 0 0 0 745934 509081 306266 636170 735377 473620 517356 467215 593285 316799 406936 669981 689994 596323 90372 637865 668581 663538 100482 972678 563121 450134 305043 494104 320216 872569 251957 0
MIN 274 0 0 0 0 0 732308 292657 716076 623217 573376 616170 796574 58807 331141 201460 798521 140400 613660 757951 954645 960314 250669 454259 559387 985563 650965 817535 375395 889838 269633 814024 628870 0
MIN 275 0 0 0 0 0 184453 518092 220584 623839 412459 551917 339079 708733 431755 657061 308724 570873 867455 322005 54542 675434 984369 956967 503334 897274 950668 287695 772314 387518 274819 881275 790964 0
MIN 276 0 0 0 0 0 93201 292314 119684 846960 485605 269524 109461 84798 293966 770097 825839 554237 271612 738244 860561 782423 21824 436545 59340 628436 926103 795240 82344 162334 532770 86956 294925 0
MIN 277 0 0 0 0 0 542409 573061 844819 159315 976156 297687 668124 304164 446287 700387 223822 247436 649720 774894 86912 526792 359571 256403 175803 338160 970038 179794 41038 385675 188374 52789 410146 0
MIN 278 0 0 0 0 0 554989 157656 353522 887005 377130 842563 474596 892915 867720 948479 398082 455818 85998 578469 733220 921001 902016 114730 401900 78803 345354 104248 798573 267594 851068 525731 720951 0
MIN 279 0 0 0 0 0 26952 198745 354284 320922 362727 16660 450814 568205 62186 843944 656866 982431 347199 189224 412618 749437 421875 493108 847634 612737 963793 279150 114135 922986 428664 869561 605350 0
MIN 280 0 0 0 0 0 610831 415150 231429 12313 712616 951675 898924 985202 209882 364604 250721 782533 860191 188280 419680 838079 988873 942202 588379 680913 892329 136434 659552 895548 320254 484102 740112 0
MIN 281 0 0 0 0 0 818946 162171 54928 310563 813975 725302 265294 867375 673603 741084 233522 355858 492823 853829 578753 943505 520074 969113 707538 985744 101587 581232 998537 991267 832705 538534 341418 0
MIN 282 0 0 0 0 0 486843 834513 236329 995054 301344 804489 630797 589675 678623 277622 612913 3433 586961 49927 931996 370178 684588 917691 781943 576247 11782 188520 811779 32207 189405 311879 404684 0
MIN 283 0 0 0 0 0 41216 914385 565664 465985 823966 816141 766035 964793 37521 263466 606271 382666 744646 299758 30470 217822 847199 930357 654035 674437 184487 530711 873108 195388 31438 441871 767841 0
MIN 284 0 0 0 0 0 739247 681975 110687 150405 674829 16327 280151 191027 729030 230048 570999 463775 590462 728941 564663 517186 543653 266100 225005 487348 425874 447014 558684 870362 804602 442435 447737 0
MIN 285 0 0 0 0 0 613322 286770 358556 696433 215833 22391 128794 76535 399100 100272 258674 360347 940203 315642 149268 627338 736608 230172 424882 780031 281237 549320 241459 912564 21351 657551 150865 0
MIN 286 0 0 0 0 0 290525 265389 658419 809520 764624 896641 902750 199458 668057 110620 841301 315247 309543 69681 954551 104043 401612 806333 727856 921590 622113 748613 588228 162362 683440 688483 535494 0
MIN 287 0 0 0 0 0 254747 348066 578847 695779 537045 930488 136277 427936 872856 100308 720613 504064 550825 956048 510255 590255 186759 9477 730226 711354 521441 247086 358820 317485 123499 56225 63372 0
MIN 288 0 0 0 0 0 433083 767762 361106 919391 980253 444048 50300 37908 918877 217742 625597 71871 224510 610895 332509 146346 911465 375968 718254 925956 989137 814029 479107 913681 51079 168333 972399 0
MIN 289 0 0 0 0 0 813806 439907 326728 718205 607171 10200 947089 543160 743408 104075 62906 426238 598184 283100 802728 646500 546793 777699 78778 353129 590954 161198 626411 100515 123527 906512 513059 0
MIN 290 0 0 0 0 0 865749 324742 962595 828391 428292 736940 363288 701550 322072 402240 879669 794800 527950 273676 24562 636955 95758 672903 988277 21789 596771 754391 213796 814508 178062 759527 207492 0
MIN 291 0 0 0 0 0 923586 662939 222060 521262 849662 145465 258100 438504 686772 130008 668050 772234 738730 422571 280827 378347 568391 221484 860401 274268 66574 832200 18861 877270 833745 668123 263941 0
MIN 292 0 0 0 0 0 920038 177242 114127 971457 768104 934907 302872 743676 454318 554738 804783 440431 266119 692941 686300 673211 608333 204485 563649 95968 241533 989016 335250 880121 428849 685587 278531 0
MIN 293 0 0 0 0 0 990678 472094 538238 649819 40248 752386 22576 488358 576609 30026 921746 247573 827575 544131 748786 503134 478091 250195 221742 287223 36308 698516 183903 500073 828735 31459 409671 0
MIN 294 0 0 0 0 0 368885 246153 213048 593508 707802 68563 998716 848770 393612 642353 226001 186435 251562 520140 539082 858963 327743 641365 735067 341058 898882 751059 967453 267567 994356 494442 239016 0
MIN 295 0 0 0 0 0 190541 267980 482640 513407 39072 729713 66891 142337 174119 421569 255363 382338 832476 469581 482267 57268 832730 985809 912478 815859 627957 778610 109042 862395 784446 66460 514299 0
MIN 296 0 0 0 0 0 594781 644528 410382 894630 917285 813694 852348 446460 887846 416897 213669 584682 809843 788062 579949 38090 923075 790087 344949 280438 593894 628050 188407 459261 213236 670198 526204 0
MIN 297 0 0 0 0 0 517430 170456 58584 316495 400755 863973 494238 240252 502922 468413 755700 602025 403538 163554 998981 244640 738091 393131 129443 422910 67203 352714 639796 798987 503529 898150 125381 0
MIN 298 0 0 0 0 0 252913 856646 299961 75717 307176 942975 292664 627218 221988 547509 622957 954587 399176 222873 316076 172337 111643 625193 68631 992512 713672 799962 109960 934861 936240 251267 306616 0
MIN 299 0 0 0 0 0 735370 624902 893587 642855 901548 500986 998414 998159 187128 91096 610070 311908 317821 229448 150172 253714 220441 827103 669483 217701 898679 845237 64289 155810 824083 330539 723549 0
MIN 300 0 0 0 0 0 973176 161852 743176 807139 141112 542474 506548 627688 170238 946890 123527 281937 461665 682890 232546 979831 895205 426240 876725 987137 202427 100942 833746 531086 189782 970188 300344 0
MIN 301 0 0 0 0 0 545367 581031 758905 975267 373334 109134 377186 306730 323641 140072 406239 938936 665271 518755 572757 12180 51693 847064 412898 203977 20396 284474 60898 655406 159423 328580 472004 0
MIN 302 0 0 0 0 0 423341 153325 611514 397941 794393 30184 232717 839377 327966 236914 97501 746329 612594 730225 761233 275391 958646 568251 361317 218241 349459 98279 112547 327145 165131 866680 471242 0
MIN 303 0 0 0 0 0 182253 225509 23505 397548 735966 418582 342389 409493 867044 636708 824230 52308 16426 969884 377129 409474 781670 210017 739907 478414 390936 66450 28537 520222 766612 602745 500862 0
MIN 304 0 0 0 0 0 489506 34953 767500 647648 908512 39340 961271 925987 343308 311675 105907 370265 250611 631255 323638 145121 973213 537569 392667 661309 365041 278784 599400 63587 94083 191493 82547 0
MIN 305 0 0 0 0 0 760962 431169 639944 876812 304361 423739 433411 74409 375472 748141 613748 551308 402257 923662 501004 56789 122965 975181 474280 458206 941829 723322 55386 626051 684549 262872 796399 0
MIN 306 0 0 0 0 0 299620 906030 357251 478557 292568 517572 3614 241247 53528 49136 757102 810711 775564 358533 418787 220903 75716 300562 394538 171781 515782 599952 405288 367866 160861 599814 979369 0
MIN 307 0 0 0 0 0 133021 483201 975522 17524 830948 818624 294539 863075 203510 642390 269205 991070 391860 92411 155054 246622 659383 909335 449612 192866 959352 629490 931940 55475 288252 721886 825597 0
MIN 308 0 0 0 0 0 645246 149226 19301 193000 487955 306868 861275 494787 747720 520875 84608 789864 304395 749049 112094 833696 827688 472286 828058 188895 423045 842269 347818 559343 787921 749487 832200 0
MIN 309 0 0 0 0 0 726532 179268 722846 893535 654734 320087 67393 512227 247868 336984 823548 601267 604722 690620 264158 685176 502676 165707 278667 210056 111384 758506 641057 713750 967291 775006 506129 0
MIN 310 0 0 0 0 0 145751 563349 954287 743513 326334 402091 137111 933609 306138 579128 290332 948391 831139 426188 642290 465118 902510 688754 472928 469881 566449 95935 725093 131286 627141 725619 727168 0
MIN 311 0 0 0 0 0 82006 150420 889007 656132 743230 302369 948389 872460 76356 196672 493112 678541 389306 152382 845391 496513 850759 460960 97396 744398 432012 339997 179343 70560 276919 57816 806219 0
MIN 312 0 0 0 0 0 55693 303096 614654 470728 444297 448780 277391 76218 726943 823067 716331 924715 374276 339065 726578 787529 87224 887526 405103 53083 957012 990631 552332 518513 324964 288941 22935 0
MIN 313 0 0 0 0 0 140360 191379 307445 496851 326800 308997 834152 457678 671555 325050 186719 175 689453 772458 795917 114323 673653 140114 482987 541153 509890 997844 998100 276922 178745 262420 196244 0
MIN 314 0 0 0 0 0 363052 670099 742567 944991 842764 706314 18849 141358 110033 431153 969527 716333 32141 815219 115528 739406 756814 825199 949485 773749 294899 872733 864476 509838 346410 873885 599872 0
MIN 315 0 0 0 0 0 389389 582822 391539 39615 131127 868377 423304 779357 810172 851817 244590 743840 333869 641649 604335 60558 114394 898987 698975 875697 642817 372647 914022 763896 955345 40178 465072 0
MIN 316 0 0 0 0 0 95068 857182 479864 186093 333807 276580 493886 480494 354412 705517 442198 273048 132541 543170 204098 49467 956824 330305 467539 438043 283232 983806 172224 624215 256963 253782 521371 0
MIN 317 0 0 0 0 0 743748 168541 877947 580709 223613 69754 66303 736551 885552 535574 13450 343039 230690 153102 791332 860945 786293 328497 312034 372968 444107 399018 177351 37648 14221 120523 121863 0
MIN 318 0 0 0 0 0 824880 373056 43196 269067 938423 711594 738411 946377 32695 273572 935298 999035 718563 231090 90955 405887 49179 436819 125920 210175 699410 722939 283290 800705 804330 905431 244268 0
MIN 319 0 0 0 0 0 728271 72782 707666 872755 62920 348417 945525 490910 14767 104964 722907 733303 780777 742034 494100 755072 5632 967298 793496 717836 847600 823749 243857 884182 548631 583731 825939 0
MIN 320 0 0 0 0 0 240284 996234 935219 946035 109008 971341 366162 912468 891972 93411 237968 9893 734942 5415 498560 682437 155512 875101 45544 237123 629475 261489 46240 191377 725902 976296 924576 0
MIN 321 0 0 0 0 0 828624 416781 546588 864255 864249 492264 799307 765094 597929 663440 85618 34757 401534 361362 469508 621176 141684 177517 403734 680954 935577 432720 424615 961473 337376 814127 802428 0
MIN 322 0 0 0 0 0 1964 278745 740255 454535 81772 452108 375627 347274 231330 511936 37151 790598 960075 853061 486809 922091 906932 90206 763092 637186 285128 815450 726663 147079 480897 663646 10161 0
MIN 323 0 0 0 0 0 422619 207299 724949 270346 390593 646265 771066 399959 903343 331435 465316 393895 171280 901962 677700 580110 992200 371450 14596 700967 306885 665447 945480 781114 254051 469454 836094 0
MIN 324 0 0 0 0 0 331128 504752 708251 539894 426087 422331 809769 171505 446468 682897 272320 448823 888545 674060 54927 124114 625367 498936 396076 604605 165642 130408 137844 447629 380078 509858 415061 0
MIN 325 0 0 0 0 0 333892 277503 8467 314808 130654 793650 283178 719335 934594 829684 68655 288373 68131 754978 495748 553480 327000 511692 719348 828857 566513 701873 719178 811891 262216 750712 565407 0
MIN 326 0 0 0 0 0 575119 654435 124145 789074 927208 155199 756873 545373 915698 619408 911685 853857 704892 186830 422762 41786 566019 4697 52828 310716 652840 804418 958612 795379 1961 86963 671555 0
MIN 327 0 0 0 0 0 543102 65295 401853 56682 52195 434516 656594 537731 134313 539122 918866 548866 487008 266855 866570 444858 601000 617767 364825 556366 825295 132839 475644 582539 26678 499037 180201 0
MIN 328 0 0 0 0 0 948229 943357 936191 220476 803291 172121 484442 649247 951478 807399 45097 933775 911382 413969 619262 456138 917833 985473 896560 745237 171697 827959 943130 200513 508818 931552 68093 0
MIN 329 0 0 0 0 0 522594 583300 378943 404771 554882 969054 461828 330429 18928 110366 698487 274807 1033 671945 206772 487510 161913 548390 222497 903033 735991 353198 877147 514745 379422 691953 675392 0
MIN 330 0 0 0 0 0 744961 504566 78163 978679 649435 780772 625755 393609 42721 462399 699258 123728 309807 801976 227546 854145 944305 139649 165958 273235 790687 823417 846792 61714 894130 225037 998215 0
MIN 331 0 0 0 0 0 836010 362394 371520 364093 794427 358907 311605 586546 431363 594994 593598 49818 616280 87393 764081 162210 212765 64587 87487 61101 500492 411113 423509 880624 403988 260815 893148 0
MIN 332 0 0 0 0 0 822025 382548 610104 538362 964007 611069 482131 154093 781950 446408 541178 699578 983791 530614 544811 535318 819199 350925 829373 407604 4232 817167 185794 374900 117569 353072 902541 0
MIN 333 0 0 0 0 0 478430 364466 4760 395137 8154 226285 44714 959001 310260 419932 711718 444107 198332 973732 477100 829087 449950 753769 380707 279722 737446 891019 325388 911191 768602 628180 602295 0
MIN 334 0 0 0 0 0 985309 440114 123159 770541 276433 611812 944258 783769 876387 903938 566685 202777 150187 448499 238197 244243 561463 480029 45013 504903 965565 945777 84904 41097 951121 177996 385086 0
MIN 335 0 0 0 0 0 541928 329798 880863 117419 853499 100060 583838 103838 322336 12419 107205 960550 744321 459757 798988 652687 622417 360111 847145 414984 565946 427051 358782 223881 489052 858064 784850 0
MIN 336 0 0 0 0 0 152462 112599 544393 494898 5927 110515 283684 428779 292315 560775 124558 674460 611425 657636 758939 432158 703017 378658 457788 670203 298815 908484 534203 335342 644438 580964 914439 0
MIN 337 0 0 0 0 0 329810 969027 694046 44685 518921 196986 720497 730469 233827 734383 413752 532310 52444 358659 665965 483808 319476 127791 600078 120687 817209 438695 803371 226432 443106 361614 27672 0
MIN 338 0 0 0 0 0 421464 152014 762577 251009 388246 467217 466871 504109 342062 713622 749989 690203 170804 988822 571634 477330 213409 179726 987714 402280 430930 533890 666519 601059 224761 487340 763361 0
MIN 339 0 0 0 0 0 226322 672605 849183 189252 405280 62239 194943 966641 973309 110490 660742 263518 530497 358827 770178 738607 500483 125908 808430 622133 738106 93637 478537 596270 262958 959398 779129 0
MIN 340 0 0 0 0 0 902979 287184 347846 202480 297689 28075 9345 33268 181186 163050 770392 742256 465684 489296 645559 148016 560280 818232 355455 976575 496040 658888 832959 907930 968803 954630 932044 0
MIN 341 0 0 0 0 0 347988 204298 185810 977803 357333 710200 265689 181629 549058 67325 161393 12486 285715 874269 698764 757376 988289 675662 452305 152204 997791 364108 788113 750894 469166 590637 350068 0
MIN 342 0 0 0 0 0 50903 951011 300169 377072 27221 843452 275698 601523 760979 27326 369806 16122 588684 793499 798739 236106 325344 818579 374945 339271 24334 814267 610357 442375 737215 324746 68083 0
MIN 343 0 0 0 0 0 564690 354724 567657 98069 465856 325216 180215 642369 643437 95785 668811 760464 263305 693328 931579 296461 982298 625117 355011 415972 677718 472551 701964 740153 228820 439362 304699 0
MIN 344 0 0 0 0 0 954501 235005 326974 689015 832638 668172 627461 811413 839345 826198 241960 351807 121153 192453 69911 625113 464929 971201 306289 921581 585589 37553 16089 631806 912297 923194 177421 0
MIN 345 0 0 0 0 0 319847 151859 317025 385050 356840 836545 616647 449617 393347 618699 898781 788007 343031 507357 53367 560545 604612 493096 855679 234301 891205 34922 833577 470629 416895 485573 590569 0
MIN 346 0 0 0 0 0 359984 419068 979880 100302 389634 501275 675549 234973 20143 170891 293224 19762 883653 286811 823192 421052 91358 640319 358979 44035 26729 562534 946560 651212 465834 712372 920459 0
MIN 347 0 0 0 0 0 348910 749194 706959 623162 125413 115700 441374 355429 836925 979165 232652 863393 34516 402195 251583 133551 486791 170460 289273 717640 877799 693545 280560 541071 539073 169133 132691 0
MIN 348 0 0 0 0 0 371541 547327 524179 35054 170542 148868 104810 561167 665694 244964 193868 169108 546116 586063 703318 791399 793101 983394 987767 329678 659447 97197 184362 13185 902173 374693 519804 0
MIN 349 0 0 0 0 0 729606 497509 343092 882902 183668 640124 217227 250912 120757 652174 462486 946436 781483 765911 322008 291761 675965 692810 782084 147401 779214 810743 103432 759115 501926 868804 380928 0
MIN 350 0 0 0 0 0 761925 32502 724389 217919 262088 975184 978308 21127 404397 582142 672805 289098 983953 504316 665499 500601 244141 79355 97123 227111 234998 436396 238091 962641 293986 225688 177966 0
MIN 351 0 0 0 0 0 480166 228463 395183 820478 504748 480979 328035 275905 699462 294811 113480 48601 584847 162879 480190 600975 945949 457918 839753 712815 292184 867312 562465 957518 651144 491395 821653 0
MIN 352 0 0 0 0 0 460435 970261 361561 287168 121242 44631 473058 985082 109286 506745 213633 71242 368257 199422 984898 902542 625865 701844 3581 420505 967620 753433 367385 820586 324867 495531 101520 0
MIN 353 0 0 0 0 0 493395 974289 895481 737146 832246 336027 85093 151725 905115 971058 784931 569626 961751 78971 510957 811655 103604 737286 167442 651803 945396 354657 597828 196382 283593 437073 531805 0
MIN 354 0 0 0 0 0 750638 430024 976009 587125 336845 647525 469510 61393 753873 225672 527199 766139 304459 493288 937567 625108 530493 437024 654501 925256 86541 924668 751264 849015 881879 219851 87932 0
MIN 355 0 0 0 0 0 416204 785738 728303 802114 383635 976360 924203 540795 585771 41901 599495 622066 494058 240274 160646 453203 811985 770052 514241 104094 724985 401406 81115 732271 294495 238941 465064 0
MIN 356 0 0 0 0 0 871545 566979 4197 152408 659722 979338 895483 794280 758182 157018 773576 422069 508802 881306 406614 620271 98615 649579 641729 631936 201372 670279 635876 569127 995209 748256 217451 0
MIN 357 0 0 0 0 0 646760 647103 633058 892354 495762 93946 224573 85388 730563 443551 523604 861180 457861 715996 612860 196538 3157 349264 75711 649373 244701 57968 861150 445803 829278 758336 78683 0
MIN 358 0 0 0 0 0 543213 374208 476846 759823 713130 586504 534042 890226 743374 140451 390332 555324 621639 845649 965048 619391 930405 265781 60797 127448 986261 697682 277601 474436 499260 689638 556606 0
MIN 359 0 0 0 0 0 430653 691209 563210 518245 825303 726075 883783 147715 724918 455602 695814 996956 199284 682293 644489 178129 871139 573378 592663 990035 510820 28515 345987 183812 580811 628988 993840 0
MIN 360 0 0 0 0 0 77272 216089 602088 912715 168666 771631 153227 13330 623322 137855 193534 351938 550838 858619 218435 885340 961588 720574 538933 455809 722278 479799 413631 188358 383627 38619 444655 0
MIN 361 0 0 0 0 0 148764 427253 124376 628557 825074 152760 586376 450773 581194 886949 209649 116653 817201 782930 575869 911244 354921 401382 513759 419985 209943 406730 794310 8737 852436 690891 935388 0
MIN 362 0 0 0 0 0 379390 827284 744508 981551 687660 460349 274963 326160 618800 830885 686844 640463 114603 264092 685008 864197 179772 429902 624285 630669 324649 401420 603798 579027 752757 974715 380377 0
MIN 363 0 0 0 0 0 631982 468506 255333 437169 17639 26397 712222 1244 855416 838835 755505 641604 435955 353350 529042 238151 683812 304268 508592 61772 662556 280141 387010 606568 923980 162842 10258 0
MIN 364 0 0 0 0 0 506160 702631 63143 808545 71279 953507 261006 292705 641640 120754 920223 967590 958537 862306 50854 759996 536677 913120 117569 638221 432094 861069 158164 323989 718317 135260 543739 0
MIN 365 0 0 0 0 0 865295 37719 76392 237227 461444 888897 466814 290427 286485 497765 390216 77032 919096 988133 809522 674337 851837 604437 370287 827948 645722 833256 289089 800115 689565 869174 780523 0
MIN 366 0 0 0 0 0 12376 405043 276899 897144 248133 147935 269066 919218 271159 533668 368556 18177 146396 659761 525366 239919 279203 434293 627008 426897 163216 694222 789789 734800 364120 516493 954180 0
MIN 367 0 0 0 0 0 602345 330305 233466 944335 353379 315038 679944 860994 715002 116728 901559 166730 81810 849097 939840 696177 142100 403320 282188 521971 159938 80665 822056 946845 512576 686649 393693 0
MIN 368 0 0 0 0 0 88565 505793 385295 326094 175701 955654 439390 115835 642070 423441 24704 328866 43044 872786 643790 90493 849123 307641 340948 731002 858872 179441 688154 363543 773323 345679 836116 0
MIN 369 0 0 0 0 0 900552 97622 810257 748880 928645 404457 25484 362001 56324 386630 209375 491987 530355 53693 994576 93633 399813 28975 787347 845041 738280 977019 53170 892159 542745 355400 632037 0
MIN 370 0 0 0 0 0 752375 907000 33827 963889 961612 16413 433727 291349 365932 633628 638344 349714 137269 379607 220428 941047 224563 16670 539462 486155 149979 980406 800481 861814 43635 726811 927005 0
MIN 371 0 0 0 0 0 803585 89555 896832 623987 308197 456723 26678 769607 342343 630030 20372 49487 375224 13091 536712 30991 620619 581333 410176 89061 418698 875789 194153 384879 147881 473315 532646 0
MIN 372 0 0 0 0 0 615352 552771 820273 189657 66169 533424 305147 213634 857450 76883 108424 674029 765355 882131 659130 88170 354683 478477 255752 501377 145779 541984 258993 156756 643472 499995 837469 0
MIN 373 0 0 0 0 0 376754 674635 200957 981680 712100 140914 957957 607058 559118 975584 463819 88445 171216 35855 764462 667306 618582 315649 574370 94370 665426 287262 825828 109034 275706 3985 439584 0
MIN 374 0 0 0 0 0 487453 649255 907236 63156 97785 653179 470119 210756 535543 440741 849078 313953 21733 542633 131900 193689 61242 274595 308529 233086 164116 982053 837314 485257 978700 747967 385219 0
MIN 375 0 0 0 0 0 735355 795421 3472 195342 683998 488249 80053 489227 206516 532429 660928 310892 8575 444603 417928 344482 621809 11317 241040 620989 161999 670757 353533 143320 88910 718256 207075 0
MIN 376 0 0 0 0 0 83321 916455 158402 148230 950313 246214 241145 910637 508467 879688 696011 81630 688646 738874 628376 432978 818476 254558 418013 768879 87989 687481 809476 57182 153901 595485 802165 0
MIN 377 0 0 0 0 0 805191 679278 796892 356957 659850 116636 513736 233807 676324 970327 302629 42673 807510 235149 284019 143517 713848 36626 158576 620676 177169 372454 559519 378383 508557 565292 685216 0
MIN 378 0 0 0 0 0 696170 955166 516285 497461 385996 705861 759520 868248 667376 578772 149803 871134 174326 980277 914439 235115 909638 76760 320859 552765 975880 41230 979248 328060 435377 636737 270025 0
MIN 379 0 0 0 0 0 429009 17177 614984 393832 805754 234922 462126 252388 464933 431948 429909 974851 500607 694237 165643 120291 607450 211637 636207 913560 748386 927881 673312 493190 40611 221119 827291 0
MIN 380 0 0 0 0 0 786665 455864 264940 963363 196394 892295 856287 761965 984635 539437 48979 266943 816337 684754 645756 945503 756237 959258 179180 876302 701407 995333 143282 993278 287877 420654 153565 0
MIN 381 0 0 0 0 0 651439 962389 905829 129951 970397 616186 572149 18263 506081 872707 908915 14613 861839 825385 906097 981767 465210 189930 602420 818407 124856 495157 999187 75951 692535 514366 879509 0
MIN 382 0 0 0 0 0 686271 469728 691260 703464 636951 836052 507350 888213 381185 1929 791668 132292 263323 352231 304276 134463 600450 179094 805187 834764 69403 778136 956548 749061 274969 214065 719083 0
MIN 383 0 0 0 0 0 525455 584557 757720 802260 146429 194542 109340 681329 327185 866696 769421 943708 137962 524490 66266 493462 797555 289581 620222 623052 265107 455361 668693 319378 627650 268480 919888 0
MIN 384 0 0 0 0 0 554665 387638 975059 317889 189510 868250 69356 649308 596803 55147 263841 34366 638760 665733 145557 607111 298294 72920 327120 22205 716061 108895 674398 315061 258526 684572 401434 0
MIN 385 0 0 0 0 0 83609 868747 540430 99828 23254 383763 852667 370754 128332 795281 240445 954966 780540 943514 820154 41229 263213 535000 187597 746060 884546 447195 229043 184145 774141 974464 324083 0
MIN 386 0 0 0 0 0 844323 40805 914694 303902 822747 858326 196496 881375 836418 910571 984564 328707 670958 242108 863354 476212 17730 745705 206445 911774 635457 200708 787840 780037 123603 659117 412129 0
MIN 387 0 0 0 0 0 80115 927435 568250 91433 328481 466049 656278 658636 961138 928053 545289 146350 414404 383762 928844 549736 563049 594412 337826 432530 18296 171602 137386 537318 56670 705643 736308 0
MIN 388 0 0 0 0 0 407392 981928 744749 56702 592664 493397 339065 28566 250766 234908 110715 370648 611114 367719 30286 460374 308817 340896 761012 407137 286339 362081 35752 214056 578093 158565 68082 0
MIN 389 0 0 0 0 0 74408 101207 569007 859653 701723 274876 441579 375260 355297 370516 725971 188101 651350 676725 625762 72079 548509 541545 380243 332560 957506 732636 904139 20763 165998 995257 259468 0
MIN 390 0 0 0 0 0 163739 65645 766668 628822 67521 847248 442275 503043 393868 296322 458273 431119 940482 22977 698826 750663 359139 954297 269293 926923 280291 444928 212621 270162 63597 430516 387392 0
MIN 391 0 0 0 0 0 309683 646194 754661 974379 590453 205575 887087 181075 526812 423508 225026 579300 245006 926347 936721 379452 986591 958211 406622 147659 851723 576812 826201 276920 233268 625356 602662 0
MIN 392 0 0 0 0 0 889330 801396 681253 304017 195796 797556 867947 928673 802568 602482 688844 100215 732822 279972 621706 849224 82872 638010 576061 276197 415990 710363 627017 62515 173303 928561 497062 0
MIN 393 0 0 0 0 0 170163 312076 686538 317086 308404 388965 358429 693148 138462 89875 286495 916890 814807 578461 618009 596302 831210 141544 944739 468709 982872 275131 926171 714618 511305 979173 216419 0
MIN 394 0 0 0 0 0 370177 390736 791935 423438 283175 221207 880186 174051 821998 493801 565998 596533 543446 333144 600608 561854 727817 949154 712076 872584 357596 16656 227177 583514 201015 228144 486478 0
MIN 395 0 0 0 0 0 400074 933739 172146 257987 137104 558332 304684 341781 218104 285243 173757 505311 621249 980942 671678 622113 853136 557616 208855 979678 8958 611152 545862 326112 377265 323833 740354 0
MIN 396 0 0 0 0 0 805415 288303 866204 992530 410576 93953 650308 488085 102475 375087 740447 962131 193024 588860 312700 696835 857568 310432 894208 836098 636928 634610 6753 164335 728037 558665 751095 0
MIN 397 0 0 0 0 0 812713 746373 595186 436498 569377 290214 919436 407357 14509 931418 979459 551865 957984 344336 136929 968471 89340 903311 368277 133167 485898 47746 769846 143250 197904 754103 455923 0
MIN 398 0 0 0 0 0 41003 256461 230398 427513 781684 697836 914600 408614 431096 975622 480088 272234 492340 164386 986504 31105 918462 132114 715111 508961 74717 175690 689422 758527 628887 277205 584216 0
MIN 399 0 0 0 0 0 100201 187100 650159 659230 72749 179931 616465 853479 255184 528424 89695 298755 211340 491779 839573 432234 940057 679434 509493 957843 965471 617861 111588 68534 372440 998029 877791 0
MIN 400 0 0 0 0 0 7350 117436 995133 141271 8122 99580 815046 467399 326357 793103 305 217928 588397 12268 318552 770200 612523 482341 224721 260651 309928 131717 280748 362215 169960 977249 399674 0
MIN 401 0 0 0 0 0 320404 166133 828124 613205 970155 583579 922578 598004 153513 437415 508662 520257 409092 101630 351497 835179 350546 326961 217357 933435 112761 216847 849325 641965 118617 572766 490557 0
MIN 402 0 0 0 0 0 633079 561112 561444 940864 981242 726591 979603 916019 549685 244355 463454 886109 492312 893370 791570 625873 658266 927539 244328 394135 194585 258279 759802 488245 136014 778612 898112 0
MIN 403 0 0 0 0 0 15726 6944 912145 70457 221694 497603 291609 427538 828874 30519 138456 376077 527728 711814 536170 794810 53512 34833 497215 477289 641994 988915 73889 702457 107874 344604 423285 0
MIN 404 0 0 0 0 0 884567 624706 6430 20261 894887 624294 860986 945657 438858 544511 512759 577722 257658 349758 566470 535636 7826 976684 538578 279371 533433 319995 649811 963864 171595 4184 917002 0
MIN 405 0 0 0 0 0 997387 10524 144223 167918 182840 384372 644223 43309 726608 250871 269887 78590 12221 88034 205058 329571 489936 526631 742464 103902 890514 332657 448518 403504 485153 145763 356914 0
MIN 406 0 0 0 0 0 116463 83908 204249 263126 535584 33980 935512 746509 47189 805331 784109 788377 474904 838167 164174 234719 685864 450227 948946 525898 309210 845047 699516 5483 57339 829050 581878 0
MIN 407 0 0 0 0 0 446837 391523 304513 157095 880991 648142 275527 367014 739388 354146 347660 688137 943564 29110 682115 936826 952171 335743 796051 410411 118814 882054 872255 24658 974439 861914 55942 0
MIN 408 0 0 0 0 0 488538 345969 776060 388690 91021 500016 228882 169115 51961 136328 402457 649099 816709 416794 419527 304791 484921 757094 623775 991136 410937 437550 595316 239261 448658 956172 363785 0
MIN 409 0 0 0 0 0 432627 28827 556184 335464 92356 18687 502792 732544 869821 870250 514316 875432 379878 381412 727240 464938 547226 466683 486708 821444 109972 123042 967392 608773 943602 622987 851392 0
MIN 410 0 0 0 0 0 469772 228872 287367 419509 75678 914691 633241 685963 114482 194232 441180 56312 789389 775463 862598 953422 57919 774597 935982 927343 765011 697536 702379 394583 749472 859302 226599 0
MIN 411 0 0 0 0 0 785444 464725 138733 871784 596625 172060 757902 486263 111246 612229 230745 224538 234385 553905 558627 724856 981488 274856 638933 916719 684845 272833 594162 516110 364195 483317 485881 0
MIN 412 0 0 0 0 0 627850 800363 728578 100677 807611 563611 151536 515077 835092 320959 940122 720660 287238 317793 718371 884214 468846 126965 467274 706193 379858 753941 784925 637610 212342 778272 991099 0
MIN 413 0 0 0 0 0 962835 857355 548349 707849 875653 684349 650461 776796 538543 661223 661836 186654 882592 205140 239323 738984 964850 914911 209182 426578 384600 833601 213436 911120 614267 694387 788171 0
MIN 414 0 0 0 0 0 313512 312232 376013 788668 977423 513417 627682 475848 719530 975030 409599 343300 808987 936301 849980 19217 676080 324403 793568 624401 877961 457659 371899 566626 659487 834485 110558 0
MIN 415 0 0 0 0 0 586488 850564 770776 300603 508559 756290 910050 41834 993158 631123 107631 508152 146928 408885 223265 580456 682183 384705 555260 898166 358053 694976 421703 744501 254940 609780 763529 0
MIN 416 0 0 0 0 0 91197 298548 849006 193100 203065 1869 2001 86316 485171 412712 211709 93054 782101 375196 524773 794615 163685 450657 317734 249525 712420 682458 581866 415163 876838 740904 677402 0
MIN 417 0 0 0 0 0 170974 810775 186265 95812 609718 805184 726498 182154 335316 223489 701228 47564 412070 222461 581383 181782 165863 30823 325226 325344 316285 20279 974184 799091 356400 83415 851451 0
MIN 418 0 0 0 0 0 168794 837689 772543 87060 847844 975611 659026 750899 795550 892322 66377 506537 821112 83510 292905 112 451989 386429 717451 348465 418639 306139 382393 684873 195936 93954 327984 0
MIN 419 0 0 0 0 0 113858 404673 334502 154904 30132 360314 425306 429414 352201 248756 103387 52930 238178 746474 513097 73371 928250 79760 10035 271715 958780 852645 529753 520498 105113 95826 984348 0
MIN 420 0 0 0 0 0 145057 772552 628924 719760 546474 734068 794522 625494 752410 382231 230125 31164 804892 896486 191714 301989 65284 999832 679881 519569 119353 403511 525736 426071 603976 249393 953833 0
MIN 421 0 0 0 0 0 73655 577257 599101 46927 817115 997784 873912 43716 942439 904694 696458 880191 945177 792124 221343 149296 402870 929158 213596 167584 986174 320976 58588 957913 582629 980554 572139 0
MIN 422 0 0 0 0 0 655068 682098 442911 651429 434473 889198 148780 281178 39147 978490 859563 622393 25866 768417 941754 528463 751745 568948 903752 497755 727485 925788 569111 314065 718326 450937 780392 0
MIN 423 0 0 0 0 0 711075 168105 892795 944284 60491 179586 935775 253347 203628 821045 952079 900362 365313 247557 807240 803066 663407 216885 43123 795359 128407 731783 489567 368963 106879 798792 75871 0
MIN 424 0 0 0 0 0 355394 363842 612289 938711 878811 864238 374858 349835 119248 829665 339476 345972 201758 605610 539093 54592 776353 731778 40889 602406 15659 378159 774929 844172 183680 543908 527809 0
MIN 425 0 0 0 0 0 312981 203472 726239 317686 586067 400904 164086 622889 672455 46355 936545 664029 283466 623478 554556 626176 308210 987979 483263 80747 122175 683086 71825 475823 731895 843355 954492 0
MIN 426 0 0 0 0 0 75296 572571 438453 545432 603464 449441 435461 886861 287349 647653 569327 927585 154018 576674 637618 339905 706796 778384 445609 482739 812953 890105 104620 457271 800402 18322 512973 0
MIN 427 0 0 0 0 0 958768 966408 80473 371397 328359 248100 549489 936150 685771 691518 849108 310023 915581 179005 122743 906704 826283 844502 63797 386041 308926 343143 886971 508258 714272 694 231399 0
MIN 428 0 0 0 0 0 834446 260791 258842 529068 247224 439935 728200 830546 972179 715006 901060 328776 216958 745258 336393 200734 389514 248938 239697 945434 551835 768911 592007 480538 557242 743383 125863 0
MIN 429 0 0 0 0 0 916587 703808 5962 388773 262244 298631 660516 311596 662127 661588 813411 990719 674215 665049 980382 620344 304497 807311 413822 363264 743573 560509 898969 194886 241583 272438 215308 0
MIN 430 0 0 0 0 0 473878 471731 412104 59742 57300 539977 681722 143217 563852 965984 324999 693172 394469 288915 431165 78153 168020 717228 466889 49911 44361 359622 140765 86228 261436 361961 254925 0
MIN 431 0 0 0 0 0 362278 11061 834235 236871 755278 832556 790981 590182 289224 103845 764012 721268 724130 719040 892396 949398 628639 560380 454314 696002 66674 661351 518878 704541 834906 909968 60582 0
MIN 432 0 0 0 0 0 127748 587851 721010 684730 136027 335653 493040 14926 535531 968181 631318 50743 755176 95561 590213 875008 64169 280105 991543 382064 202680 464928 434401 237924 93617 575408 551102 0
MIN 433 0 0 0 0 0 769979 476532 504453 823893 531768 116403 984838 115775 527640 881421 762917 558029 588938 604192 118374 454679 706421 544016 667546 15362 90326 710524 608887 513143 274564 841654 751103 0
MIN 434 0 0 0 0 0 77821 668053 704211 926645 644949 973010 67301 799662 250100 458201 954812 94031 536212 937630 787930 857492 550730 664402 259239 36596 476080 311525 672920 814589 578754 108265 111632 0
MIN 435 0 0 0 0 0 950478 425118 496715 719593 90865 410397 714693 194491 225356 393678 240036 495149 25957 14378 45036 100723 312192 594776 985235 149067 988793 428633 72369 929712 498935 139589 930540 0
MIN 436 0 0 0 0 0 767556 236224 801508 681273 352113 727162 729957 460803 633117 778329 955966 320868 693068 145225 62010 944574 692619 943575 244553 446810 891691 287494 641415 229642 350573 168809 58316 0
MIN 437 0 0 0 0 0 314821 32555 309007 896792 288278 951202 785612 148666 744988 556153 422496 514245 439690 9644 191979 941432 864479 717795 382333 114065 252425 982848 675098 463206 115775 617999 496121 0
MIN 438 0 0 0 0 0 826058 744877 727846 838966 323604 53915 472208 619847 105110 442479 488239 167741 461044 532428 369764 82706 479914 92020 685891 29332 485955 682574 312913 622473 870603 200897 17575 0
MIN 439 0 0 0 0 0 709507 754027 230078 277648 946079 95878 768245 425880 55902 605975 107479 385827 151264 682793 714209 259879 835992 311771 339404 359019 348158 755183 104429 623135 35184 114453 535365 0
MIN 440 0 0 0 0 0 837036 62682 934391 629278 776789 808148 577756 783165 498269 659266 618764 316443 633785 540452 345147 551938 975506 297467 484646 96510 905776 316373 75111 969256 487885 481341 565041 0
MIN 441 0 0 0 0 0 755742 77863 898994 936522 598583 272402 731720 16255 529927 806281 82635 120385 691561 636161 448214 62747 776374 854087 547318 969446 10947 784016 650393 841231 647388 352006 174311 0
MIN 442 0 0 0 0 0 992278 272232 999800 442356 597142 175167 502803 444409 237067 13729 189211 242275 492049 689486 369104 713296 346869 353375 475625 491125 529007 79701 498114 665685 921756 629038 710309 0
MIN 443 0 0 0 0 0 190870 504849 717194 351970 29473 959034 74363 812514 299742 766126 343025 676619 311803 315956 421998 666664 273611 879096 203804 769967 586298 243486 926805 988151 598637 599952 253665 0
MIN 444 0 0 0 0 0 814936 815189 792010 724943 681494 686709 972531 591848 76229 365885 394909 233398 601321 415513 478470 771435 954884 839969 317773 359827 672514 55607 260866 382411 81659 913674 453887 0
MIN 445 0 0 0 0 0 904195 66752 946369 146943 514852 479124 297704 737142 585598 150113 483414 546442 28091 325903 54073 194287 325666 805218 129186 794890 736038 382 212442 606946 266425 591781 721354 0
MIN 446 0 0 0 0 0 74919 425271 983172 83130 740120 119840 795819 248911 460400 681227 698786 862314 303501 637664 281574 801610 364130 860365 466375 727348 877932 717778 954006 734481 249436 895187 181032 0
MIN 447 0 0 0 0 0 217973 442858 667155 586025 201604 435481 796214 933824 587305 417099 185257 181530 831250 901674 223621 818433 780373 577418 946334 155301 318266 619297 177212 793107 966 81499 208409 0
MIN 448 0 0 0 0 0 699697 745029 10570 377488 725843 476775 811197 770336 807741 268921 11148 390032 979320 274562 56104 653918 363368 71612 903410 338512 720078 410018 680092 353006 111981 271301 121350 0
MIN 449 0 0 0 0 0 871752 509210 27125 367559 436868 381272 697818 326539 276259 788669 971306 684669 238302 770523 550566 84398 576473 305401 164220 254073 739544 177011 570394 168716 54156 527579 77245 0
MIN 450 0 0 0 0 0 892604 815945 374403 682220 901482 597114 73630 466365 760890 852987 1070 837845 164705 560154 557550 812301 277002 938123 878987 542501 630513 635661 349322 891751 96497 418001 853551 0
MIN 451 0 0 0 0 0 16448 452809 64259 274782 668685 447080 648857 213022 751214 36380 114694 654000 67010 794870 300491 551079 186312 193314 199928 90078 415613 759556 778648 145148 353984 761815 549515 0
MIN 452 0 0 0 0 0 612827 421407 319561 631049 188291 192820 814686 775869 463790 163432 872125 698723 381077 751955 910547 261628 606138 617811 401988 404655 153526 236405 16039 994737 308948 981646 433648 0
MIN 453 0 0 0 0 0 10135 111616 297845 339948 730004 25374 509122 927926 836170 65873 103902 601216 169487 107788 53745 980398 43902 107879 973950 323472 247997 791782 175482 574323 121337 100083 730225 0
MIN 454 0 0 0 0 0 524870 165002 501750 621675 714387 928886 279618 845554 783627 619795 263644 129990 343741 309460 55961 42293 750465 696066 321600 605201 228770 41715 974869 448457 358567 281023 770048 0
MIN 455 0 0 0 0 0 77753 838351 344116 651110 245060 646185 226155 88480 647196 17701 41715 503421 36609 614621 258514 295196 377012 797593 628402 16104 840145 771692 597244 217649 816255 877600 786814 0
MIN 456 0 0 0 0 0 461010 844680 269717 53422 844945 623163 924866 841485 502663 432397 412291 567923 196836 491210 405139 588823 939843 374101 105429 514756 730694 737622 911388 422389 574424 41603 994913 0
MIN 457 0 0 0 0 0 551307 664874 978540 649060 164248 683354 785025 55005 349044 595228 949700 840877 586448 718517 735527 976928 905256 465813 162258 832850 864555 738672 839798 565688 506535 845885 968505 0
MIN 458 0 0 0 0 0 599456 30839 920218 188193 241337 536540 362026 533056 413786 569756 806277 424851 416514 169036 499559 564878 890589 532191 727731 38437 983276 550928 912047 970204 906268 83958 657371 0
MIN 459 0 0 0 0 0 178839 116956 33851 512254 591542 270339 504526 465311 939696 891388 459758 681326 296562 29339 163250 312424 324212 499099 243423 816238 455934 165187 368006 246917 971058 744864 375952 0
MIN 460 0 0 0 0 0 275649 665434 252353 659229 910153 308956 100520 406939 556709 737191 385083 463561 189476 49593 233389 406575 481560 395567 835947 353038 517398 102446 132918 969652 409425 154866 821217 0
MIN 461 0 0 0 0 0 26110 191273 586133 195574 555003 323492 36305 886710 65939 954747 89283 901305 711065 864508 618689 976335 712788 386155 292044 205803 508310 641884 828797 58253 10153 835498 993128 0
MIN 462 0 0 0 0 0 651448 338970 931121 345336 808460 100651 443621 797169 173552 307209 596394 763635 132657 958621 795679 483963 847907 995625 617872 338850 826105 606536 258638 114649 23057 235902 172215 0
MIN 463 0 0 0 0 0 528065 658455 235980 359081 226731 489399 530344 609649 569179 68417 844257 415649 696791 134958 39922 805621 188636 764872 778484 394497 714127 819374 840233 963650 888809 67616 614063 0
MIN 464 0 0 0 0 0 805077 239179 667938 653244 121177 624118 306399 291159 74276 353586 539916 854281 522302 814271 814138 68211 391041 142269 337005 704468 969391 381841 682514 701184 828236 901242 10211 0
MIN 465 0 0 0 0 0 938366 808846 698318 509695 775767 411956 835369 452263 532566 847856 39950 267693 838148 510804 777534 977505 284692 76826 753840 409190 44441 231458 692860 430541 791106 93805 13581 0
MIN 466 0 0 0 0 0 372301 90125 498230 432626 254093 684849 229896 141919 547463 45249 687227 873785 548052 84155 757531 707470 760548 251470 734209 816250 773735 756745 931203 709463 386079 889746 82478 0
MIN 467 0 0 0 0 0 805170 492442 120917 122517 857156 37752 319868 752444 486188 570633 213138 914728 740405 292787 799969 492412 105267 848095 487702 745957 40234 14860 145506 916025 2234 993977 588348 0
MIN 468 0 0 0 0 0 579370 780645 812841 307195 885000 661143 835172 971355 277048 114268 646318 696694 216119 157090 86349 624395 654710 287569 442479 768733 569602 858264 943788 523161 114349 582935 853684 0
MIN 469 0 0 0 0 0 521571 677453 540456 37490 828168 164365 216494 83931 885264 865994 194692 108013 896538 567658 644686 571884 67835 266745 887230 428709 416660 198240 215146 910099 804853 971334 730893 0
MIN 470 0 0 0 0 0 626402 156310 351297 151001 882293 544463 899633 138076 892082 996428 495153 61130 105593 876403 736159 44439 2064 314767 597587 828832 390966 176069 538612 773192 211513 992986 933491 0
MIN 471 0 0 0 0 0 641965 365235 62020 323930 374081 959161 579146 190355 129008 537914 804631 754366 72978 995016 473991 935037 389615 36544 48986 875261 531707 132980 72864 834032 583929 716557 848182 0
MIN 472 0 0 0 0 0 403631 515595 187719 918450 674101 345920 600227 636881 142508 511929 721849 314124 934268 15995 201421 244775 381447 147963 550718 287779 290975 171279 635575 22119 594131 837801 395750 0
MIN 473 0 0 0 0 0 117099 501853 640445 763037 228224 103397 561571 91759 968200 362654 920997 262768 665532 161659 903376 111391 717178 828216 200108 184611 471820 615715 253414 677392 652723 955566 489086 0
MIN 474 0 0 0 0 0 718790 737465 920728 751489 291625 65841 743742 711580 97671 767040 189787 332284 360841 883100 169156 789602 881509 598612 920771 282839 288731 336323 852763 936965 108476 602387 411807 0
MIN 475 0 0 0 0 0 273862 285257 318387 829421 380060 229010 509616 972520 778533 652162 549 125518 920171 580173 882882 189548 311781 99139 666105 426602 1665 547328 416241 362259 152141 362365 592817 0
MIN 476 0 0 0 0 0 904009 968244 339314 618698 471248 295736 655786 190689 944892 514076 617129 752427 392108 309701 617776 647191 531298 331988 626561 908677 92751 708720 353631 995105 726432 133855 593097 0
MIN 477 0 0 0 0 0 858458 639392 245402 64178 319332 219749 792310 712387 565672 98628 833533 939377 179718 631144 743376 38842 728385 955809 824446 136089 97394 13920 135410 742608 304609 233453 307421 0
MIN 478 0 0 0 0 0 381667 400023 186993 831905 897963 938711 736168 849569 926830 899868 200782 213642 441296 314047 666718 90727 854543 696078 242236 286280 211857 223014 442678 384343 578879 630078 439805 0
MIN 479 0 0 0 0 0 756457 134949 957070 887045 791582 648458 982800 396443 118786 907749 440002 861808 87266 581236 893208 215917 934551 460801 86479 765754 406342 745400 537383 935443 371976 900238 524637 0
MIN 480 0 0 0 0 0 166551 726901 499921 257262 193758 413435 376722 992622 729283 358624 86260 169832 196544 33231 593906 159327 705223 707152 949031 496617 519304 780730 341625 185660 2208 900142 570244 0
MIN 481 0 0 0 0 0 946507 433993 793293 381542 469799 213028 660348 763330 661110 695209 481899 14026 686092 65028 215707 412850 941005 342799 856269 348549 9168 662991 526568 314450 814872 305760 83000 0
MIN 482 0 0 0 0 0 95698 898165 518540 653682 227525 484963 151839 902227 322458 420687 105796 967439 303464 634930 587911 766553 29258 952138 637963 112537 403568 840009 161119 91025 24710 741459 530012 0
MIN 483 0 0 0 0 0 634786 803339 853143 978142 258142 354343 769503 574308 800695 317468 327363 137404 878508 138421 795133 988573 553577 727568 222282 612370 793605 82280 981439 613222 84816 801179 259052 0
MIN 484 0 0 0 0 0 910151 32131 706227 396243 658686 346224 872347 587255 348997 629150 563139 835638 139528 824582 415146 543409 505037 165851 903309 88494 37630 690065 734812 234062 604581 707287 726874 0
MIN 485 0 0 0 0 0 91365 618851 439184 735533 483804 28866 870618 495946 741915 200294 371266 225377 261820 905030 394088 911532 516607 348780 201970 511955 999018 937830 453350 90015 876953 676804 790944 0
MIN 486 0 0 0 0 0 505592 331749 11713 481124 925475 291171 500266 449779 466370 56364 736623 228011 328180 50758 727340 171693 547451 592890 593683 967820 844421 186376 302235 607077 328440 601366 439845 0
MIN 487 0 0 0 0 0 483798 764527 851810 905333 495336 446350 815206 180097 681441 492234 797035 236524 872368 151338 662432 453560 221510 990088 3446 133738 694821 865795 86514 381627 807455 423106 342152 0
MIN 488 0 0 0 0 0 483960 388931 243169 672138 779541 951538 276677 503835 773035 418078 512632 841525 737131 362899 703027 926168 373460 128672 815683 148196 400014 532927 360102 821915 825765 712481 480956 0
MIN 489 0 0 0 0 0 923535 283062 994137 435046 435172 792419 687293 167309 716969 314755 295959 517333 952788 674174 503672 940838 412560 710065 731708 473598 453906 541644 870853 572511 392070 341584 177094 0
MIN 490 0 0 0 0 0 149584 265501 253867 530013 806683 276969 574550 133424 809970 485328 28145 929370 877988 74395 486069 924841 792367 436370 241647 349817 60523 24287 732077 530470 229596 845048 292843 0
MIN 491 0 0 0 0 0 612068 498664 546690 712260 660790 402093 600980 160804 646239 819122 313159 282585 202918 883329 478339 221624 620711 899608 91603 720656 649352 271883 993746 963585 728602 839191 350370 0
MIN 492 0 0 0 0 0 595948 288587 165748 579771 190607 385752 130192 877415 449032 80356 659492 921982 946124 608849 265641 345231 35189 404436 766899 515021 11348 237890 115908 982602 822515 374785 831075 0
MIN 493 0 0 0 0 0 801371 269772 608204 558847 604200 986281 186856 931653 659223 137950 639823 96362 975243 740573 773510 843884 662996 171792 595784 439888 492938 224036 305354 933070 57501 871718 474576 0
MIN 494 0 0 0 0 0 377100 749336 643140 399564 475421 715740 153065 284230 721532 209317 7180 576719 257276 916627 781020 629854 109780 223323 453826 536370 388321 78147 197596 850821 519003 218918 898768 0
MIN 495 0 0 0 0 0 507429 98131 352380 638544 584675 502419 424961 795100 612759 401989 32734 822738 897346 202244 299123 886677 910594 902223 951816 714328 697281 452748 807146 131710 939684 205560 579104 0
MIN 496 0 0 0 0 0 321826 111503 383759 643506 516184 980897 96532 656134 319300 444827 994555 440876 206342 139947 25195 750717 384245 906834 142484 885758 318694 666418 555534 997730 776253 891884 52039 0
MIN 497 0 0 0 0 0 436191 870322 711582 11035 353484 67256 295856 897372 302921 155774 50489 13982 526128 688262 663826 310618 782687 688782 10727 672193 691625 410783 418788 297190 565423 86277 160685 0
MIN 498 0 0 0 0 0 251379 583814 664865 311615 897928 615440 960453 190403 788164 772945 495504 233668 828140 44103 649190 409857 397375 90424 449366 19405 159453 752323 949890 798322 885115 271802 107996 0
MIN 499 0 0 0 0 0 774520 239457 989469 134122 400656 537610 706912 378972 757541 888487 632915 351823 670748 320582 298583 683468 235328 629423 299910 688106 913219 396462 913129 672290 344844 824071 640149 0
MIN 500 0 0 0 0 0 129813 306081 68332 17213 775918 703359 428609 955719 853916 776736 996327 283173 379621 614769 601455 301566 748405 442131 370130 162933 346713 715056 141286 4688 55606 257108 579161 0
MIN 501 0 0 0 0 0 66889 506020 365039 104887 262183 917466 335627 713592 956143 906640 731474 979408 614000 989363 673249 732928 58491 75697 827502 104541 718150 472999 669818 682588 554525 259677 63487 0
MIN 502 0 0 0 0 0 109484 994235 614358 662072 951074 900691 263368 759197 953398 297875 128740 239714 221643 782646 518702 658890 48014 377281 925029 826232 110539 678337 350486 620026 674920 955075 582505 0
MIN 503 0 0 0 0 0 601335 488380 310486 351186 629960 945844 733461 8747 270806 15990 72129 778181 876243 494756 93604 117729 649115 778142 788081 764876 764785 164503 358921 865375 622327 416741 673133 0
MIN 504 0 0 0 0 0 485682 351805 921532 5075 946693 599879 478837 975906 640413 805498 903429 697930 972582 921112 864121 280235 676462 309003 696728 748511 844435 455870 895392 722983 832352 504872 202457 0
MIN 505 0 0 0 0 0 893289 444927 728906 813503 691702 47130 669351 194525 704087 122691 617168 266223 6278 92483 56673 726454 740251 185846 51029 573458 364164 816614 269526 439469 242171 990991 308453 0
MIN 506 0 0 0 0 0 832290 411082 182089 557485 407692 970714 752576 881437 655437 818431 527989 158733 695953 484000 768838 648009 25586 842617 321459 983522 563560 934644 510840 476861 335847 240698 580727 0
MIN 507 0 0 0 0 0 734064 318088 694241 565316 906800 400344 629202 881445 720356 522455 788114 256864 9324 153088 311472 971254 257945 749300 117997 751184 574819 142734 398696 706170 994494 730757 203882 0
MIN 508 0 0 0 0 0 80866 243333 762945 719034 737708 312179 68883 424331 34326 880827 144274 605601 617792 390941 104034 197519 142787 891127 169508 402090 432575 809311 130007 100642 613996 417472 349571 0
MIN 509 0 0 0 0 0 358400 474145 975451 65853 203736 352548 574522 653919 377902 931440 265107 760680 50753 124911 182803 121038 502738 605751 821897 326452 894398 163160 59900 362556 419156 447801 170945 0
MIN 510 0 0 0 0 0 487526 810688 749763 227862 883448 26894 450572 415773 857556 627246 330794 463084 114414 693369 409947 678026 595054 41961 208596 580416 175523 73783 93860 643954 594216 364952 258181 0
MIN 511 0 0 0 0 0 716987 300537 775512 421152 270331 294622 651806 680864 410441 795045 110029 37060 113765 901013 45595 796250 844095 880598 394426 98422 860068 560482 771364 90005 683457 82411 738249 0
MIN 512 0 0 0 0 0 365419 255452 32904 815838 596545 753209 434728 434718 932568 999378 279257 981066 199172 251742 559905 302966 644969 852157 662281 180896 235698 862204 270536 275112 788695 550546 491775 0
MIN 513 0 0 0 0 0 137280 120247 599837 708199 171503 600806 332961 48404 653108 810294 962879 919090 548484 922427 540849 222509 374080 518793 842367 229409 935451 288968 805998 507368 452054 691053 305362 0
MIN 514 0 0 0 0 0 403830 564911 889323 782248 280489 239877 312741 798910 433940 18011 164487 708627 376558 801283 437750 40837 370136 287634 835588 187307 142541 950241 264802 376617 541327 960152 754183 0
MIN 515 0 0 0 0 0 768248 598072 908112 593781 797183 646255 626585 683625 926567 364008 98768 999429 28427 461220 610518 20376 305707 444479 205804 250559 897781 319321 688481 693954 179445 334004 781917 0
MIN 516 0 0 0 0 0 968892 773355 614571 956431 998220 178825 678775 951927 393827 420616 707548 303500 907242 436817 673052 554382 984923 824096 256578 739516 997283 226107 579488 848664 41462 775099 357380 0
MIN 517 0 0 0 0 0 976906 453782 511471 235422 9542 226343 513247 413943 904007 124341 32427 679365 86331 827366 7130 584217 110560 945654 405189 772589 203456 433367 736658 876624 285432 448454 400300 0
MIN 518 0 0 0 0 0 377395 2263 282706 349235 210631 713904 84525 692741 998974 596557 67068 838572 226329 383414 772848 526262 658586 893577 874938 202362 8352 960167 648845 6501 601946 692812 976759 0
MIN 519 0 0 0 0 0 92913 291945 761442 368067 955652 103678 922438 630264 281760 646214 192775 385588 143318 907241 775052 158286 395008 54592 437413 30411 108656 14369 9963 238367 583648 873135 520559 0
MIN 520 0 0 0 0 0 460614 183459 698494 430359 14492 594623 925015 365651 772405 261559 829334 529072 245575 109614 116741 684187 345676 10996 903912 674013 289334 303457 931179 159282 925409 38235 756943 0
MIN 521 0 0 0 0 0 736579 393631 10430 979391 753889 159335 352143 371514 200816 929010 781042 412596 481985 75858 207739 402028 402916 559197 173381 470616 40441 801492 517863 160802 469229 220247 548013 0
MIN 522 0 0 0 0 0 591540 233681 507622 609554 241531 532044 582151 676102 586267 877938 624864 895108 655538 447068 453350 530695 470214 347792 552644 707708 642300 670096 27391 569186 647465 193268 956180 0
MIN 523 0 0 0 0 0 951980 294706 293433 236185 362332 790801 570297 846385 688971 766438 735701 939235 543590 376137 300561 22191 364364 516470 230279 909929 352714 978960 795540 98281 417246 353154 456635 0
MIN 524 0 0 0 0 0 586828 571423 703806 915667 383285 129980 189146 514452 772858 153599 581099 106429 616607 848780 175867 319733 2703 599665 634717 655215 360654 951821 165583 663123 891292 314698 763164 0
MIN 525 0 0 0 0 0 735532 836827 714300 190227 583585 235792 346107 579789 810849 138219 758913 220545 994377 726109 994350 187980 673112 38181 539051 283834 859443 431745 317613 125920 710321 116524 871753 0
MIN 526 0 0 0 0 0 374286 999410 554731 230513 618089 506240 2809 257241 642566 326788 601909 999195 982407 500405 196901 753766 50611 216149 609893 222950 153261 574538 40015 93120 98447 161714 69558 0
MIN 527 0 0 0 0 0 296526 710330 865614 908241 27490 638081 860303 407573 415107 767500 887590 897854 891404 93543 356914 187221 299770 469218 94439 404442 246670 921316 93854 910531 162272 518968 243318 0
MIN 528 0 0 0 0 0 256725 123900 645315 559963 574124 429923 490773 303139 304083 68983 898458 148905 77613 77418 666544 936164 543972 669156 578033 82356 676630 239804 38733 243998 738522 102773 453146 0
MIN 529 0 0 0 0 0 835978 702130 139308 898407 359973 263185 535736 150020 218126 984021 520925 124009 990555 915264 764335 193515 862470 98858 173382 45392 54721 844387 689542 625804 907874 454108 846318 0
MIN 530 0 0 0 0 0 626355 385175 799163 271732 584837 935589 278753 318830 576787 719773 449168 691429 954755 91495 421732 184421 223748 331080 505964 245525 653997 813197 721707 358582 483720 245814 51943 0
MIN 531 0 0 0 0 0 718975 101277 185003 217180 229639 232203 263070 891169 440834 333400 371235 390840 452207 245009 802046 833265 655614 305700 212769 263026 200794 192887 388865 40025 20552 692271 902681 0
MIN 532 0 0 0 0 0 667366 672970 42029 431132 48780 428569 404792 908332 793158 891765 296184 959422 803365 86068 591196 292256 719242 583316 770988 923467 7895 334269 958153 265116 721524 397094 332603 0
MIN 533 0 0 0 0 0 938021 274578 863446 794476 680394 480651 578589 545617 442836 587509 585578 642888 371710 463748 772370 946702 143611 35343 290304 709276 86280 292917 651970 661844 339388 760279 213043 0
MIN 534 0 0 0 0 0 163579 54117 180427 841745 798831 398185 998592 285130 373343 368218 824612 599078 288009 200336 936959 20305 584930 490499 836941 594755 126131 679634 319354 903547 567691 202671 532827 0
MIN 535 0 0 0 0 0 442164 227367 240955 522027 506945 77311 389895 415436 978093 203518 442075 342652 509323 869996 132046 738599 851914 130574 468189 411502 199531 967603 395043 171662 177775 665768 264376 0
MIN 536 0 0 0 0 0 761317 348889 799912 427040 705336 915347 37969 242012 736294 189178 160379 678718 416676 826983 346278 571998 940469 788248 732166 200852 587710 5679 913597 611939 123655 724095 588876 0
MIN 537 0 0 0 0 0 794293 755357 519529 477498 603155 952644 320903 989256 70134 718182 512884 808781 949374 680579 274367 152521 71788 292834 669076 378533 43087 119194 609535 829624 293562 769275 235623 0
MIN 538 0 0 0 0 0 353752 678312 267001 4048 615089 297476 321940 696034 425461 407759 359243 805526 850576 580263 284418 573130 200189 983839 745896 657702 711940 644312 321236 14486 340123 733938 257127 0
MIN 539 0 0 0 0 0 918095 565068 630081 859422 17124 551054 67136 987509 362565 877096 910770 477432 613133 185873 926391 414448 590290 542131 892799 166509 356898 626248 586955 10488 879798 733248 671823 0
MIN 540 0 0 0 0 0 652714 883353 735736 486698 372383 159234 866992 81390 475740 155353 476282 84239 441665 177851 423284 94485 537421 504498 68339 248097 518837 595639 111256 508151 117081 332017 651265 0
MIN 541 0 0 0 0 0 857701 957766 410918 915220 601422 415348 62420 679359 291415 20752 530108 744507 812002 804162 883395 451472 495624 744201 660963 42680 600348 724120 404290 960586 514014 853322 526075 0
MIN 542 0 0 0 0 0 366084 121165 249389 391285 468130 334629 938725 413340 29478 981292 400473 253112 605149 175002 940279 148051 450711 478843 164578 346537 301552 926477 748061 962683 418421 674215 430079 0
MIN 543 0 0 0 0 0 934676 384316 598992 845371 771613 999865 173291 965532 296267 74574 223877 630336 529132 566393 13597 256497 676453 489003 704442 436824 234252 575116 912853 995593 387838 251303 264256 0
MIN 544 0 0 0 0 0 151250 956239 128392 751114 799432 672316 858020 910649 336372 506813 133610 473433 41941 257302 578364 485640 657258 663524 947627 699746 441234 718402 73111 152858 339988 619890 363114 0
MIN 545 0 0 0 0 0 589562 197537 304558 736562 270967 554162 480028 128712 248830 699401 305760 895344 134862 966236 153802 71552 639699 567573 566796 639794 467355 549267 962322 513237 41028 231667 111554 0
MIN 546 0 0 0 0 0 608334 676876 4999 554339 814707 255718 319294 789653 99759 425834 855173 717652 109467 612 579391 969687 695733 689449 577378 250394 498602 774613 259494 698064 663870 266894 204271 0
MIN 547 0 0 0 0 0 256133 309767 191576 311451 34447 684349 105846 142114 962921 646187 13549 315023 45728 69558 207531 667891 229786 352313 636213 716621 701601 891682 898556 287777 931752 271823 809494 0
MIN 548 0 0 0 0 0 69283 999465 547841 272595 567172 254529 865330 412899 433789 119081 219495 911012 492231 331833 777335 11423 732909 334636 131320 663147 791907 342709 516833 562210 321013 625615 848245 0
MIN 549 0 0 0 0 0 202381 640930 760272 968067 683642 160852 708903 165814 794379 978403 549980 670832 838981 78958 887635 856495 697103 323014 683744 301421 790296 351935 789008 291244 478854 433312 52323 0
MIN 550 0 0 0 0 0 175024 433700 866412 561318 497136 457899 378413 537110 477550 599188 967989 389899 602752 193869 115208 494636 218176 432580 547382 987908 194909 614493 439243 118839 609848 497937 745273 0
MIN 551 0 0 0 0 0 613233 910112 959328 235426 82274 197180 282866 442313 787795 98020 635579 71487 285231 228770 308399 206767 879395 268725 844873 293497 438380 885982 926031 289694 470461 318177 77666 0
MIN 552 0 0 0 0 0 668917 256814 776414 998987 319334 653610 327540 655877 684598 894028 594980 795404 586568 674169 676628 159121 826508 671700 955799 244332 274818 929732 479413 876776 563945 592898 185652 0
MIN 553 0 0 0 0 0 104791 807080 709680 829121 336990 439317 936317 792134 382721 362902 437055 953172 552227 151518 427826 100 391969 721898 663658 863823 474728 407904 180341 186716 258226 610791 558583 0
MIN 554 0 0 0 0 0 587086 755319 418509 680979 839609 187749 776099 661324 135036 407308 499327 473290 786051 498063 673735 73302 78906 163005 820953 176677 141557 302679 511207 391634 30151 995311 890647 0
MIN 555 0 0 0 0 0 209899 417218 899886 370388 572145 319051 840233 914947 516142 359470 802564 116708 823543 838634 503929 119519 949907 302770 800729 802043 292454 47108 806804 197366 863371 838262 345838 0
MIN 556 0 0 0 0 0 884016 159569 883373 256902 14042 440915 701236 685654 472507 284301 125821 624473 64282 881315 618727 928521 464250 271751 845076 874177 61087 184430 657997 982395 42664 126843 557215 0
MIN 557 0 0 0 0 0 813078 424643 66678 281771 499382 402715 973608 844202 406432 33582 268856 112709 872854 184011 25730 213007 684836 712556 186482 586880 474768 459834 929764 396301 295443 379886 192666 0
MIN 558 0 0 0 0 0 704275 312337 717092 802025 909436 961275 121266 394979 66036 424568 780600 737752 779468 673749 884375 765715 871700 87855 509017 245254 10328 873214 729013 651527 269165 867052 639085 0
MIN 559 0 0 0 0 0 124261 266621 99940 47865 430473 109630 406098 731916 771654 404399 193369 655861 677172 886720 980145 289474 982017 837661 561780 98845 677425 316488 444944 910529 325876 353304 648091 0
MIN 560 0 0 0 0 0 806788 640579 645514 500065 97369 11390 558077 847684 355187 455420 666343 994900 270349 97920 743275 114131 548643 975907 452707 804257 582001 305125 546583 238200 84157 584858 377575 0
MIN 561 0 0 0 0 0 850315 576430 377558 73499 831088 661475 372637 116860 648480 335414 762777 419518 472260 635658 393981 790891 736602 520423 216319 24264 517947 131886 647759 97279 423788 294390 197588 0
