exponent_residue,b0,b1,b2,b3
0,140,47,10,-1
1,3,3,3,-1
2,9,9,6,-1
3,27,27,10,-1
4,79,46,10,-1
5,140,47,10,-1
6,140,47,10,-1
7,140,47,10,-1
8,140,47,10,-1
9,140,47,10,-1
10,140,47,10,-1
11,140,47,10,-1
12,140,47,10,-1
13,140,47,10,-1
14,140,47,10,-1
15,140,47,10,-1
16,140,47,10,-1
17,140,47,10,-1
18,140,47,10,-1
19,140,47,10,-1
20,140,47,10,-1
21,140,47,10,-1
22,140,47,10,-1
23,140,47,10,-1
24,140,47,10,-1
25,140,47,10,-1
26,140,47,10,-1
27,140,47,10,-1
28,140,47,10,-1
29,140,47,10,-1
30,140,47,10,-1
31,140,47,10,-1
32,140,47,10,-1
33,140,47,10,-1
34,140,47,10,-1
35,140,47,10,-1
36,140,47,10,-1
37,140,47,10,-1
38,140,47,10,-1
39,140,47,10,-1
40,140,47,10,-1
41,140,47,10,-1
42,140,47,10,-1
43,140,47,10,-1
44,140,47,10,-1
45,139,47,10,-1
46,139,47,10,-1
47,140,47,10,-1
48,140,47,10,-1
49,140,47,10,-1
50,140,47,10,-1
51,140,47,10,-1
52,140,47,10,-1
53,140,47,10,-1
54,140,47,10,-1
55,140,47,10,-1
56,140,47,10,-1
57,140,47,10,-1
58,140,47,10,-1
59,140,47,10,-1
60,140,47,10,-1
61,140,47,10,-1
62,140,47,10,-1
63,140,47,10,-1
64,140,47,10,-1
65,140,47,10,-1
66,140,47,10,-1
67,140,47,10,-1
68,140,47,10,-1
69,140,47,10,-1
70,140,47,10,-1
71,140,47,10,-1
72,140,47,10,-1
73,140,47,10,-1
74,140,47,10,-1
75,140,47,10,-1
76,140,47,10,-1
77,140,47,10,-1
78,140,47,10,-1
79,140,47,10,-1
80,140,47,10,-1
81,140,47,10,-1
82,140,47,10,-1
83,140,47,10,-1
84,140,47,10,-1
85,140,47,10,-1
86,140,47,10,-1
87,140,47,10,-1
88,140,47,10,-1
89,140,47,10,-1
90,140,47,10,-1
91,140,47,10,-1
92,140,47,10,-1
93,140,47,10,-1
94,140,47,10,-1
95,140,47,10,-1
96,140,47,10,-1
97,140,47,10,-1
98,140,47,10,-1
99,140,47,10,-1
100,140,47,10,-1
101,140,47,10,-1
102,140,47,10,-1
103,140,47,10,-1
104,140,47,10,-1
105,140,47,10,-1
106,140,47,10,-1
107,140,47,10,-1
108,140,47,10,-1
109,140,47,10,-1
110,140,47,10,-1
111,140,47,10,-1
112,140,47,10,-1
113,140,47,10,-1
114,140,47,10,-1
115,140,47,10,-1
116,140,47,10,-1
117,140,47,10,-1
118,140,47,10,-1
119,140,47,10,-1
120,140,47,10,-1
121,140,47,10,-1
122,140,47,10,-1
123,140,47,10,-1
124,140,47,10,-1
125,140,47,10,-1
126,140,47,10,-1
127,140,47,10,-1
128,140,47,10,-1
129,140,47,10,-1
130,140,47,10,-1
131,140,47,10,-1
132,140,47,10,-1
133,140,47,10,-1
134,140,47,10,-1
135,140,47,10,-1
136,140,47,10,-1
137,140,47,10,-1
138,139,47,10,-1
139,140,47,10,-1
140,140,47,10,-1
141,140,47,10,-1
142,140,47,10,-1
143,140,47,10,-1
144,140,47,10,-1
145,140,47,10,-1
146,140,47,10,-1
147,140,47,10,-1
148,140,47,10,-1
149,140,47,10,-1
150,140,47,10,-1
151,140,47,10,-1
152,140,47,10,-1
153,140,47,10,-1
154,140,47,10,-1
155,140,47,10,-1
156,140,47,10,-1
157,140,47,10,-1
158,140,47,10,-1
159,140,47,10,-1
160,140,47,10,-1
161,140,47,10,-1
162,140,47,10,-1
163,140,47,10,-1
164,140,47,10,-1
165,140,47,10,-1
166,140,47,10,-1
167,140,47,10,-1
168,140,47,10,-1
169,140,47,10,-1
170,140,47,10,-1
171,140,47,10,-1
172,140,47,10,-1
173,140,47,10,-1
174,140,47,10,-1
175,140,47,10,-1
176,140,47,10,-1
177,140,47,10,-1
178,140,47,10,-1
179,140,47,10,-1
180,140,47,10,-1
181,140,47,10,-1
182,140,47,10,-1
183,140,47,10,-1
184,140,47,10,-1
185,140,47,10,-1
186,140,47,10,-1
187,140,47,10,-1
188,139,47,10,-1
189,140,47,10,-1
190,140,47,10,-1
191,140,47,10,-1
192,140,47,10,-1
193,140,47,10,-1
194,140,47,10,-1
195,140,47,10,-1
196,140,47,10,-1
197,140,47,10,-1
198,140,47,10,-1
199,140,47,10,-1
200,140,47,10,-1
201,140,47,10,-1
202,140,47,10,-1
203,140,47,10,-1
204,140,47,10,-1
205,140,47,10,-1
206,140,47,10,-1
207,140,47,10,-1
208,140,47,10,-1
209,140,47,10,-1
210,140,47,10,-1
211,140,47,10,-1
212,140,47,10,-1
213,140,47,10,-1
214,140,47,10,-1
215,139,47,10,-1
216,140,47,10,-1
217,140,47,10,-1
218,140,47,10,-1
219,140,47,10,-1
220,140,47,10,-1
221,140,47,10,-1
222,140,47,10,-1
223,140,47,10,-1
224,140,47,10,-1
225,140,47,10,-1
226,140,47,10,-1
227,140,47,10,-1
228,140,47,10,-1
229,140,47,10,-1
230,140,47,10,-1
231,140,47,10,-1
232,140,47,10,-1
233,140,47,10,-1
234,140,47,10,-1
235,140,47,10,-1
236,140,47,10,-1
237,140,47,10,-1
238,140,47,10,-1
239,140,47,10,-1
240,140,47,10,-1
241,140,47,10,-1
242,140,47,10,-1
243,140,47,10,-1
244,140,47,10,-1
245,140,47,10,-1
246,140,47,10,-1
247,140,47,10,-1
248,140,47,10,-1
249,140,47,10,-1
250,140,47,10,-1
251,140,47,10,-1
252,140,47,10,-1
253,140,47,10,-1
254,140,47,10,-1
255,140,47,10,-1
256,140,47,10,-1
257,140,47,10,-1
258,140,47,10,-1
259,140,47,10,-1
260,139,47,10,-1
261,140,47,10,-1
262,139,47,10,-1
263,140,47,10,-1
264,140,47,10,-1
265,140,47,10,-1
266,140,47,10,-1
267,140,47,10,-1
268,140,47,10,-1
269,140,47,10,-1
270,140,47,10,-1
271,140,47,10,-1
272,140,47,10,-1
273,139,47,10,-1
274,140,47,10,-1
275,140,47,10,-1
276,140,47,10,-1
277,140,47,10,-1
278,140,47,10,-1
279,140,47,10,-1
280,140,47,10,-1
281,140,47,10,-1
282,140,47,10,-1
283,140,47,10,-1
284,140,47,10,-1
285,140,47,10,-1
286,140,47,10,-1
287,140,47,10,-1
288,139,47,10,-1
289,140,47,10,-1
290,140,47,10,-1
291,140,47,10,-1
292,140,47,10,-1
293,140,47,10,-1
294,140,47,10,-1
295,140,47,10,-1
296,140,47,10,-1
297,140,47,10,-1
298,140,47,10,-1
299,140,47,10,-1
300,140,47,10,-1
301,140,47,10,-1
302,140,47,10,-1
303,140,47,10,-1
304,140,47,10,-1
305,140,47,10,-1
306,140,47,10,-1
307,140,47,10,-1
308,139,47,10,-1
309,140,47,10,-1
310,140,47,10,-1
311,139,47,10,-1
312,140,47,10,-1
313,140,47,10,-1
314,140,47,10,-1
315,140,47,10,-1
316,140,47,10,-1
317,140,47,10,-1
318,140,47,10,-1
319,140,47,10,-1
320,140,47,10,-1
321,140,47,10,-1
322,140,47,10,-1
323,140,47,10,-1
324,140,47,10,-1
325,140,47,10,-1
326,140,47,10,-1
327,140,47,10,-1
328,140,47,10,-1
329,140,47,10,-1
330,140,47,10,-1
331,140,47,10,-1
332,140,47,10,-1
333,140,47,10,-1
334,140,47,10,-1
335,140,47,10,-1
336,140,47,10,-1
337,140,47,10,-1
338,140,47,10,-1
339,140,47,10,-1
340,140,47,10,-1
341,140,47,10,-1
342,140,47,10,-1
343,140,47,10,-1
344,140,47,10,-1
345,140,47,10,-1
346,140,47,10,-1
347,140,47,10,-1
348,140,47,10,-1
349,140,47,10,-1
350,140,47,10,-1
351,140,47,10,-1
352,140,47,10,-1
353,140,47,10,-1
354,140,47,10,-1
355,140,47,10,-1
356,140,47,10,-1
357,140,47,10,-1
358,140,47,10,-1
359,140,47,10,-1
360,140,47,10,-1
361,140,47,10,-1
362,140,47,10,-1
363,140,47,10,-1
364,140,47,10,-1
365,140,47,10,-1
366,140,47,10,-1
367,140,47,10,-1
368,140,47,10,-1
369,140,47,10,-1
370,140,47,10,-1
371,140,47,10,-1
372,140,47,10,-1
373,140,47,10,-1
374,140,47,10,-1
375,140,47,10,-1
376,140,47,10,-1
377,140,47,10,-1
378,140,47,10,-1
379,140,47,10,-1
380,140,47,10,-1
381,140,47,10,-1
382,140,47,10,-1
383,140,47,10,-1
384,140,47,10,-1
385,140,47,10,-1
386,140,47,10,-1
387,140,47,10,-1
388,140,47,10,-1
389,140,47,10,-1
390,140,47,10,-1
391,140,47,10,-1
392,140,47,10,-1
393,140,47,10,-1
394,140,47,10,-1
395,140,47,10,-1
396,139,47,10,-1
397,140,47,10,-1
398,140,47,10,-1
399,140,47,10,-1
400,140,47,10,-1
401,139,47,10,-1
402,140,47,10,-1
403,140,47,10,-1
404,140,47,10,-1
405,140,47,10,-1
406,140,47,10,-1
407,139,47,10,-1
408,140,47,10,-1
409,140,47,10,-1
410,140,47,10,-1
411,140,47,10,-1
412,140,47,10,-1
413,140,47,10,-1
414,139,47,10,-1
415,140,47,10,-1
416,140,47,10,-1
417,140,47,10,-1
418,140,47,10,-1
419,140,47,10,-1
420,140,47,10,-1
421,140,47,10,-1
422,140,47,10,-1
423,140,47,10,-1
424,140,47,10,-1
425,140,47,10,-1
426,140,47,10,-1
427,140,47,10,-1
428,140,47,10,-1
429,140,47,10,-1
430,140,47,10,-1
431,140,47,10,-1
432,140,47,10,-1
433,140,47,10,-1
434,140,47,10,-1
435,139,47,10,-1
436,140,47,10,-1
437,140,47,10,-1
438,140,47,10,-1
439,140,47,10,-1
440,140,47,10,-1
441,140,47,10,-1
442,140,47,10,-1
443,140,47,10,-1
444,140,47,10,-1
445,140,47,10,-1
446,140,47,10,-1
447,140,47,10,-1
448,140,47,10,-1
449,140,47,10,-1
450,140,47,10,-1
451,140,47,10,-1
452,140,47,10,-1
453,140,47,10,-1
454,140,47,10,-1
455,140,47,10,-1
456,140,47,10,-1
457,140,47,10,-1
458,140,47,10,-1
459,140,47,10,-1
460,140,47,10,-1
461,140,47,10,-1
462,140,47,10,-1
463,140,47,10,-1
464,140,47,10,-1
465,140,47,10,-1
466,140,47,10,-1
467,140,47,10,-1
468,140,47,10,-1
469,140,47,10,-1
470,140,47,10,-1
471,140,47,10,-1
472,140,47,10,-1
473,140,47,10,-1
474,140,47,10,-1
475,140,47,10,-1
476,140,47,10,-1
477,140,47,10,-1
478,139,47,10,-1
479,140,47,10,-1
480,140,47,10,-1
481,140,47,10,-1
482,140,47,10,-1
483,140,47,10,-1
484,140,47,10,-1
485,140,47,10,-1
486,140,47,10,-1
487,140,47,10,-1
488,140,47,10,-1
489,140,47,10,-1
490,139,47,10,-1
491,140,47,10,-1
492,140,47,10,-1
493,140,47,10,-1
494,140,47,10,-1
495,140,47,10,-1
496,140,47,10,-1
497,140,47,10,-1
498,140,47,10,-1
499,140,47,10,-1
500,140,47,10,-1
501,140,47,10,-1
502,139,47,10,-1
503,140,47,10,-1
504,140,47,10,-1
505,140,47,10,-1
506,140,47,10,-1
507,140,47,10,-1
508,140,47,10,-1
509,140,47,10,-1
510,140,47,10,-1
511,140,47,10,-1
512,140,47,10,-1
513,140,47,10,-1
514,140,47,10,-1
515,140,47,10,-1
516,140,47,10,-1
517,140,47,10,-1
518,140,47,10,-1
519,140,47,10,-1
520,140,47,10,-1
521,140,47,10,-1
522,140,47,10,-1
523,140,47,10,-1
524,140,47,10,-1
525,140,47,10,-1
526,140,47,10,-1
527,140,47,10,-1
528,140,47,10,-1
529,140,47,10,-1
530,140,47,10,-1
531,140,47,10,-1
532,140,47,10,-1
533,140,47,10,-1
534,140,47,10,-1
535,140,47,10,-1
536,140,47,10,-1
537,140,47,10,-1
538,140,47,10,-1
539,140,47,10,-1
540,140,47,10,-1
541,140,47,10,1
542,140,47,10,-1
543,140,47,10,-1
544,140,47,10,-1
545,140,47,10,-1
546,140,47,10,-1
547,140,47,10,-1
548,140,47,10,-1
549,140,47,10,-1
550,140,47,10,-1
551,140,47,10,-1
552,140,47,10,-1
553,139,47,10,-1
554,140,47,10,-1
555,140,47,10,-1
556,140,47,10,-1
557,140,47,10,-1
558,140,47,10,-1
559,140,47,10,-1
560,140,47,10,-1
561,140,47,10,-1
562,140,47,10,-1
563,140,47,10,-1
564,139,47,10,-1
565,140,47,10,-1
566,140,47,10,-1
567,140,47,10,-1
568,140,47,10,-1
569,140,47,10,-1
570,140,47,10,-1
571,140,47,10,-1
572,140,47,10,-1
573,140,47,10,-1
574,140,47,10,-1
575,140,47,10,-1
576,140,47,10,-1
577,140,47,10,-1
578,140,47,10,-1
579,140,47,10,-1
580,140,47,10,-1
581,140,47,10,-1
582,140,47,10,-1
583,140,47,10,-1
584,140,47,10,-1
585,140,47,10,-1
586,140,47,10,-1
587,140,47,10,-1
588,140,47,10,-1
589,140,47,10,-1
590,140,47,10,-1
591,140,47,10,-1
592,140,47,10,-1
593,140,47,10,-1
594,140,47,10,-1
595,140,47,10,-1
596,140,47,10,-1
597,140,47,10,-1
598,140,47,10,-1
599,140,47,10,-1
600,140,47,10,-1
601,140,47,10,-1
602,140,47,10,-1
603,140,47,10,-1
604,140,47,10,-1
605,140,47,10,-1
606,140,47,10,-1
607,140,47,10,-1
608,140,47,10,-1
609,140,47,10,-1
610,140,47,10,-1
611,140,47,10,-1
612,140,47,10,-1
613,140,47,9,-1
614,140,47,10,-1
615,140,47,10,-1
616,140,47,10,-1
617,140,47,10,-1
618,140,47,10,-1
619,140,47,10,-1
620,140,47,10,-1
621,140,47,10,-1
622,140,47,10,-1
623,140,47,10,-1
624,140,47,10,-1
625,140,47,10,-1
626,140,47,10,-1
627,140,47,10,-1
628,140,47,10,-1
629,140,47,10,-1
630,140,47,10,-1
631,140,47,10,-1
632,140,47,10,-1
633,140,47,10,-1
634,140,47,10,-1
635,140,47,10,-1
636,140,47,10,-1
637,140,47,10,-1
638,140,47,10,-1
639,140,47,10,-1
640,140,47,10,-1
641,140,47,10,-1
642,140,47,10,-1
643,140,47,10,-1
644,140,47,10,-1
645,140,47,10,-1
646,140,47,10,-1
647,140,47,10,-1
648,140,47,10,-1
649,139,47,10,-1
650,140,47,10,-1
651,140,47,10,-1
652,140,47,10,-1
653,140,47,10,-1
654,140,47,10,-1
655,140,47,10,-1
656,140,47,10,-1
657,140,47,10,-1
658,140,47,10,-1
659,140,47,10,-1
660,140,47,10,-1
661,140,47,10,-1
662,140,47,10,-1
663,140,47,10,-1
664,140,47,10,-1
665,140,47,10,-1
666,140,47,10,-1
667,140,47,10,-1
668,140,47,10,-1
669,140,47,10,-1
670,139,47,10,-1
671,140,47,10,-1
672,140,47,10,-1
673,140,47,10,-1
674,140,47,10,-1
675,140,47,10,-1
676,140,47,10,-1
677,140,47,10,-1
678,140,47,10,-1
679,139,47,10,-1
680,140,47,10,-1
681,140,47,10,-1
682,140,47,10,-1
683,140,47,10,-1
684,140,47,10,-1
685,140,47,10,-1
686,140,47,10,-1
687,140,47,10,-1
688,140,47,10,-1
689,140,47,10,-1
690,140,47,10,-1
691,140,47,10,-1
692,140,47,10,-1
693,140,47,10,-1
694,140,47,10,-1
695,139,47,10,-1
696,140,47,10,-1
697,140,47,10,-1
698,140,47,10,-1
699,140,47,10,-1
700,140,47,10,-1
701,140,47,10,-1
702,140,47,10,-1
703,140,47,10,-1
704,140,47,10,-1
705,140,47,10,-1
706,140,47,10,-1
707,140,47,10,-1
708,140,47,10,-1
709,140,47,10,-1
710,140,47,10,-1
711,140,47,10,-1
712,139,47,10,-1
713,140,47,10,-1
714,140,47,10,-1
715,140,47,10,-1
716,139,47,10,-1
717,140,47,10,-1
718,140,47,10,-1
719,140,47,10,-1
720,140,47,10,-1
721,140,47,10,-1
722,140,47,10,-1
723,140,47,10,-1
724,140,47,10,-1
725,140,47,10,-1
726,140,47,10,-1
727,140,47,10,-1
728,140,47,10,-1
729,140,47,10,-1
730,140,47,10,-1
731,140,47,10,-1
732,140,47,10,-1
733,140,47,10,-1
734,140,47,10,-1
735,140,47,10,-1
736,140,47,10,-1
737,140,47,10,-1
738,140,47,10,-1
739,140,47,10,-1
740,140,47,10,-1
741,140,47,10,-1
742,140,47,10,-1
743,140,47,10,-1
744,140,47,10,-1
745,140,47,10,-1
746,140,47,10,-1
747,139,47,10,-1
748,140,47,10,-1
749,140,47,10,-1
750,140,47,10,-1
751,140,47,10,-1
752,140,47,10,-1
753,140,47,10,-1
754,140,47,10,-1
755,140,47,10,-1
756,140,47,10,-1
757,140,47,10,-1
758,140,47,10,-1
759,140,47,10,-1
760,140,47,10,-1
761,140,47,10,-1
762,140,47,10,-1
763,140,47,10,-1
764,140,47,10,-1
765,139,47,10,-1
766,140,47,10,-1
767,140,47,10,-1
768,140,47,10,-1
769,140,47,10,-1
770,140,47,10,-1
771,140,47,10,-1
772,140,47,10,-1
773,140,47,10,-1
774,140,47,10,-1
775,139,47,10,-1
776,140,47,10,-1
777,140,47,10,-1
778,140,47,10,-1
779,140,47,10,-1
780,140,47,10,-1
781,140,47,10,-1
782,140,47,10,-1
783,140,47,10,-1
784,140,47,10,-1
785,140,47,10,-1
786,140,47,10,-1
787,140,47,10,-1
788,140,47,10,-1
789,140,47,10,-1
790,140,47,10,-1
791,140,47,10,-1
792,140,47,10,-1
793,140,47,10,-1
794,140,47,10,-1
795,140,47,10,-1
796,140,47,10,-1
797,140,47,10,-1
798,140,47,10,-1
799,139,47,10,-1
800,139,47,10,-1
801,140,47,10,-1
802,140,47,10,-1
803,140,47,10,-1
804,140,47,10,-1
805,140,47,10,-1
806,140,47,10,-1
807,140,47,10,-1
808,140,47,10,-1
809,140,47,10,-1
810,140,47,10,-1
811,140,47,10,-1
812,140,47,10,-1
813,140,47,10,-1
814,140,47,10,-1
815,140,47,10,-1
816,140,47,10,-1
817,140,47,10,-1
818,140,47,10,-1
819,140,47,10,-1
820,140,47,10,-1
821,140,47,10,-1
822,140,47,10,-1
823,140,47,10,-1
824,140,47,10,-1
825,140,47,10,-1
826,140,47,10,-1
827,140,47,10,-1
828,140,47,10,-1
829,140,47,10,-1
830,140,47,10,-1
831,140,47,10,-1
832,140,47,10,-1
833,140,47,10,-1
834,140,47,10,-1
835,140,47,10,-1
836,140,47,10,-1
837,140,47,10,-1
838,140,47,10,-1
839,140,47,10,-1
840,140,47,10,-1
841,140,47,10,-1
842,140,47,10,-1
843,140,47,10,-1
844,140,47,10,-1
845,140,47,10,-1
846,140,47,10,-1
847,140,47,10,-1
848,140,47,10,-1
849,140,47,10,-1
850,139,47,10,-1
851,140,47,10,-1
852,140,47,10,-1
853,140,47,10,-1
854,140,47,10,-1
855,140,47,10,-1
856,139,47,10,-1
857,140,47,10,-1
858,140,47,10,-1
859,140,47,10,-1
860,140,47,10,-1
861,140,47,10,-1
862,140,47,10,-1
863,140,47,10,-1
864,140,47,10,-1
865,140,47,10,-1
866,140,47,10,-1
867,140,47,10,-1
868,140,47,10,-1
869,140,47,10,-1
870,140,47,10,-1
871,140,47,10,-1
872,140,47,10,-1
873,140,46,10,-1
874,140,47,10,-1
875,140,47,10,-1
876,140,47,10,-1
877,140,47,10,-1
878,140,47,10,-1
879,140,47,10,-1
880,140,47,10,-1
881,140,47,10,-1
882,140,47,10,-1
883,140,47,10,-1
884,140,47,10,-1
885,140,47,10,-1
886,140,47,10,-1
887,140,47,10,-1
888,140,47,10,-1
889,140,47,10,-1
890,140,47,10,-1
891,140,47,10,-1
892,140,47,10,-1
893,140,47,10,-1
894,140,47,10,-1
895,140,47,10,-1
896,140,47,10,-1
897,140,47,10,-1
898,140,47,10,-1
899,140,47,10,-1
900,140,47,10,-1
901,140,47,10,-1
902,140,47,10,-1
903,140,47,10,-1
904,140,47,10,-1
905,140,47,10,-1
906,140,47,10,-1
907,140,47,10,-1
908,140,47,10,-1
909,140,47,10,-1
910,140,47,10,-1
911,140,47,10,-1
912,140,47,10,-1
913,140,47,10,-1
914,140,47,10,-1
915,140,47,10,-1
916,140,47,10,-1
917,140,47,10,-1
918,140,47,10,-1
919,140,47,10,-1
920,140,47,10,-1
921,140,47,10,-1
922,140,47,10,-1
923,140,47,10,-1
924,140,47,10,-1
925,140,47,10,-1
926,140,47,10,-1
927,139,47,10,-1
928,140,47,10,-1
929,140,47,10,-1
930,140,47,10,-1
931,140,47,10,-1
932,140,47,10,-1
933,140,47,10,-1
934,140,47,10,-1
935,140,47,10,-1
936,140,47,10,-1
937,139,47,10,-1
938,140,47,10,-1
939,140,47,10,-1
940,140,47,10,-1
941,140,47,10,-1
942,140,47,10,-1
943,140,47,10,-1
944,140,47,10,-1
945,140,47,10,-1
946,140,47,10,-1
947,140,47,10,-1
948,140,47,10,-1
949,140,47,10,-1
950,140,47,10,-1
951,140,47,10,-1
952,140,47,10,-1
953,140,47,10,-1
954,140,47,10,-1
955,140,47,10,-1
956,140,47,10,-1
957,140,47,10,-1
958,139,47,10,-1
959,140,47,10,-1
960,140,47,10,-1
961,140,47,10,-1
962,140,47,10,-1
963,139,47,10,-1
964,140,47,10,-1
965,140,47,10,-1
966,140,47,10,-1
967,140,47,10,-1
968,140,47,10,-1
969,140,47,10,-1
970,140,47,10,-1
971,140,47,10,-1
972,139,47,10,-1
973,140,47,10,-1
974,140,47,10,-1
975,140,47,10,-1
976,140,47,10,-1
977,140,47,10,-1
978,140,47,10,-1
979,140,47,10,-1
980,140,47,10,-1
981,140,47,10,-1
982,140,47,10,-1
983,140,47,10,-1
984,140,47,10,-1
985,140,47,10,-1
986,140,47,10,-1
987,140,47,10,-1
988,139,47,10,-1
989,140,47,10,-1
990,140,47,10,-1
991,140,47,10,-1
992,140,47,10,-1
993,140,47,10,-1
994,140,47,10,-1
995,140,47,10,-1
996,140,47,10,-1
997,140,47,10,-1
998,140,47,10,-1
999,140,47,10,-1
1000,140,47,10,-1
1001,140,47,10,-1
1002,140,47,10,-1
1003,140,47,10,-1
1004,140,47,10,-1
1005,139,47,10,-1
1006,140,47,10,-1
1007,140,47,10,-1
1008,140,47,10,-1
1009,140,47,10,-1
1010,140,47,10,-1
1011,140,47,10,-1
1012,140,47,10,-1
1013,140,47,10,-1
1014,140,47,10,-1
1015,140,47,10,-1
1016,140,47,10,-1
1017,140,47,10,-1
1018,140,47,10,-1
1019,140,47,10,-1
1020,140,47,10,-1
1021,139,47,10,-1
1022,140,47,10,-1
1023,140,47,10,-1
1024,140,47,10,-1
1025,140,47,10,-1
1026,140,47,10,-1
1027,140,47,10,-1
1028,139,47,10,-1
1029,140,47,10,-1
1030,140,47,10,-1
1031,140,47,10,-1
1032,140,47,10,-1
1033,140,47,10,-1
1034,140,47,10,-1
1035,140,47,10,-1
1036,139,47,10,-1
1037,140,47,10,-1
1038,140,47,10,-1
1039,140,47,10,-1
1040,140,47,10,-1
1041,140,47,10,-1
1042,140,47,10,-1
1043,140,47,10,-1
1044,140,47,10,-1
1045,140,47,10,-1
1046,140,47,10,-1
1047,140,47,10,-1
1048,140,47,10,-1
1049,140,47,10,-1
1050,140,47,10,-1
1051,140,47,10,-1
1052,140,47,10,-1
1053,140,47,10,-1
1054,140,47,10,-1
1055,140,47,10,-1
1056,140,47,10,-1
1057,140,47,10,-1
1058,140,47,10,-1
1059,140,47,10,-1
1060,140,47,10,-1
1061,140,47,10,-1
1062,140,47,10,-1
1063,140,47,10,-1
1064,140,47,10,-1
1065,140,47,10,-1
1066,140,47,10,-1
1067,140,47,10,-1
1068,140,47,10,-1
1069,140,47,10,-1
1070,140,47,10,-1
1071,140,47,10,-1
1072,140,47,10,-1
1073,140,47,10,-1
1074,140,47,10,-1
1075,140,47,10,-1
1076,140,47,10,-1
1077,140,47,10,-1
1078,140,47,10,-1
1079,140,47,10,-1
1080,140,47,10,-1
1081,140,47,10,-1
1082,140,47,10,-1
1083,140,47,10,-1
1084,140,47,10,-1
1085,140,47,10,-1
1086,140,47,10,-1
1087,140,47,10,-1
1088,140,47,10,-1
1089,140,47,10,-1
1090,140,47,10,-1
1091,139,47,10,-1
1092,140,47,10,-1
1093,140,47,10,-1
1094,140,47,10,-1
1095,140,47,10,-1
1096,140,47,10,-1
1097,140,47,10,-1
1098,140,47,10,-1
1099,140,47,10,-1
1100,140,47,10,-1
1101,140,47,10,-1
1102,140,47,10,-1
1103,140,47,10,-1
1104,140,47,10,-1
1105,140,47,10,-1
1106,140,47,10,-1
1107,140,47,10,-1
1108,140,47,10,-1
1109,140,47,10,-1
1110,140,47,10,-1
1111,140,47,10,-1
1112,140,47,10,-1
1113,140,47,10,-1
1114,140,47,10,-1
1115,140,47,10,-1
1116,140,47,10,-1
1117,140,47,10,-1
1118,140,47,10,-1
1119,140,47,10,-1
1120,140,47,10,-1
1121,140,47,10,-1
1122,140,47,10,-1
1123,140,47,10,-1
1124,140,47,10,-1
1125,140,47,10,-1
1126,140,47,10,-1
1127,140,47,10,-1
1128,140,47,10,-1
1129,140,47,10,-1
1130,140,47,10,-1
1131,140,47,10,-1
1132,140,47,10,-1
1133,140,47,10,-1
1134,140,47,10,-1
1135,140,47,10,-1
1136,140,47,10,-1
1137,140,47,10,-1
1138,140,47,10,-1
1139,140,47,10,-1
1140,140,47,10,-1
1141,140,47,10,-1
1142,140,47,10,-1
1143,140,47,10,-1
1144,140,47,10,-1
1145,140,47,10,-1
1146,140,47,10,-1
1147,140,47,10,-1
1148,139,47,10,-1
1149,140,47,10,-1
1150,140,47,10,-1
1151,140,47,10,-1
1152,140,47,10,-1
1153,140,47,10,-1
1154,140,47,10,-1
1155,140,47,10,-1
1156,140,47,10,-1
1157,140,47,10,-1
1158,140,47,10,-1
1159,140,47,10,-1
1160,140,47,10,-1
1161,140,47,10,-1
1162,140,47,10,-1
1163,140,47,10,-1
1164,140,47,10,-1
1165,140,47,10,1
1166,140,47,10,-1
1167,140,47,10,-1
1168,140,47,10,-1
1169,140,47,10,-1
1170,140,47,10,-1
1171,140,47,10,-1
1172,140,47,10,-1
1173,140,47,10,-1
1174,140,47,10,-1
1175,139,47,10,-1
1176,140,47,10,-1
1177,140,47,10,-1
1178,140,47,10,-1
1179,140,47,10,-1
1180,140,47,10,-1
1181,140,47,10,-1
1182,140,47,10,-1
1183,140,47,10,-1
1184,140,47,10,-1
1185,140,47,10,-1
1186,140,47,10,-1
1187,140,47,10,-1
1188,140,47,10,-1
1189,140,47,10,-1
1190,140,47,10,-1
1191,140,47,10,-1
1192,140,47,10,-1
1193,140,47,10,-1
1194,140,47,10,-1
1195,140,47,10,-1
1196,140,47,10,-1
1197,140,47,10,-1
1198,140,47,10,-1
1199,140,47,10,-1
1200,140,47,10,-1
1201,140,47,10,-1
1202,140,47,10,-1
1203,140,47,10,-1
1204,140,47,10,-1
1205,140,47,10,-1
1206,140,47,10,-1
1207,140,47,10,-1
1208,140,47,10,-1
1209,140,47,10,-1
1210,140,47,10,-1
1211,140,47,10,-1
1212,140,47,10,-1
1213,140,47,10,-1
1214,140,47,10,-1
1215,140,47,10,-1
1216,140,47,10,-1
1217,140,47,10,-1
1218,140,47,10,-1
1219,140,47,10,-1
1220,140,47,10,-1
1221,140,47,10,-1
1222,140,47,10,-1
1223,140,47,10,-1
1224,140,47,10,-1
1225,140,47,10,-1
1226,140,47,10,-1
1227,140,47,10,-1
1228,140,47,10,-1
1229,140,47,10,-1
1230,140,47,10,-1
1231,140,47,10,-1
1232,140,47,10,-1
1233,140,47,10,-1
1234,140,47,10,-1
1235,140,47,10,-1
1236,140,47,10,-1
1237,140,47,10,-1
1238,140,47,10,-1
1239,140,47,10,-1
1240,140,47,10,-1
1241,140,47,10,-1
1242,140,47,10,-1
1243,140,47,10,-1
1244,139,47,10,-1
1245,140,47,10,-1
1246,140,47,10,-1
1247,140,47,10,-1
1248,140,47,10,-1
1249,140,47,10,-1
1250,140,47,10,-1
1251,140,47,10,-1
1252,140,47,10,-1
1253,140,47,10,-1
1254,140,47,10,-1
1255,140,47,10,-1
1256,140,47,10,-1
1257,139,47,10,-1
1258,140,47,10,-1
1259,140,47,10,-1
1260,140,47,10,-1
1261,140,47,10,-1
1262,140,47,10,-1
1263,140,47,10,-1
1264,140,47,10,-1
1265,140,47,10,-1
1266,140,47,10,-1
1267,140,47,10,-1
1268,140,47,10,-1
1269,140,47,10,-1
1270,140,47,10,-1
1271,140,47,10,-1
1272,140,47,10,-1
1273,140,47,10,-1
1274,140,47,10,-1
1275,140,47,10,-1
1276,140,47,10,-1
1277,140,47,10,-1
1278,140,47,10,-1
1279,140,47,10,-1
1280,140,47,10,-1
1281,140,47,10,-1
1282,140,47,10,-1
1283,140,47,10,-1
1284,140,47,10,-1
1285,140,47,10,-1
1286,140,47,10,-1
1287,140,47,10,-1
1288,140,47,10,-1
1289,140,47,10,-1
1290,140,47,10,-1
1291,140,47,10,-1
1292,140,47,10,-1
1293,140,47,10,-1
1294,140,47,10,-1
1295,140,47,10,-1
1296,140,47,10,-1
1297,140,47,10,-1
1298,140,47,10,-1
1299,140,47,10,-1
1300,140,47,10,-1
1301,140,47,10,-1
1302,140,47,10,-1
1303,139,47,10,-1
1304,140,47,10,-1
1305,140,47,10,-1
1306,140,47,10,-1
1307,140,47,10,-1
1308,140,47,10,-1
1309,140,47,10,-1
1310,140,47,10,-1
1311,140,47,10,-1
1312,140,47,10,-1
1313,140,47,10,-1
1314,140,47,10,-1
1315,140,47,10,-1
1316,140,47,10,-1
1317,140,47,10,-1
1318,140,47,10,-1
1319,140,47,10,-1
1320,140,47,10,-1
1321,140,47,10,-1
1322,140,47,10,-1
1323,139,47,10,-1
1324,140,47,10,-1
1325,139,47,10,-1
1326,140,47,10,-1
1327,140,47,10,-1
1328,140,47,10,-1
1329,140,47,10,-1
1330,140,47,10,-1
1331,140,47,10,-1
1332,140,47,10,-1
1333,140,47,10,-1
1334,140,47,10,-1
1335,140,47,10,-1
1336,140,47,10,-1
1337,140,47,10,-1
1338,140,47,10,-1
1339,139,47,10,-1
1340,140,47,10,-1
1341,140,47,10,-1
1342,140,47,10,-1
1343,140,47,10,-1
1344,140,47,10,-1
1345,140,47,10,-1
1346,140,47,10,-1
1347,140,47,10,-1
1348,140,47,10,-1
1349,140,47,10,-1
1350,140,47,10,-1
1351,140,47,10,-1
1352,140,47,10,-1
1353,140,47,10,-1
1354,140,47,10,-1
1355,140,47,10,-1
1356,140,47,10,-1
1357,140,47,10,-1
1358,140,47,10,-1
1359,140,47,10,-1
1360,140,47,10,-1
1361,140,47,10,-1
1362,140,47,10,-1
1363,140,47,10,-1
1364,140,47,10,-1
1365,140,47,10,-1
1366,140,47,10,-1
1367,140,47,10,-1
1368,140,47,10,-1
1369,140,47,10,-1
1370,140,47,10,-1
1371,140,47,10,-1
1372,140,47,10,-1
1373,140,47,10,-1
1374,140,47,10,-1
1375,140,47,10,-1
1376,140,47,10,-1
1377,140,47,10,-1
1378,140,47,10,-1
1379,140,47,10,-1
1380,140,47,10,-1
1381,140,47,10,-1
1382,140,47,10,-1
1383,140,47,10,-1
1384,140,47,10,-1
1385,140,47,10,-1
1386,140,47,10,-1
1387,140,47,10,-1
1388,140,47,10,-1
1389,139,47,10,-1
1390,140,47,10,-1
1391,140,47,10,-1
1392,140,47,10,-1
1393,140,47,10,-1
1394,140,47,10,-1
1395,140,47,10,-1
1396,140,47,10,-1
1397,140,47,10,-1
1398,140,47,10,-1
1399,140,47,10,-1
1400,140,47,10,-1
1401,140,47,10,-1
1402,140,47,10,-1
1403,140,47,10,-1
1404,140,47,10,-1
1405,140,47,10,-1
1406,140,47,10,-1
1407,140,47,10,-1
1408,140,47,10,-1
1409,140,47,10,-1
1410,140,47,10,-1
1411,140,47,10,-1
1412,140,47,10,-1
1413,139,47,10,-1
1414,140,47,10,-1
1415,140,47,10,-1
1416,140,47,10,-1
1417,140,47,10,-1
1418,140,47,10,-1
1419,140,47,10,-1
1420,140,47,10,-1
1421,140,47,10,-1
1422,140,47,10,-1
1423,140,47,10,-1
1424,140,47,10,-1
1425,140,47,10,-1
1426,140,47,10,-1
1427,140,47,10,-1
1428,140,47,10,-1
1429,140,47,10,-1
1430,140,47,10,-1
1431,140,47,10,-1
1432,140,47,10,-1
1433,140,47,10,-1
1434,140,47,10,-1
1435,140,47,10,-1
1436,140,47,10,-1
1437,140,47,10,-1
1438,140,47,10,-1
1439,140,47,10,-1
1440,139,47,10,-1
1441,140,47,10,-1
1442,140,47,10,-1
1443,140,47,10,-1
1444,140,47,10,-1
1445,140,47,10,-1
1446,140,47,10,-1
1447,140,47,10,-1
1448,140,47,10,-1
1449,140,47,10,-1
1450,140,47,10,-1
1451,139,47,10,-1
1452,140,47,10,-1
1453,140,47,10,-1
1454,140,47,10,-1
1455,140,47,10,-1
1456,140,47,10,-1
1457,140,47,10,-1
1458,140,47,10,-1
1459,140,47,10,-1
1460,140,47,10,-1
1461,140,47,10,-1
1462,140,47,10,-1
1463,140,47,10,-1
1464,140,47,10,-1
1465,140,47,10,-1
1466,140,47,10,-1
1467,140,47,10,-1
1468,140,47,10,-1
1469,140,47,10,-1
1470,140,47,10,-1
1471,140,47,10,-1
1472,140,47,10,-1
1473,140,47,10,-1
1474,140,47,10,-1
1475,140,47,10,-1
1476,140,47,10,-1
1477,140,47,10,-1
1478,140,47,10,-1
1479,140,47,10,-1
1480,140,47,10,-1
1481,140,47,10,-1
1482,140,47,10,-1
1483,140,47,10,-1
1484,140,47,10,-1
1485,140,47,10,-1
1486,140,47,10,-1
1487,140,47,10,-1
1488,140,47,10,-1
1489,140,47,10,-1
1490,140,47,10,-1
1491,140,47,10,-1
1492,140,47,10,-1
1493,140,47,10,-1
1494,140,47,10,-1
1495,140,47,10,-1
1496,140,47,10,-1
1497,140,47,10,-1
1498,140,47,10,-1
1499,139,47,10,-1
1500,140,47,10,-1
1501,140,47,10,-1
1502,140,47,10,-1
1503,140,47,10,-1
1504,140,47,10,-1
1505,140,47,10,-1
1506,140,47,10,-1
1507,140,47,10,-1
1508,140,47,10,-1
1509,140,47,10,-1
1510,140,47,10,-1
1511,140,47,10,-1
1512,140,47,10,-1
1513,140,47,10,-1
1514,140,47,10,-1
1515,140,47,10,-1
1516,140,47,10,-1
1517,140,47,10,-1
1518,139,47,10,-1
1519,140,47,10,-1
1520,140,47,10,-1
1521,140,47,10,-1
1522,140,47,10,-1
1523,140,47,10,-1
1524,140,47,10,-1
1525,140,47,10,-1
1526,140,47,10,-1
1527,140,47,10,-1
1528,140,47,10,-1
1529,140,47,10,-1
1530,140,47,10,-1
1531,140,47,10,-1
1532,140,47,10,-1
1533,140,47,10,-1
1534,140,47,10,-1
1535,140,47,10,-1
1536,140,47,10,-1
1537,140,47,10,-1
1538,140,47,10,-1
1539,140,47,10,-1
1540,140,47,10,-1
1541,140,47,10,-1
1542,140,47,10,-1
1543,140,47,10,-1
1544,140,47,10,-1
1545,139,47,10,-1
1546,140,47,9,-1
1547,140,47,10,-1
1548,140,47,10,-1
1549,140,47,10,-1
1550,140,47,10,-1
1551,140,47,10,-1
1552,140,47,10,-1
1553,140,47,10,-1
1554,140,47,10,-1
1555,140,47,10,-1
1556,140,47,10,-1
1557,140,47,10,-1
1558,140,47,10,-1
1559,140,47,10,-1
1560,140,47,10,-1
1561,140,47,10,-1
1562,140,47,10,-1
1563,140,47,10,-1
1564,140,47,10,-1
1565,140,47,10,-1
1566,139,47,10,-1
1567,140,47,10,-1
1568,140,47,10,-1
1569,140,47,10,-1
1570,140,47,10,-1
1571,140,47,10,-1
1572,140,47,10,-1
1573,140,47,10,-1
1574,140,47,10,-1
1575,140,47,10,-1
1576,140,47,10,-1
1577,140,47,10,-1
1578,140,47,10,-1
1579,140,47,10,-1
1580,140,47,10,-1
1581,140,47,10,-1
1582,140,47,10,-1
1583,140,47,10,-1
1584,139,47,10,-1
1585,140,47,10,-1
1586,140,47,10,-1
1587,140,47,10,-1
1588,140,47,10,-1
1589,140,47,10,-1
1590,140,47,10,-1
1591,140,47,10,-1
1592,140,47,10,-1
1593,140,47,10,-1
1594,140,47,10,-1
1595,140,47,10,-1
1596,140,47,10,-1
1597,140,47,10,-1
1598,140,47,10,-1
1599,140,47,10,-1
1600,140,47,10,-1
1601,140,47,10,-1
1602,140,47,10,-1
1603,140,47,10,-1
1604,140,47,10,-1
1605,140,47,10,-1
1606,140,47,10,-1
1607,140,47,10,-1
1608,139,47,10,-1
1609,140,47,10,-1
1610,140,47,10,-1
1611,140,47,10,-1
1612,140,47,10,-1
1613,140,47,10,-1
1614,140,47,10,-1
1615,140,47,10,-1
1616,140,47,10,-1
1617,140,47,10,-1
1618,140,47,10,-1
1619,140,47,10,-1
1620,140,47,10,-1
1621,140,47,10,-1
1622,140,47,10,-1
1623,140,47,10,-1
1624,140,47,10,-1
1625,140,47,10,-1
1626,139,47,10,-1
1627,140,47,10,-1
1628,140,47,10,-1
1629,140,47,10,-1
1630,140,47,10,-1
1631,140,47,10,-1
1632,140,47,10,-1
1633,140,47,10,-1
1634,140,47,10,-1
1635,140,47,10,-1
1636,140,47,10,-1
1637,140,47,10,-1
1638,139,47,10,-1
1639,140,47,10,-1
1640,140,47,10,-1
1641,140,47,10,-1
1642,140,47,10,-1
1643,140,47,10,-1
1644,140,47,10,-1
1645,140,47,10,-1
1646,140,47,10,-1
1647,140,47,10,-1
1648,140,47,10,-1
1649,140,47,10,-1
1650,140,47,10,-1
1651,140,47,10,-1
1652,140,47,10,-1
1653,140,47,10,-1
1654,140,47,10,-1
1655,140,47,10,-1
1656,140,47,10,-1
1657,140,47,10,-1
1658,140,47,10,-1
1659,140,47,10,-1
1660,140,47,10,-1
1661,140,47,10,-1
1662,140,47,10,-1
1663,140,47,10,-1
1664,140,47,10,-1
1665,140,47,10,-1
1666,139,47,10,-1
1667,140,47,10,-1
1668,140,47,10,-1
1669,140,47,10,-1
1670,140,47,10,-1
1671,140,47,10,-1
1672,140,47,10,-1
1673,140,47,10,-1
1674,140,47,10,-1
1675,140,47,10,-1
1676,140,47,10,-1
1677,140,47,10,-1
1678,140,47,10,-1
1679,140,47,10,-1
1680,140,47,10,-1
1681,140,47,10,-1
1682,140,47,10,-1
1683,140,47,10,-1
1684,140,47,10,-1
1685,140,47,10,-1
1686,140,47,10,-1
1687,139,47,10,-1
1688,140,47,10,-1
1689,140,47,10,-1
1690,140,47,10,-1
1691,140,47,10,-1
1692,139,47,10,-1
1693,140,47,10,-1
1694,140,47,10,-1
1695,140,47,10,-1
1696,140,47,10,-1
1697,140,47,10,-1
1698,140,47,10,-1
1699,140,47,10,-1
1700,140,47,10,-1
1701,140,47,10,-1
1702,140,47,10,-1
1703,140,47,10,-1
1704,139,47,10,-1
1705,140,47,10,-1
1706,140,47,10,-1
1707,140,47,10,-1
1708,140,47,10,-1
1709,140,47,10,-1
1710,140,47,10,-1
1711,140,47,10,-1
1712,140,47,10,-1
1713,140,47,10,-1
1714,139,47,10,-1
1715,140,47,10,-1
1716,140,47,10,-1
1717,140,47,10,-1
1718,140,47,10,-1
1719,140,47,10,-1
1720,139,47,10,-1
1721,140,47,10,-1
1722,140,47,10,-1
1723,139,47,10,-1
1724,140,47,10,-1
1725,140,47,10,-1
1726,140,47,10,-1
1727,140,47,10,-1
1728,140,47,10,-1
1729,140,47,10,-1
1730,140,47,10,-1
1731,139,47,10,-1
1732,140,47,10,-1
1733,140,47,10,-1
1734,140,47,10,-1
1735,140,47,10,-1
1736,140,47,10,-1
1737,140,47,10,-1
1738,140,47,10,-1
1739,140,47,10,-1
1740,140,47,10,-1
1741,140,47,10,-1
1742,140,47,10,-1
1743,140,47,10,-1
1744,140,47,10,-1
1745,140,47,10,-1
1746,140,47,10,-1
1747,140,47,10,-1
1748,139,47,10,-1
1749,140,47,10,-1
1750,140,47,10,-1
1751,140,47,10,-1
1752,139,47,10,-1
1753,140,47,10,-1
1754,140,47,10,-1
1755,140,47,10,-1
1756,140,47,10,-1
1757,140,47,10,-1
1758,140,47,10,-1
1759,140,47,10,-1
1760,140,47,10,-1
1761,140,47,10,-1
1762,140,47,10,-1
1763,140,47,10,-1
1764,140,47,10,-1
1765,140,47,10,-1
1766,140,47,10,-1
1767,140,47,10,-1
1768,140,47,10,-1
1769,140,47,10,-1
1770,140,47,10,-1
1771,140,47,10,-1
1772,140,47,10,-1
1773,140,47,10,-1
1774,140,47,10,-1
1775,140,47,10,-1
1776,140,47,10,-1
1777,140,47,10,-1
1778,140,47,10,-1
1779,140,47,10,-1
1780,140,47,10,-1
1781,140,47,10,-1
1782,140,47,10,-1
1783,140,47,10,-1
1784,140,47,10,-1
1785,140,47,10,-1
1786,140,47,10,-1
1787,140,47,10,-1
1788,140,47,10,-1
1789,140,47,10,1
1790,140,47,10,-1
1791,140,47,10,-1
1792,139,47,10,-1
1793,139,47,10,-1
1794,140,47,10,-1
1795,140,47,10,-1
1796,140,47,10,-1
1797,140,47,10,-1
1798,140,47,10,-1
1799,140,47,10,-1
1800,140,47,10,-1
1801,140,47,10,-1
1802,140,47,10,-1
1803,140,47,10,-1
1804,140,47,10,-1
1805,139,47,10,-1
1806,140,47,10,-1
1807,139,47,10,-1
1808,140,47,10,-1
1809,140,47,10,-1
1810,140,47,10,-1
1811,140,47,10,-1
1812,140,47,10,-1
1813,140,47,10,-1
1814,140,47,10,-1
1815,140,47,10,-1
1816,140,47,10,-1
1817,140,47,9,-1
1818,140,47,10,-1
1819,140,47,10,-1
1820,140,47,10,-1
1821,140,47,10,-1
1822,140,47,10,-1
1823,140,47,10,-1
1824,140,47,10,-1
1825,140,47,10,-1
1826,140,47,10,-1
1827,140,47,10,-1
1828,140,47,10,-1
1829,140,47,10,-1
1830,140,47,10,-1
1831,140,47,10,-1
1832,140,47,10,-1
1833,140,47,10,-1
1834,140,47,10,-1
1835,140,47,10,-1
1836,140,47,10,-1
1837,140,47,10,-1
1838,140,47,10,-1
1839,140,47,10,-1
1840,139,47,10,-1
1841,140,47,10,-1
1842,140,47,10,-1
1843,140,47,10,-1
1844,140,47,10,-1
1845,140,47,10,-1
1846,140,47,10,-1
1847,140,47,10,-1
1848,140,47,10,-1
1849,140,47,10,-1
1850,140,47,10,-1
1851,139,47,10,-1
1852,140,47,10,-1
1853,140,47,10,-1
1854,140,47,10,-1
1855,140,47,10,-1
1856,140,47,10,-1
1857,140,47,10,-1
1858,140,47,10,-1
1859,140,47,10,-1
1860,140,47,10,-1
1861,140,47,10,-1
1862,140,47,10,-1
1863,140,47,10,-1
1864,140,47,10,-1
1865,140,47,10,-1
1866,140,47,10,-1
1867,140,47,10,-1
1868,139,47,10,-1
1869,140,47,10,-1
1870,140,47,10,-1
1871,140,47,10,-1
1872,140,47,10,-1
1873,140,47,10,-1
1874,140,47,10,-1
1875,140,47,10,-1
1876,140,47,10,-1
1877,140,47,10,-1
1878,140,47,10,-1
1879,140,47,10,-1
1880,139,47,10,-1
1881,140,47,10,-1
1882,140,47,10,-1
1883,140,47,10,-1
1884,140,47,10,-1
1885,140,47,10,-1
1886,140,47,10,-1
1887,140,47,10,-1
1888,140,47,10,-1
1889,140,47,10,-1
1890,140,47,10,-1
1891,140,47,10,-1
1892,140,47,10,-1
1893,140,47,10,-1
1894,140,47,10,-1
1895,140,47,10,-1
1896,140,47,10,-1
1897,140,47,10,-1
1898,140,47,10,-1
1899,140,47,10,-1
1900,140,47,10,-1
1901,140,47,10,-1
1902,140,47,10,-1
1903,140,47,10,-1
1904,140,47,10,-1
1905,140,47,10,-1
1906,140,47,10,-1
1907,140,47,10,-1
1908,140,47,10,-1
1909,140,47,10,-1
1910,140,47,10,-1
1911,140,47,10,-1
1912,140,47,10,-1
1913,140,47,10,-1
1914,140,47,10,-1
1915,140,47,10,-1
1916,140,47,10,-1
1917,140,47,10,-1
1918,140,47,10,-1
1919,140,47,10,-1
1920,140,47,10,-1
1921,140,47,10,-1
1922,140,47,10,-1
1923,140,47,10,-1
1924,140,47,10,-1
1925,140,47,10,-1
1926,140,47,10,-1
1927,140,47,10,-1
1928,140,47,10,-1
1929,140,47,10,-1
1930,140,47,10,-1
1931,140,47,10,-1
1932,140,47,10,-1
1933,140,47,10,-1
1934,140,47,10,-1
1935,140,47,10,-1
1936,140,47,10,-1
1937,140,47,10,-1
1938,140,47,10,-1
1939,140,47,10,-1
1940,140,47,10,-1
1941,140,47,10,-1
1942,140,47,10,-1
1943,140,47,10,-1
1944,140,47,10,-1
1945,140,47,10,-1
1946,140,47,10,-1
1947,140,47,10,-1
1948,140,47,10,-1
1949,140,47,10,-1
1950,140,47,10,-1
1951,140,47,10,-1
1952,140,47,10,-1
1953,140,47,10,-1
1954,140,47,10,-1
1955,140,47,10,-1
1956,140,47,10,-1
1957,140,47,10,-1
1958,140,47,10,-1
1959,140,47,10,-1
1960,140,47,10,-1
1961,140,47,10,-1
1962,140,47,10,-1
1963,139,47,10,-1
1964,139,46,10,-1
1965,140,47,10,-1
1966,140,47,10,-1
1967,140,47,10,-1
1968,140,47,10,-1
1969,140,47,10,-1
1970,140,47,10,-1
1971,140,47,10,-1
1972,140,47,10,-1
1973,140,47,10,-1
1974,140,47,10,-1
1975,140,47,10,-1
1976,140,47,10,-1
1977,140,47,10,-1
1978,140,47,10,-1
1979,140,47,10,-1
1980,140,47,10,-1
1981,140,47,10,-1
1982,140,47,10,-1
1983,140,47,10,-1
1984,140,47,10,-1
1985,140,47,10,-1
1986,140,47,10,-1
1987,140,47,10,-1
1988,140,47,10,-1
1989,140,47,10,-1
1990,140,47,10,-1
1991,140,47,10,-1
1992,140,47,10,-1
1993,140,47,10,-1
1994,140,47,10,-1
1995,140,47,10,-1
1996,140,47,10,-1
1997,140,47,10,-1
1998,140,47,10,-1
1999,140,47,10,-1
2000,140,47,10,-1
2001,140,47,10,-1
2002,140,47,10,-1
2003,140,47,10,-1
2004,140,47,10,-1
2005,140,47,10,-1
2006,140,47,10,-1
2007,140,47,10,-1
2008,140,47,10,-1
2009,140,47,10,-1
2010,140,47,10,-1
2011,140,47,10,-1
2012,140,47,10,-1
2013,140,47,10,-1
2014,140,47,10,-1
2015,140,47,10,-1
2016,140,47,10,-1
2017,140,47,10,-1
2018,140,47,10,-1
2019,140,47,10,-1
2020,140,47,10,-1
2021,140,47,10,-1
2022,140,47,10,-1
2023,140,47,10,-1
2024,140,47,10,-1
2025,140,47,10,-1
2026,140,47,10,-1
2027,140,47,10,-1
2028,140,47,10,-1
2029,140,47,10,-1
2030,140,47,10,-1
2031,140,47,10,-1
2032,140,47,10,-1
2033,140,47,10,-1
2034,140,47,10,-1
2035,140,47,10,-1
2036,140,47,10,-1
2037,140,47,10,-1
2038,140,47,10,-1
2039,140,47,10,-1
2040,140,47,10,-1
2041,140,47,10,-1
2042,140,47,10,-1
2043,140,47,10,-1
2044,140,47,10,-1
2045,140,47,10,-1
2046,140,47,10,-1
2047,140,47,10,-1
2048,140,47,10,-1
2049,140,47,10,-1
2050,140,47,10,-1
2051,140,47,10,-1
2052,140,47,10,-1
2053,140,47,10,-1
2054,140,47,10,-1
2055,140,47,10,-1
2056,140,47,10,-1
2057,140,47,10,-1
2058,140,47,10,-1
2059,140,47,10,-1
2060,140,47,10,-1
2061,140,47,10,-1
2062,140,47,10,-1
2063,140,47,10,-1
2064,140,47,10,-1
2065,140,47,10,-1
2066,140,47,10,-1
2067,140,47,10,-1
2068,140,47,10,-1
2069,140,47,10,-1
2070,140,47,10,-1
2071,140,47,10,-1
2072,140,47,10,-1
2073,140,47,10,-1
2074,140,47,10,-1
2075,140,47,10,-1
2076,140,47,10,-1
2077,140,47,10,-1
2078,140,47,10,-1
2079,140,47,10,-1
2080,140,47,10,-1
2081,140,47,10,-1
2082,140,47,10,-1
2083,140,47,10,-1
2084,140,47,10,-1
2085,140,47,10,-1
2086,140,47,10,-1
2087,140,47,10,-1
2088,140,47,10,-1
2089,140,47,10,-1
2090,140,47,10,-1
2091,140,47,10,-1
2092,140,47,10,-1
2093,140,47,10,-1
2094,140,47,10,-1
2095,140,47,10,-1
2096,140,47,10,-1
2097,140,47,10,-1
2098,140,47,10,-1
2099,139,47,10,-1
2100,140,47,10,-1
2101,140,47,10,-1
2102,140,47,10,-1
2103,140,47,10,-1
2104,140,47,10,-1
2105,140,47,10,-1
2106,140,47,10,-1
2107,140,47,10,-1
2108,140,47,10,-1
2109,140,47,10,-1
2110,140,47,10,-1
2111,140,47,10,-1
2112,140,47,10,-1
2113,140,47,10,-1
2114,140,47,10,-1
2115,140,47,10,-1
2116,140,47,10,-1
2117,140,47,10,-1
2118,140,47,10,-1
2119,140,47,10,-1
2120,140,47,10,-1
2121,140,47,10,-1
2122,140,47,10,-1
2123,140,47,10,-1
2124,140,47,10,-1
2125,140,47,10,-1
2126,140,47,10,-1
2127,140,47,10,-1
2128,140,47,10,-1
2129,139,47,10,-1
2130,140,47,10,-1
2131,140,47,10,-1
2132,140,47,10,-1
2133,140,47,10,-1
2134,140,47,10,-1
2135,140,47,10,-1
2136,140,47,10,-1
2137,140,47,10,-1
2138,140,47,10,-1
2139,140,47,10,-1
2140,140,47,10,-1
2141,140,47,10,-1
2142,140,47,10,-1
2143,140,47,10,-1
2144,140,47,10,-1
2145,140,47,10,-1
2146,140,47,10,-1
2147,140,47,10,-1
2148,140,47,10,-1
2149,140,47,10,-1
2150,140,47,10,-1
2151,140,47,10,-1
2152,140,47,10,-1
2153,140,47,10,-1
2154,140,47,10,-1
2155,140,47,10,-1
2156,140,47,10,-1
2157,140,47,10,-1
2158,140,47,10,-1
2159,140,47,10,-1
2160,140,47,10,-1
2161,140,47,10,-1
2162,140,47,10,-1
2163,140,47,10,-1
2164,139,47,10,-1
2165,140,47,10,-1
2166,140,47,10,-1
2167,140,47,10,-1
2168,140,47,10,-1
2169,140,47,10,-1
2170,140,47,10,-1
2171,140,47,10,-1
2172,140,47,10,-1
2173,140,47,10,-1
2174,140,47,10,-1
2175,140,47,10,-1
2176,140,47,10,-1
2177,140,47,10,-1
2178,140,47,10,-1
2179,140,47,10,-1
2180,140,47,10,-1
2181,140,47,10,-1
2182,140,47,10,-1
2183,139,47,10,-1
2184,140,47,10,-1
2185,140,47,10,-1
2186,140,47,10,-1
2187,140,47,10,-1
2188,140,47,10,-1
2189,140,47,10,-1
2190,140,47,10,-1
2191,140,47,10,-1
2192,140,47,10,-1
2193,140,47,10,-1
2194,140,47,10,-1
2195,140,47,10,-1
2196,140,47,10,-1
2197,140,47,10,-1
2198,140,47,10,-1
2199,140,47,10,-1
2200,140,47,10,-1
2201,140,47,10,-1
2202,140,47,10,-1
2203,140,47,10,-1
2204,140,47,10,-1
2205,139,47,10,-1
2206,140,47,10,-1
2207,140,47,10,-1
2208,140,47,10,-1
2209,140,47,10,-1
2210,140,47,10,-1
2211,140,47,10,-1
2212,140,47,10,-1
2213,140,47,10,-1
2214,140,47,10,-1
2215,140,47,10,-1
2216,140,47,10,-1
2217,140,47,10,-1
2218,140,47,10,-1
2219,140,47,10,-1
2220,140,47,10,-1
2221,140,47,10,-1
2222,140,47,10,-1
2223,140,47,10,-1
2224,140,47,10,-1
2225,140,47,10,-1
2226,140,47,10,-1
2227,140,47,10,-1
2228,140,47,10,-1
2229,140,47,10,-1
2230,140,47,10,-1
2231,140,47,10,-1
2232,140,47,10,-1
2233,140,47,10,-1
2234,140,47,10,-1
2235,140,47,10,-1
2236,140,47,10,-1
2237,140,47,10,-1
2238,140,47,10,-1
2239,140,47,10,-1
2240,140,47,10,-1
2241,140,47,10,-1
2242,140,47,10,-1
2243,140,47,10,-1
2244,140,47,10,-1
2245,140,47,10,-1
2246,140,47,10,-1
2247,140,47,10,-1
2248,140,47,10,-1
2249,140,47,10,-1
2250,140,47,10,-1
2251,140,47,10,-1
2252,140,47,10,-1
2253,140,47,10,-1
2254,140,47,10,-1
2255,140,47,10,-1
2256,139,47,10,-1
2257,139,47,10,-1
2258,140,47,10,-1
2259,140,47,10,-1
2260,140,47,10,-1
2261,140,47,10,-1
2262,140,47,10,-1
2263,140,47,10,-1
2264,140,47,10,-1
2265,140,47,10,-1
2266,140,47,10,-1
2267,140,47,10,-1
2268,140,47,10,-1
2269,140,47,10,-1
2270,140,47,10,-1
2271,140,47,10,-1
2272,140,47,10,-1
2273,140,47,10,-1
2274,140,47,10,-1
2275,140,47,10,-1
2276,140,47,10,-1
2277,140,47,10,-1
2278,140,47,10,-1
2279,140,47,10,-1
2280,140,47,10,-1
2281,140,47,10,-1
2282,140,47,10,-1
2283,140,47,10,-1
2284,139,47,10,-1
2285,140,47,10,-1
2286,140,47,10,-1
2287,140,47,10,-1
2288,140,47,10,-1
2289,140,47,10,-1
2290,140,47,10,-1
2291,140,47,10,-1
2292,140,47,10,-1
2293,140,47,10,-1
2294,140,47,10,-1
2295,140,47,10,-1
2296,140,47,10,-1
2297,140,47,10,-1
2298,140,47,10,-1
2299,140,47,10,-1
2300,140,47,10,-1
2301,140,47,10,-1
2302,140,47,10,-1
2303,140,47,10,-1
2304,140,47,10,-1
2305,140,47,10,-1
2306,140,47,10,-1
2307,140,47,10,-1
2308,140,47,10,-1
2309,140,47,10,-1
2310,140,47,10,-1
2311,140,47,10,-1
2312,140,47,10,-1
2313,140,47,10,-1
2314,140,47,10,-1
2315,140,47,10,-1
2316,140,47,10,-1
2317,140,47,10,-1
2318,140,47,10,-1
2319,140,47,10,-1
2320,139,47,10,-1
2321,139,47,10,-1
2322,140,47,10,-1
2323,140,47,10,-1
2324,140,47,10,-1
2325,140,47,10,-1
2326,140,47,10,-1
2327,140,47,10,-1
2328,140,47,10,-1
2329,140,47,10,-1
2330,140,47,10,-1
2331,140,47,10,-1
2332,140,47,10,-1
2333,140,47,10,-1
2334,140,47,10,-1
2335,140,47,10,-1
2336,140,47,10,-1
2337,140,47,10,-1
2338,140,47,10,-1
2339,140,47,10,-1
2340,140,47,10,-1
2341,140,47,10,-1
2342,140,47,10,-1
2343,140,47,10,-1
2344,140,47,10,-1
2345,140,47,10,-1
2346,140,47,10,-1
2347,140,47,10,-1
2348,140,47,10,-1
2349,140,47,10,-1
2350,140,47,10,-1
2351,140,47,10,-1
2352,140,47,10,-1
2353,140,47,10,-1
2354,140,47,10,-1
2355,140,47,10,-1
2356,140,47,10,-1
2357,139,47,10,-1
2358,140,47,10,-1
2359,140,47,10,-1
2360,140,47,10,-1
2361,140,47,10,-1
2362,140,47,10,-1
2363,140,47,10,-1
2364,140,47,10,-1
2365,140,47,10,-1
2366,140,47,10,-1
2367,140,47,10,-1
2368,140,47,10,-1
2369,140,47,10,-1
2370,140,47,10,-1
2371,140,47,10,-1
2372,140,47,10,-1
2373,140,47,10,-1
2374,140,47,10,-1
2375,140,47,10,-1
2376,140,47,10,-1
2377,140,47,10,-1
2378,140,47,10,-1
2379,140,47,10,-1
2380,140,47,10,-1
2381,140,47,10,-1
2382,140,47,10,-1
2383,140,47,10,-1
2384,140,47,10,-1
2385,140,47,10,-1
2386,140,47,10,-1
2387,140,47,10,-1
2388,140,47,10,-1
2389,140,47,10,-1
2390,140,47,10,-1
2391,140,47,10,-1
2392,140,47,10,-1
2393,140,47,10,-1
2394,140,47,10,-1
2395,140,47,10,-1
2396,140,47,10,-1
2397,140,47,10,-1
2398,140,47,10,-1
2399,140,47,10,-1
2400,140,47,10,-1
2401,139,47,10,-1
2402,140,47,10,-1
2403,140,47,10,-1
2404,140,47,10,-1
2405,140,47,10,-1
2406,140,47,10,-1
2407,140,47,10,-1
2408,140,47,10,-1
2409,140,47,10,-1
2410,140,47,10,-1
2411,140,47,10,-1
2412,140,47,10,-1
2413,140,47,10,1
2414,140,47,10,-1
2415,140,47,10,-1
2416,140,47,10,-1
2417,140,47,10,-1
2418,140,47,10,-1
2419,140,47,10,-1
2420,140,47,10,-1
2421,140,47,10,-1
2422,140,47,10,-1
2423,140,47,10,-1
2424,140,47,10,-1
2425,140,47,10,-1
2426,140,47,10,-1
2427,140,47,10,-1
2428,139,47,10,-1
2429,140,47,10,-1
2430,140,47,10,-1
2431,140,47,10,-1
2432,140,47,10,-1
2433,140,47,10,-1
2434,140,47,10,-1
2435,140,47,10,-1
2436,140,47,10,-1
2437,140,47,10,-1
2438,140,47,10,-1
2439,140,47,10,-1
2440,140,47,10,-1
2441,140,47,10,-1
2442,140,47,10,-1
2443,140,47,10,-1
2444,140,47,10,-1
2445,140,47,10,-1
2446,140,47,10,-1
2447,140,47,10,-1
2448,140,47,10,-1
2449,140,47,10,-1
2450,140,47,10,-1
2451,140,47,10,-1
2452,140,47,10,-1
2453,140,47,10,-1
2454,140,47,10,-1
2455,140,47,10,-1
2456,140,47,10,-1
2457,140,47,10,-1
2458,140,47,10,-1
2459,140,47,10,-1
2460,140,47,10,-1
2461,140,47,10,-1
2462,140,47,10,-1
2463,140,47,10,-1
2464,140,47,10,-1
2465,140,47,10,-1
2466,140,47,10,-1
2467,140,47,10,-1
2468,140,47,10,-1
2469,140,47,10,-1
2470,140,47,10,-1
2471,140,47,10,-1
2472,140,47,10,-1
2473,140,47,10,-1
2474,140,47,10,-1
2475,140,47,10,-1
2476,140,47,10,-1
2477,140,47,10,-1
2478,140,47,10,-1
2479,140,47,10,-1
2480,140,47,10,-1
2481,139,47,10,-1
2482,140,47,10,-1
2483,140,47,10,-1
2484,139,47,10,-1
2485,140,47,10,-1
2486,140,47,10,-1
2487,140,47,10,-1
2488,140,47,10,-1
2489,140,47,10,-1
2490,140,47,10,-1
2491,140,47,10,-1
2492,140,47,10,-1
2493,140,47,10,-1
2494,140,47,10,-1
2495,140,47,10,-1
2496,140,47,10,-1
2497,140,47,10,-1
2498,140,47,10,-1
2499,140,47,10,-1
2500,140,47,10,-1
2501,140,47,10,-1
2502,140,47,10,-1
2503,140,47,10,-1
2504,140,47,10,-1
2505,140,47,10,-1
2506,140,47,10,-1
2507,139,47,10,-1
2508,140,47,10,-1
2509,140,47,10,-1
2510,140,47,10,-1
2511,140,47,10,-1
2512,140,47,10,-1
2513,140,47,10,-1
2514,140,47,10,-1
2515,140,47,10,-1
2516,140,47,10,-1
2517,140,47,10,-1
2518,140,47,10,-1
2519,139,47,10,-1
2520,140,47,10,-1
2521,140,47,10,-1
2522,140,47,10,-1
2523,140,47,10,-1
2524,140,47,10,-1
2525,140,47,10,-1
2526,140,47,10,-1
2527,140,47,10,-1
2528,140,47,10,-1
2529,140,47,10,-1
2530,140,47,10,-1
2531,140,47,10,-1
2532,140,47,10,-1
2533,140,47,10,-1
2534,140,47,10,-1
2535,139,47,10,-1
2536,140,47,10,-1
2537,139,47,10,-1
2538,140,47,10,-1
2539,140,47,10,-1
2540,140,47,10,-1
2541,140,47,10,-1
2542,139,47,10,-1
2543,140,47,10,-1
2544,140,47,10,-1
2545,140,47,10,-1
2546,140,47,10,-1
2547,140,47,10,-1
2548,140,47,10,-1
2549,140,47,10,-1
2550,140,47,10,-1
2551,140,47,10,-1
2552,140,47,10,-1
2553,140,47,10,-1
2554,140,47,10,-1
2555,140,47,10,-1
2556,140,47,10,-1
2557,140,47,10,-1
2558,140,47,10,-1
2559,140,47,10,-1
2560,140,47,10,-1
2561,140,47,10,-1
2562,140,47,10,-1
2563,140,47,10,-1
2564,140,47,10,-1
2565,140,47,10,-1
2566,140,47,10,-1
2567,140,47,10,-1
2568,140,47,10,-1
2569,140,47,10,-1
2570,140,47,10,-1
2571,140,47,10,-1
2572,140,47,10,-1
2573,140,47,10,-1
2574,140,47,10,-1
2575,140,47,10,-1
2576,140,47,10,-1
2577,140,47,10,-1
2578,140,47,10,-1
2579,140,47,10,-1
2580,140,47,10,-1
2581,140,47,10,-1
2582,140,47,10,-1
2583,140,47,10,-1
2584,140,47,10,-1
2585,140,47,10,-1
2586,140,47,10,-1
2587,140,47,10,-1
2588,140,47,10,-1
2589,140,47,10,-1
2590,140,47,10,-1
2591,140,47,10,-1
2592,140,47,10,-1
2593,140,47,10,-1
2594,140,47,10,-1
2595,140,47,10,-1
2596,140,47,10,-1
2597,140,47,10,-1
2598,140,47,10,-1
2599,140,47,10,-1
2600,140,47,10,-1
2601,140,47,10,-1
2602,140,47,10,-1
2603,140,47,10,-1
2604,140,47,10,-1
2605,140,47,10,-1
2606,140,47,10,-1
2607,140,47,10,-1
2608,140,47,10,-1
2609,140,47,10,-1
2610,140,47,10,-1
2611,140,47,10,-1
2612,139,47,10,-1
2613,140,47,10,-1
2614,140,47,10,-1
2615,140,47,10,-1
2616,140,47,10,-1
2617,140,47,10,-1
2618,140,47,10,-1
2619,140,47,10,-1
2620,140,47,10,-1
2621,140,47,10,-1
2622,139,47,10,-1
2623,140,47,10,-1
2624,140,47,10,-1
2625,140,47,10,-1
2626,140,47,10,-1
2627,140,47,10,-1
2628,140,47,10,-1
2629,140,47,10,-1
2630,140,47,10,-1
2631,140,47,10,-1
2632,140,47,10,-1
2633,140,47,10,-1
2634,140,47,10,-1
2635,140,47,10,-1
2636,140,47,10,-1
2637,140,47,10,-1
2638,140,47,10,-1
2639,139,47,10,-1
2640,140,47,10,-1
2641,140,47,10,-1
2642,140,47,10,-1
2643,140,47,10,-1
2644,140,47,10,-1
2645,140,47,10,-1
2646,140,47,10,-1
2647,140,47,10,-1
2648,140,47,10,-1
2649,140,47,10,-1
2650,140,47,10,-1
2651,140,47,10,-1
2652,140,47,10,-1
2653,140,47,10,-1
2654,140,47,10,-1
2655,140,47,10,-1
2656,140,47,10,-1
2657,140,47,10,-1
2658,140,47,10,-1
2659,140,47,10,-1
2660,140,47,10,-1
2661,140,47,10,-1
2662,140,47,10,-1
2663,140,47,10,-1
2664,140,47,10,-1
2665,140,47,10,-1
2666,140,47,10,-1
2667,140,47,10,-1
2668,140,47,10,-1
2669,140,47,10,-1
2670,140,47,10,-1
2671,140,47,10,-1
2672,140,47,10,-1
2673,140,47,10,-1
2674,140,47,10,-1
2675,140,47,10,-1
2676,140,47,10,-1
2677,140,47,10,-1
2678,140,47,10,-1
2679,140,47,10,-1
2680,140,47,10,-1
2681,140,47,10,-1
2682,140,47,10,-1
2683,140,47,10,-1
2684,140,47,10,-1
2685,140,47,10,-1
2686,140,47,10,-1
2687,140,47,10,-1
2688,140,47,10,-1
2689,140,47,10,-1
2690,140,47,10,-1
2691,140,47,10,-1
2692,140,47,10,-1
2693,140,47,10,-1
2694,140,47,10,-1
2695,140,47,10,-1
2696,140,47,10,-1
2697,140,47,10,-1
2698,140,47,10,-1
2699,140,47,10,-1
2700,140,47,10,-1
2701,140,47,10,-1
2702,140,47,10,-1
2703,140,47,10,-1
2704,139,47,10,-1
2705,140,47,10,-1
2706,140,47,10,-1
2707,140,47,10,-1
2708,140,47,10,-1
2709,140,47,10,-1
2710,140,47,10,-1
2711,140,47,10,-1
2712,140,47,10,-1
2713,140,47,10,-1
2714,140,47,10,-1
2715,140,47,10,-1
2716,140,47,10,-1
2717,140,47,10,-1
2718,140,47,10,-1
2719,140,47,10,-1
2720,140,47,10,-1
2721,140,47,10,-1
2722,140,47,10,-1
2723,140,47,10,-1
2724,140,47,10,-1
2725,140,47,10,-1
2726,140,47,10,-1
2727,140,47,10,-1
2728,140,47,10,-1
2729,140,47,10,-1
2730,140,47,10,-1
2731,140,47,10,-1
2732,140,47,10,-1
2733,140,47,10,-1
2734,140,47,10,-1
2735,140,47,10,-1
2736,140,47,10,-1
2737,140,47,10,-1
2738,140,47,10,-1
2739,140,47,10,-1
2740,140,47,10,-1
2741,140,47,10,-1
2742,140,47,10,-1
2743,140,47,10,-1
2744,139,47,10,-1
2745,140,47,10,-1
2746,140,47,10,-1
2747,140,47,10,-1
2748,140,47,10,-1
2749,140,47,10,-1
2750,140,47,10,-1
2751,140,47,10,-1
2752,140,47,10,-1
2753,140,47,10,-1
2754,140,47,10,-1
2755,140,47,10,-1
2756,140,47,10,-1
2757,140,47,10,-1
2758,140,47,10,-1
2759,140,47,10,-1
2760,140,47,10,-1
2761,140,47,10,-1
2762,140,47,10,-1
2763,140,47,10,-1
2764,139,47,10,-1
2765,140,47,10,-1
2766,140,47,10,-1
2767,140,47,10,-1
2768,140,47,10,-1
2769,140,47,10,-1
2770,140,47,10,-1
2771,140,47,10,-1
2772,140,47,10,-1
2773,140,47,10,-1
2774,139,47,10,-1
2775,140,47,10,-1
2776,140,47,10,-1
2777,140,47,10,-1
2778,140,47,10,-1
2779,140,47,10,-1
2780,140,47,10,-1
2781,140,47,10,-1
2782,140,47,10,-1
2783,140,47,10,-1
2784,140,47,10,-1
2785,140,47,10,-1
2786,140,47,10,-1
2787,140,47,10,-1
2788,140,47,10,-1
2789,140,47,10,-1
2790,140,47,10,-1
2791,140,47,10,-1
2792,140,47,10,-1
2793,140,47,10,-1
2794,140,47,10,-1
2795,140,47,10,-1
2796,140,47,10,-1
2797,140,47,10,-1
2798,140,47,10,-1
2799,140,47,10,-1
2800,140,47,10,-1
2801,140,47,10,-1
2802,140,47,10,-1
2803,140,47,10,-1
2804,140,47,10,-1
2805,140,47,10,-1
2806,139,47,10,-1
2807,140,47,10,-1
2808,140,47,10,-1
2809,138,47,10,-1
2810,140,47,10,-1
2811,140,47,10,-1
2812,140,47,10,-1
2813,140,47,10,-1
2814,140,47,10,-1
2815,140,47,10,-1
2816,140,47,10,-1
2817,140,47,10,-1
2818,140,47,10,-1
2819,140,47,10,-1
2820,140,47,10,-1
2821,140,47,10,-1
2822,140,47,10,-1
2823,140,47,10,-1
2824,140,47,10,-1
2825,140,47,10,-1
2826,139,47,10,-1
2827,140,47,10,-1
2828,140,47,10,-1
2829,140,47,10,-1
2830,140,47,10,-1
2831,140,47,10,-1
2832,140,47,10,-1
2833,140,47,10,-1
2834,140,47,10,-1
2835,140,47,10,-1
2836,140,47,10,-1
2837,140,47,10,-1
2838,140,47,10,-1
2839,140,47,10,-1
2840,140,47,10,-1
2841,140,47,10,-1
2842,140,47,10,-1
2843,140,47,10,-1
2844,140,47,10,-1
2845,140,47,10,-1
2846,140,47,10,-1
2847,140,47,10,-1
2848,140,47,10,-1
2849,140,47,10,-1
2850,140,47,10,-1
2851,140,47,10,-1
2852,140,47,10,-1
2853,140,47,10,-1
2854,140,47,10,-1
2855,140,47,10,-1
2856,140,47,10,-1
2857,140,47,10,-1
2858,140,47,10,-1
2859,140,47,10,-1
2860,140,47,10,-1
2861,140,47,10,-1
2862,140,47,10,-1
2863,140,47,10,-1
2864,140,47,10,-1
2865,140,47,10,-1
2866,140,47,10,-1
2867,140,47,10,-1
2868,140,47,10,-1
2869,140,47,10,-1
2870,140,47,10,-1
2871,140,47,10,-1
2872,140,47,10,-1
2873,140,47,10,-1
2874,140,47,10,-1
2875,140,47,10,-1
2876,140,47,10,-1
2877,140,47,10,-1
2878,140,47,10,-1
2879,140,47,10,-1
2880,140,47,10,-1
2881,140,47,10,-1
2882,139,47,10,-1
2883,140,47,10,-1
2884,140,47,10,-1
2885,140,47,10,-1
2886,140,47,10,-1
2887,140,47,10,-1
2888,140,47,10,-1
2889,140,47,10,-1
2890,140,47,10,-1
2891,140,47,10,-1
2892,140,47,10,-1
2893,140,47,10,-1
2894,140,47,10,-1
2895,140,47,10,-1
2896,140,47,10,-1
2897,140,47,10,-1
2898,140,47,10,-1
2899,140,47,10,-1
2900,140,47,10,-1
2901,140,47,10,-1
2902,140,47,10,-1
2903,140,47,10,-1
2904,140,47,10,-1
2905,140,47,10,-1
2906,140,47,10,-1
2907,140,47,10,-1
2908,140,47,10,-1
2909,140,47,10,-1
2910,140,47,10,-1
2911,140,47,10,-1
2912,140,47,10,-1
2913,140,47,10,-1
2914,140,47,10,-1
2915,140,47,10,-1
2916,140,47,10,-1
2917,140,47,10,-1
2918,140,47,10,-1
2919,140,47,10,-1
2920,140,47,10,-1
2921,140,47,10,-1
2922,140,47,10,-1
2923,140,47,10,-1
2924,140,47,10,-1
2925,140,47,10,-1
2926,140,47,10,-1
2927,140,47,10,-1
2928,140,47,10,-1
2929,140,47,10,-1
2930,140,47,10,-1
2931,140,47,10,-1
2932,140,47,10,-1
2933,140,47,10,-1
2934,140,47,10,-1
2935,139,47,10,-1
2936,140,47,10,-1
2937,140,47,10,-1
2938,140,47,10,-1
2939,140,47,10,-1
2940,140,47,10,-1
2941,140,47,10,-1
2942,140,47,10,-1
2943,139,47,10,-1
2944,140,47,10,-1
2945,140,47,10,-1
2946,140,47,10,-1
2947,140,47,10,-1
2948,140,47,10,-1
2949,140,47,10,-1
2950,140,47,10,-1
2951,140,47,10,-1
2952,140,47,10,-1
2953,140,47,10,-1
2954,140,47,10,-1
2955,140,47,10,-1
2956,140,47,10,-1
2957,140,47,10,-1
2958,140,47,10,-1
2959,140,47,10,-1
2960,140,47,10,-1
2961,140,47,10,-1
2962,140,47,10,-1
2963,140,47,10,-1
2964,140,47,10,-1
2965,140,47,10,-1
2966,140,47,10,-1
2967,140,47,10,-1
2968,140,47,10,-1
2969,140,47,10,-1
2970,140,47,10,-1
2971,140,47,10,-1
2972,140,47,10,-1
2973,140,47,10,-1
2974,140,47,10,-1
2975,140,47,10,-1
2976,140,47,10,-1
2977,140,47,10,-1
2978,140,47,10,-1
2979,140,47,10,-1
2980,140,47,10,-1
2981,140,47,10,-1
2982,140,47,10,-1
2983,140,47,10,-1
2984,140,47,10,-1
2985,140,47,10,-1
2986,140,47,10,-1
2987,140,47,10,-1
2988,140,47,10,-1
2989,140,47,10,-1
2990,140,47,10,-1
2991,140,47,10,-1
2992,140,47,10,-1
2993,140,47,10,-1
2994,140,47,10,-1
2995,140,47,10,-1
2996,140,47,10,-1
2997,140,47,10,-1
2998,140,47,10,-1
2999,140,47,10,-1
3000,140,47,10,-1
3001,140,47,10,-1
3002,140,47,10,-1
3003,140,47,10,-1
3004,140,47,10,-1
3005,140,47,10,-1
3006,140,47,10,-1
3007,140,47,10,-1
3008,140,47,10,-1
3009,140,47,10,-1
3010,140,47,10,-1
3011,140,47,10,-1
3012,140,47,10,-1
3013,140,47,10,-1
3014,140,47,10,-1
3015,139,47,10,-1
3016,140,47,10,-1
3017,140,47,10,-1
3018,140,47,10,-1
3019,140,47,10,-1
3020,140,47,10,-1
3021,140,47,10,-1
3022,140,47,10,-1
3023,140,47,10,-1
3024,140,47,10,-1
3025,140,47,10,-1
3026,140,47,10,-1
3027,139,47,10,-1
3028,140,47,10,-1
3029,140,47,10,-1
3030,140,47,10,-1
3031,139,47,10,-1
3032,140,47,10,-1
3033,140,47,10,-1
3034,140,47,10,-1
3035,140,47,10,-1
3036,140,47,10,-1
3037,140,47,10,1
3038,140,47,10,-1
3039,140,47,10,-1
3040,140,47,10,-1
3041,140,47,10,-1
3042,140,47,10,-1
3043,140,47,10,-1
3044,140,47,10,-1
3045,140,47,10,-1
3046,140,47,10,-1
3047,140,47,10,-1
3048,140,47,10,-1
3049,139,47,10,-1
3050,140,47,10,-1
3051,140,47,10,-1
3052,139,47,10,-1
3053,140,47,10,-1
3054,140,47,10,-1
3055,140,47,10,-1
3056,140,47,10,-1
3057,140,47,10,-1
3058,140,47,10,-1
3059,140,47,10,-1
3060,140,47,10,-1
3061,140,47,10,-1
3062,140,47,10,-1
3063,140,47,10,-1
3064,140,47,10,-1
3065,140,47,10,-1
3066,140,47,10,-1
3067,140,47,10,-1
3068,140,47,10,-1
3069,140,47,10,-1
3070,140,47,10,-1
3071,140,47,10,-1
3072,140,47,10,-1
3073,140,47,10,-1
3074,140,47,10,-1
3075,140,47,10,-1
3076,140,47,10,-1
3077,140,47,10,-1
3078,140,47,10,-1
3079,140,47,10,-1
3080,140,47,10,-1
3081,140,47,10,-1
3082,140,47,10,-1
3083,140,47,10,-1
3084,140,47,10,-1
3085,140,47,10,-1
3086,140,47,10,-1
3087,140,47,10,-1
3088,140,47,10,-1
3089,140,47,10,-1
3090,140,47,10,-1
3091,140,47,10,-1
3092,140,47,10,-1
3093,140,47,10,-1
3094,140,47,10,-1
3095,140,47,10,-1
3096,140,47,10,-1
3097,140,47,10,-1
3098,140,47,10,-1
3099,140,47,10,-1
3100,140,47,10,-1
3101,139,47,10,-1
3102,140,47,10,-1
3103,140,47,10,-1
3104,140,47,10,-1
3105,140,47,10,-1
3106,140,47,10,-1
3107,140,47,10,-1
3108,139,47,10,-1
3109,140,47,10,-1
3110,140,47,10,-1
3111,140,47,10,-1
3112,140,47,10,-1
3113,140,47,10,-1
3114,140,47,10,-1
3115,140,47,10,-1
3116,140,47,10,-1
3117,140,47,10,-1
3118,140,47,10,-1
3119,140,47,10,-1
3120,140,47,10,-1
3121,140,47,10,-1
3122,140,47,10,-1
3123,140,47,10,-1
3124,140,47,10,-1
3125,140,47,10,-1
3126,140,47,10,-1
3127,140,47,10,-1
3128,140,47,10,-1
3129,140,47,10,-1
3130,140,47,10,-1
3131,140,47,10,-1
3132,140,47,10,-1
3133,140,47,10,-1
3134,139,47,10,-1
3135,140,47,10,-1
3136,140,47,10,-1
3137,140,47,10,-1
3138,140,47,10,-1
3139,140,47,10,-1
3140,140,47,10,-1
3141,140,47,10,-1
3142,140,47,10,-1
3143,140,47,10,-1
3144,140,47,10,-1
3145,140,47,10,-1
3146,140,47,10,-1
3147,140,47,10,-1
3148,140,47,10,-1
3149,140,47,10,-1
3150,139,47,10,-1
3151,140,47,10,-1
3152,140,47,10,-1
3153,140,47,10,-1
3154,140,47,10,-1
3155,140,47,10,-1
3156,140,47,10,-1
3157,140,47,10,-1
3158,140,47,10,-1
3159,140,47,10,-1
3160,140,47,10,-1
3161,140,47,10,-1
3162,140,47,10,-1
3163,140,47,10,-1
3164,140,47,10,-1
3165,140,47,10,-1
3166,139,47,10,-1
3167,140,47,10,-1
3168,140,47,10,-1
3169,140,47,10,-1
3170,140,47,10,-1
3171,140,47,10,-1
3172,140,47,10,-1
3173,140,47,10,-1
3174,140,47,10,-1
3175,140,47,10,-1
3176,140,47,10,-1
3177,140,47,10,-1
3178,140,47,10,-1
3179,140,47,10,-1
3180,139,47,10,-1
3181,140,47,10,-1
3182,140,47,10,-1
3183,140,47,10,-1
3184,140,47,10,-1
3185,140,47,10,-1
3186,140,47,10,-1
3187,140,47,10,-1
3188,140,47,10,-1
3189,140,47,10,-1
3190,140,47,10,-1
3191,140,47,10,-1
3192,139,47,10,-1
3193,139,47,10,-1
3194,140,47,10,-1
3195,140,47,10,-1
3196,140,47,10,-1
3197,140,47,10,-1
3198,140,47,10,-1
3199,140,47,10,-1
3200,140,47,10,-1
3201,140,47,10,-1
3202,140,47,10,-1
3203,140,47,10,-1
3204,140,47,10,-1
3205,140,47,10,-1
3206,140,47,10,-1
3207,140,47,10,-1
3208,140,47,10,-1
3209,140,47,10,-1
3210,140,47,10,-1
3211,140,47,10,-1
3212,140,47,10,-1
3213,140,47,10,-1
3214,140,47,10,-1
3215,140,47,10,-1
3216,140,47,10,-1
3217,140,47,10,-1
3218,140,47,10,-1
3219,140,47,10,-1
3220,140,47,10,-1
3221,140,47,10,-1
3222,140,47,10,-1
3223,140,47,10,-1
3224,140,47,10,-1
3225,140,47,10,-1
3226,140,47,10,-1
3227,140,47,10,-1
3228,140,47,10,-1
3229,140,47,10,-1
3230,140,47,10,-1
3231,140,47,10,-1
3232,139,47,10,-1
3233,140,47,10,-1
3234,140,47,10,-1
3235,140,47,10,-1
3236,140,47,10,-1
3237,140,47,10,-1
3238,140,47,10,-1
3239,140,47,10,-1
3240,140,47,10,-1
3241,140,47,10,-1
3242,140,47,10,-1
3243,140,47,10,-1
3244,140,47,10,-1
3245,140,47,10,-1
3246,140,47,10,-1
3247,140,47,10,-1
3248,140,47,10,-1
3249,140,47,10,-1
3250,140,47,10,-1
3251,140,47,10,-1
3252,140,47,10,-1
3253,140,47,10,-1
3254,140,47,10,-1
3255,140,47,10,-1
3256,140,47,10,-1
3257,140,47,10,-1
3258,140,47,10,-1
3259,140,47,10,-1
3260,140,47,10,-1
3261,140,47,10,-1
3262,140,47,10,-1
3263,140,47,10,-1
3264,140,47,10,-1
3265,140,47,10,-1
3266,139,47,10,-1
3267,140,47,10,-1
3268,140,47,10,-1
3269,140,47,10,-1
3270,140,47,10,-1
3271,140,47,10,-1
3272,140,47,10,-1
3273,140,47,10,-1
3274,140,47,10,-1
3275,140,47,10,-1
3276,140,47,10,-1
3277,140,47,10,-1
3278,140,47,10,-1
3279,140,47,10,-1
3280,139,47,10,-1
3281,140,47,10,-1
3282,139,47,10,-1
3283,140,47,10,-1
3284,140,47,10,-1
3285,140,47,10,-1
3286,140,47,10,-1
3287,140,47,10,-1
3288,140,47,10,-1
3289,140,47,10,-1
3290,140,47,10,-1
3291,140,47,10,-1
3292,140,47,10,-1
3293,140,47,10,-1
3294,140,47,10,-1
3295,140,47,10,-1
3296,140,47,10,-1
3297,140,47,10,-1
3298,139,47,10,-1
3299,140,47,10,-1
3300,140,47,10,-1
3301,139,47,10,-1
3302,140,47,10,-1
3303,140,47,10,-1
3304,140,47,10,-1
3305,140,47,10,-1
3306,140,47,10,-1
3307,140,47,10,-1
3308,140,47,10,-1
3309,139,47,10,-1
3310,139,47,10,-1
3311,140,47,10,-1
3312,140,47,10,-1
3313,140,47,10,-1
3314,140,47,10,-1
3315,140,47,10,-1
3316,140,47,10,-1
3317,140,47,10,-1
3318,140,47,10,-1
3319,140,47,10,-1
3320,140,47,10,-1
3321,140,47,10,-1
3322,140,47,10,-1
3323,140,47,10,-1
3324,140,47,10,-1
3325,140,47,10,-1
3326,140,47,10,-1
3327,140,47,10,-1
3328,140,47,10,-1
3329,140,47,10,-1
3330,140,47,10,-1
3331,140,47,10,-1
3332,140,47,10,-1
3333,140,47,10,-1
3334,140,47,10,-1
3335,140,47,10,-1
3336,140,47,10,-1
3337,140,47,10,-1
3338,140,47,10,-1
3339,140,47,10,-1
3340,140,47,10,-1
3341,140,47,10,-1
3342,140,47,10,-1
3343,140,47,10,-1
3344,140,47,10,-1
3345,140,47,10,-1
3346,140,47,10,-1
3347,140,47,10,-1
3348,140,47,10,-1
3349,140,47,10,-1
3350,140,47,10,-1
3351,140,47,10,-1
3352,140,47,10,-1
3353,140,47,10,-1
3354,140,47,10,-1
3355,140,47,10,-1
3356,140,47,10,-1
3357,140,47,10,-1
3358,140,47,10,-1
3359,140,47,10,-1
3360,140,47,10,-1
3361,140,47,10,-1
3362,140,47,10,-1
3363,140,47,10,-1
3364,140,47,10,-1
3365,140,47,10,-1
3366,140,47,10,-1
3367,140,47,10,-1
3368,140,47,10,-1
3369,140,47,10,-1
3370,140,47,10,-1
3371,140,47,10,-1
3372,140,47,10,-1
3373,140,47,10,-1
3374,140,47,10,-1
3375,140,47,10,-1
3376,140,47,10,-1
3377,140,47,10,-1
3378,140,47,10,-1
3379,140,47,10,-1
3380,140,47,10,-1
3381,140,47,10,-1
3382,140,47,10,-1
3383,140,47,10,-1
3384,140,47,10,-1
3385,140,47,10,-1
3386,140,47,10,-1
3387,140,47,10,-1
3388,140,47,10,-1
3389,140,47,10,-1
3390,140,47,10,-1
3391,140,47,10,-1
3392,140,47,10,-1
3393,139,47,10,-1
3394,140,47,10,-1
3395,140,47,10,-1
3396,140,47,10,-1
3397,140,47,10,-1
3398,140,47,10,-1
3399,140,47,10,-1
3400,140,47,10,-1
3401,140,47,10,-1
3402,140,47,10,-1
3403,140,47,10,-1
3404,140,47,10,-1
3405,140,47,10,-1
3406,140,47,10,-1
3407,140,47,10,-1
3408,140,47,10,-1
3409,140,47,10,-1
3410,140,47,10,-1
3411,140,47,10,-1
3412,140,47,10,-1
3413,140,47,10,-1
3414,140,47,10,-1
3415,140,47,10,-1
3416,140,47,10,-1
3417,140,47,10,-1
3418,140,47,10,-1
3419,140,47,10,-1
3420,139,47,10,-1
3421,140,47,10,-1
3422,140,47,10,-1
3423,140,47,10,-1
3424,140,47,10,-1
3425,140,47,10,-1
3426,140,47,10,-1
3427,140,47,10,-1
3428,140,47,10,-1
3429,140,47,10,-1
3430,140,47,10,-1
3431,140,47,10,-1
3432,140,47,10,-1
3433,140,47,10,-1
3434,140,47,10,-1
3435,140,47,10,-1
3436,140,47,10,-1
3437,140,47,10,-1
3438,140,47,10,-1
3439,140,47,10,-1
3440,140,47,10,-1
3441,140,47,10,-1
3442,140,47,10,-1
3443,140,47,10,-1
3444,140,47,10,-1
3445,140,47,10,-1
3446,140,47,10,-1
3447,140,47,10,-1
3448,140,47,10,-1
3449,140,47,10,-1
3450,139,47,10,-1
3451,140,47,10,-1
3452,139,47,10,-1
3453,140,47,10,-1
3454,140,47,10,-1
3455,140,47,10,-1
3456,140,47,10,-1
3457,140,47,10,-1
3458,140,47,10,-1
3459,140,47,10,-1
3460,140,47,10,-1
3461,139,47,10,-1
3462,139,47,10,-1
3463,140,47,10,-1
3464,140,47,10,-1
3465,140,47,10,-1
3466,140,47,10,-1
3467,140,47,10,-1
3468,140,47,10,-1
3469,140,47,10,-1
3470,140,47,10,-1
3471,140,47,10,-1
3472,140,47,10,-1
3473,140,47,10,-1
3474,140,47,10,-1
3475,140,47,10,-1
3476,140,47,10,-1
3477,140,47,10,-1
3478,140,47,10,-1
3479,140,47,10,-1
3480,140,47,10,-1
3481,140,47,10,-1
3482,140,47,10,-1
3483,140,47,10,-1
3484,140,47,10,-1
3485,140,47,10,-1
3486,140,47,10,-1
3487,140,47,10,-1
3488,140,47,10,-1
3489,140,47,10,-1
3490,140,47,10,-1
3491,140,47,10,-1
3492,140,47,10,-1
3493,140,47,10,-1
3494,140,47,10,-1
3495,140,47,10,-1
3496,140,47,10,-1
3497,140,47,10,-1
3498,140,47,10,-1
3499,140,47,10,-1
3500,140,47,10,-1
3501,140,47,10,-1
3502,140,47,10,-1
3503,140,47,10,-1
3504,140,47,10,-1
3505,140,47,10,-1
3506,140,47,10,-1
3507,140,47,10,-1
3508,140,47,10,-1
3509,140,47,10,-1
3510,140,47,10,-1
3511,140,47,10,-1
3512,140,47,10,-1
3513,140,47,10,-1
3514,140,47,10,-1
3515,140,47,10,-1
3516,140,47,10,-1
3517,140,47,10,-1
3518,140,47,10,-1
3519,140,47,10,-1
3520,140,47,10,-1
3521,140,47,10,-1
3522,139,47,10,-1
3523,140,47,10,-1
3524,140,47,10,-1
3525,140,47,10,-1
3526,140,47,10,-1
3527,140,46,10,-1
3528,140,47,10,-1
3529,140,47,10,-1
3530,140,47,10,-1
3531,140,47,10,-1
3532,140,47,10,-1
3533,140,47,10,-1
3534,140,47,10,-1
3535,140,47,10,-1
3536,140,47,10,-1
3537,140,47,10,-1
3538,140,47,10,-1
3539,140,47,10,-1
3540,140,47,10,-1
3541,140,47,10,-1
3542,140,47,10,-1
3543,140,47,10,-1
3544,140,47,10,-1
3545,140,47,10,-1
3546,140,47,10,-1
3547,140,47,10,-1
3548,140,47,10,-1
3549,140,47,10,-1
3550,140,47,10,-1
3551,140,47,10,-1
3552,140,47,10,-1
3553,140,47,10,-1
3554,140,47,10,-1
3555,140,47,10,-1
3556,140,47,10,-1
3557,140,47,10,-1
3558,140,47,10,-1
3559,140,47,10,-1
3560,140,47,10,-1
3561,140,47,10,-1
3562,140,47,10,-1
3563,140,47,10,-1
3564,140,47,10,-1
3565,140,47,10,-1
3566,140,47,10,-1
3567,140,47,10,-1
3568,140,47,10,-1
3569,140,47,10,-1
3570,140,47,10,-1
3571,140,47,10,-1
3572,140,47,10,-1
3573,140,47,10,-1
3574,140,47,10,-1
3575,140,47,10,-1
3576,140,47,10,-1
3577,140,47,10,-1
3578,140,47,10,-1
3579,140,47,10,-1
3580,140,47,10,-1
3581,140,47,10,-1
3582,140,47,10,-1
3583,140,47,10,-1
3584,140,47,10,-1
3585,140,47,10,-1
3586,140,47,10,-1
3587,140,47,10,-1
3588,140,47,10,-1
3589,140,47,10,-1
3590,140,47,10,-1
3591,140,47,10,-1
3592,140,47,10,-1
3593,140,47,10,-1
3594,140,47,10,-1
3595,140,47,10,-1
3596,140,47,10,-1
3597,140,47,10,-1
3598,140,47,10,-1
3599,140,47,10,-1
3600,140,47,10,-1
3601,140,47,10,-1
3602,140,47,10,-1
3603,140,47,10,-1
3604,140,47,10,-1
3605,140,47,10,-1
3606,140,47,10,-1
3607,139,47,10,-1
3608,140,47,10,-1
3609,140,47,10,-1
3610,140,47,10,-1
3611,140,47,10,-1
3612,140,47,10,-1
3613,140,47,10,-1
3614,140,47,10,-1
3615,140,47,10,-1
3616,140,47,10,-1
3617,140,47,10,-1
3618,140,47,10,-1
3619,140,47,10,-1
3620,140,47,10,-1
3621,140,47,10,-1
3622,140,47,10,-1
3623,140,47,10,-1
3624,140,47,10,-1
3625,140,47,10,-1
3626,140,47,10,-1
3627,140,47,10,-1
3628,140,47,10,-1
3629,140,47,10,-1
3630,140,47,10,-1
3631,140,47,10,-1
3632,140,47,10,-1
3633,140,47,10,-1
3634,140,47,10,-1
3635,140,47,10,-1
3636,140,47,10,-1
3637,139,47,10,-1
3638,140,47,10,-1
3639,140,47,10,-1
3640,140,47,10,-1
3641,140,47,10,-1
3642,140,47,10,-1
3643,139,47,10,-1
3644,140,47,10,-1
3645,140,47,10,-1
3646,140,47,10,-1
3647,140,47,10,-1
3648,140,47,10,-1
3649,139,47,10,-1
3650,140,47,10,-1
3651,140,47,10,-1
3652,140,47,10,-1
3653,140,47,10,-1
3654,140,47,10,-1
3655,140,47,10,-1
3656,140,47,10,-1
3657,140,47,10,-1
3658,140,47,10,-1
3659,140,47,10,-1
3660,140,47,10,-1
3661,140,47,10,1
3662,140,47,10,-1
3663,140,47,10,-1
3664,140,47,10,-1
3665,140,47,10,-1
3666,140,47,10,-1
3667,140,47,10,-1
3668,140,47,10,-1
3669,140,47,10,-1
3670,140,47,10,-1
3671,140,47,10,-1
3672,140,47,10,-1
3673,140,47,10,-1
3674,140,47,10,-1
3675,140,47,10,-1
3676,140,47,10,-1
3677,140,47,10,-1
3678,140,47,10,-1
3679,140,47,10,-1
3680,140,47,10,-1
3681,140,47,10,-1
3682,140,47,10,-1
3683,140,47,10,-1
3684,140,47,10,-1
3685,140,47,10,-1
3686,140,47,10,-1
3687,140,47,10,-1
3688,140,47,10,-1
3689,140,47,10,-1
3690,140,47,10,-1
3691,140,47,10,-1
3692,140,47,10,-1
3693,140,47,10,-1
3694,140,47,10,-1
3695,140,47,10,-1
3696,140,47,10,-1
3697,140,47,10,-1
3698,140,47,10,-1
3699,140,47,10,-1
3700,140,47,10,-1
3701,140,47,10,-1
3702,140,47,10,-1
3703,140,47,10,-1
3704,140,47,10,-1
3705,140,47,10,-1
3706,140,47,10,-1
3707,140,47,10,-1
3708,140,47,10,-1
3709,140,47,10,-1
3710,140,47,10,-1
3711,140,47,10,-1
3712,140,47,10,-1
3713,140,47,10,-1
3714,140,47,10,-1
3715,140,47,10,-1
3716,140,47,10,-1
3717,140,47,10,-1
3718,140,47,10,-1
3719,140,47,10,-1
3720,140,47,10,-1
3721,140,47,10,-1
3722,140,47,10,-1
3723,140,47,10,-1
3724,140,47,10,-1
3725,140,47,10,-1
3726,140,47,10,-1
3727,140,47,10,-1
3728,140,47,10,-1
3729,140,47,10,-1
3730,140,47,10,-1
3731,140,47,10,-1
3732,140,47,10,-1
3733,140,47,10,-1
3734,140,47,10,-1
3735,139,47,10,-1
3736,140,47,10,-1
3737,140,47,10,-1
3738,140,47,10,-1
3739,140,47,10,-1
3740,140,47,10,-1
3741,140,47,10,-1
3742,140,47,10,-1
3743,140,47,10,-1
3744,140,47,10,-1
3745,138,47,10,-1
3746,140,47,10,-1
3747,140,47,10,-1
3748,140,47,10,-1
3749,139,47,10,-1
3750,140,47,10,-1
3751,140,47,10,-1
3752,140,47,10,-1
3753,140,47,10,-1
3754,140,47,10,-1
3755,140,47,10,-1
3756,140,47,10,-1
3757,140,47,10,-1
3758,140,47,10,-1
3759,140,47,10,-1
3760,140,47,10,-1
3761,140,47,10,-1
3762,140,47,10,-1
3763,140,47,10,-1
3764,140,47,10,-1
3765,140,47,10,-1
3766,140,47,10,-1
3767,140,47,10,-1
3768,140,47,10,-1
3769,140,47,10,-1
3770,140,47,10,-1
3771,140,47,10,-1
3772,140,47,10,-1
3773,140,47,10,-1
3774,140,47,10,-1
3775,140,47,10,-1
3776,140,47,10,-1
3777,140,47,10,-1
3778,140,47,10,-1
3779,140,47,10,-1
3780,140,47,10,-1
3781,140,47,10,-1
3782,140,47,10,-1
3783,140,47,10,-1
3784,140,47,10,-1
3785,140,47,10,-1
3786,140,47,10,-1
3787,140,47,10,-1
3788,140,47,10,-1
3789,140,47,10,-1
3790,140,47,10,-1
3791,140,47,10,-1
3792,140,47,10,-1
3793,140,47,10,-1
3794,140,47,10,-1
3795,140,47,10,-1
3796,139,47,10,-1
3797,139,47,10,-1
3798,140,47,10,-1
3799,140,47,10,-1
3800,140,47,10,-1
3801,140,47,10,-1
3802,139,47,10,-1
3803,140,47,10,-1
3804,140,47,10,-1
3805,140,47,10,-1
3806,140,47,10,-1
3807,140,47,10,-1
3808,140,47,10,-1
3809,140,47,10,-1
3810,140,47,10,-1
3811,140,47,10,-1
3812,140,47,10,-1
3813,140,47,10,-1
3814,140,47,10,-1
3815,140,47,10,-1
3816,140,47,10,-1
3817,140,47,10,-1
3818,140,47,10,-1
3819,140,47,10,-1
3820,140,47,10,-1
3821,140,47,10,-1
3822,140,47,10,-1
3823,140,47,10,-1
3824,140,47,10,-1
3825,140,47,10,-1
3826,140,47,10,-1
3827,139,47,10,-1
3828,140,47,10,-1
3829,140,47,10,-1
3830,140,47,10,-1
3831,140,47,10,-1
3832,140,47,10,-1
3833,140,47,10,-1
3834,139,47,10,-1
3835,140,47,10,-1
3836,140,47,10,-1
3837,140,47,10,-1
3838,139,47,10,-1
3839,140,47,10,-1
3840,140,47,10,-1
3841,140,47,10,-1
3842,140,47,10,-1
3843,140,47,10,-1
3844,140,47,10,-1
3845,140,47,10,-1
3846,140,47,10,-1
3847,140,47,10,-1
3848,140,47,10,-1
3849,140,47,10,-1
3850,140,47,10,-1
3851,140,47,10,-1
3852,140,47,10,-1
3853,140,47,10,-1
3854,140,47,10,-1
3855,140,47,10,-1
3856,139,47,10,-1
3857,140,47,10,-1
3858,140,47,10,-1
3859,140,47,10,-1
3860,140,47,10,-1
3861,140,47,10,-1
3862,140,47,10,-1
3863,140,47,10,-1
3864,140,47,10,-1
3865,140,47,10,-1
3866,140,47,10,-1
3867,140,47,10,-1
3868,140,47,10,-1
3869,140,47,10,-1
3870,140,47,10,-1
3871,140,47,10,-1
3872,140,47,10,-1
3873,140,47,10,-1
3874,140,47,10,-1
3875,140,47,10,-1
3876,140,47,10,-1
3877,140,47,10,-1
3878,140,47,10,-1
3879,140,47,10,-1
3880,140,47,10,-1
3881,140,47,10,-1
3882,140,47,10,-1
3883,140,47,10,-1
3884,140,47,10,-1
3885,140,47,10,-1
3886,140,47,10,-1
3887,140,47,10,-1
3888,140,47,10,-1
3889,140,47,10,-1
3890,140,47,10,-1
3891,140,47,10,-1
3892,140,47,10,-1
3893,139,47,10,-1
3894,140,47,10,-1
3895,140,47,10,-1
3896,140,47,10,-1
3897,140,47,10,-1
3898,139,47,10,-1
3899,140,47,10,-1
3900,140,47,10,-1
3901,140,47,10,-1
3902,140,47,10,-1
3903,140,47,10,-1
3904,140,47,10,-1
3905,140,47,10,-1
3906,140,47,10,-1
3907,140,47,10,-1
3908,140,47,10,-1
3909,140,47,10,-1
3910,140,47,10,-1
3911,140,47,10,-1
3912,140,47,10,-1
3913,140,47,10,-1
3914,140,47,10,-1
3915,140,47,10,-1
3916,140,47,10,-1
3917,140,47,10,-1
3918,140,47,10,-1
3919,140,47,10,-1
3920,140,47,10,-1
3921,140,47,10,-1
3922,139,47,10,-1
3923,139,47,10,-1
3924,140,47,10,-1
3925,140,47,10,-1
3926,140,47,10,-1
3927,140,47,10,-1
3928,140,47,10,-1
3929,140,47,10,-1
3930,140,47,10,-1
3931,140,47,10,-1
3932,140,47,10,-1
3933,140,47,10,-1
3934,140,47,10,-1
3935,140,47,10,-1
3936,140,47,10,-1
3937,140,47,10,-1
3938,140,47,10,-1
3939,139,47,10,-1
3940,140,47,10,-1
3941,140,47,10,-1
3942,140,47,10,-1
3943,140,47,10,-1
3944,140,47,10,-1
3945,140,47,10,-1
3946,140,47,10,-1
3947,140,47,10,-1
3948,140,47,10,-1
3949,140,47,10,-1
3950,140,47,10,-1
3951,140,47,10,-1
3952,140,47,10,-1
3953,140,47,10,-1
3954,140,47,10,-1
3955,140,47,10,-1
3956,140,47,10,-1
3957,140,47,10,-1
3958,140,47,10,-1
3959,140,47,10,-1
3960,140,47,10,-1
3961,140,47,10,-1
3962,140,47,10,-1
3963,140,47,10,-1
3964,140,47,10,-1
3965,140,47,10,-1
3966,140,47,10,-1
3967,140,47,10,-1
3968,140,47,10,-1
3969,140,47,10,-1
3970,140,47,10,-1
3971,140,47,10,-1
3972,140,47,10,-1
3973,140,47,10,-1
3974,140,47,10,-1
3975,140,47,10,-1
3976,140,47,10,-1
3977,140,47,10,-1
3978,140,47,10,-1
3979,140,47,10,-1
3980,140,47,10,-1
3981,140,47,10,-1
3982,140,47,10,-1
3983,140,47,10,-1
3984,140,47,10,-1
3985,140,47,10,-1
3986,140,47,10,-1
3987,139,47,10,-1
3988,140,47,10,-1
3989,140,47,10,-1
3990,140,47,10,-1
3991,140,47,10,-1
3992,140,47,10,-1
3993,140,47,10,-1
3994,140,47,10,-1
3995,140,47,10,-1
3996,140,47,10,-1
3997,140,47,10,-1
3998,140,47,10,-1
3999,140,47,10,-1
4000,140,47,10,-1
4001,140,47,10,-1
4002,140,47,10,-1
4003,140,47,10,-1
4004,140,47,10,-1
4005,140,47,10,-1
4006,140,47,10,-1
4007,140,47,10,-1
4008,140,47,10,-1
4009,140,47,10,-1
4010,140,47,10,-1
4011,140,47,10,-1
4012,140,47,10,-1
4013,140,47,10,-1
4014,140,47,10,-1
4015,140,47,10,-1
4016,140,47,10,-1
4017,140,47,10,-1
4018,140,47,10,-1
4019,140,47,10,-1
4020,140,47,10,-1
4021,140,47,10,-1
4022,140,47,10,-1
4023,140,47,10,-1
4024,140,47,10,-1
4025,140,47,10,-1
4026,139,47,10,-1
4027,140,47,10,-1
4028,140,47,10,-1
4029,140,47,10,-1
4030,139,47,10,-1
4031,140,47,10,-1
4032,140,47,10,-1
4033,140,47,10,-1
4034,140,47,10,-1
4035,140,47,10,-1
4036,140,47,10,-1
4037,140,47,10,-1
4038,140,47,10,-1
4039,140,47,10,-1
4040,140,47,10,-1
4041,140,47,10,-1
4042,140,47,10,-1
4043,140,47,10,-1
4044,140,47,10,-1
4045,140,47,10,-1
4046,140,47,10,-1
4047,140,47,10,-1
4048,140,47,10,-1
4049,140,47,10,-1
4050,140,47,10,-1
4051,140,47,10,-1
4052,140,47,10,-1
4053,140,47,10,-1
4054,139,47,10,-1
4055,140,47,10,-1
4056,140,47,10,-1
4057,140,47,10,-1
4058,140,47,10,-1
4059,140,47,10,-1
4060,140,47,10,-1
4061,140,47,10,-1
4062,140,47,10,-1
4063,140,47,10,-1
4064,140,47,10,-1
4065,140,47,10,-1
4066,140,47,10,-1
4067,140,47,10,-1
4068,140,47,10,-1
4069,140,47,10,-1
4070,140,47,10,-1
4071,140,47,10,-1
4072,140,47,10,-1
4073,140,47,10,-1
4074,140,47,10,-1
4075,140,47,10,-1
4076,140,47,10,-1
4077,140,47,10,-1
4078,140,47,10,-1
4079,140,47,10,-1
4080,140,47,10,-1
4081,140,47,10,-1
4082,140,47,10,-1
4083,140,47,10,-1
4084,140,47,10,-1
4085,140,47,10,-1
4086,140,47,10,-1
4087,140,47,10,-1
4088,140,47,10,-1
4089,140,47,10,-1
4090,140,47,10,-1
4091,140,47,10,-1
4092,139,47,10,-1
4093,140,47,10,-1
4094,140,47,10,-1
4095,140,47,10,-1
4096,140,47,10,-1
4097,140,47,10,-1
4098,140,47,10,-1
4099,140,47,10,-1
4100,140,47,10,-1
4101,140,47,10,-1
4102,140,47,10,-1
4103,140,47,10,-1
4104,140,47,10,-1
4105,140,47,10,-1
4106,140,47,10,-1
4107,140,47,10,-1
4108,140,47,10,-1
4109,140,47,10,-1
4110,140,47,10,-1
4111,140,47,10,-1
4112,140,47,10,-1
4113,140,47,10,-1
4114,140,47,10,-1
4115,140,47,10,-1
4116,140,47,10,-1
4117,140,47,10,-1
4118,140,47,10,-1
4119,140,47,10,-1
4120,140,47,10,-1
4121,140,47,10,-1
4122,140,47,10,-1
4123,140,47,10,-1
4124,140,47,10,-1
4125,140,47,10,-1
4126,140,47,10,-1
4127,140,47,10,-1
4128,140,47,10,-1
4129,140,47,10,-1
4130,140,47,10,-1
4131,140,47,10,-1
4132,140,47,9,-1
4133,139,47,10,-1
4134,140,47,10,-1
4135,140,47,10,-1
4136,140,47,10,-1
4137,140,47,10,-1
4138,140,47,10,-1
4139,140,47,10,-1
4140,139,47,10,-1
4141,140,47,10,-1
4142,140,47,10,-1
4143,140,47,10,-1
4144,140,47,10,-1
4145,140,47,10,-1
4146,140,47,10,-1
4147,140,47,10,-1
4148,140,47,10,-1
4149,140,47,10,-1
4150,140,47,10,-1
4151,140,47,10,-1
4152,140,47,10,-1
4153,140,47,10,-1
4154,140,47,10,-1
4155,140,47,10,-1
4156,140,47,10,-1
4157,140,47,10,-1
4158,140,47,10,-1
4159,140,47,10,-1
4160,140,47,10,-1
4161,140,47,10,-1
4162,140,47,10,-1
4163,140,47,10,-1
4164,140,47,10,-1
4165,140,47,10,-1
4166,140,47,10,-1
4167,140,47,10,-1
4168,140,47,10,-1
4169,140,47,10,-1
4170,140,47,10,-1
4171,140,47,10,-1
4172,140,47,10,-1
4173,140,47,10,-1
4174,140,47,10,-1
4175,140,47,10,-1
4176,140,47,10,-1
4177,140,47,10,-1
4178,140,47,10,-1
4179,140,47,10,-1
4180,140,47,10,-1
4181,140,47,10,-1
4182,140,47,10,-1
4183,140,47,10,-1
4184,140,47,10,-1
4185,140,47,10,-1
4186,140,47,10,-1
4187,140,47,10,-1
4188,140,47,10,-1
4189,140,46,10,-1
4190,140,47,10,-1
4191,140,47,10,-1
4192,140,47,10,-1
4193,140,47,10,-1
4194,140,47,10,-1
4195,140,47,10,-1
4196,140,47,10,-1
4197,140,47,10,-1
4198,140,47,10,-1
4199,140,47,10,-1
4200,140,47,10,-1
4201,140,47,10,-1
4202,140,47,10,-1
4203,140,47,10,-1
4204,140,47,10,-1
4205,140,47,10,-1
4206,140,47,10,-1
4207,140,47,10,-1
4208,140,47,10,-1
4209,140,47,10,-1
4210,140,47,10,-1
4211,140,47,10,-1
4212,140,47,10,-1
4213,140,47,10,-1
4214,140,47,10,-1
4215,139,47,10,-1
4216,140,47,10,-1
4217,140,47,10,-1
4218,140,47,10,-1
4219,140,47,10,-1
4220,140,47,10,-1
4221,140,47,10,-1
4222,140,47,10,-1
4223,140,47,10,-1
4224,139,47,10,-1
4225,140,47,10,-1
4226,140,47,10,-1
4227,140,47,10,-1
4228,140,47,10,-1
4229,140,47,10,-1
4230,140,47,10,-1
4231,140,47,10,-1
4232,140,47,10,-1
4233,140,47,10,-1
4234,140,47,10,-1
4235,140,47,10,-1
4236,140,47,10,-1
4237,140,47,10,-1
4238,140,47,10,-1
4239,140,47,10,-1
4240,139,47,10,-1
4241,140,47,10,-1
4242,140,47,10,-1
4243,140,47,10,-1
4244,140,47,10,-1
4245,140,47,10,-1
4246,140,47,10,-1
4247,140,47,10,-1
4248,140,47,10,-1
4249,140,47,10,-1
4250,139,47,10,-1
4251,140,47,10,-1
4252,140,47,10,-1
4253,140,47,10,-1
4254,140,47,10,-1
4255,140,47,10,-1
4256,140,47,10,-1
4257,140,47,10,-1
4258,140,47,10,-1
4259,140,47,10,-1
4260,140,47,10,-1
4261,140,47,10,-1
4262,140,47,10,-1
4263,140,47,10,-1
4264,140,47,10,-1
4265,140,47,10,-1
4266,140,47,10,-1
4267,140,47,10,-1
4268,140,47,10,-1
4269,140,47,10,-1
4270,140,47,10,-1
4271,140,47,10,-1
4272,140,47,10,-1
4273,140,47,10,-1
4274,140,47,10,-1
4275,140,47,10,-1
4276,140,47,10,-1
4277,140,47,10,-1
4278,140,47,10,-1
4279,140,47,10,-1
4280,140,47,10,-1
4281,140,47,10,-1
4282,140,47,10,-1
4283,140,47,10,-1
4284,140,47,10,-1
4285,140,47,10,1
4286,139,47,10,-1
4287,140,47,10,-1
4288,140,47,10,-1
4289,140,47,10,-1
4290,140,47,10,-1
4291,140,47,10,-1
4292,140,47,10,-1
4293,140,47,10,-1
4294,140,47,10,-1
4295,140,47,10,-1
4296,140,47,10,-1
4297,140,47,10,-1
4298,140,47,10,-1
4299,140,46,10,-1
4300,140,47,10,-1
4301,140,47,10,-1
4302,140,47,10,-1
4303,140,47,10,-1
4304,140,47,10,-1
4305,140,47,10,-1
4306,140,47,10,-1
4307,140,47,10,-1
4308,140,47,10,-1
4309,140,47,10,-1
4310,140,47,10,-1
4311,140,47,10,-1
4312,140,47,10,-1
4313,140,47,10,-1
4314,140,47,10,-1
4315,140,47,10,-1
4316,140,47,10,-1
4317,140,47,10,-1
4318,140,47,10,-1
4319,140,47,10,-1
4320,140,47,10,-1
4321,140,47,10,-1
4322,140,47,10,-1
4323,140,47,10,-1
4324,140,47,10,-1
4325,140,47,10,-1
4326,140,47,10,-1
4327,140,47,10,-1
4328,140,47,10,-1
4329,140,47,10,-1
4330,140,47,10,-1
4331,140,47,10,-1
4332,140,47,10,-1
4333,140,47,10,-1
4334,140,47,10,-1
4335,140,47,10,-1
4336,140,47,10,-1
4337,140,47,10,-1
4338,140,47,10,-1
4339,140,47,10,-1
4340,139,47,10,-1
4341,140,47,10,-1
4342,140,47,10,-1
4343,140,47,10,-1
4344,140,47,10,-1
4345,140,47,10,-1
4346,140,47,10,-1
4347,140,47,10,-1
4348,140,47,10,-1
4349,140,47,10,-1
4350,140,47,10,-1
4351,140,47,10,-1
4352,140,47,10,-1
4353,140,47,10,-1
4354,140,47,10,-1
4355,140,47,10,-1
4356,140,47,10,-1
4357,140,47,10,-1
4358,140,47,10,-1
4359,139,47,10,-1
4360,140,47,10,-1
4361,140,47,10,-1
4362,140,47,10,-1
4363,140,47,10,-1
4364,140,47,10,-1
4365,140,47,10,-1
4366,140,47,10,-1
4367,140,47,10,-1
4368,140,47,10,-1
4369,140,47,10,-1
4370,140,47,10,-1
4371,140,47,10,-1
4372,140,47,10,-1
4373,140,47,10,-1
4374,140,47,10,-1
4375,140,47,10,-1
4376,140,47,10,-1
4377,140,47,10,-1
4378,140,47,10,-1
4379,140,47,10,-1
4380,140,47,10,-1
4381,140,47,10,-1
4382,140,47,10,-1
4383,140,47,10,-1
4384,140,47,10,-1
4385,140,47,10,-1
4386,140,47,10,-1
4387,140,47,10,-1
4388,140,47,10,-1
4389,140,47,10,-1
4390,140,47,10,-1
4391,140,47,10,-1
4392,140,47,10,-1
4393,140,47,10,-1
4394,140,47,10,-1
4395,140,47,10,-1
4396,140,47,10,-1
4397,140,47,10,-1
4398,140,47,10,-1
4399,140,47,10,-1
4400,140,47,10,-1
4401,140,47,10,-1
4402,140,47,10,-1
4403,140,47,10,-1
4404,140,47,10,-1
4405,140,47,10,-1
4406,140,47,10,-1
4407,140,47,10,-1
4408,140,47,10,-1
4409,140,47,10,-1
4410,140,47,10,-1
4411,140,47,10,-1
4412,140,47,10,-1
4413,140,47,10,-1
4414,139,47,10,-1
4415,140,47,10,-1
4416,140,47,10,-1
4417,140,47,10,-1
4418,140,47,10,-1
4419,140,47,10,-1
4420,140,47,10,-1
4421,140,47,10,-1
4422,140,47,10,-1
4423,140,47,10,-1
4424,140,47,10,-1
4425,140,47,10,-1
4426,140,47,10,-1
4427,140,47,10,-1
4428,139,47,10,-1
4429,140,47,10,-1
4430,140,47,10,-1
4431,140,47,10,-1
4432,140,47,10,-1
4433,140,47,10,-1
4434,140,47,10,-1
4435,140,47,10,-1
4436,140,47,10,-1
4437,140,47,10,-1
4438,140,47,10,-1
4439,140,47,10,-1
4440,140,47,10,-1
4441,140,47,10,-1
4442,139,47,10,-1
4443,140,47,10,-1
4444,140,47,10,-1
4445,140,47,10,-1
4446,140,47,10,-1
4447,140,47,10,-1
4448,140,47,10,-1
4449,140,47,10,-1
4450,140,47,10,-1
4451,140,47,10,-1
4452,140,47,10,-1
4453,140,47,10,-1
4454,140,47,10,-1
4455,140,47,10,-1
4456,140,47,10,-1
4457,140,47,10,-1
4458,140,47,10,-1
4459,140,47,10,-1
4460,140,47,10,-1
4461,140,47,10,-1
4462,140,47,10,-1
4463,140,47,10,-1
4464,140,47,10,-1
4465,140,47,10,-1
4466,140,47,10,-1
4467,140,47,10,-1
4468,140,47,9,-1
4469,140,47,10,-1
4470,140,47,10,-1
4471,140,47,10,-1
4472,140,47,10,-1
4473,140,47,10,-1
4474,140,47,10,-1
4475,140,47,10,-1
4476,140,47,10,-1
4477,140,47,10,-1
4478,140,47,10,-1
4479,140,47,10,-1
4480,140,47,10,-1
4481,140,47,10,-1
4482,140,47,10,-1
4483,140,47,10,-1
4484,140,47,10,-1
4485,140,47,10,-1
4486,140,47,10,-1
4487,140,47,10,-1
4488,140,47,10,-1
4489,140,47,10,-1
4490,140,47,10,-1
4491,140,47,10,-1
4492,140,47,10,-1
4493,140,47,10,-1
4494,140,47,10,-1
4495,140,47,10,-1
4496,140,47,10,-1
4497,140,47,10,-1
4498,140,47,10,-1
4499,140,47,10,-1
4500,140,47,10,-1
4501,139,47,10,-1
4502,140,47,10,-1
4503,140,47,10,-1
4504,140,47,10,-1
4505,140,47,10,-1
4506,140,47,10,-1
4507,140,47,10,-1
4508,140,47,10,-1
4509,140,47,10,-1
4510,139,47,10,-1
4511,140,47,10,-1
4512,140,47,10,-1
4513,140,47,10,-1
4514,140,47,10,-1
4515,140,47,10,-1
4516,140,47,10,-1
4517,140,47,10,-1
4518,140,47,10,-1
4519,140,47,10,-1
4520,140,47,10,-1
4521,140,47,10,-1
4522,140,47,10,-1
4523,140,47,10,-1
4524,140,47,10,-1
4525,140,47,10,-1
4526,140,47,10,-1
4527,140,47,10,-1
4528,140,47,10,-1
4529,140,47,10,-1
4530,140,47,10,-1
4531,140,47,10,-1
4532,140,47,10,-1
4533,140,47,10,-1
4534,140,47,10,-1
4535,140,47,10,-1
4536,140,47,10,-1
4537,140,47,10,-1
4538,140,47,10,-1
4539,140,47,10,-1
4540,140,47,10,-1
4541,140,47,10,-1
4542,140,47,10,-1
4543,140,47,10,-1
4544,140,47,10,-1
4545,140,47,10,-1
4546,140,47,10,-1
4547,140,47,10,-1
4548,140,47,10,-1
4549,140,47,10,-1
4550,140,47,10,-1
4551,140,47,10,-1
4552,140,47,10,-1
4553,140,47,10,-1
4554,140,47,10,-1
4555,140,47,10,-1
4556,140,47,10,-1
4557,140,47,10,-1
4558,140,47,10,-1
4559,140,47,10,-1
4560,140,47,10,-1
4561,140,47,10,-1
4562,140,47,10,-1
4563,140,47,10,-1
4564,140,47,10,-1
4565,140,47,10,-1
4566,140,47,10,-1
4567,140,47,10,-1
4568,140,47,10,-1
4569,140,47,10,-1
4570,140,47,10,-1
4571,140,47,10,-1
4572,140,47,10,-1
4573,140,47,10,-1
4574,140,47,10,-1
4575,140,47,10,-1
4576,140,47,10,-1
4577,140,47,10,-1
4578,140,47,10,-1
4579,140,47,10,-1
4580,140,47,10,-1
4581,140,47,10,-1
4582,140,47,10,-1
4583,140,47,10,-1
4584,140,47,10,-1
4585,140,47,10,-1
4586,140,47,10,-1
4587,140,47,10,-1
4588,140,47,10,-1
4589,140,47,10,-1
4590,140,47,10,-1
4591,140,47,10,-1
4592,140,47,10,-1
4593,140,47,10,-1
4594,140,47,10,-1
4595,140,47,10,-1
4596,140,47,10,-1
4597,140,47,10,-1
4598,140,47,10,-1
4599,140,47,10,-1
4600,140,47,10,-1
4601,140,47,10,-1
4602,140,47,10,-1
4603,139,47,10,-1
4604,140,47,10,-1
4605,140,47,10,-1
4606,140,47,10,-1
4607,140,47,10,-1
4608,140,47,10,-1
4609,140,47,10,-1
4610,140,47,10,-1
4611,140,47,10,-1
4612,140,47,10,-1
4613,140,47,10,-1
4614,140,47,10,-1
4615,140,47,10,-1
4616,140,47,10,-1
4617,140,47,10,-1
4618,140,47,10,-1
4619,140,47,10,-1
4620,140,47,10,-1
4621,140,47,10,-1
4622,140,47,10,-1
4623,140,47,10,-1
4624,140,47,10,-1
4625,140,47,10,-1
4626,140,47,10,-1
4627,140,47,10,-1
4628,140,47,10,-1
4629,140,47,10,-1
4630,140,47,10,-1
4631,140,47,10,-1
4632,140,47,10,-1
4633,140,47,10,-1
4634,140,47,10,-1
4635,140,47,10,-1
4636,140,47,10,-1
4637,140,47,10,-1
4638,140,47,10,-1
4639,140,47,10,-1
4640,140,47,10,-1
4641,140,47,10,-1
4642,140,47,10,-1
4643,140,47,10,-1
4644,140,47,10,-1
4645,140,47,10,-1
4646,140,47,10,-1
4647,140,47,10,-1
4648,140,47,10,-1
4649,140,47,10,-1
4650,140,47,10,-1
4651,140,47,10,-1
4652,140,47,10,-1
4653,140,47,10,-1
4654,140,47,10,-1
4655,140,47,10,-1
4656,140,47,10,-1
4657,140,47,10,-1
4658,140,47,10,-1
4659,140,47,10,-1
4660,140,47,10,-1
4661,140,47,10,-1
4662,140,47,10,-1
4663,140,47,10,-1
4664,140,47,10,-1
4665,140,47,10,-1
4666,140,47,10,-1
4667,140,47,10,-1
4668,140,47,10,-1
4669,140,47,10,-1
4670,140,47,10,-1
4671,140,47,10,-1
4672,140,47,10,-1
4673,140,47,10,-1
4674,140,47,10,-1
4675,140,47,10,-1
4676,140,47,10,-1
4677,140,47,10,-1
4678,140,47,10,-1
4679,140,47,10,-1
4680,140,47,10,-1
4681,3,3,3,-1
4682,9,9,6,-1
4683,27,27,10,-1
4684,79,46,10,-1
4685,140,47,10,-1
4686,140,47,10,-1
4687,140,47,10,-1
4688,140,47,10,-1
4689,140,47,10,-1
4690,140,47,10,-1
4691,140,47,10,-1
4692,140,47,10,-1
4693,140,47,10,-1
4694,140,47,10,-1
4695,140,47,10,-1
4696,140,47,10,-1
4697,140,47,10,-1
4698,140,47,10,-1
4699,140,47,10,-1
4700,140,47,10,-1
4701,140,47,10,-1
4702,140,47,10,-1
4703,140,47,10,-1
4704,140,47,10,-1
4705,140,47,10,-1
4706,140,47,10,-1
4707,140,47,10,-1
4708,140,47,10,-1
4709,140,47,10,-1
4710,140,47,10,-1
4711,140,47,10,-1
4712,140,47,10,-1
4713,140,47,10,-1
4714,140,47,10,-1
4715,140,47,10,-1
4716,140,47,10,-1
4717,140,47,10,-1
4718,140,47,10,-1
4719,140,47,10,-1
4720,140,47,10,-1
4721,140,47,10,-1
4722,140,47,10,-1
4723,140,47,10,-1
4724,140,47,10,-1
4725,139,47,10,-1
4726,139,47,10,-1
4727,140,47,10,-1
4728,140,47,10,-1
4729,140,47,10,-1
4730,140,47,10,-1
4731,140,47,10,-1
4732,140,47,10,-1
4733,140,47,10,-1
4734,140,47,10,-1
4735,140,47,10,-1
4736,140,47,10,-1
4737,140,47,10,-1
4738,140,47,10,-1
4739,140,47,10,-1
4740,140,47,10,-1
4741,140,47,10,-1
4742,140,47,10,-1
4743,140,47,10,-1
4744,140,47,10,-1
4745,140,47,10,-1
4746,140,47,10,-1
4747,140,47,10,-1
4748,140,47,10,-1
4749,140,47,10,-1
4750,140,47,10,-1
4751,140,47,10,-1
4752,140,47,10,-1
4753,140,47,10,-1
4754,140,47,10,-1
4755,140,47,10,-1
4756,140,47,10,-1
4757,140,47,10,-1
4758,140,47,10,-1
4759,140,47,10,-1
4760,140,47,10,-1
4761,140,47,10,-1
4762,140,47,10,-1
4763,140,47,10,-1
4764,140,47,10,-1
4765,140,47,10,-1
4766,140,47,10,-1
4767,140,47,10,-1
4768,140,47,10,-1
4769,140,47,10,-1
4770,140,47,10,-1
4771,140,47,10,-1
4772,140,47,10,-1
4773,140,47,10,-1
4774,140,47,10,-1
4775,140,47,10,-1
4776,140,47,10,-1
4777,140,47,10,-1
4778,140,47,10,-1
4779,140,47,10,-1
4780,140,47,10,-1
4781,140,47,10,-1
4782,140,47,10,-1
4783,140,47,10,-1
4784,140,47,10,-1
4785,140,47,10,-1
4786,140,47,10,-1
4787,140,47,10,-1
4788,140,47,10,-1
4789,140,47,10,-1
4790,140,47,10,-1
4791,140,47,10,-1
4792,140,47,10,-1
4793,140,47,10,-1
4794,140,47,10,-1
4795,140,47,10,-1
4796,140,47,10,-1
4797,140,47,10,-1
4798,140,47,10,-1
4799,140,47,10,-1
4800,140,47,10,-1
4801,140,47,10,-1
4802,140,47,10,-1
4803,140,47,10,-1
4804,140,47,10,-1
4805,140,47,10,-1
4806,140,47,10,-1
4807,140,47,10,-1
4808,140,47,10,-1
4809,140,47,10,-1
4810,140,47,10,-1
4811,140,47,10,-1
4812,140,47,10,-1
4813,140,47,10,-1
4814,140,47,10,-1
4815,140,47,10,-1
4816,140,47,10,-1
4817,140,47,10,-1
4818,139,47,10,-1
4819,140,47,10,-1
4820,140,47,10,-1
4821,140,47,10,-1
4822,140,47,10,-1
4823,140,47,10,-1
4824,140,47,10,-1
4825,140,47,10,-1
4826,140,47,10,-1
4827,140,47,10,-1
4828,140,47,10,-1
4829,140,47,10,-1
4830,140,47,10,-1
4831,140,47,10,-1
4832,140,47,10,-1
4833,140,47,10,-1
4834,140,47,10,-1
4835,140,47,10,-1
4836,140,47,10,-1
4837,140,47,10,-1
4838,140,47,10,-1
4839,140,47,10,-1
4840,140,47,10,-1
4841,140,47,10,-1
4842,140,47,10,-1
4843,140,47,10,-1
4844,140,47,10,-1
4845,140,47,10,-1
4846,140,47,10,-1
4847,140,47,10,-1
4848,140,47,10,-1
4849,140,47,10,-1
4850,140,47,10,-1
4851,140,47,10,-1
4852,140,47,10,-1
4853,140,47,10,-1
4854,140,47,10,-1
4855,140,47,10,-1
4856,140,47,10,-1
4857,140,47,10,-1
4858,140,47,10,-1
4859,140,47,10,-1
4860,140,47,10,-1
4861,140,47,10,-1
4862,140,47,10,-1
4863,140,47,10,-1
4864,140,47,10,-1
4865,140,47,10,-1
4866,140,47,10,-1
4867,140,47,10,-1
4868,139,47,10,-1
4869,140,47,10,-1
4870,140,47,10,-1
4871,140,47,10,-1
4872,140,47,10,-1
4873,140,47,10,-1
4874,140,47,10,-1
4875,140,47,10,-1
4876,140,47,10,-1
4877,140,47,10,-1
4878,140,47,10,-1
4879,140,47,10,-1
4880,140,47,10,-1
4881,140,47,10,-1
4882,140,47,10,-1
4883,140,47,10,-1
4884,140,47,10,-1
4885,140,47,10,-1
4886,140,47,10,-1
4887,140,47,10,-1
4888,140,47,10,-1
4889,140,47,10,-1
4890,140,47,10,-1
4891,140,47,10,-1
4892,140,47,10,-1
4893,140,47,10,-1
4894,140,47,10,-1
4895,139,47,10,-1
4896,140,47,10,-1
4897,140,47,10,-1
4898,140,47,10,-1
4899,140,47,10,-1
4900,140,47,10,-1
4901,140,47,10,-1
4902,140,47,10,-1
4903,140,47,10,-1
4904,140,47,10,-1
4905,140,47,10,-1
4906,140,47,10,-1
4907,140,47,10,-1
4908,140,47,10,-1
4909,140,47,10,1
4910,140,47,10,-1
4911,140,47,10,-1
4912,140,47,10,-1
4913,140,47,10,-1
4914,140,47,10,-1
4915,140,47,10,-1
4916,140,47,10,-1
4917,140,47,10,-1
4918,140,47,10,-1
4919,140,47,10,-1
4920,140,47,10,-1
4921,140,47,10,-1
4922,140,47,10,-1
4923,140,47,10,-1
4924,140,47,10,-1
4925,140,47,10,-1
4926,140,47,10,-1
4927,140,47,10,-1
4928,140,47,10,-1
4929,140,47,10,-1
4930,140,47,10,-1
4931,140,47,10,-1
4932,140,47,10,-1
4933,140,47,10,-1
4934,140,47,10,-1
4935,140,47,10,-1
4936,140,47,10,-1
4937,140,47,10,-1
4938,140,47,10,-1
4939,140,47,10,-1
4940,139,47,10,-1
4941,140,47,10,-1
4942,139,47,10,-1
4943,140,47,10,-1
4944,140,47,10,-1
4945,140,47,10,-1
4946,140,47,10,-1
4947,140,47,10,-1
4948,140,47,10,-1
4949,140,47,10,-1
4950,140,47,10,-1
4951,140,47,10,-1
4952,140,47,10,-1
4953,139,47,10,-1
4954,140,47,10,-1
4955,140,47,10,-1
4956,140,47,10,-1
4957,140,47,10,-1
4958,140,47,10,-1
4959,140,47,10,-1
4960,140,47,10,-1
4961,140,47,10,-1
4962,140,47,10,-1
4963,140,47,10,-1
4964,140,47,10,-1
4965,140,47,10,-1
4966,140,47,10,-1
4967,140,47,10,-1
4968,139,47,10,-1
4969,140,47,10,-1
4970,140,47,10,-1
4971,140,47,10,-1
4972,140,47,10,-1
4973,140,47,10,-1
4974,140,47,10,-1
4975,140,47,10,-1
4976,140,47,10,-1
4977,140,47,10,-1
4978,140,47,10,-1
4979,140,47,10,-1
4980,140,47,10,-1
4981,140,47,10,-1
4982,140,47,10,-1
4983,140,47,10,-1
4984,140,47,10,-1
4985,140,47,10,-1
4986,140,47,10,-1
4987,140,47,10,-1
4988,139,47,10,-1
4989,140,47,10,-1
4990,140,47,10,-1
4991,139,47,10,-1
4992,140,47,10,-1
4993,140,47,10,-1
4994,140,47,10,-1
4995,140,47,10,-1
4996,140,47,10,-1
4997,140,47,10,-1
4998,140,47,10,-1
4999,140,47,10,-1
5000,140,47,10,-1
5001,140,47,10,-1
5002,140,47,10,-1
5003,140,47,10,-1
5004,140,47,10,-1
5005,140,47,10,-1
5006,140,47,10,-1
5007,140,47,10,-1
5008,140,47,10,-1
5009,140,47,10,-1
5010,140,47,10,-1
5011,140,47,10,-1
5012,140,47,10,-1
5013,140,47,10,-1
5014,140,47,10,-1
5015,140,47,10,-1
5016,140,47,10,-1
5017,140,47,10,-1
5018,140,47,10,-1
5019,140,47,10,-1
5020,140,47,10,-1
5021,140,47,10,-1
5022,140,47,10,-1
5023,140,47,10,-1
5024,140,47,10,-1
5025,140,47,10,-1
5026,140,47,10,-1
5027,140,47,10,-1
5028,140,47,10,-1
5029,140,47,10,-1
5030,140,47,10,-1
5031,140,47,10,-1
5032,140,47,10,-1
5033,140,47,10,-1
5034,140,47,10,-1
5035,140,47,10,-1
5036,140,47,10,-1
5037,140,47,10,-1
5038,140,47,10,-1
5039,140,47,10,-1
5040,140,47,10,-1
5041,140,47,10,-1
5042,140,47,10,-1
5043,140,47,10,-1
5044,140,47,10,-1
5045,140,47,10,-1
5046,140,47,10,-1
5047,140,47,10,-1
5048,140,47,10,-1
5049,140,47,10,-1
5050,140,47,10,-1
5051,140,47,10,-1
5052,140,47,10,-1
5053,140,47,10,-1
5054,140,47,10,-1
5055,140,47,10,-1
5056,140,47,10,-1
5057,140,47,10,-1
5058,140,47,10,-1
5059,140,47,10,-1
5060,140,47,10,-1
5061,140,47,10,-1
5062,140,47,10,-1
5063,140,47,10,-1
5064,140,47,10,-1
5065,140,47,10,-1
5066,140,47,10,-1
5067,140,47,10,-1
5068,140,47,10,-1
5069,140,47,10,-1
5070,140,47,10,-1
5071,140,47,10,-1
5072,140,47,10,-1
5073,140,47,10,-1
5074,140,47,10,-1
5075,140,47,10,-1
5076,139,47,10,-1
5077,140,47,10,-1
5078,140,47,10,-1
5079,140,47,10,-1
5080,140,47,10,-1
5081,139,47,10,-1
5082,140,47,10,-1
5083,140,47,10,-1
5084,140,47,10,-1
5085,140,47,10,-1
5086,140,47,10,-1
5087,139,47,10,-1
5088,140,47,10,-1
5089,140,47,10,-1
5090,140,47,10,-1
5091,140,47,10,-1
5092,140,47,10,-1
5093,140,47,10,-1
5094,139,47,10,-1
5095,140,47,10,-1
5096,140,47,10,-1
5097,140,47,10,-1
5098,140,47,10,-1
5099,140,47,10,-1
5100,140,47,10,-1
5101,140,47,10,-1
5102,140,47,10,-1
5103,140,47,10,-1
5104,140,47,10,-1
5105,140,47,10,-1
5106,140,47,10,-1
5107,140,47,10,-1
5108,140,47,10,-1
5109,140,47,10,-1
5110,140,47,10,-1
5111,140,47,10,-1
5112,140,47,10,-1
5113,140,47,10,-1
5114,140,47,10,-1
5115,139,47,10,-1
5116,140,47,10,-1
5117,140,47,10,-1
5118,140,47,10,-1
5119,140,47,10,-1
5120,140,47,10,-1
5121,140,47,10,-1
5122,140,47,10,-1
5123,140,47,10,-1
5124,140,47,10,-1
5125,140,47,10,-1
5126,140,47,10,-1
5127,140,47,10,-1
5128,140,47,10,-1
5129,140,47,10,-1
5130,140,47,10,-1
5131,140,47,10,-1
5132,140,47,10,-1
5133,140,47,10,-1
5134,140,47,10,-1
5135,140,47,10,-1
5136,140,47,10,-1
5137,140,47,10,-1
5138,140,47,10,-1
5139,140,47,10,-1
5140,140,47,10,-1
5141,140,47,10,-1
5142,140,47,10,-1
5143,140,47,10,-1
5144,140,47,10,-1
5145,140,47,10,-1
5146,140,47,10,-1
5147,140,47,10,-1
5148,140,47,10,-1
5149,140,47,10,-1
5150,140,47,10,-1
5151,140,47,10,-1
5152,140,47,10,-1
5153,140,47,10,-1
5154,140,47,10,-1
5155,140,47,10,-1
5156,140,47,10,-1
5157,140,47,10,-1
5158,139,47,10,-1
5159,140,47,10,-1
5160,140,47,10,-1
5161,140,47,10,-1
5162,140,47,10,-1
5163,140,47,10,-1
5164,140,47,10,-1
5165,140,47,10,-1
5166,140,47,10,-1
5167,140,47,10,-1
5168,140,47,10,-1
5169,140,47,10,-1
5170,139,47,10,-1
5171,140,47,10,-1
5172,140,47,10,-1
5173,140,47,10,-1
5174,140,47,10,-1
5175,140,47,10,-1
5176,140,47,10,-1
5177,140,47,10,-1
5178,140,47,10,-1
5179,140,47,10,-1
5180,140,47,10,-1
5181,140,47,10,-1
5182,139,47,10,-1
5183,140,47,10,-1
5184,140,47,10,-1
5185,140,47,10,-1
5186,140,47,10,-1
5187,140,47,10,-1
5188,140,47,10,-1
5189,140,47,10,-1
5190,140,47,10,-1
5191,140,47,10,-1
5192,140,47,10,-1
5193,140,47,10,-1
5194,140,47,10,-1
5195,140,47,10,-1
5196,140,47,10,-1
5197,140,47,10,-1
5198,140,47,10,-1
5199,140,47,10,-1
5200,140,47,10,-1
5201,140,47,10,-1
5202,140,47,10,-1
5203,140,47,10,-1
5204,140,47,10,-1
5205,140,47,10,-1
5206,140,47,10,-1
5207,140,47,10,-1
5208,140,47,10,-1
5209,140,47,10,-1
5210,140,47,10,-1
5211,140,47,10,-1
5212,140,47,10,-1
5213,140,47,10,-1
5214,140,47,10,-1
5215,140,47,10,-1
5216,140,47,10,-1
5217,140,47,10,-1
5218,140,47,10,-1
5219,140,47,10,-1
5220,140,47,10,-1
5221,140,47,10,-1
5222,140,47,10,-1
5223,140,47,10,-1
5224,140,47,10,-1
5225,140,47,10,-1
5226,140,47,10,-1
5227,140,47,10,-1
5228,140,47,10,-1
5229,140,47,10,-1
5230,140,47,10,-1
5231,140,47,10,-1
5232,140,47,10,-1
5233,139,47,10,-1
5234,140,47,10,-1
5235,140,47,10,-1
5236,140,47,10,-1
5237,140,47,10,-1
5238,140,47,10,-1
5239,140,47,10,-1
5240,140,47,10,-1
5241,140,47,10,-1
5242,140,47,10,-1
5243,140,47,10,-1
5244,139,47,10,-1
5245,140,47,10,-1
5246,140,47,10,-1
5247,140,47,10,-1
5248,140,47,10,-1
5249,140,47,10,-1
5250,140,47,10,-1
5251,140,47,10,-1
5252,140,47,10,-1
5253,140,47,10,-1
5254,140,47,10,-1
5255,140,47,10,-1
5256,140,47,10,-1
5257,140,47,10,-1
5258,140,47,10,-1
5259,140,47,10,-1
5260,140,47,10,-1
5261,140,47,10,-1
5262,140,47,10,-1
5263,140,47,10,-1
5264,140,47,10,-1
5265,140,47,10,-1
5266,140,47,10,-1
5267,140,47,10,-1
5268,140,47,10,-1
5269,140,47,10,-1
5270,140,47,10,-1
5271,140,47,10,-1
5272,140,47,10,-1
5273,140,47,10,-1
5274,140,47,10,-1
5275,140,47,10,-1
5276,140,47,10,-1
5277,140,47,10,-1
5278,140,47,10,-1
5279,140,47,10,-1
5280,140,47,10,-1
5281,140,47,10,-1
5282,140,47,10,-1
5283,140,47,10,-1
5284,140,47,10,-1
5285,140,47,10,-1
5286,140,47,10,-1
5287,140,47,10,-1
5288,140,47,10,-1
5289,140,47,10,-1
5290,140,47,10,-1
5291,140,47,10,-1
5292,140,47,10,-1
5293,140,47,9,-1
5294,140,47,10,-1
5295,140,47,10,-1
5296,140,47,10,-1
5297,140,47,10,-1
5298,140,47,10,-1
5299,140,47,10,-1
5300,140,47,10,-1
5301,140,47,10,-1
5302,140,47,10,-1
5303,140,47,10,-1
5304,140,47,10,-1
5305,140,47,10,-1
5306,140,47,10,-1
5307,140,47,10,-1
5308,140,47,10,-1
5309,140,47,10,-1
5310,140,47,10,-1
5311,140,47,10,-1
5312,140,47,10,-1
5313,140,47,10,-1
5314,140,47,10,-1
5315,140,47,10,-1
5316,140,47,10,-1
5317,140,47,10,-1
5318,140,47,10,-1
5319,140,47,10,-1
5320,140,47,10,-1
5321,140,47,10,-1
5322,140,47,10,-1
5323,140,47,10,-1
5324,140,47,10,-1
5325,140,47,10,-1
5326,140,47,10,-1
5327,140,47,10,-1
5328,140,47,10,-1
5329,139,47,10,-1
5330,140,47,10,-1
5331,140,47,10,-1
5332,140,47,10,-1
5333,140,47,10,-1
5334,140,47,10,-1
5335,140,47,10,-1
5336,140,47,10,-1
5337,140,47,10,-1
5338,140,47,10,-1
5339,140,47,10,-1
5340,140,47,10,-1
5341,140,47,10,-1
5342,140,47,10,-1
5343,140,47,10,-1
5344,140,47,10,-1
5345,140,47,10,-1
5346,140,47,10,-1
5347,140,47,10,-1
5348,140,47,10,-1
5349,140,47,10,-1
5350,139,47,10,-1
5351,140,47,10,-1
5352,140,47,10,-1
5353,140,47,10,-1
5354,140,47,10,-1
5355,140,47,10,-1
5356,140,47,10,-1
5357,140,47,10,-1
5358,140,47,10,-1
5359,139,47,10,-1
5360,140,47,10,-1
5361,140,47,10,-1
5362,140,47,10,-1
5363,140,47,10,-1
5364,140,47,10,-1
5365,140,47,10,-1
5366,140,47,10,-1
5367,140,47,10,-1
5368,140,47,10,-1
5369,140,47,10,-1
5370,140,47,10,-1
5371,140,47,10,-1
5372,140,47,10,-1
5373,140,47,10,-1
5374,140,47,10,-1
5375,139,47,10,-1
5376,140,47,10,-1
5377,140,47,10,-1
5378,140,47,10,-1
5379,140,47,10,-1
5380,140,47,10,-1
5381,140,47,10,-1
5382,140,47,10,-1
5383,140,47,10,-1
5384,140,47,10,-1
5385,140,47,10,-1
5386,140,47,10,-1
5387,140,47,10,-1
5388,140,47,10,-1
5389,140,47,10,-1
5390,140,47,10,-1
5391,140,47,10,-1
5392,139,47,10,-1
5393,140,47,10,-1
5394,140,47,10,-1
5395,140,47,10,-1
5396,139,47,10,-1
5397,140,47,10,-1
5398,140,47,10,-1
5399,140,47,10,-1
5400,140,47,10,-1
5401,140,47,10,-1
5402,140,47,10,-1
5403,140,47,10,-1
5404,140,47,10,-1
5405,140,47,10,-1
5406,140,47,10,-1
5407,140,47,10,-1
5408,140,47,10,-1
5409,140,47,10,-1
5410,140,47,10,-1
5411,140,47,10,-1
5412,140,47,10,-1
5413,140,47,10,-1
5414,140,47,10,-1
5415,140,47,10,-1
5416,140,47,10,-1
5417,140,47,10,-1
5418,140,47,10,-1
5419,140,47,10,-1
5420,140,47,10,-1
5421,140,47,10,-1
5422,140,47,10,-1
5423,140,47,10,-1
5424,140,47,10,-1
5425,140,47,10,-1
5426,140,47,10,-1
5427,139,47,10,-1
5428,140,47,10,-1
5429,140,47,10,-1
5430,140,47,10,-1
5431,140,47,10,-1
5432,140,47,10,-1
5433,140,47,10,-1
5434,140,47,10,-1
5435,140,47,10,-1
5436,140,47,10,-1
5437,140,47,10,-1
5438,140,47,10,-1
5439,140,47,10,-1
5440,140,47,10,-1
5441,140,47,10,-1
5442,140,47,10,-1
5443,140,47,10,-1
5444,140,47,10,-1
5445,139,47,10,-1
5446,140,47,10,-1
5447,140,47,10,-1
5448,140,47,10,-1
5449,140,47,10,-1
5450,140,47,10,-1
5451,140,47,10,-1
5452,140,47,10,-1
5453,140,47,10,-1
5454,140,47,10,-1
5455,139,47,10,-1
5456,140,47,10,-1
5457,140,47,10,-1
5458,140,47,10,-1
5459,140,47,10,-1
5460,140,47,10,-1
5461,140,47,10,-1
5462,140,47,10,-1
5463,140,47,10,-1
5464,140,47,10,-1
5465,140,47,10,-1
5466,140,47,10,-1
5467,140,47,10,-1
5468,140,47,10,-1
5469,140,47,10,-1
5470,140,47,10,-1
5471,140,47,10,-1
5472,140,47,10,-1
5473,140,47,10,-1
5474,140,47,10,-1
5475,140,47,10,-1
5476,140,47,10,-1
5477,140,47,10,-1
5478,140,47,10,-1
5479,139,47,10,-1
5480,139,47,10,-1
5481,140,47,10,-1
5482,140,47,10,-1
5483,140,47,10,-1
5484,140,47,10,-1
5485,140,47,10,-1
5486,140,47,10,-1
5487,140,47,10,-1
5488,140,47,10,-1
5489,140,47,10,-1
5490,140,47,10,-1
5491,140,47,10,-1
5492,140,47,10,-1
5493,140,47,10,-1
5494,140,47,10,-1
5495,140,47,10,-1
5496,140,47,10,-1
5497,140,47,10,-1
5498,140,47,10,-1
5499,140,47,10,-1
5500,140,47,10,-1
5501,140,47,10,-1
5502,140,47,10,-1
5503,140,47,10,-1
5504,140,47,10,-1
5505,140,47,10,-1
5506,140,47,10,-1
5507,140,47,10,-1
5508,140,47,10,-1
5509,140,47,10,-1
5510,140,47,10,-1
5511,140,47,10,-1
5512,140,47,10,-1
5513,140,47,10,-1
5514,140,47,10,-1
5515,140,47,10,-1
5516,140,47,10,-1
5517,140,47,10,-1
5518,140,47,10,-1
5519,140,47,10,-1
5520,140,47,10,-1
5521,140,47,10,-1
5522,140,47,10,-1
5523,140,47,10,-1
5524,140,47,10,-1
5525,140,47,10,-1
5526,140,47,10,-1
5527,140,47,10,-1
5528,140,47,10,-1
5529,140,47,10,-1
5530,139,47,10,-1
5531,140,47,10,-1
5532,140,47,10,-1
5533,140,47,10,1
5534,140,47,10,-1
5535,140,47,10,-1
5536,139,47,10,-1
5537,140,47,10,-1
5538,140,47,10,-1
5539,140,47,10,-1
5540,140,47,10,-1
5541,140,47,10,-1
5542,140,47,10,-1
5543,140,47,10,-1
5544,140,47,10,-1
5545,140,47,10,-1
5546,140,47,10,-1
5547,140,47,10,-1
5548,140,47,10,-1
5549,140,47,10,-1
5550,140,47,10,-1
5551,140,47,10,-1
5552,140,47,10,-1
5553,140,46,10,-1
5554,140,47,10,-1
5555,140,47,10,-1
5556,140,47,10,-1
5557,140,47,10,-1
5558,140,47,10,-1
5559,140,47,10,-1
5560,140,47,10,-1
5561,140,47,10,-1
5562,140,47,10,-1
5563,140,47,10,-1
5564,140,47,10,-1
5565,140,47,10,-1
5566,140,47,10,-1
5567,140,47,10,-1
5568,140,47,10,-1
5569,140,47,10,-1
5570,140,47,10,-1
5571,140,47,10,-1
5572,140,47,10,-1
5573,140,47,10,-1
5574,140,47,10,-1
5575,140,47,10,-1
5576,140,47,10,-1
5577,140,47,10,-1
5578,140,47,10,-1
5579,140,47,10,-1
5580,140,47,10,-1
5581,140,47,10,-1
5582,140,47,10,-1
5583,140,47,10,-1
5584,140,47,10,-1
5585,140,47,10,-1
5586,140,47,10,-1
5587,140,47,10,-1
5588,140,47,10,-1
5589,140,47,10,-1
5590,140,47,10,-1
5591,140,47,10,-1
5592,140,47,10,-1
5593,140,47,10,-1
5594,140,47,10,-1
5595,140,47,10,-1
5596,140,47,10,-1
5597,140,47,10,-1
5598,140,47,10,-1
5599,140,47,10,-1
5600,140,47,10,-1
5601,140,47,10,-1
5602,140,47,10,-1
5603,140,47,10,-1
5604,140,47,10,-1
5605,140,47,10,-1
5606,140,47,10,-1
5607,139,47,10,-1
5608,140,47,10,-1
5609,140,47,10,-1
5610,140,47,10,-1
5611,140,47,10,-1
5612,140,47,10,-1
5613,140,47,10,-1
5614,140,47,10,-1
5615,140,47,10,-1
5616,140,47,10,-1
5617,139,47,10,-1
5618,140,47,10,-1
5619,140,47,10,-1
5620,140,47,10,-1
5621,140,47,10,-1
5622,140,47,10,-1
5623,140,47,10,-1
5624,140,47,10,-1
5625,140,47,10,-1
5626,140,47,10,-1
5627,140,47,10,-1
5628,140,47,10,-1
5629,140,47,10,-1
5630,140,47,10,-1
5631,140,47,10,-1
5632,140,47,10,-1
5633,140,47,10,-1
5634,140,47,10,-1
5635,140,47,10,-1
5636,140,47,10,-1
5637,140,47,10,-1
5638,139,47,10,-1
5639,140,47,10,-1
5640,140,47,10,-1
5641,140,47,10,-1
5642,140,47,10,-1
5643,139,47,10,-1
5644,140,47,10,-1
5645,140,47,10,-1
5646,140,47,10,-1
5647,140,47,10,-1
5648,140,47,10,-1
5649,140,47,10,-1
5650,140,47,10,-1
5651,140,47,10,-1
5652,139,47,10,-1
5653,140,47,10,-1
5654,140,47,10,-1
5655,140,47,10,-1
5656,140,47,10,-1
5657,140,47,10,-1
5658,140,47,10,-1
5659,140,47,10,-1
5660,140,47,10,-1
5661,140,47,10,-1
5662,140,47,10,-1
5663,140,47,10,-1
5664,140,47,10,-1
5665,140,47,10,-1
5666,140,47,10,-1
5667,140,47,10,-1
5668,139,47,10,-1
5669,140,47,10,-1
5670,140,47,10,-1
5671,140,47,10,-1
5672,140,47,10,-1
5673,140,47,10,-1
5674,140,47,10,-1
5675,140,47,10,-1
5676,140,47,10,-1
5677,140,47,10,-1
5678,140,47,10,-1
5679,140,47,10,-1
5680,140,47,10,-1
5681,140,47,10,-1
5682,140,47,10,-1
5683,140,47,10,-1
5684,140,47,10,-1
5685,139,47,10,-1
5686,140,47,10,-1
5687,140,47,10,-1
5688,140,47,10,-1
5689,140,47,10,-1
5690,140,47,10,-1
5691,140,47,10,-1
5692,140,47,10,-1
5693,140,47,10,-1
5694,140,47,10,-1
5695,140,47,10,-1
5696,140,47,10,-1
5697,140,47,10,-1
5698,140,47,10,-1
5699,140,47,10,-1
5700,140,47,10,-1
5701,139,47,10,-1
5702,140,47,10,-1
5703,140,47,10,-1
5704,140,47,10,-1
5705,140,47,10,-1
5706,140,47,10,-1
5707,140,47,10,-1
5708,139,47,10,-1
5709,140,47,10,-1
5710,140,47,10,-1
5711,140,47,10,-1
5712,140,47,10,-1
5713,140,47,10,-1
5714,140,47,10,-1
5715,140,47,10,-1
5716,139,47,10,-1
5717,140,47,10,-1
5718,140,47,10,-1
5719,140,47,10,-1
5720,140,47,10,-1
5721,140,47,10,-1
5722,140,47,10,-1
5723,140,47,10,-1
5724,140,47,10,-1
5725,140,47,10,-1
5726,140,47,10,-1
5727,140,47,10,-1
5728,140,47,10,-1
5729,140,47,10,-1
5730,140,47,10,-1
5731,140,47,10,-1
5732,140,47,10,-1
5733,140,47,10,-1
5734,140,47,10,-1
5735,140,47,10,-1
5736,140,47,10,-1
5737,140,47,10,-1
5738,140,47,10,-1
5739,140,47,10,-1
5740,140,47,10,-1
5741,140,47,10,-1
5742,140,47,10,-1
5743,140,47,10,-1
5744,140,47,10,-1
5745,140,47,10,-1
5746,140,47,10,-1
5747,140,47,10,-1
5748,140,47,10,-1
5749,140,47,10,-1
5750,140,47,10,-1
5751,140,47,10,-1
5752,140,47,10,-1
5753,140,47,10,-1
5754,140,47,10,-1
5755,140,47,10,-1
5756,140,47,10,-1
5757,140,47,10,-1
5758,140,47,10,-1
5759,140,47,10,-1
5760,140,47,10,-1
5761,140,47,10,-1
5762,140,47,10,-1
5763,140,47,10,-1
5764,140,47,10,-1
5765,140,47,10,-1
5766,140,47,10,-1
5767,140,47,10,-1
5768,140,47,10,-1
5769,140,47,10,-1
5770,140,47,10,-1
5771,139,47,10,-1
5772,140,47,10,-1
5773,140,47,10,-1
5774,140,47,10,-1
5775,140,47,10,-1
5776,140,47,10,-1
5777,140,47,10,-1
5778,140,47,10,-1
5779,140,47,10,-1
5780,140,47,10,-1
5781,140,47,10,-1
5782,140,47,10,-1
5783,140,47,10,-1
5784,140,47,10,-1
5785,140,47,10,-1
5786,140,47,10,-1
5787,140,47,10,-1
5788,140,47,10,-1
5789,140,47,10,-1
5790,140,47,10,-1
5791,140,47,10,-1
5792,140,47,10,-1
5793,140,47,10,-1
5794,140,47,10,-1
5795,140,47,10,-1
5796,140,47,10,-1
5797,140,47,10,-1
5798,140,47,10,-1
5799,140,47,10,-1
5800,140,47,10,-1
5801,140,47,10,-1
5802,140,47,10,-1
5803,140,47,10,-1
5804,140,47,10,-1
5805,140,47,10,-1
5806,140,47,10,-1
5807,140,47,10,-1
5808,140,47,10,-1
5809,140,47,10,-1
5810,140,47,10,-1
5811,140,47,10,-1
5812,140,47,10,-1
5813,140,47,10,-1
5814,140,47,10,-1
5815,140,47,10,-1
5816,140,47,10,-1
5817,140,47,10,-1
5818,140,47,10,-1
5819,140,47,10,-1
5820,140,47,10,-1
5821,140,47,10,-1
5822,140,47,10,-1
5823,140,47,10,-1
5824,140,47,10,-1
5825,140,47,10,-1
5826,140,47,10,-1
5827,140,47,10,-1
5828,139,47,10,-1
5829,140,47,10,-1
5830,140,47,10,-1
5831,140,47,10,-1
5832,140,47,10,-1
5833,140,47,10,-1
5834,140,47,10,-1
5835,140,47,10,-1
5836,140,47,10,-1
5837,140,47,10,-1
5838,140,47,10,-1
5839,140,47,10,-1
5840,140,47,10,-1
5841,140,47,10,-1
5842,140,47,10,-1
5843,140,47,10,-1
5844,140,47,10,-1
5845,140,47,10,-1
5846,140,47,10,-1
5847,140,47,10,-1
5848,140,47,10,-1
5849,140,47,10,-1
5850,140,47,10,-1
5851,140,47,10,-1
5852,140,47,10,-1
5853,140,47,10,-1
5854,140,47,10,-1
5855,139,47,10,-1
5856,140,47,10,-1
5857,140,47,10,-1
5858,140,47,10,-1
5859,140,47,10,-1
5860,140,47,10,-1
5861,140,47,10,-1
5862,140,47,10,-1
5863,140,47,10,-1
5864,140,47,10,-1
5865,140,47,10,-1
5866,140,47,10,-1
5867,140,47,10,-1
5868,140,47,10,-1
5869,140,47,10,-1
5870,140,47,10,-1
5871,140,47,10,-1
5872,140,47,10,-1
5873,140,47,10,-1
5874,140,47,10,-1
5875,140,47,10,-1
5876,140,47,10,-1
5877,140,47,10,-1
5878,140,47,10,-1
5879,140,47,10,-1
5880,140,47,10,-1
5881,140,47,10,-1
5882,140,47,10,-1
5883,140,47,10,-1
5884,140,47,10,-1
5885,140,47,10,-1
5886,140,47,10,-1
5887,140,47,10,-1
5888,140,47,10,-1
5889,140,47,10,-1
5890,140,47,10,-1
5891,140,47,10,-1
5892,140,47,10,-1
5893,140,47,10,-1
5894,140,47,10,-1
5895,140,47,10,-1
5896,140,47,10,-1
5897,140,47,10,-1
5898,140,47,10,-1
5899,140,47,10,-1
5900,140,47,10,-1
5901,140,47,10,-1
5902,140,47,10,-1
5903,140,47,10,-1
5904,140,47,10,-1
5905,140,47,10,-1
5906,140,47,10,-1
5907,140,47,10,-1
5908,140,47,10,-1
5909,140,47,10,-1
5910,140,47,10,-1
5911,140,47,10,-1
5912,140,47,10,-1
5913,140,47,10,-1
5914,140,47,10,-1
5915,140,47,10,-1
5916,140,47,10,-1
5917,140,47,10,-1
5918,140,47,10,-1
5919,140,47,10,-1
5920,140,47,10,-1
5921,140,47,10,-1
5922,140,47,10,-1
5923,140,47,10,-1
5924,139,47,10,-1
5925,140,47,10,-1
5926,140,47,10,-1
5927,140,47,10,-1
5928,140,47,10,-1
5929,140,47,10,-1
5930,140,47,10,-1
5931,140,47,10,-1
5932,140,47,10,-1
5933,140,47,10,-1
5934,140,47,10,-1
5935,140,47,10,-1
5936,140,47,10,-1
5937,139,47,10,-1
5938,140,47,10,-1
5939,140,47,10,-1
5940,140,47,10,-1
5941,140,47,10,-1
5942,140,47,10,-1
5943,140,47,10,-1
5944,140,47,10,-1
5945,140,47,10,-1
5946,140,47,10,-1
5947,140,47,10,-1
5948,140,47,10,-1
5949,140,47,10,-1
5950,140,47,10,-1
5951,140,47,10,-1
5952,140,47,10,-1
5953,140,47,10,-1
5954,140,47,10,-1
5955,140,47,10,-1
5956,140,47,10,-1
5957,140,47,10,-1
5958,140,47,10,-1
5959,140,47,10,-1
5960,140,47,10,-1
5961,140,47,10,-1
5962,140,47,10,-1
5963,140,47,10,-1
5964,140,47,10,-1
5965,140,47,10,-1
5966,140,47,10,-1
5967,140,47,10,-1
5968,140,47,10,-1
5969,140,47,10,-1
5970,140,47,10,-1
5971,140,47,10,-1
5972,140,47,10,-1
5973,140,47,10,-1
5974,140,47,10,-1
5975,140,47,10,-1
5976,140,47,10,-1
5977,140,47,10,-1
5978,140,47,10,-1
5979,140,47,10,-1
5980,140,47,10,-1
5981,140,47,10,-1
5982,140,47,10,-1
5983,139,47,10,-1
5984,140,47,10,-1
5985,140,47,10,-1
5986,140,47,10,-1
5987,140,47,10,-1
5988,140,47,10,-1
5989,140,47,10,-1
5990,140,47,10,-1
5991,140,47,10,-1
5992,140,47,10,-1
5993,140,47,10,-1
5994,140,47,10,-1
5995,140,47,10,-1
5996,140,47,10,-1
5997,140,47,10,-1
5998,140,47,10,-1
5999,140,47,10,-1
6000,140,47,10,-1
6001,140,47,10,-1
6002,140,47,10,-1
6003,139,47,10,-1
6004,140,47,10,-1
6005,139,47,10,-1
6006,140,47,10,-1
6007,140,47,10,-1
6008,140,47,10,-1
6009,140,47,10,-1
6010,140,47,10,-1
6011,140,47,10,-1
6012,140,47,10,-1
6013,140,47,10,-1
6014,140,47,10,-1
6015,140,47,10,-1
6016,140,47,10,-1
6017,140,47,10,-1
6018,140,47,10,-1
6019,139,47,10,-1
6020,140,47,10,-1
6021,140,47,10,-1
6022,140,47,10,-1
6023,140,47,10,-1
6024,140,47,10,-1
6025,140,47,10,-1
6026,140,47,10,-1
6027,140,47,10,-1
6028,140,47,10,-1
6029,140,47,10,-1
6030,140,47,10,-1
6031,140,47,10,-1
6032,140,47,10,-1
6033,140,47,10,-1
6034,140,47,10,-1
6035,140,47,10,-1
6036,140,47,10,-1
6037,140,47,10,-1
6038,140,47,10,-1
6039,140,47,10,-1
6040,140,47,10,-1
6041,140,47,10,-1
6042,140,47,10,-1
6043,140,47,10,-1
6044,140,47,10,-1
6045,140,47,10,-1
6046,140,47,10,-1
6047,140,47,10,-1
6048,140,47,10,-1
6049,140,47,10,-1
6050,140,47,10,-1
6051,140,47,10,-1
6052,140,47,10,-1
6053,140,47,10,-1
6054,140,47,10,-1
6055,140,47,10,-1
6056,140,47,10,-1
6057,140,47,10,-1
6058,140,47,10,-1
6059,140,47,10,-1
6060,140,47,10,-1
6061,140,47,10,-1
6062,140,47,10,-1
6063,140,47,10,-1
6064,140,47,10,-1
6065,140,47,10,-1
6066,140,47,10,-1
6067,140,47,10,-1
6068,140,47,10,-1
6069,139,47,10,-1
6070,140,47,10,-1
6071,140,47,10,-1
6072,140,47,10,-1
6073,140,47,10,-1
6074,140,47,10,-1
6075,140,47,10,-1
6076,140,47,10,-1
6077,140,47,10,-1
6078,140,47,10,-1
6079,140,47,10,-1
6080,140,47,10,-1
6081,140,47,10,-1
6082,140,47,10,-1
6083,140,47,10,-1
6084,140,47,10,-1
6085,140,47,10,-1
6086,140,47,10,-1
6087,140,47,10,-1
6088,140,47,10,-1
6089,140,47,10,-1
6090,140,47,10,-1
6091,140,47,10,-1
6092,140,47,10,-1
6093,139,47,10,-1
6094,140,47,10,-1
6095,140,47,10,-1
6096,140,47,10,-1
6097,140,47,10,-1
6098,140,47,10,-1
6099,140,47,10,-1
6100,140,47,10,-1
6101,140,47,10,-1
6102,140,47,10,-1
6103,140,47,10,-1
6104,140,47,10,-1
6105,140,47,10,-1
6106,140,47,10,-1
6107,140,47,10,-1
6108,140,47,10,-1
6109,140,47,10,-1
6110,140,47,10,-1
6111,140,47,10,-1
6112,140,47,10,-1
6113,140,47,10,-1
6114,140,47,10,-1
6115,140,47,10,-1
6116,140,47,10,-1
6117,140,47,10,-1
6118,140,47,10,-1
6119,140,47,10,-1
6120,139,47,10,-1
6121,140,47,10,-1
6122,140,47,10,-1
6123,140,47,10,-1
6124,140,47,10,-1
6125,140,47,10,-1
6126,140,47,10,-1
6127,140,47,10,-1
6128,140,47,10,-1
6129,140,47,10,-1
6130,140,47,10,-1
6131,139,47,10,-1
6132,140,47,10,-1
6133,140,47,10,-1
6134,140,47,10,-1
6135,140,47,10,-1
6136,140,47,10,-1
6137,140,47,10,-1
6138,140,47,10,-1
6139,140,47,10,-1
6140,140,47,10,-1
6141,140,47,10,-1
6142,140,47,10,-1
6143,140,47,10,-1
6144,140,47,10,-1
6145,140,47,10,-1
6146,140,47,10,-1
6147,140,47,10,-1
6148,140,47,10,-1
6149,140,47,10,-1
6150,140,47,10,-1
6151,140,47,10,-1
6152,140,47,10,-1
6153,140,47,10,-1
6154,140,47,10,-1
6155,140,47,10,-1
6156,140,47,10,-1
6157,140,47,10,1
6158,140,47,10,-1
6159,140,47,10,-1
6160,140,47,10,-1
6161,140,47,10,-1
6162,140,47,10,-1
6163,140,47,10,-1
6164,140,47,10,-1
6165,140,47,10,-1
6166,140,47,10,-1
6167,140,47,10,-1
6168,140,47,10,-1
6169,140,47,10,-1
6170,140,47,10,-1
6171,140,47,10,-1
6172,140,47,10,-1
6173,140,47,10,-1
6174,140,47,10,-1
6175,140,47,10,-1
6176,140,47,10,-1
6177,140,47,10,-1
6178,140,47,10,-1
6179,139,47,10,-1
6180,140,47,10,-1
6181,140,47,10,-1
6182,140,47,10,-1
6183,140,47,10,-1
6184,140,47,10,-1
6185,140,47,10,-1
6186,140,47,10,-1
6187,140,47,10,-1
6188,140,47,10,-1
6189,140,47,10,-1
6190,140,47,10,-1
6191,140,47,10,-1
6192,140,47,10,-1
6193,140,47,10,-1
6194,140,47,10,-1
6195,140,47,10,-1
6196,140,47,10,-1
6197,140,47,10,-1
6198,139,47,10,-1
6199,140,47,10,-1
6200,140,47,10,-1
6201,140,47,10,-1
6202,140,47,10,-1
6203,140,47,10,-1
6204,140,47,10,-1
6205,140,47,10,-1
6206,140,47,10,-1
6207,140,47,10,-1
6208,140,47,10,-1
6209,140,47,10,-1
6210,140,47,10,-1
6211,140,47,10,-1
6212,140,47,10,-1
6213,140,47,10,-1
6214,140,47,10,-1
6215,140,47,10,-1
6216,140,47,10,-1
6217,140,47,10,-1
6218,140,47,10,-1
6219,140,47,10,-1
6220,140,47,10,-1
6221,140,47,10,-1
6222,140,47,10,-1
6223,140,47,10,-1
6224,140,47,10,-1
6225,139,47,10,-1
6226,140,47,9,-1
6227,140,47,10,-1
6228,140,47,10,-1
6229,140,47,10,-1
6230,140,47,10,-1
6231,140,47,10,-1
6232,140,47,10,-1
6233,140,47,10,-1
6234,140,47,10,-1
6235,140,47,10,-1
6236,140,47,10,-1
6237,140,47,10,-1
6238,140,47,10,-1
6239,140,47,10,-1
6240,140,47,10,-1
6241,140,47,10,-1
6242,140,47,10,-1
6243,140,47,10,-1
6244,140,47,10,-1
6245,140,47,10,-1
6246,139,47,10,-1
6247,140,47,10,-1
6248,140,47,10,-1
6249,140,47,10,-1
6250,140,47,10,-1
6251,140,47,10,-1
6252,140,47,10,-1
6253,140,47,10,-1
6254,140,47,10,-1
6255,140,47,10,-1
6256,140,47,10,-1
6257,140,47,10,-1
6258,140,47,10,-1
6259,140,47,10,-1
6260,140,47,10,-1
6261,140,47,10,-1
6262,140,47,10,-1
6263,140,47,10,-1
6264,139,47,10,-1
6265,140,47,10,-1
6266,140,47,10,-1
6267,140,47,10,-1
6268,140,47,10,-1
6269,140,47,10,-1
6270,140,47,10,-1
6271,140,47,10,-1
6272,140,47,10,-1
6273,140,47,10,-1
6274,140,47,10,-1
6275,140,47,10,-1
6276,140,47,10,-1
6277,140,47,10,-1
6278,140,47,10,-1
6279,140,47,10,-1
6280,140,47,10,-1
6281,140,47,10,-1
6282,140,47,10,-1
6283,140,47,10,-1
6284,140,47,10,-1
6285,140,47,10,-1
6286,140,47,10,-1
6287,140,47,10,-1
6288,139,47,10,-1
6289,140,47,10,-1
6290,140,47,10,-1
6291,140,47,10,-1
6292,140,47,10,-1
6293,140,47,10,-1
6294,140,47,10,-1
6295,140,47,10,-1
6296,140,47,10,-1
6297,140,47,10,-1
6298,140,47,10,-1
6299,140,47,10,-1
6300,140,47,10,-1
6301,140,47,10,-1
6302,140,47,10,-1
6303,140,47,10,-1
6304,140,47,10,-1
6305,140,47,10,-1
6306,139,47,10,-1
6307,140,47,10,-1
6308,140,47,10,-1
6309,140,47,10,-1
6310,140,47,10,-1
6311,140,47,10,-1
6312,140,47,10,-1
6313,140,47,10,-1
6314,140,47,10,-1
6315,140,47,10,-1
6316,140,47,10,-1
6317,140,47,10,-1
6318,139,47,10,-1
6319,140,47,10,-1
6320,140,47,10,-1
6321,140,47,10,-1
6322,140,47,10,-1
6323,140,47,10,-1
6324,140,47,10,-1
6325,140,47,10,-1
6326,140,47,10,-1
6327,140,47,10,-1
6328,140,47,10,-1
6329,140,47,10,-1
6330,140,47,10,-1
6331,140,47,10,-1
6332,140,47,10,-1
6333,140,47,10,-1
6334,140,47,10,-1
6335,140,47,10,-1
6336,140,47,10,-1
6337,140,47,10,-1
6338,140,47,10,-1
6339,140,47,10,-1
6340,140,47,10,-1
6341,140,47,10,-1
6342,140,47,10,-1
6343,140,47,10,-1
6344,140,47,10,-1
6345,140,47,10,-1
6346,139,47,10,-1
6347,140,47,10,-1
6348,140,47,10,-1
6349,140,47,10,-1
6350,140,47,10,-1
6351,140,47,10,-1
6352,140,47,10,-1
6353,140,47,10,-1
6354,140,47,10,-1
6355,140,47,10,-1
6356,140,47,10,-1
6357,140,47,10,-1
6358,140,47,10,-1
6359,140,47,10,-1
6360,140,47,10,-1
6361,140,47,10,-1
6362,140,47,10,-1
6363,140,47,10,-1
6364,140,47,10,-1
6365,140,47,10,-1
6366,140,47,10,-1
6367,139,47,10,-1
6368,140,47,10,-1
6369,140,47,10,-1
6370,140,47,10,-1
6371,140,47,10,-1
6372,139,47,10,-1
6373,140,47,10,-1
6374,140,47,10,-1
6375,140,47,10,-1
6376,140,47,10,-1
6377,140,47,10,-1
6378,140,47,10,-1
6379,140,47,10,-1
6380,140,47,10,-1
6381,140,47,10,-1
6382,140,47,10,-1
6383,140,47,10,-1
6384,139,47,10,-1
6385,140,47,10,-1
6386,140,47,10,-1
6387,140,47,10,-1
6388,140,47,10,-1
6389,140,47,10,-1
6390,140,47,10,-1
6391,140,47,10,-1
6392,140,47,10,-1
6393,140,47,10,-1
6394,139,47,10,-1
6395,140,47,10,-1
6396,140,47,10,-1
6397,140,47,10,-1
6398,140,47,10,-1
6399,140,47,10,-1
6400,139,47,10,-1
6401,140,47,10,-1
6402,140,47,10,-1
6403,139,47,10,-1
6404,140,47,10,-1
6405,140,47,10,-1
6406,140,47,10,-1
6407,140,47,10,-1
6408,140,47,10,-1
6409,140,47,10,-1
6410,140,47,10,-1
6411,139,47,10,-1
6412,140,47,10,-1
6413,140,47,10,-1
6414,140,47,10,-1
6415,140,47,10,-1
6416,140,47,10,-1
6417,140,47,10,-1
6418,140,47,10,-1
6419,140,47,10,-1
6420,140,47,10,-1
6421,140,47,10,-1
6422,140,47,10,-1
6423,140,47,10,-1
6424,140,47,10,-1
6425,140,47,10,-1
6426,140,47,10,-1
6427,140,47,10,-1
6428,139,47,10,-1
6429,140,47,10,-1
6430,140,47,10,-1
6431,140,47,10,-1
6432,139,47,10,-1
6433,140,47,10,-1
6434,140,47,10,-1
6435,140,47,10,-1
6436,140,47,10,-1
6437,140,47,10,-1
6438,140,47,10,-1
6439,140,47,10,-1
6440,140,47,10,-1
6441,140,47,10,-1
6442,140,47,10,-1
6443,140,47,10,-1
6444,140,47,10,-1
6445,140,47,10,-1
6446,140,47,10,-1
6447,140,47,10,-1
6448,140,47,10,-1
6449,140,47,10,-1
6450,140,47,10,-1
6451,140,47,10,-1
6452,140,47,10,-1
6453,140,47,10,-1
6454,140,47,10,-1
6455,140,47,10,-1
6456,140,47,10,-1
6457,140,47,10,-1
6458,140,47,10,-1
6459,140,47,10,-1
6460,140,47,10,-1
6461,140,47,10,-1
6462,140,47,10,-1
6463,140,47,10,-1
6464,140,47,10,-1
6465,140,47,10,-1
6466,140,47,10,-1
6467,140,47,10,-1
6468,140,47,10,-1
6469,140,47,10,-1
6470,140,47,10,-1
6471,140,47,10,-1
6472,139,47,10,-1
6473,139,47,10,-1
6474,140,47,10,-1
6475,140,47,10,-1
6476,140,47,10,-1
6477,140,47,10,-1
6478,140,47,10,-1
6479,140,47,10,-1
6480,140,47,10,-1
6481,140,47,10,-1
6482,140,47,10,-1
6483,140,47,10,-1
6484,140,47,10,-1
6485,139,47,10,-1
6486,140,47,10,-1
6487,139,47,10,-1
6488,140,47,10,-1
6489,140,47,10,-1
6490,140,47,10,-1
6491,140,47,10,-1
6492,140,47,10,-1
6493,140,47,10,-1
6494,140,47,10,-1
6495,140,47,10,-1
6496,140,47,10,-1
6497,140,47,9,-1
6498,140,47,10,-1
6499,140,47,10,-1
6500,140,47,10,-1
6501,140,47,10,-1
6502,140,47,10,-1
6503,140,47,10,-1
6504,140,47,10,-1
6505,140,47,10,-1
6506,140,47,10,-1
6507,140,47,10,-1
6508,140,47,10,-1
6509,140,47,10,-1
6510,140,47,10,-1
6511,140,47,10,-1
6512,140,47,10,-1
6513,140,47,10,-1
6514,140,47,10,-1
6515,140,47,10,-1
6516,140,47,10,-1
6517,140,47,10,-1
6518,140,47,10,-1
6519,140,47,10,-1
6520,139,47,10,-1
6521,140,47,10,-1
6522,140,47,10,-1
6523,140,47,10,-1
6524,140,47,10,-1
6525,140,47,10,-1
6526,140,47,10,-1
6527,140,47,10,-1
6528,140,47,10,-1
6529,140,47,10,-1
6530,140,47,10,-1
6531,139,47,10,-1
6532,140,47,10,-1
6533,140,47,10,-1
6534,140,47,10,-1
6535,140,47,10,-1
6536,140,47,10,-1
6537,140,47,10,-1
6538,140,47,10,-1
6539,140,47,10,-1
6540,140,47,10,-1
6541,140,47,10,-1
6542,140,47,10,-1
6543,140,47,10,-1
6544,140,47,10,-1
6545,140,47,10,-1
6546,140,47,10,-1
6547,140,47,10,-1
6548,139,47,10,-1
6549,140,47,10,-1
6550,140,47,10,-1
6551,140,47,10,-1
6552,140,47,10,-1
6553,140,47,10,-1
6554,140,47,10,-1
6555,140,47,10,-1
6556,140,47,10,-1
6557,140,47,10,-1
6558,140,47,10,-1
6559,140,47,10,-1
6560,139,47,10,-1
6561,140,47,10,-1
6562,140,47,10,-1
6563,140,47,10,-1
6564,140,47,10,-1
6565,140,47,10,-1
6566,140,47,10,-1
6567,140,47,10,-1
6568,140,47,10,-1
6569,140,47,10,-1
6570,140,47,10,-1
6571,140,47,10,-1
6572,140,47,10,-1
6573,140,47,10,-1
6574,140,47,10,-1
6575,140,47,10,-1
6576,140,47,10,-1
6577,140,47,10,-1
6578,140,47,10,-1
6579,140,47,10,-1
6580,140,47,10,-1
6581,140,47,10,-1
6582,140,47,10,-1
6583,140,47,10,-1
6584,140,47,10,-1
6585,140,47,10,-1
6586,140,47,10,-1
6587,140,47,10,-1
6588,140,47,10,-1
6589,140,47,10,-1
6590,140,47,10,-1
6591,140,47,10,-1
6592,140,47,10,-1
6593,140,47,10,-1
6594,140,47,10,-1
6595,140,47,10,-1
6596,140,47,10,-1
6597,140,47,10,-1
6598,140,47,10,-1
6599,140,47,10,-1
6600,140,47,10,-1
6601,140,47,10,-1
6602,140,47,10,-1
6603,140,47,10,-1
6604,140,47,10,-1
6605,140,47,10,-1
6606,140,47,10,-1
6607,140,47,10,-1
6608,140,47,10,-1
6609,140,47,10,-1
6610,140,47,10,-1
6611,140,47,10,-1
6612,140,47,10,-1
6613,140,47,10,-1
6614,140,47,10,-1
6615,140,47,10,-1
6616,140,47,10,-1
6617,140,47,10,-1
6618,140,47,10,-1
6619,140,47,10,-1
6620,140,47,10,-1
6621,140,47,10,-1
6622,140,47,10,-1
6623,140,47,10,-1
6624,140,47,10,-1
6625,140,47,10,-1
6626,140,47,10,-1
6627,140,47,10,-1
6628,140,47,10,-1
6629,140,47,10,-1
6630,140,47,10,-1
6631,140,47,10,-1
6632,140,47,10,-1
6633,140,47,10,-1
6634,140,47,10,-1
6635,140,47,10,-1
6636,140,47,10,-1
6637,140,47,10,-1
6638,140,47,10,-1
6639,140,47,10,-1
6640,140,47,10,-1
6641,140,47,10,-1
6642,140,47,10,-1
6643,139,47,10,-1
6644,139,46,10,-1
6645,140,47,10,-1
6646,140,47,10,-1
6647,140,47,10,-1
6648,140,47,10,-1
6649,140,47,10,-1
6650,140,47,10,-1
6651,140,47,10,-1
6652,140,47,10,-1
6653,140,47,10,-1
6654,140,47,10,-1
6655,140,47,10,-1
6656,140,47,10,-1
6657,140,47,10,-1
6658,140,47,10,-1
6659,140,47,10,-1
6660,140,47,10,-1
6661,140,47,10,-1
6662,140,47,10,-1
6663,140,47,10,-1
6664,140,47,10,-1
6665,140,47,10,-1
6666,140,47,10,-1
6667,140,47,10,-1
6668,140,47,10,-1
6669,140,47,10,-1
6670,140,47,10,-1
6671,140,47,10,-1
6672,140,47,10,-1
6673,140,47,10,-1
6674,140,47,10,-1
6675,140,47,10,-1
6676,140,47,10,-1
6677,140,47,10,-1
6678,140,47,10,-1
6679,140,47,10,-1
6680,140,47,10,-1
6681,140,47,10,-1
6682,140,47,10,-1
6683,140,47,10,-1
6684,140,47,10,-1
6685,140,47,10,-1
6686,140,47,10,-1
6687,140,47,10,-1
6688,140,47,10,-1
6689,140,47,10,-1
6690,140,47,10,-1
6691,140,47,10,-1
6692,140,47,10,-1
6693,140,47,10,-1
6694,140,47,10,-1
6695,140,47,10,-1
6696,140,47,10,-1
6697,140,47,10,-1
6698,140,47,10,-1
6699,140,47,10,-1
6700,140,47,10,-1
6701,140,47,10,-1
6702,140,47,10,-1
6703,140,47,10,-1
6704,140,47,10,-1
6705,140,47,10,-1
6706,140,47,10,-1
6707,140,47,10,-1
6708,140,47,10,-1
6709,140,47,10,-1
6710,140,47,10,-1
6711,140,47,10,-1
6712,140,47,10,-1
6713,140,47,10,-1
6714,140,47,10,-1
6715,140,47,10,-1
6716,140,47,10,-1
6717,140,47,10,-1
6718,140,47,10,-1
6719,140,47,10,-1
6720,140,47,10,-1
6721,140,47,10,-1
6722,140,47,10,-1
6723,140,47,10,-1
6724,140,47,10,-1
6725,140,47,10,-1
6726,140,47,10,-1
6727,140,47,10,-1
6728,140,47,10,-1
6729,140,47,10,-1
6730,140,47,10,-1
6731,140,47,10,-1
6732,140,47,10,-1
6733,140,47,10,-1
6734,140,47,10,-1
6735,140,47,10,-1
6736,140,47,10,-1
6737,140,47,10,-1
6738,140,47,10,-1
6739,140,47,10,-1
6740,140,47,10,-1
6741,140,47,10,-1
6742,140,47,10,-1
6743,140,47,10,-1
6744,140,47,10,-1
6745,140,47,10,-1
6746,140,47,10,-1
6747,140,47,10,-1
6748,140,47,10,-1
6749,140,47,10,-1
6750,140,47,10,-1
6751,140,47,10,-1
6752,140,47,10,-1
6753,140,47,10,-1
6754,140,47,10,-1
6755,140,47,10,-1
6756,140,47,10,-1
6757,140,47,10,-1
6758,140,47,10,-1
6759,140,47,10,-1
6760,140,47,10,-1
6761,140,47,10,-1
6762,140,47,10,-1
6763,140,47,10,-1
6764,140,47,10,-1
6765,140,47,10,-1
6766,140,47,10,-1
6767,140,47,10,-1
6768,140,47,10,-1
6769,140,47,10,-1
6770,140,47,10,-1
6771,140,47,10,-1
6772,140,47,10,-1
6773,140,47,10,-1
6774,140,47,10,-1
6775,140,47,10,-1
6776,140,47,10,-1
6777,140,47,10,-1
6778,140,47,10,-1
6779,139,47,10,-1
6780,140,47,10,-1
6781,140,47,10,1
6782,140,47,10,-1
6783,140,47,10,-1
6784,140,47,10,-1
6785,140,47,10,-1
6786,140,47,10,-1
6787,140,47,10,-1
6788,140,47,10,-1
6789,140,47,10,-1
6790,140,47,10,-1
6791,140,47,10,-1
6792,140,47,10,-1
6793,140,47,10,-1
6794,140,47,10,-1
6795,140,47,10,-1
6796,140,47,10,-1
6797,140,47,10,-1
6798,140,47,10,-1
6799,140,47,10,-1
6800,140,47,10,-1
6801,140,47,10,-1
6802,140,47,10,-1
6803,140,47,10,-1
6804,140,47,10,-1
6805,140,47,10,-1
6806,140,47,10,-1
6807,140,47,10,-1
6808,140,47,10,-1
6809,139,47,10,-1
6810,140,47,10,-1
6811,140,47,10,-1
6812,140,47,10,-1
6813,140,47,10,-1
6814,140,47,10,-1
6815,140,47,10,-1
6816,140,47,10,-1
6817,140,47,10,-1
6818,140,47,10,-1
6819,140,47,10,-1
6820,140,47,10,-1
6821,140,47,10,-1
6822,140,47,10,-1
6823,140,47,10,-1
6824,140,47,10,-1
6825,140,47,10,-1
6826,140,47,10,-1
6827,140,47,10,-1
6828,140,47,10,-1
6829,140,47,10,-1
6830,140,47,10,-1
6831,140,47,10,-1
6832,140,47,10,-1
6833,140,47,10,-1
6834,140,47,10,-1
6835,140,47,10,-1
6836,140,47,10,-1
6837,140,47,10,-1
6838,140,47,10,-1
6839,140,47,10,-1
6840,140,47,10,-1
6841,140,47,10,-1
6842,140,47,10,-1
6843,140,47,10,-1
6844,139,47,10,-1
6845,140,47,10,-1
6846,140,47,10,-1
6847,140,47,10,-1
6848,140,47,10,-1
6849,140,47,10,-1
6850,140,47,10,-1
6851,140,47,10,-1
6852,140,47,10,-1
6853,140,47,10,-1
6854,140,47,10,-1
6855,140,47,10,-1
6856,140,47,10,-1
6857,140,47,10,-1
6858,140,47,10,-1
6859,140,47,10,-1
6860,140,47,10,-1
6861,140,47,10,-1
6862,140,47,10,-1
6863,139,47,10,-1
6864,140,47,10,-1
6865,140,47,10,-1
6866,140,47,10,-1
6867,140,47,10,-1
6868,140,47,10,-1
6869,140,47,10,-1
6870,140,47,10,-1
6871,140,47,10,-1
6872,140,47,10,-1
6873,140,47,10,-1
6874,140,47,10,-1
6875,140,47,10,-1
6876,140,47,10,-1
6877,140,47,10,-1
6878,140,47,10,-1
6879,140,47,10,-1
6880,140,47,10,-1
6881,140,47,10,-1
6882,140,47,10,-1
6883,140,47,10,-1
6884,140,47,10,-1
6885,139,47,10,-1
6886,140,47,10,-1
6887,140,47,10,-1
6888,140,47,10,-1
6889,140,47,10,-1
6890,140,47,10,-1
6891,140,47,10,-1
6892,140,47,10,-1
6893,140,47,10,-1
6894,140,47,10,-1
6895,140,47,10,-1
6896,140,47,10,-1
6897,140,47,10,-1
6898,140,47,10,-1
6899,140,47,10,-1
6900,140,47,10,-1
6901,140,47,10,-1
6902,140,47,10,-1
6903,140,47,10,-1
6904,140,47,10,-1
6905,140,47,10,-1
6906,140,47,10,-1
6907,140,47,10,-1
6908,140,47,10,-1
6909,140,47,10,-1
6910,140,47,10,-1
6911,140,47,10,-1
6912,140,47,10,-1
6913,140,47,10,-1
6914,140,47,10,-1
6915,140,47,10,-1
6916,140,47,10,-1
6917,140,47,10,-1
6918,140,47,10,-1
6919,140,47,10,-1
6920,140,47,10,-1
6921,140,47,10,-1
6922,140,47,10,-1
6923,140,47,10,-1
6924,140,47,10,-1
6925,140,47,10,-1
6926,140,47,10,-1
6927,140,47,10,-1
6928,140,47,10,-1
6929,140,47,10,-1
6930,140,47,10,-1
6931,140,47,10,-1
6932,140,47,10,-1
6933,140,47,10,-1
6934,140,47,10,-1
6935,140,47,10,-1
6936,139,47,10,-1
6937,139,47,10,-1
6938,140,47,10,-1
6939,140,47,10,-1
6940,140,47,10,-1
6941,140,47,10,-1
6942,140,47,10,-1
6943,140,47,10,-1
6944,140,47,10,-1
6945,140,47,10,-1
6946,140,47,10,-1
6947,140,47,10,-1
6948,140,47,10,-1
6949,140,47,10,-1
6950,140,47,10,-1
6951,140,47,10,-1
6952,140,47,10,-1
6953,140,47,10,-1
6954,140,47,10,-1
6955,140,47,10,-1
6956,140,47,10,-1
6957,140,47,10,-1
6958,140,47,10,-1
6959,140,47,10,-1
6960,140,47,10,-1
6961,140,47,10,-1
6962,140,47,10,-1
6963,140,47,10,-1
6964,139,47,10,-1
6965,140,47,10,-1
6966,140,47,10,-1
6967,140,47,10,-1
6968,140,47,10,-1
6969,140,47,10,-1
6970,140,47,10,-1
6971,140,47,10,-1
6972,140,47,10,-1
6973,140,47,10,-1
6974,140,47,10,-1
6975,140,47,10,-1
6976,140,47,10,-1
6977,140,47,10,-1
6978,140,47,10,-1
6979,140,47,10,-1
6980,140,47,10,-1
6981,140,47,10,-1
6982,140,47,10,-1
6983,140,47,10,-1
6984,140,47,10,-1
6985,140,47,10,-1
6986,140,47,10,-1
6987,140,47,10,-1
6988,140,47,10,-1
6989,140,47,10,-1
6990,140,47,10,-1
6991,140,47,10,-1
6992,140,47,10,-1
6993,140,47,10,-1
6994,140,47,10,-1
6995,140,47,10,-1
6996,140,47,10,-1
6997,140,47,10,-1
6998,140,47,10,-1
6999,140,47,10,-1
7000,139,47,10,-1
7001,139,47,10,-1
7002,140,47,10,-1
7003,140,47,10,-1
7004,140,47,10,-1
7005,140,47,10,-1
7006,140,47,10,-1
7007,140,47,10,-1
7008,140,47,10,-1
7009,140,47,10,-1
7010,140,47,10,-1
7011,140,47,10,-1
7012,140,47,10,-1
7013,140,47,10,-1
7014,140,47,10,-1
7015,140,47,10,-1
7016,140,47,10,-1
7017,140,47,10,-1
7018,140,47,10,-1
7019,140,47,10,-1
7020,140,47,10,-1
7021,140,47,10,-1
7022,140,47,10,-1
7023,140,47,10,-1
7024,140,47,10,-1
7025,140,47,10,-1
7026,140,47,10,-1
7027,140,47,10,-1
7028,140,47,10,-1
7029,140,47,10,-1
7030,140,47,10,-1
7031,140,47,10,-1
7032,140,47,10,-1
7033,140,47,10,-1
7034,140,47,10,-1
7035,140,47,10,-1
7036,140,47,10,-1
7037,139,47,10,-1
7038,140,47,10,-1
7039,140,47,10,-1
7040,140,47,10,-1
7041,140,47,10,-1
7042,140,47,10,-1
7043,140,47,10,-1
7044,140,47,10,-1
7045,140,47,10,-1
7046,140,47,10,-1
7047,140,47,10,-1
7048,140,47,10,-1
7049,140,47,10,-1
7050,140,47,10,-1
7051,140,47,10,-1
7052,140,47,10,-1
7053,140,47,10,-1
7054,140,47,10,-1
7055,140,47,10,-1
7056,140,47,10,-1
7057,140,47,10,-1
7058,140,47,10,-1
7059,140,47,10,-1
7060,140,47,10,-1
7061,140,47,10,-1
7062,140,47,10,-1
7063,140,47,10,-1
7064,140,47,10,-1
7065,140,47,10,-1
7066,140,47,10,-1
7067,140,47,10,-1
7068,140,47,10,-1
7069,140,47,10,-1
7070,140,47,10,-1
7071,140,47,10,-1
7072,140,47,10,-1
7073,140,47,10,-1
7074,140,47,10,-1
7075,140,47,10,-1
7076,140,47,10,-1
7077,140,47,10,-1
7078,140,47,10,-1
7079,140,47,10,-1
7080,140,47,10,-1
7081,139,47,10,-1
7082,140,47,10,-1
7083,140,47,10,-1
7084,140,47,10,-1
7085,140,47,10,-1
7086,140,47,10,-1
7087,140,47,10,-1
7088,140,47,10,-1
7089,140,47,10,-1
7090,140,47,10,-1
7091,140,47,10,-1
7092,140,47,10,-1
7093,140,47,10,-1
7094,140,47,10,-1
7095,140,47,10,-1
7096,140,47,10,-1
7097,140,47,10,-1
7098,140,47,10,-1
7099,140,47,10,-1
7100,140,47,10,-1
7101,140,47,10,-1
7102,140,47,10,-1
7103,140,47,10,-1
7104,140,47,10,-1
7105,140,47,10,-1
7106,140,47,10,-1
7107,140,47,10,-1
7108,139,47,10,-1
7109,140,47,10,-1
7110,140,47,10,-1
7111,140,47,10,-1
7112,140,47,10,-1
7113,140,47,10,-1
7114,140,47,10,-1
7115,140,47,10,-1
7116,140,47,10,-1
7117,140,47,10,-1
7118,140,47,10,-1
7119,140,47,10,-1
7120,140,47,10,-1
7121,140,47,10,-1
7122,140,47,10,-1
7123,140,47,10,-1
7124,140,47,10,-1
7125,140,47,10,-1
7126,140,47,10,-1
7127,140,47,10,-1
7128,140,47,10,-1
7129,140,47,10,-1
7130,140,47,10,-1
7131,140,47,10,-1
7132,140,47,10,-1
7133,140,47,10,-1
7134,140,47,10,-1
7135,140,47,10,-1
7136,140,47,10,-1
7137,140,47,10,-1
7138,140,47,10,-1
7139,140,47,10,-1
7140,140,47,10,-1
7141,140,47,10,-1
7142,140,47,10,-1
7143,140,47,10,-1
7144,140,47,10,-1
7145,140,47,10,-1
7146,140,47,10,-1
7147,140,47,10,-1
7148,140,47,10,-1
7149,140,47,10,-1
7150,140,47,10,-1
7151,140,47,10,-1
7152,140,47,10,-1
7153,140,47,10,-1
7154,140,47,10,-1
7155,140,47,10,-1
7156,140,47,10,-1
7157,140,47,10,-1
7158,140,47,10,-1
7159,140,47,10,-1
7160,140,47,10,-1
7161,139,47,10,-1
7162,140,47,10,-1
7163,140,47,10,-1
7164,139,47,10,-1
7165,140,47,10,-1
7166,140,47,10,-1
7167,140,47,10,-1
7168,140,47,10,-1
7169,140,47,10,-1
7170,140,47,10,-1
7171,140,47,10,-1
7172,140,47,10,-1
7173,140,47,10,-1
7174,140,47,10,-1
7175,140,47,10,-1
7176,140,47,10,-1
7177,140,47,10,-1
7178,140,47,10,-1
7179,140,47,10,-1
7180,140,47,10,-1
7181,140,47,10,-1
7182,140,47,10,-1
7183,140,47,10,-1
7184,140,47,10,-1
7185,140,47,10,-1
7186,140,47,10,-1
7187,139,47,10,-1
7188,140,47,10,-1
7189,140,47,10,-1
7190,140,47,10,-1
7191,140,47,10,-1
7192,140,47,10,-1
7193,140,47,10,-1
7194,140,47,10,-1
7195,140,47,10,-1
7196,140,47,10,-1
7197,140,47,10,-1
7198,140,47,10,-1
7199,139,47,10,-1
7200,140,47,10,-1
7201,140,47,10,-1
7202,140,47,10,-1
7203,140,47,10,-1
7204,140,47,10,-1
7205,140,47,10,-1
7206,140,47,10,-1
7207,140,47,10,-1
7208,140,47,10,-1
7209,140,47,10,-1
7210,140,47,10,-1
7211,140,47,10,-1
7212,140,47,10,-1
7213,140,47,10,-1
7214,140,47,10,-1
7215,139,47,10,-1
7216,140,47,10,-1
7217,139,47,10,-1
7218,140,47,10,-1
7219,140,47,10,-1
7220,140,47,10,-1
7221,140,47,10,-1
7222,139,47,10,-1
7223,140,47,10,-1
7224,140,47,10,-1
7225,140,47,10,-1
7226,140,47,10,-1
7227,140,47,10,-1
7228,140,47,10,-1
7229,140,47,10,-1
7230,140,47,10,-1
7231,140,47,10,-1
7232,140,47,10,-1
7233,140,47,10,-1
7234,140,47,10,-1
7235,140,47,10,-1
7236,140,47,10,-1
7237,140,47,10,-1
7238,140,47,10,-1
7239,140,47,10,-1
7240,140,47,10,-1
7241,140,47,10,-1
7242,140,47,10,-1
7243,140,47,10,-1
7244,140,47,10,-1
7245,140,47,10,-1
7246,140,47,10,-1
7247,140,47,10,-1
7248,140,47,10,-1
7249,140,47,10,-1
7250,140,47,10,-1
7251,140,47,10,-1
7252,140,47,10,-1
7253,140,47,10,-1
7254,140,47,10,-1
7255,140,47,10,-1
7256,140,47,10,-1
7257,140,47,10,-1
7258,140,47,10,-1
7259,140,47,10,-1
7260,140,47,10,-1
7261,140,47,10,-1
7262,140,47,10,-1
7263,140,47,10,-1
7264,140,47,10,-1
7265,140,47,10,-1
7266,140,47,10,-1
7267,140,47,10,-1
7268,140,47,10,-1
7269,140,47,10,-1
7270,140,47,10,-1
7271,140,47,10,-1
7272,140,47,10,-1
7273,140,47,10,-1
7274,140,47,10,-1
7275,140,47,10,-1
7276,140,47,10,-1
7277,140,47,10,-1
7278,140,47,10,-1
7279,140,47,10,-1
7280,140,47,10,-1
7281,140,47,10,-1
7282,140,47,10,-1
7283,140,47,10,-1
7284,140,47,10,-1
7285,140,47,10,-1
7286,140,47,10,-1
7287,140,47,10,-1
7288,140,47,10,-1
7289,140,47,10,-1
7290,140,47,10,-1
7291,140,47,10,-1
7292,139,47,10,-1
7293,140,47,10,-1
7294,140,47,10,-1
7295,140,47,10,-1
7296,140,47,10,-1
7297,140,47,10,-1
7298,140,47,10,-1
7299,140,47,10,-1
7300,140,47,10,-1
7301,140,47,10,-1
7302,139,47,10,-1
7303,140,47,10,-1
7304,140,47,10,-1
7305,140,47,10,-1
7306,140,47,10,-1
7307,140,47,10,-1
7308,140,47,10,-1
7309,140,47,10,-1
7310,140,47,10,-1
7311,140,47,10,-1
7312,140,47,10,-1
7313,140,47,10,-1
7314,140,47,10,-1
7315,140,47,10,-1
7316,140,47,10,-1
7317,140,47,10,-1
7318,140,47,10,-1
7319,139,47,10,-1
7320,140,47,10,-1
7321,140,47,10,-1
7322,140,47,10,-1
7323,140,47,10,-1
7324,140,47,10,-1
7325,140,47,10,-1
7326,140,47,10,-1
7327,140,47,10,-1
7328,140,47,10,-1
7329,140,47,10,-1
7330,140,47,10,-1
7331,140,47,10,-1
7332,140,47,10,-1
7333,140,47,10,-1
7334,140,47,10,-1
7335,140,47,10,-1
7336,140,47,10,-1
7337,140,47,10,-1
7338,140,47,10,-1
7339,140,47,10,-1
7340,140,47,10,-1
7341,140,47,10,-1
7342,140,47,10,-1
7343,140,47,10,-1
7344,140,47,10,-1
7345,140,47,10,-1
7346,140,47,10,-1
7347,140,47,10,-1
7348,140,47,10,-1
7349,140,47,10,-1
7350,140,47,10,-1
7351,140,47,10,-1
7352,140,47,10,-1
7353,140,47,10,-1
7354,140,47,10,-1
7355,140,47,10,-1
7356,140,47,10,-1
7357,140,47,10,-1
7358,140,47,10,-1
7359,140,47,10,-1
7360,140,47,10,-1
7361,140,47,10,-1
7362,140,47,10,-1
7363,140,47,10,-1
7364,140,47,10,-1
7365,140,47,10,-1
7366,140,47,10,-1
7367,140,47,10,-1
7368,140,47,10,-1
7369,140,47,10,-1
7370,140,47,10,-1
7371,140,47,10,-1
7372,140,47,10,-1
7373,140,47,10,-1
7374,140,47,10,-1
7375,140,47,10,-1
7376,140,47,10,-1
7377,140,47,10,-1
7378,140,47,10,-1
7379,140,47,10,-1
7380,140,47,10,-1
7381,140,47,10,-1
7382,140,47,10,-1
7383,140,47,10,-1
7384,139,47,10,-1
7385,140,47,10,-1
7386,140,47,10,-1
7387,140,47,10,-1
7388,140,47,10,-1
7389,140,47,10,-1
7390,140,47,10,-1
7391,140,47,10,-1
7392,140,47,10,-1
7393,140,47,10,-1
7394,140,47,10,-1
7395,140,47,10,-1
7396,140,47,10,-1
7397,140,47,10,-1
7398,140,47,10,-1
7399,140,47,10,-1
7400,140,47,10,-1
7401,140,47,10,-1
7402,140,47,10,-1
7403,140,47,10,-1
7404,140,47,10,-1
7405,140,47,10,1
7406,140,47,10,-1
7407,140,47,10,-1
7408,140,47,10,-1
7409,140,47,10,-1
7410,140,47,10,-1
7411,140,47,10,-1
7412,140,47,10,-1
7413,140,47,10,-1
7414,140,47,10,-1
7415,140,47,10,-1
7416,140,47,10,-1
7417,140,47,10,-1
7418,140,47,10,-1
7419,140,47,10,-1
7420,140,47,10,-1
7421,140,47,10,-1
7422,140,47,10,-1
7423,140,47,10,-1
7424,139,47,10,-1
7425,140,47,10,-1
7426,140,47,10,-1
7427,140,47,10,-1
7428,140,47,10,-1
7429,140,47,10,-1
7430,140,47,10,-1
7431,140,47,10,-1
7432,140,47,10,-1
7433,140,47,10,-1
7434,140,47,10,-1
7435,140,47,10,-1
7436,140,47,10,-1
7437,140,47,10,-1
7438,140,47,10,-1
7439,140,47,10,-1
7440,140,47,10,-1
7441,140,47,10,-1
7442,140,47,10,-1
7443,140,47,10,-1
7444,139,47,10,-1
7445,140,47,10,-1
7446,140,47,10,-1
7447,140,47,10,-1
7448,140,47,10,-1
7449,140,47,10,-1
7450,140,47,10,-1
7451,140,47,10,-1
7452,140,47,10,-1
7453,140,47,10,-1
7454,139,47,10,-1
7455,140,47,10,-1
7456,140,47,10,-1
7457,140,47,10,-1
7458,140,47,10,-1
7459,140,47,10,-1
7460,140,47,10,-1
7461,140,47,10,-1
7462,140,47,10,-1
7463,140,47,10,-1
7464,140,47,10,-1
7465,140,47,10,-1
7466,140,47,10,-1
7467,140,47,10,-1
7468,140,47,10,-1
7469,140,47,10,-1
7470,140,47,10,-1
7471,140,47,10,-1
7472,140,47,10,-1
7473,140,47,10,-1
7474,140,47,10,-1
7475,140,47,10,-1
7476,140,47,10,-1
7477,140,47,10,-1
7478,140,47,10,-1
7479,140,47,10,-1
7480,140,47,10,-1
7481,140,47,10,-1
7482,140,47,10,-1
7483,140,47,10,-1
7484,140,47,10,-1
7485,140,47,10,-1
7486,139,47,10,-1
7487,140,47,10,-1
7488,140,47,10,-1
7489,138,47,10,-1
7490,140,47,10,-1
7491,140,47,10,-1
7492,140,47,10,-1
7493,140,47,10,-1
7494,140,47,10,-1
7495,140,47,10,-1
7496,140,47,10,-1
7497,140,47,10,-1
7498,140,47,10,-1
7499,140,47,10,-1
7500,140,47,10,-1
7501,140,47,10,-1
7502,140,47,10,-1
7503,140,47,10,-1
7504,140,47,10,-1
7505,140,47,10,-1
7506,139,47,10,-1
7507,140,47,10,-1
7508,140,47,10,-1
7509,140,47,10,-1
7510,140,47,10,-1
7511,140,47,10,-1
7512,140,47,10,-1
7513,140,47,10,-1
7514,140,47,10,-1
7515,140,47,10,-1
7516,140,47,10,-1
7517,140,47,10,-1
7518,140,47,10,-1
7519,140,47,10,-1
7520,140,47,10,-1
7521,140,47,10,-1
7522,140,47,10,-1
7523,140,47,10,-1
7524,140,47,10,-1
7525,140,47,10,-1
7526,140,47,10,-1
7527,140,47,10,-1
7528,140,47,10,-1
7529,140,47,10,-1
7530,140,47,10,-1
7531,140,47,10,-1
7532,140,47,10,-1
7533,140,47,10,-1
7534,140,47,10,-1
7535,140,47,10,-1
7536,140,47,10,-1
7537,140,47,10,-1
7538,140,47,10,-1
7539,140,47,10,-1
7540,140,47,10,-1
7541,140,47,10,-1
7542,140,47,10,-1
7543,140,47,10,-1
7544,140,47,10,-1
7545,140,47,10,-1
7546,140,47,10,-1
7547,140,47,10,-1
7548,140,47,10,-1
7549,140,47,10,-1
7550,140,47,10,-1
7551,140,47,10,-1
7552,140,47,10,-1
7553,140,47,10,-1
7554,140,47,10,-1
7555,140,47,10,-1
7556,140,47,10,-1
7557,140,47,10,-1
7558,140,47,10,-1
7559,140,47,10,-1
7560,140,47,10,-1
7561,140,47,10,-1
7562,139,47,10,-1
7563,140,47,10,-1
7564,140,47,10,-1
7565,140,47,10,-1
7566,140,47,10,-1
7567,140,47,10,-1
7568,140,47,10,-1
7569,140,47,10,-1
7570,140,47,10,-1
7571,140,47,10,-1
7572,140,47,10,-1
7573,140,47,10,-1
7574,140,47,10,-1
7575,140,47,10,-1
7576,140,47,10,-1
7577,140,47,10,-1
7578,140,47,10,-1
7579,140,47,10,-1
7580,140,47,10,-1
7581,140,47,10,-1
7582,140,47,10,-1
7583,140,47,10,-1
7584,140,47,10,-1
7585,140,47,10,-1
7586,140,47,10,-1
7587,140,47,10,-1
7588,140,47,10,-1
7589,140,47,10,-1
7590,140,47,10,-1
7591,140,47,10,-1
7592,140,47,10,-1
7593,140,47,10,-1
7594,140,47,10,-1
7595,140,47,10,-1
7596,140,47,10,-1
7597,140,47,10,-1
7598,140,47,10,-1
7599,140,47,10,-1
7600,140,47,10,-1
7601,140,47,10,-1
7602,140,47,10,-1
7603,140,47,10,-1
7604,140,47,10,-1
7605,140,47,10,-1
7606,140,47,10,-1
7607,140,47,10,-1
7608,140,47,10,-1
7609,140,47,10,-1
7610,140,47,10,-1
7611,140,47,10,-1
7612,140,47,10,-1
7613,140,47,10,-1
7614,140,47,10,-1
7615,139,47,10,-1
7616,140,47,10,-1
7617,140,47,10,-1
7618,140,47,10,-1
7619,140,47,10,-1
7620,140,47,10,-1
7621,140,47,10,-1
7622,140,47,10,-1
7623,139,47,10,-1
7624,140,47,10,-1
7625,140,47,10,-1
7626,140,47,10,-1
7627,140,47,10,-1
7628,140,47,10,-1
7629,140,47,10,-1
7630,140,47,10,-1
7631,140,47,10,-1
7632,140,47,10,-1
7633,140,47,10,-1
7634,140,47,10,-1
7635,140,47,10,-1
7636,140,47,10,-1
7637,140,47,10,-1
7638,140,47,10,-1
7639,140,47,10,-1
7640,140,47,10,-1
7641,140,47,10,-1
7642,140,47,10,-1
7643,140,47,10,-1
7644,140,47,10,-1
7645,140,47,10,-1
7646,140,47,10,-1
7647,140,47,10,-1
7648,140,47,10,-1
7649,140,47,10,-1
7650,140,47,10,-1
7651,140,47,10,-1
7652,140,47,10,-1
7653,140,47,10,-1
7654,140,47,10,-1
7655,140,47,10,-1
7656,140,47,10,-1
7657,140,47,10,-1
7658,140,47,10,-1
7659,140,47,10,-1
7660,140,47,10,-1
7661,140,47,10,-1
7662,140,47,10,-1
7663,140,47,10,-1
7664,140,47,10,-1
7665,140,47,10,-1
7666,140,47,10,-1
7667,140,47,10,-1
7668,140,47,10,-1
7669,140,47,10,-1
7670,140,47,10,-1
7671,140,47,10,-1
7672,140,47,10,-1
7673,140,47,10,-1
7674,140,47,10,-1
7675,140,47,10,-1
7676,140,47,10,-1
7677,140,47,10,-1
7678,140,47,10,-1
7679,140,47,10,-1
7680,140,47,10,-1
7681,140,47,10,-1
7682,140,47,10,-1
7683,140,47,10,-1
7684,140,47,10,-1
7685,140,47,10,-1
7686,140,47,10,-1
7687,140,47,10,-1
7688,140,47,10,-1
7689,140,47,10,-1
7690,140,47,10,-1
7691,140,47,10,-1
7692,140,47,10,-1
7693,140,47,10,-1
7694,140,47,10,-1
7695,139,47,10,-1
7696,140,47,10,-1
7697,140,47,10,-1
7698,140,47,10,-1
7699,140,47,10,-1
7700,140,47,10,-1
7701,140,47,10,-1
7702,140,47,10,-1
7703,140,47,10,-1
7704,140,47,10,-1
7705,140,47,10,-1
7706,140,47,10,-1
7707,139,47,10,-1
7708,140,47,10,-1
7709,140,47,10,-1
7710,140,47,10,-1
7711,139,47,10,-1
7712,140,47,10,-1
7713,140,47,10,-1
7714,140,47,10,-1
7715,140,47,10,-1
7716,140,47,10,-1
7717,140,47,10,-1
7718,140,47,10,-1
7719,140,47,10,-1
7720,140,47,10,-1
7721,140,47,10,-1
7722,140,47,10,-1
7723,140,47,10,-1
7724,140,47,10,-1
7725,140,47,10,-1
7726,140,47,10,-1
7727,140,47,10,-1
7728,140,47,10,-1
7729,139,47,10,-1
7730,140,47,10,-1
7731,140,47,10,-1
7732,139,47,10,-1
7733,140,47,10,-1
7734,140,47,10,-1
7735,140,47,10,-1
7736,140,47,10,-1
7737,140,47,10,-1
7738,140,47,10,-1
7739,140,47,10,-1
7740,140,47,10,-1
7741,140,47,10,-1
7742,140,47,10,-1
7743,140,47,10,-1
7744,140,47,10,-1
7745,140,47,10,-1
7746,140,47,10,-1
7747,140,47,10,-1
7748,140,47,10,-1
7749,140,47,10,-1
7750,140,47,10,-1
7751,140,47,10,-1
7752,140,47,10,-1
7753,140,47,10,-1
7754,140,47,10,-1
7755,140,47,10,-1
7756,140,47,10,-1
7757,140,47,10,-1
7758,140,47,10,-1
7759,140,47,10,-1
7760,140,47,10,-1
7761,140,47,10,-1
7762,140,47,10,-1
7763,140,47,10,-1
7764,140,47,10,-1
7765,140,47,10,-1
7766,140,47,10,-1
7767,140,47,10,-1
7768,140,47,10,-1
7769,140,47,10,-1
7770,140,47,10,-1
7771,140,47,10,-1
7772,140,47,10,-1
7773,140,47,10,-1
7774,140,47,10,-1
7775,140,47,10,-1
7776,140,47,10,-1
7777,140,47,10,-1
7778,140,47,10,-1
7779,140,47,10,-1
7780,140,47,10,-1
7781,139,47,10,-1
7782,140,47,10,-1
7783,140,47,10,-1
7784,140,47,10,-1
7785,140,47,10,-1
7786,140,47,10,-1
7787,140,47,10,-1
7788,139,47,10,-1
7789,140,47,10,-1
7790,140,47,10,-1
7791,140,47,10,-1
7792,140,47,10,-1
7793,140,47,10,-1
7794,140,47,10,-1
7795,140,47,10,-1
7796,140,47,10,-1
7797,140,47,10,-1
7798,140,47,10,-1
7799,140,47,10,-1
7800,140,47,10,-1
7801,140,47,10,-1
7802,140,47,10,-1
7803,140,47,10,-1
7804,140,47,10,-1
7805,140,47,10,-1
7806,140,47,10,-1
7807,140,47,10,-1
7808,140,47,10,-1
7809,140,47,10,-1
7810,140,47,10,-1
7811,140,47,10,-1
7812,140,47,10,-1
7813,140,47,10,-1
7814,139,47,10,-1
7815,140,47,10,-1
7816,140,47,10,-1
7817,140,47,10,-1
7818,140,47,10,-1
7819,140,47,10,-1
7820,140,47,10,-1
7821,140,47,10,-1
7822,140,47,10,-1
7823,140,47,10,-1
7824,140,47,10,-1
7825,140,47,10,-1
7826,140,47,10,-1
7827,140,47,10,-1
7828,140,47,10,-1
7829,140,47,10,-1
7830,139,47,10,-1
7831,140,47,10,-1
7832,140,47,10,-1
7833,140,47,10,-1
7834,140,47,10,-1
7835,140,47,10,-1
7836,140,47,10,-1
7837,140,47,10,-1
7838,140,47,10,-1
7839,140,47,10,-1
7840,140,47,10,-1
7841,140,47,10,-1
7842,140,47,10,-1
7843,140,47,10,-1
7844,140,47,10,-1
7845,140,47,10,-1
7846,139,47,10,-1
7847,140,47,10,-1
7848,140,47,10,-1
7849,140,47,10,-1
7850,140,47,10,-1
7851,140,47,10,-1
7852,140,47,10,-1
7853,140,47,10,-1
7854,140,47,10,-1
7855,140,47,10,-1
7856,140,47,10,-1
7857,140,47,10,-1
7858,140,47,10,-1
7859,140,47,10,-1
7860,139,47,10,-1
7861,140,47,10,-1
7862,140,47,10,-1
7863,140,47,10,-1
7864,140,47,10,-1
7865,140,47,10,-1
7866,140,47,10,-1
7867,140,47,10,-1
7868,140,47,10,-1
7869,140,47,10,-1
7870,140,47,10,-1
7871,140,47,10,-1
7872,139,47,10,-1
7873,139,47,10,-1
7874,140,47,10,-1
7875,140,47,10,-1
7876,140,47,10,-1
7877,140,47,10,-1
7878,140,47,10,-1
7879,140,47,10,-1
7880,140,47,10,-1
7881,140,47,10,-1
7882,140,47,10,-1
7883,140,47,10,-1
7884,140,47,10,-1
7885,140,47,10,-1
7886,140,47,10,-1
7887,140,47,10,-1
7888,140,47,10,-1
7889,140,47,10,-1
7890,140,47,10,-1
7891,140,47,10,-1
7892,140,47,10,-1
7893,140,47,10,-1
7894,140,47,10,-1
7895,140,47,10,-1
7896,140,47,10,-1
7897,140,47,10,-1
7898,140,47,10,-1
7899,140,47,10,-1
7900,140,47,10,-1
7901,140,47,10,-1
7902,140,47,10,-1
7903,140,47,10,-1
7904,140,47,10,-1
7905,140,47,10,-1
7906,140,47,10,-1
7907,140,47,10,-1
7908,140,47,10,-1
7909,140,47,10,-1
7910,140,47,10,-1
7911,140,47,10,-1
7912,139,47,10,-1
7913,140,47,10,-1
7914,140,47,10,-1
7915,140,47,10,-1
7916,140,47,10,-1
7917,140,47,10,-1
7918,140,47,10,-1
7919,140,47,10,-1
7920,140,47,10,-1
7921,140,47,10,-1
7922,140,47,10,-1
7923,140,47,10,-1
7924,140,47,10,-1
7925,140,47,10,-1
7926,140,47,10,-1
7927,140,47,10,-1
7928,140,47,10,-1
7929,140,47,10,-1
7930,140,47,10,-1
7931,140,47,10,-1
7932,140,47,10,-1
7933,140,47,10,-1
7934,140,47,10,-1
7935,140,47,10,-1
7936,140,47,10,-1
7937,140,47,10,-1
7938,140,47,10,-1
7939,140,47,10,-1
7940,140,47,10,-1
7941,140,47,10,-1
7942,140,47,10,-1
7943,140,47,10,-1
7944,140,47,10,-1
7945,140,47,10,-1
7946,139,47,10,-1
7947,140,47,10,-1
7948,140,47,10,-1
7949,140,47,10,-1
7950,140,47,10,-1
7951,140,47,10,-1
7952,140,47,10,-1
7953,140,47,10,-1
7954,140,47,10,-1
7955,140,47,10,-1
7956,140,47,10,-1
7957,140,47,10,-1
7958,140,47,10,-1
7959,140,47,10,-1
7960,139,47,10,-1
7961,140,47,10,-1
7962,139,47,10,-1
7963,140,47,10,-1
7964,140,47,10,-1
7965,140,47,10,-1
7966,140,47,10,-1
7967,140,47,10,-1
7968,140,47,10,-1
7969,140,47,10,-1
7970,140,47,10,-1
7971,140,47,10,-1
7972,140,47,10,-1
7973,140,47,10,-1
7974,140,47,10,-1
7975,140,47,10,-1
7976,140,47,10,-1
7977,140,47,10,-1
7978,139,47,10,-1
7979,140,47,10,-1
7980,140,47,10,-1
7981,139,47,10,-1
7982,140,47,10,-1
7983,140,47,10,-1
7984,140,47,10,-1
7985,140,47,10,-1
7986,140,47,10,-1
7987,140,47,10,-1
7988,140,47,10,-1
7989,139,47,10,-1
7990,139,47,10,-1
7991,140,47,10,-1
7992,140,47,10,-1
7993,140,47,10,-1
7994,140,47,10,-1
7995,140,47,10,-1
7996,140,47,10,-1
7997,140,47,10,-1
7998,140,47,10,-1
7999,140,47,10,-1
8000,140,47,10,-1
8001,140,47,10,-1
8002,140,47,10,-1
8003,140,47,10,-1
8004,140,47,10,-1
8005,140,47,10,-1
8006,140,47,10,-1
8007,140,47,10,-1
8008,140,47,10,-1
8009,140,47,10,-1
8010,140,47,10,-1
8011,140,47,10,-1
8012,140,47,10,-1
8013,140,47,10,-1
8014,140,47,10,-1
8015,140,47,10,-1
8016,140,47,10,-1
8017,140,47,10,-1
8018,140,47,10,-1
8019,140,47,10,-1
8020,140,47,10,-1
8021,140,47,10,-1
8022,140,47,10,-1
8023,140,47,10,-1
8024,140,47,10,-1
8025,140,47,10,-1
8026,140,47,10,-1
8027,140,47,10,-1
8028,140,47,10,-1
8029,140,47,10,1
8030,140,47,10,-1
8031,140,47,10,-1
8032,140,47,10,-1
8033,140,47,10,-1
8034,140,47,10,-1
8035,140,47,10,-1
8036,140,47,10,-1
8037,140,47,10,-1
8038,140,47,10,-1
8039,140,47,10,-1
8040,140,47,10,-1
8041,140,47,10,-1
8042,140,47,10,-1
8043,140,47,10,-1
8044,140,47,10,-1
8045,140,47,10,-1
8046,140,47,10,-1
8047,140,47,10,-1
8048,140,47,10,-1
8049,140,47,10,-1
8050,140,47,10,-1
8051,140,47,10,-1
8052,140,47,10,-1
8053,140,47,10,-1
8054,140,47,10,-1
8055,140,47,10,-1
8056,140,47,10,-1
8057,140,47,10,-1
8058,140,47,10,-1
8059,140,47,10,-1
8060,140,47,10,-1
8061,140,47,10,-1
8062,140,47,10,-1
8063,140,47,10,-1
8064,140,47,10,-1
8065,140,47,10,-1
8066,140,47,10,-1
8067,140,47,10,-1
8068,140,47,10,-1
8069,140,47,10,-1
8070,140,47,10,-1
8071,140,47,10,-1
8072,140,47,10,-1
8073,139,47,10,-1
8074,140,47,10,-1
8075,140,47,10,-1
8076,140,47,10,-1
8077,140,47,10,-1
8078,140,47,10,-1
8079,140,47,10,-1
8080,140,47,10,-1
8081,140,47,10,-1
8082,140,47,10,-1
8083,140,47,10,-1
8084,140,47,10,-1
8085,140,47,10,-1
8086,140,47,10,-1
8087,140,47,10,-1
8088,140,47,10,-1
8089,140,47,10,-1
8090,140,47,10,-1
8091,140,47,10,-1
8092,140,47,10,-1
8093,140,47,10,-1
8094,140,47,10,-1
8095,140,47,10,-1
8096,140,47,10,-1
8097,140,47,10,-1
8098,140,47,10,-1
8099,140,47,10,-1
8100,139,47,10,-1
8101,140,47,10,-1
8102,140,47,10,-1
8103,140,47,10,-1
8104,140,47,10,-1
8105,140,47,10,-1
8106,140,47,10,-1
8107,140,47,10,-1
8108,140,47,10,-1
8109,140,47,10,-1
8110,140,47,10,-1
8111,140,47,10,-1
8112,140,47,10,-1
8113,140,47,10,-1
8114,140,47,10,-1
8115,140,47,10,-1
8116,140,47,10,-1
8117,140,47,10,-1
8118,140,47,10,-1
8119,140,47,10,-1
8120,140,47,10,-1
8121,140,47,10,-1
8122,140,47,10,-1
8123,140,47,10,-1
8124,140,47,10,-1
8125,140,47,10,-1
8126,140,47,10,-1
8127,140,47,10,-1
8128,140,47,10,-1
8129,140,47,10,-1
8130,139,47,10,-1
8131,140,47,10,-1
8132,139,47,10,-1
8133,140,47,10,-1
8134,140,47,10,-1
8135,140,47,10,-1
8136,140,47,10,-1
8137,140,47,10,-1
8138,140,47,10,-1
8139,140,47,10,-1
8140,140,47,10,-1
8141,139,47,10,-1
8142,139,47,10,-1
8143,140,47,10,-1
8144,140,47,10,-1
8145,140,47,10,-1
8146,140,47,10,-1
8147,140,47,10,-1
8148,140,47,10,-1
8149,140,47,10,-1
8150,140,47,10,-1
8151,140,47,10,-1
8152,140,47,10,-1
8153,140,47,10,-1
8154,140,47,10,-1
8155,140,47,10,-1
8156,140,47,10,-1
8157,140,47,10,-1
8158,140,47,10,-1
8159,140,47,10,-1
8160,140,47,10,-1
8161,140,47,10,-1
8162,140,47,10,-1
8163,140,47,10,-1
8164,140,47,10,-1
8165,140,47,10,-1
8166,140,47,10,-1
8167,140,47,10,-1
8168,140,47,10,-1
8169,140,47,10,-1
8170,140,47,10,-1
8171,140,47,10,-1
8172,140,47,10,-1
8173,140,47,10,-1
8174,140,47,10,-1
8175,140,47,10,-1
8176,140,47,10,-1
8177,140,47,10,-1
8178,140,47,10,-1
8179,140,47,10,-1
8180,140,47,10,-1
8181,140,47,10,-1
8182,140,47,10,-1
8183,140,47,10,-1
8184,140,47,10,-1
8185,140,47,10,-1
8186,140,47,10,-1
8187,140,47,10,-1
8188,140,47,10,-1
8189,140,47,10,-1
8190,140,47,10,-1
8191,140,47,10,-1
8192,140,47,10,-1
8193,140,47,10,-1
8194,140,47,10,-1
8195,140,47,10,-1
8196,140,47,10,-1
8197,140,47,10,-1
8198,140,47,10,-1
8199,140,47,10,-1
8200,140,47,10,-1
8201,140,47,10,-1
8202,139,47,10,-1
8203,140,47,10,-1
8204,140,47,10,-1
8205,140,47,10,-1
8206,140,47,10,-1
8207,140,46,10,-1
8208,140,47,10,-1
8209,140,47,10,-1
8210,140,47,10,-1
8211,140,47,10,-1
8212,140,47,10,-1
8213,140,47,10,-1
8214,140,47,10,-1
8215,140,47,10,-1
8216,140,47,10,-1
8217,140,47,10,-1
8218,140,47,10,-1
8219,140,47,10,-1
8220,140,47,10,-1
8221,140,47,10,-1
8222,140,47,10,-1
8223,140,47,10,-1
8224,140,47,10,-1
8225,140,47,10,-1
8226,140,47,10,-1
8227,140,47,10,-1
8228,140,47,10,-1
8229,140,47,10,-1
8230,140,47,10,-1
8231,140,47,10,-1
8232,140,47,10,-1
8233,140,47,10,-1
8234,140,47,10,-1
8235,140,47,10,-1
8236,140,47,10,-1
8237,140,47,10,-1
8238,140,47,10,-1
8239,140,47,10,-1
8240,140,47,10,-1
8241,140,47,10,-1
8242,140,47,10,-1
8243,140,47,10,-1
8244,140,47,10,-1
8245,140,47,10,-1
8246,140,47,10,-1
8247,140,47,10,-1
8248,140,47,10,-1
8249,140,47,10,-1
8250,140,47,10,-1
8251,140,47,10,-1
8252,140,47,10,-1
8253,140,47,10,-1
8254,140,47,10,-1
8255,140,47,10,-1
8256,140,47,10,-1
8257,140,47,10,-1
8258,140,47,10,-1
8259,140,47,10,-1
8260,140,47,10,-1
8261,140,47,10,-1
8262,140,47,10,-1
8263,140,47,10,-1
8264,140,47,10,-1
8265,140,47,10,-1
8266,140,47,10,-1
8267,140,47,10,-1
8268,140,47,10,-1
8269,140,47,10,-1
8270,140,47,10,-1
8271,140,47,10,-1
8272,140,47,10,-1
8273,140,47,10,-1
8274,140,47,10,-1
8275,140,47,10,-1
8276,140,47,10,-1
8277,140,47,10,-1
8278,140,47,10,-1
8279,140,47,10,-1
8280,140,47,10,-1
8281,140,47,10,-1
8282,140,47,10,-1
8283,140,47,10,-1
8284,140,47,10,-1
8285,140,47,10,-1
8286,140,47,10,-1
8287,139,47,10,-1
8288,140,47,10,-1
8289,140,47,10,-1
8290,140,47,10,-1
8291,140,47,10,-1
8292,140,47,10,-1
8293,140,47,10,-1
8294,140,47,10,-1
8295,140,47,10,-1
8296,140,47,10,-1
8297,140,47,10,-1
8298,140,47,10,-1
8299,140,47,10,-1
8300,140,47,10,-1
8301,140,47,10,-1
8302,140,47,10,-1
8303,140,47,10,-1
8304,140,47,10,-1
8305,140,47,10,-1
8306,140,47,10,-1
8307,140,47,10,-1
8308,140,47,10,-1
8309,140,47,10,-1
8310,140,47,10,-1
8311,140,47,10,-1
8312,140,47,10,-1
8313,140,47,10,-1
8314,140,47,10,-1
8315,140,47,10,-1
8316,140,47,10,-1
8317,139,47,10,-1
8318,140,47,10,-1
8319,140,47,10,-1
8320,140,47,10,-1
8321,140,47,10,-1
8322,140,47,10,-1
8323,139,47,10,-1
8324,140,47,10,-1
8325,140,47,10,-1
8326,140,47,10,-1
8327,140,47,10,-1
8328,140,47,10,-1
8329,139,47,10,-1
8330,140,47,10,-1
8331,140,47,10,-1
8332,140,47,10,-1
8333,140,47,10,-1
8334,140,47,10,-1
8335,140,47,10,-1
8336,140,47,10,-1
8337,140,47,10,-1
8338,140,47,10,-1
8339,140,47,10,-1
8340,140,47,10,-1
8341,140,47,10,-1
8342,140,47,10,-1
8343,140,47,10,-1
8344,140,47,10,-1
8345,140,47,10,-1
8346,140,47,10,-1
8347,140,47,10,-1
8348,140,47,10,-1
8349,140,47,10,-1
8350,140,47,10,-1
8351,140,47,10,-1
8352,140,47,10,-1
8353,140,47,10,-1
8354,140,47,10,-1
8355,140,47,10,-1
8356,140,47,10,-1
8357,140,47,10,-1
8358,140,47,10,-1
8359,140,47,10,-1
8360,140,47,10,-1
8361,140,47,10,-1
8362,140,47,10,-1
8363,140,47,10,-1
8364,140,47,10,-1
8365,140,47,10,-1
8366,140,47,10,-1
8367,140,47,10,-1
8368,140,47,10,-1
8369,140,47,10,-1
8370,140,47,10,-1
8371,140,47,10,-1
8372,140,47,10,-1
8373,140,47,10,-1
8374,140,47,10,-1
8375,140,47,10,-1
8376,140,47,10,-1
8377,140,47,10,-1
8378,140,47,10,-1
8379,140,47,10,-1
8380,140,47,10,-1
8381,140,47,10,-1
8382,140,47,10,-1
8383,140,47,10,-1
8384,140,47,10,-1
8385,140,47,10,-1
8386,140,47,10,-1
8387,140,47,10,-1
8388,140,47,10,-1
8389,140,47,10,-1
8390,140,47,10,-1
8391,140,47,10,-1
8392,140,47,10,-1
8393,140,47,10,-1
8394,140,47,10,-1
8395,140,47,10,-1
8396,140,47,10,-1
8397,140,47,10,-1
8398,140,47,10,-1
8399,140,47,10,-1
8400,140,47,10,-1
8401,140,47,10,-1
8402,140,47,10,-1
8403,140,47,10,-1
8404,140,47,10,-1
8405,140,47,10,-1
8406,140,47,10,-1
8407,140,47,10,-1
8408,140,47,10,-1
8409,140,47,10,-1
8410,140,47,10,-1
8411,140,47,10,-1
8412,140,47,10,-1
8413,140,47,10,-1
8414,140,47,10,-1
8415,139,47,10,-1
8416,140,47,10,-1
8417,140,47,10,-1
8418,140,47,10,-1
8419,140,47,10,-1
8420,140,47,10,-1
8421,140,47,10,-1
8422,140,47,10,-1
8423,140,47,10,-1
8424,140,47,10,-1
8425,138,47,10,-1
8426,140,47,10,-1
8427,140,47,10,-1
8428,140,47,10,-1
8429,139,47,10,-1
8430,140,47,10,-1
8431,140,47,10,-1
8432,140,47,10,-1
8433,140,47,10,-1
8434,140,47,10,-1
8435,140,47,10,-1
8436,140,47,10,-1
8437,140,47,10,-1
8438,140,47,10,-1
8439,140,47,10,-1
8440,140,47,10,-1
8441,140,47,10,-1
8442,140,47,10,-1
8443,140,47,10,-1
8444,140,47,10,-1
8445,140,47,10,-1
8446,140,47,10,-1
8447,140,47,10,-1
8448,140,47,10,-1
8449,140,47,10,-1
8450,140,47,10,-1
8451,140,47,10,-1
8452,140,47,10,-1
8453,140,47,10,-1
8454,140,47,10,-1
8455,140,47,10,-1
8456,140,47,10,-1
8457,140,47,10,-1
8458,140,47,10,-1
8459,140,47,10,-1
8460,140,47,10,-1
8461,140,47,10,-1
8462,140,47,10,-1
8463,140,47,10,-1
8464,140,47,10,-1
8465,140,47,10,-1
8466,140,47,10,-1
8467,140,47,10,-1
8468,140,47,10,-1
8469,140,47,10,-1
8470,140,47,10,-1
8471,140,47,10,-1
8472,140,47,10,-1
8473,140,47,10,-1
8474,140,47,10,-1
8475,140,47,10,-1
8476,139,47,10,-1
8477,139,47,10,-1
8478,140,47,10,-1
8479,140,47,10,-1
8480,140,47,10,-1
8481,140,47,10,-1
8482,139,47,10,-1
8483,140,47,10,-1
8484,140,47,10,-1
8485,140,47,10,-1
8486,140,47,10,-1
8487,140,47,10,-1
8488,140,47,10,-1
8489,140,47,10,-1
8490,140,47,10,-1
8491,140,47,10,-1
8492,140,47,10,-1
8493,140,47,10,-1
8494,140,47,10,-1
8495,140,47,10,-1
8496,140,47,10,-1
8497,140,47,10,-1
8498,140,47,10,-1
8499,140,47,10,-1
8500,140,47,10,-1
8501,140,47,10,-1
8502,140,47,10,-1
8503,140,47,10,-1
8504,140,47,10,-1
8505,140,47,10,-1
8506,140,47,10,-1
8507,139,47,10,-1
8508,140,47,10,-1
8509,140,47,10,-1
8510,140,47,10,-1
8511,140,47,10,-1
8512,140,47,10,-1
8513,140,47,10,-1
8514,139,47,10,-1
8515,140,47,10,-1
8516,140,47,10,-1
8517,140,47,10,-1
8518,139,47,10,-1
8519,140,47,10,-1
8520,140,47,10,-1
8521,140,47,10,-1
8522,140,47,10,-1
8523,140,47,10,-1
8524,140,47,10,-1
8525,140,47,10,-1
8526,140,47,10,-1
8527,140,47,10,-1
8528,140,47,10,-1
8529,140,47,10,-1
8530,140,47,10,-1
8531,140,47,10,-1
8532,140,47,10,-1
8533,140,47,10,-1
8534,140,47,10,-1
8535,140,47,10,-1
8536,139,47,10,-1
8537,140,47,10,-1
8538,140,47,10,-1
8539,140,47,10,-1
8540,140,47,10,-1
8541,140,47,10,-1
8542,140,47,10,-1
8543,140,47,10,-1
8544,140,47,10,-1
8545,140,47,10,-1
8546,140,47,10,-1
8547,140,47,10,-1
8548,140,47,10,-1
8549,140,47,10,-1
8550,140,47,10,-1
8551,140,47,10,-1
8552,140,47,10,-1
8553,140,47,10,-1
8554,140,47,10,-1
8555,140,47,10,-1
8556,140,47,10,-1
8557,140,47,10,-1
8558,140,47,10,-1
8559,140,47,10,-1
8560,140,47,10,-1
8561,140,47,10,-1
8562,140,47,10,-1
8563,140,47,10,-1
8564,140,47,10,-1
8565,140,47,10,-1
8566,140,47,10,-1
8567,140,47,10,-1
8568,140,47,10,-1
8569,140,47,10,-1
8570,140,47,10,-1
8571,140,47,10,-1
8572,140,47,10,-1
8573,139,47,10,-1
8574,140,47,10,-1
8575,140,47,10,-1
8576,140,47,10,-1
8577,140,47,10,-1
8578,139,47,10,-1
8579,140,47,10,-1
8580,140,47,10,-1
8581,140,47,10,-1
8582,140,47,10,-1
8583,140,47,10,-1
8584,140,47,10,-1
8585,140,47,10,-1
8586,140,47,10,-1
8587,140,47,10,-1
8588,140,47,10,-1
8589,140,47,10,-1
8590,140,47,10,-1
8591,140,47,10,-1
8592,140,47,10,-1
8593,140,47,10,-1
8594,140,47,10,-1
8595,140,47,10,-1
8596,140,47,10,-1
8597,140,47,10,-1
8598,140,47,10,-1
8599,140,47,10,-1
8600,140,47,10,-1
8601,140,47,10,-1
8602,139,47,10,-1
8603,139,47,10,-1
8604,140,47,10,-1
8605,140,47,10,-1
8606,140,47,10,-1
8607,140,47,10,-1
8608,140,47,10,-1
8609,140,47,10,-1
8610,140,47,10,-1
8611,140,47,10,-1
8612,140,47,10,-1
8613,140,47,10,-1
8614,140,47,10,-1
8615,140,47,10,-1
8616,140,47,10,-1
8617,140,47,10,-1
8618,140,47,10,-1
8619,139,47,10,-1
8620,140,47,10,-1
8621,140,47,10,-1
8622,140,47,10,-1
8623,140,47,10,-1
8624,140,47,10,-1
8625,140,47,10,-1
8626,140,47,10,-1
8627,140,47,10,-1
8628,140,47,10,-1
8629,140,47,10,-1
8630,140,47,10,-1
8631,140,47,10,-1
8632,140,47,10,-1
8633,140,47,10,-1
8634,140,47,10,-1
8635,140,47,10,-1
8636,140,47,10,-1
8637,140,47,10,-1
8638,140,47,10,-1
8639,140,47,10,-1
8640,140,47,10,-1
8641,140,47,10,-1
8642,140,47,10,-1
8643,140,47,10,-1
8644,140,47,10,-1
8645,140,47,10,-1
8646,140,47,10,-1
8647,140,47,10,-1
8648,140,47,10,-1
8649,140,47,10,-1
8650,140,47,10,-1
8651,140,47,10,-1
8652,140,47,10,-1
8653,140,47,10,1
8654,140,47,10,-1
8655,140,47,10,-1
8656,140,47,10,-1
8657,140,47,10,-1
8658,140,47,10,-1
8659,140,47,10,-1
8660,140,47,10,-1
8661,140,47,10,-1
8662,140,47,10,-1
8663,140,47,10,-1
8664,140,47,10,-1
8665,140,47,10,-1
8666,140,47,10,-1
8667,139,47,10,-1
8668,140,47,10,-1
8669,140,47,10,-1
8670,140,47,10,-1
8671,140,47,10,-1
8672,140,47,10,-1
8673,140,47,10,-1
8674,140,47,10,-1
8675,140,47,10,-1
8676,140,47,10,-1
8677,140,47,10,-1
8678,140,47,10,-1
8679,140,47,10,-1
8680,140,47,10,-1
8681,140,47,10,-1
8682,140,47,10,-1
8683,140,47,10,-1
8684,140,47,10,-1
8685,140,47,10,-1
8686,140,47,10,-1
8687,140,47,10,-1
8688,140,47,10,-1
8689,140,47,10,-1
8690,140,47,10,-1
8691,140,47,10,-1
8692,140,47,10,-1
8693,140,47,10,-1
8694,140,47,10,-1
8695,140,47,10,-1
8696,140,47,10,-1
8697,140,47,10,-1
8698,140,47,10,-1
8699,140,47,10,-1
8700,140,47,10,-1
8701,140,47,10,-1
8702,140,47,10,-1
8703,140,47,10,-1
8704,140,47,10,-1
8705,140,47,10,-1
8706,139,47,10,-1
8707,140,47,10,-1
8708,140,47,10,-1
8709,140,47,10,-1
8710,139,47,10,-1
8711,140,47,10,-1
8712,140,47,10,-1
8713,140,47,10,-1
8714,140,47,10,-1
8715,140,47,10,-1
8716,140,47,10,-1
8717,140,47,10,-1
8718,140,47,10,-1
8719,140,47,10,-1
8720,140,47,10,-1
8721,140,47,10,-1
8722,140,47,10,-1
8723,140,47,10,-1
8724,140,47,10,-1
8725,140,47,10,-1
8726,140,47,10,-1
8727,140,47,10,-1
8728,140,47,10,-1
8729,140,47,10,-1
8730,140,47,10,-1
8731,140,47,10,-1
8732,140,47,10,-1
8733,140,47,10,-1
8734,139,47,10,-1
8735,140,47,10,-1
8736,140,47,10,-1
8737,140,47,10,-1
8738,140,47,10,-1
8739,140,47,10,-1
8740,140,47,10,-1
8741,140,47,10,-1
8742,140,47,10,-1
8743,140,47,10,-1
8744,140,47,10,-1
8745,140,47,10,-1
8746,140,47,10,-1
8747,140,47,10,-1
8748,140,47,10,-1
8749,140,47,10,-1
8750,140,47,10,-1
8751,140,47,10,-1
8752,140,47,10,-1
8753,140,47,10,-1
8754,140,47,10,-1
8755,140,47,10,-1
8756,140,47,10,-1
8757,140,47,10,-1
8758,140,47,10,-1
8759,140,47,10,-1
8760,140,47,10,-1
8761,140,47,10,-1
8762,140,47,10,-1
8763,140,47,10,-1
8764,140,47,10,-1
8765,140,47,10,-1
8766,140,47,10,-1
8767,140,47,10,-1
8768,140,47,10,-1
8769,140,47,10,-1
8770,140,47,10,-1
8771,140,47,10,-1
8772,139,47,10,-1
8773,140,47,10,-1
8774,140,47,10,-1
8775,140,47,10,-1
8776,140,47,10,-1
8777,140,47,10,-1
8778,140,47,10,-1
8779,140,47,10,-1
8780,140,47,10,-1
8781,140,47,10,-1
8782,140,47,10,-1
8783,140,47,10,-1
8784,140,47,10,-1
8785,140,47,10,-1
8786,140,47,10,-1
8787,140,47,10,-1
8788,140,47,10,-1
8789,140,47,10,-1
8790,140,47,10,-1
8791,140,47,10,-1
8792,140,47,10,-1
8793,140,47,10,-1
8794,140,47,10,-1
8795,140,47,10,-1
8796,140,47,10,-1
8797,140,47,10,-1
8798,140,47,10,-1
8799,140,47,10,-1
8800,140,47,10,-1
8801,140,47,10,-1
8802,140,47,10,-1
8803,140,47,10,-1
8804,140,47,10,-1
8805,140,47,10,-1
8806,140,47,10,-1
8807,140,47,10,-1
8808,140,47,10,-1
8809,140,47,10,-1
8810,140,47,10,-1
8811,140,47,10,-1
8812,140,47,9,-1
8813,139,47,10,-1
8814,140,47,10,-1
8815,140,47,10,-1
8816,140,47,10,-1
8817,140,47,10,-1
8818,140,47,10,-1
8819,140,47,10,-1
8820,139,47,10,-1
8821,140,47,10,-1
8822,140,47,10,-1
8823,140,47,10,-1
8824,140,47,10,-1
8825,140,47,10,-1
8826,140,47,10,-1
8827,140,47,10,-1
8828,140,47,10,-1
8829,140,47,10,-1
8830,140,47,10,-1
8831,140,47,10,-1
8832,140,47,10,-1
8833,140,47,10,-1
8834,140,47,10,-1
8835,140,47,10,-1
8836,140,47,10,-1
8837,140,47,10,-1
8838,140,47,10,-1
8839,140,47,10,-1
8840,140,47,10,-1
8841,140,47,10,-1
8842,140,47,10,-1
8843,140,47,10,-1
8844,140,47,10,-1
8845,140,47,10,-1
8846,140,47,10,-1
8847,140,47,10,-1
8848,140,47,10,-1
8849,140,47,10,-1
8850,140,47,10,-1
8851,140,47,10,-1
8852,140,47,10,-1
8853,140,47,10,-1
8854,140,47,10,-1
8855,140,47,10,-1
8856,140,47,10,-1
8857,140,47,10,-1
8858,140,47,10,-1
8859,140,47,10,-1
8860,140,47,10,-1
8861,140,47,10,-1
8862,140,47,10,-1
8863,140,47,10,-1
8864,140,47,10,-1
8865,140,47,10,-1
8866,140,47,10,-1
8867,140,47,10,-1
8868,140,47,10,-1
8869,140,46,10,-1
8870,140,47,10,-1
8871,140,47,10,-1
8872,140,47,10,-1
8873,140,47,10,-1
8874,140,47,10,-1
8875,140,47,10,-1
8876,140,47,10,-1
8877,140,47,10,-1
8878,140,47,10,-1
8879,140,47,10,-1
8880,140,47,10,-1
8881,140,47,10,-1
8882,140,47,10,-1
8883,140,47,10,-1
8884,140,47,10,-1
8885,140,47,10,-1
8886,140,47,10,-1
8887,140,47,10,-1
8888,140,47,10,-1
8889,140,47,10,-1
8890,140,47,10,-1
8891,140,47,10,-1
8892,140,47,10,-1
8893,140,47,10,-1
8894,140,47,10,-1
8895,139,47,10,-1
8896,140,47,10,-1
8897,140,47,10,-1
8898,140,47,10,-1
8899,140,47,10,-1
8900,140,47,10,-1
8901,140,47,10,-1
8902,140,47,10,-1
8903,140,47,10,-1
8904,139,47,10,-1
8905,140,47,10,-1
8906,140,47,10,-1
8907,140,47,10,-1
8908,140,47,10,-1
8909,140,47,10,-1
8910,140,47,10,-1
8911,140,47,10,-1
8912,140,47,10,-1
8913,140,47,10,-1
8914,140,47,10,-1
8915,140,47,10,-1
8916,140,47,10,-1
8917,140,47,10,-1
8918,140,47,10,-1
8919,140,47,10,-1
8920,139,47,10,-1
8921,140,47,10,-1
8922,140,47,10,-1
8923,140,47,10,-1
8924,140,47,10,-1
8925,140,47,10,-1
8926,140,47,10,-1
8927,140,47,10,-1
8928,140,47,10,-1
8929,140,47,10,-1
8930,139,47,10,-1
8931,140,47,10,-1
8932,140,47,10,-1
8933,140,47,10,-1
8934,140,47,10,-1
8935,140,47,10,-1
8936,140,47,10,-1
8937,140,47,10,-1
8938,140,47,10,-1
8939,140,47,10,-1
8940,140,47,10,-1
8941,140,47,10,-1
8942,140,47,10,-1
8943,140,47,10,-1
8944,140,47,10,-1
8945,140,47,10,-1
8946,140,47,10,-1
8947,140,47,10,-1
8948,140,47,10,-1
8949,140,47,10,-1
8950,140,47,10,-1
8951,140,47,10,-1
8952,140,47,10,-1
8953,140,47,10,-1
8954,140,47,10,-1
8955,140,47,10,-1
8956,140,47,10,-1
8957,140,47,10,-1
8958,140,47,10,-1
8959,140,47,10,-1
8960,140,47,10,-1
8961,140,47,10,-1
8962,140,47,10,-1
8963,140,47,10,-1
8964,140,47,10,-1
8965,140,47,10,-1
8966,139,47,10,-1
8967,140,47,10,-1
8968,140,47,10,-1
8969,140,47,10,-1
8970,140,47,10,-1
8971,140,47,10,-1
8972,140,47,10,-1
8973,140,47,10,-1
8974,140,47,10,-1
8975,140,47,10,-1
8976,140,47,10,-1
8977,140,47,10,-1
8978,140,47,10,-1
8979,140,46,10,-1
8980,140,47,10,-1
8981,140,47,10,-1
8982,140,47,10,-1
8983,140,47,10,-1
8984,140,47,10,-1
8985,140,47,10,-1
8986,140,47,10,-1
8987,140,47,10,-1
8988,140,47,10,-1
8989,140,47,10,-1
8990,140,47,10,-1
8991,140,47,10,-1
8992,140,47,10,-1
8993,140,47,10,-1
8994,140,47,10,-1
8995,140,47,10,-1
8996,140,47,10,-1
8997,140,47,10,-1
8998,140,47,10,-1
8999,140,47,10,-1
9000,140,47,10,-1
9001,140,47,10,-1
9002,140,47,10,-1
9003,140,47,10,-1
9004,140,47,10,-1
9005,140,47,10,-1
9006,140,47,10,-1
9007,140,47,10,-1
9008,140,47,10,-1
9009,140,47,10,-1
9010,140,47,10,-1
9011,140,47,10,-1
9012,140,47,10,-1
9013,140,47,10,-1
9014,140,47,10,-1
9015,140,47,10,-1
9016,140,47,10,-1
9017,140,47,10,-1
9018,140,47,10,-1
9019,140,47,10,-1
9020,139,47,10,-1
9021,140,47,10,-1
9022,140,47,10,-1
9023,140,47,10,-1
9024,140,47,10,-1
9025,140,47,10,-1
9026,140,47,10,-1
9027,140,47,10,-1
9028,140,47,10,-1
9029,140,47,10,-1
9030,140,47,10,-1
9031,140,47,10,-1
9032,140,47,10,-1
9033,140,47,10,-1
9034,140,47,10,-1
9035,140,47,10,-1
9036,140,47,10,-1
9037,140,47,10,-1
9038,140,47,10,-1
9039,139,47,10,-1
9040,140,47,10,-1
9041,140,47,10,-1
9042,140,47,10,-1
9043,140,47,10,-1
9044,140,47,10,-1
9045,140,47,10,-1
9046,140,47,10,-1
9047,140,47,10,-1
9048,140,47,10,-1
9049,140,47,10,-1
9050,140,47,10,-1
9051,140,47,10,-1
9052,140,47,10,-1
9053,140,47,10,-1
9054,140,47,10,-1
9055,140,47,10,-1
9056,140,47,10,-1
9057,140,47,10,-1
9058,140,47,10,-1
9059,140,47,10,-1
9060,140,47,10,-1
9061,140,47,10,-1
9062,140,47,10,-1
9063,140,47,10,-1
9064,140,47,10,-1
9065,140,47,10,-1
9066,140,47,10,-1
9067,140,47,10,-1
9068,140,47,10,-1
9069,140,47,10,-1
9070,140,47,10,-1
9071,140,47,10,-1
9072,140,47,10,-1
9073,140,47,10,-1
9074,140,47,10,-1
9075,140,47,10,-1
9076,140,47,10,-1
9077,140,47,10,-1
9078,140,47,10,-1
9079,140,47,10,-1
9080,140,47,10,-1
9081,140,47,10,-1
9082,140,47,10,-1
9083,140,47,10,-1
9084,140,47,10,-1
9085,140,47,10,-1
9086,140,47,10,-1
9087,140,47,10,-1
9088,140,47,10,-1
9089,140,47,10,-1
9090,140,47,10,-1
9091,140,47,10,-1
9092,140,47,10,-1
9093,140,47,10,-1
9094,139,47,10,-1
9095,140,47,10,-1
9096,140,47,10,-1
9097,140,47,10,-1
9098,140,47,10,-1
9099,140,47,10,-1
9100,140,47,10,-1
9101,140,47,10,-1
9102,140,47,10,-1
9103,140,47,10,-1
9104,140,47,10,-1
9105,140,47,10,-1
9106,140,47,10,-1
9107,140,47,10,-1
9108,139,47,10,-1
9109,140,47,10,-1
9110,140,47,10,-1
9111,140,47,10,-1
9112,140,47,10,-1
9113,140,47,10,-1
9114,140,47,10,-1
9115,140,47,10,-1
9116,140,47,10,-1
9117,140,47,10,-1
9118,140,47,10,-1
9119,140,47,10,-1
9120,140,47,10,-1
9121,140,47,10,-1
9122,139,47,10,-1
9123,140,47,10,-1
9124,140,47,10,-1
9125,140,47,10,-1
9126,140,47,10,-1
9127,140,47,10,-1
9128,140,47,10,-1
9129,140,47,10,-1
9130,140,47,10,-1
9131,140,47,10,-1
9132,140,47,10,-1
9133,140,47,10,-1
9134,140,47,10,-1
9135,140,47,10,-1
9136,140,47,10,-1
9137,140,47,10,-1
9138,140,47,10,-1
9139,140,47,10,-1
9140,140,47,10,-1
9141,140,47,10,-1
9142,140,47,10,-1
9143,140,47,10,-1
9144,140,47,10,-1
9145,140,47,10,-1
9146,140,47,10,-1
9147,140,47,10,-1
9148,140,47,9,-1
9149,140,47,10,-1
9150,140,47,10,-1
9151,140,47,10,-1
9152,140,47,10,-1
9153,140,47,10,-1
9154,140,47,10,-1
9155,140,47,10,-1
9156,140,47,10,-1
9157,140,47,10,-1
9158,140,47,10,-1
9159,140,47,10,-1
9160,140,47,10,-1
9161,140,47,10,-1
9162,140,47,10,-1
9163,140,47,10,-1
9164,140,47,10,-1
9165,140,47,10,-1
9166,140,47,10,-1
9167,140,47,10,-1
9168,140,47,10,-1
9169,140,47,10,-1
9170,140,47,10,-1
9171,140,47,10,-1
9172,140,47,10,-1
9173,140,47,10,-1
9174,140,47,10,-1
9175,140,47,10,-1
9176,140,47,10,-1
9177,140,47,10,-1
9178,140,47,10,-1
9179,140,47,10,-1
9180,140,47,10,-1
9181,139,47,10,-1
9182,140,47,10,-1
9183,140,47,10,-1
9184,140,47,10,-1
9185,140,47,10,-1
9186,140,47,10,-1
9187,140,47,10,-1
9188,140,47,10,-1
9189,140,47,10,-1
9190,139,47,10,-1
9191,140,47,10,-1
9192,140,47,10,-1
9193,140,47,10,-1
9194,140,47,10,-1
9195,140,47,10,-1
9196,140,47,10,-1
9197,140,47,10,-1
9198,140,47,10,-1
9199,140,47,10,-1
9200,140,47,10,-1
9201,140,47,10,-1
9202,140,47,10,-1
9203,140,47,10,-1
9204,140,47,10,-1
9205,140,47,10,-1
9206,140,47,10,-1
9207,140,47,10,-1
9208,140,47,10,-1
9209,140,47,10,-1
9210,140,47,10,-1
9211,140,47,10,-1
9212,140,47,10,-1
9213,140,47,10,-1
9214,140,47,10,-1
9215,140,47,10,-1
9216,140,47,10,-1
9217,140,47,10,-1
9218,140,47,10,-1
9219,140,47,10,-1
9220,140,47,10,-1
9221,140,47,10,-1
9222,140,47,10,-1
9223,140,47,10,-1
9224,140,47,10,-1
9225,140,47,10,-1
9226,140,47,10,-1
9227,140,47,10,-1
9228,140,47,10,-1
9229,140,47,10,-1
9230,140,47,10,-1
9231,140,47,10,-1
9232,140,47,10,-1
9233,140,47,10,-1
9234,140,47,10,-1
9235,140,47,10,-1
9236,140,47,10,-1
9237,140,47,10,-1
9238,140,47,10,-1
9239,140,47,10,-1
9240,140,47,10,-1
9241,140,47,10,-1
9242,140,47,10,-1
9243,140,47,10,-1
9244,140,47,10,-1
9245,140,47,10,-1
9246,140,47,10,-1
9247,140,47,10,-1
9248,140,47,10,-1
9249,140,47,10,-1
9250,140,47,10,-1
9251,140,47,10,-1
9252,140,47,10,-1
9253,140,47,10,-1
9254,140,47,10,-1
9255,140,47,10,-1
9256,140,47,10,-1
9257,140,47,10,-1
9258,140,47,10,-1
9259,140,47,10,-1
9260,140,47,10,-1
9261,140,47,10,-1
9262,140,47,10,-1
9263,140,47,10,-1
9264,140,47,10,-1
9265,140,47,10,-1
9266,140,47,10,-1
9267,140,47,10,-1
9268,140,47,10,-1
9269,140,47,10,-1
9270,140,47,10,-1
9271,140,47,10,-1
9272,140,47,10,-1
9273,140,47,10,-1
9274,140,47,10,-1
9275,140,47,10,-1
9276,140,47,10,-1
9277,140,47,10,1
9278,140,47,10,-1
9279,140,47,10,-1
9280,140,47,10,-1
9281,140,47,10,-1
9282,140,47,10,-1
9283,139,47,10,-1
9284,140,47,10,-1
9285,140,47,10,-1
9286,140,47,10,-1
9287,140,47,10,-1
9288,140,47,10,-1
9289,140,47,10,-1
9290,140,47,10,-1
9291,140,47,10,-1
9292,140,47,10,-1
9293,140,47,10,-1
9294,140,47,10,-1
9295,140,47,10,-1
9296,140,47,10,-1
9297,140,47,10,-1
9298,140,47,10,-1
9299,140,47,10,-1
9300,140,47,10,-1
9301,140,47,10,-1
9302,140,47,10,-1
9303,140,47,10,-1
9304,140,47,10,-1
9305,140,47,10,-1
9306,140,47,10,-1
9307,140,47,10,-1
9308,140,47,10,-1
9309,140,47,10,-1
9310,140,47,10,-1
9311,140,47,10,-1
9312,140,47,10,-1
9313,140,47,10,-1
9314,140,47,10,-1
9315,140,47,10,-1
9316,140,47,10,-1
9317,140,47,10,-1
9318,140,47,10,-1
9319,140,47,10,-1
9320,140,47,10,-1
9321,140,47,10,-1
9322,140,47,10,-1
9323,140,47,10,-1
9324,140,47,10,-1
9325,140,47,10,-1
9326,140,47,10,-1
9327,140,47,10,-1
9328,140,47,10,-1
9329,140,47,10,-1
9330,140,47,10,-1
9331,140,47,10,-1
9332,140,47,10,-1
9333,140,47,10,-1
9334,140,47,10,-1
9335,140,47,10,-1
9336,140,47,10,-1
9337,140,47,10,-1
9338,140,47,10,-1
9339,140,47,10,-1
9340,140,47,10,-1
9341,140,47,10,-1
9342,140,47,10,-1
9343,140,47,10,-1
9344,140,47,10,-1
9345,140,47,10,-1
9346,140,47,10,-1
9347,140,47,10,-1
9348,140,47,10,-1
9349,140,47,10,-1
9350,140,47,10,-1
9351,140,47,10,-1
9352,140,47,10,-1
9353,140,47,10,-1
9354,140,47,10,-1
9355,140,47,10,-1
9356,140,47,10,-1
9357,140,47,10,-1
9358,140,47,10,-1
9359,140,47,10,-1
9360,140,47,10,-1
9361,3,3,3,-1
9362,9,9,6,-1
9363,27,27,10,-1
9364,79,46,10,-1
9365,140,47,10,-1
9366,140,47,10,-1
9367,140,47,10,-1
9368,140,47,10,-1
9369,140,47,10,-1
9370,140,47,10,-1
9371,140,47,10,-1
9372,140,47,10,-1
9373,140,47,10,-1
9374,140,47,10,-1
9375,140,47,10,-1
9376,140,47,10,-1
9377,140,47,10,-1
9378,140,47,10,-1
9379,140,47,10,-1
9380,140,47,10,-1
9381,140,47,10,-1
9382,140,47,10,-1
9383,140,47,10,-1
9384,140,47,10,-1
9385,140,47,10,-1
9386,140,47,10,-1
9387,140,47,10,-1
9388,140,47,10,-1
9389,140,47,10,-1
9390,140,47,10,-1
9391,140,47,10,-1
9392,140,47,10,-1
9393,140,47,10,-1
9394,140,47,10,-1
9395,140,47,10,-1
9396,140,47,10,-1
9397,140,47,10,-1
9398,140,47,10,-1
9399,140,47,10,-1
9400,140,47,10,-1
9401,140,47,10,-1
9402,140,47,10,-1
9403,140,47,10,-1
9404,140,47,10,-1
9405,139,47,10,-1
9406,139,47,10,-1
9407,140,47,10,-1
9408,140,47,10,-1
9409,140,47,10,-1
9410,140,47,10,-1
9411,140,47,10,-1
9412,140,47,10,-1
9413,140,47,10,-1
9414,140,47,10,-1
9415,140,47,10,-1
9416,140,47,10,-1
9417,140,47,10,-1
9418,140,47,10,-1
9419,140,47,10,-1
9420,140,47,10,-1
9421,140,47,10,-1
9422,140,47,10,-1
9423,140,47,10,-1
9424,140,47,10,-1
9425,140,47,10,-1
9426,140,47,10,-1
9427,140,47,10,-1
9428,140,47,10,-1
9429,140,47,10,-1
9430,140,47,10,-1
9431,140,47,10,-1
9432,140,47,10,-1
9433,140,47,10,-1
9434,140,47,10,-1
9435,140,47,10,-1
9436,140,47,10,-1
9437,140,47,10,-1
9438,140,47,10,-1
9439,140,47,10,-1
9440,140,47,10,-1
9441,140,47,10,-1
9442,140,47,10,-1
9443,140,47,10,-1
9444,140,47,10,-1
9445,140,47,10,-1
9446,140,47,10,-1
9447,140,47,10,-1
9448,140,47,10,-1
9449,140,47,10,-1
9450,140,47,10,-1
9451,140,47,10,-1
9452,140,47,10,-1
9453,140,47,10,-1
9454,140,47,10,-1
9455,140,47,10,-1
9456,140,47,10,-1
9457,140,47,10,-1
9458,140,47,10,-1
9459,140,47,10,-1
9460,140,47,10,-1
9461,140,47,10,-1
9462,140,47,10,-1
9463,140,47,10,-1
9464,140,47,10,-1
9465,140,47,10,-1
9466,140,47,10,-1
9467,140,47,10,-1
9468,140,47,10,-1
9469,140,47,10,-1
9470,140,47,10,-1
9471,140,47,10,-1
9472,140,47,10,-1
9473,140,47,10,-1
9474,140,47,10,-1
9475,140,47,10,-1
9476,140,47,10,-1
9477,140,47,10,-1
9478,140,47,10,-1
9479,140,47,10,-1
9480,140,47,10,-1
9481,140,47,10,-1
9482,140,47,10,-1
9483,140,47,10,-1
9484,140,47,10,-1
9485,140,47,10,-1
9486,140,47,10,-1
9487,140,47,10,-1
9488,140,47,10,-1
9489,140,47,10,-1
9490,140,47,10,-1
9491,140,47,10,-1
9492,140,47,10,-1
9493,140,47,10,-1
9494,140,47,10,-1
9495,140,47,10,-1
9496,140,47,10,-1
9497,140,47,10,-1
9498,139,47,10,-1
9499,140,47,10,-1
9500,140,47,10,-1
9501,140,47,10,-1
9502,140,47,10,-1
9503,140,47,10,-1
9504,140,47,10,-1
9505,140,47,10,-1
9506,140,47,10,-1
9507,140,47,10,-1
9508,140,47,10,-1
9509,140,47,10,-1
9510,140,47,10,-1
9511,140,47,10,-1
9512,140,47,10,-1
9513,140,47,10,-1
9514,140,47,10,-1
9515,140,47,10,-1
9516,140,47,10,-1
9517,140,47,10,-1
9518,140,47,10,-1
9519,140,47,10,-1
9520,140,47,10,-1
9521,140,47,10,-1
9522,140,47,10,-1
9523,140,47,10,-1
9524,140,47,10,-1
9525,140,47,10,-1
9526,140,47,10,-1
9527,140,47,10,-1
9528,140,47,10,-1
9529,140,47,10,-1
9530,140,47,10,-1
9531,140,47,10,-1
9532,140,47,10,-1
9533,140,47,10,-1
9534,140,47,10,-1
9535,140,47,10,-1
9536,140,47,10,-1
9537,140,47,10,-1
9538,140,47,10,-1
9539,140,47,10,-1
9540,140,47,10,-1
9541,140,47,10,-1
9542,140,47,10,-1
9543,140,47,10,-1
9544,140,47,10,-1
9545,140,47,10,-1
9546,140,47,10,-1
9547,140,47,10,-1
9548,139,47,10,-1
9549,140,47,10,-1
9550,140,47,10,-1
9551,140,47,10,-1
9552,140,47,10,-1
9553,140,47,10,-1
9554,140,47,10,-1
9555,140,47,10,-1
9556,140,47,10,-1
9557,140,47,10,-1
9558,140,47,10,-1
9559,140,47,10,-1
9560,140,47,10,-1
9561,140,47,10,-1
9562,140,47,10,-1
9563,140,47,10,-1
9564,140,47,10,-1
9565,140,47,10,-1
9566,140,47,10,-1
9567,140,47,10,-1
9568,140,47,10,-1
9569,140,47,10,-1
9570,140,47,10,-1
9571,140,47,10,-1
9572,140,47,10,-1
9573,140,47,10,-1
9574,140,47,10,-1
9575,139,47,10,-1
9576,140,47,10,-1
9577,140,47,10,-1
9578,140,47,10,-1
9579,140,47,10,-1
9580,140,47,10,-1
9581,140,47,10,-1
9582,140,47,10,-1
9583,140,47,10,-1
9584,140,47,10,-1
9585,140,47,10,-1
9586,140,47,10,-1
9587,140,47,10,-1
9588,140,47,10,-1
9589,140,47,10,-1
9590,140,47,10,-1
9591,140,47,10,-1
9592,140,47,10,-1
9593,140,47,10,-1
9594,140,47,10,-1
9595,140,47,10,-1
9596,140,47,10,-1
9597,140,47,10,-1
9598,140,47,10,-1
9599,140,47,10,-1
9600,140,47,10,-1
9601,140,47,10,-1
9602,140,47,10,-1
9603,140,47,10,-1
9604,140,47,10,-1
9605,140,47,10,-1
9606,140,47,10,-1
9607,140,47,10,-1
9608,140,47,10,-1
9609,140,47,10,-1
9610,140,47,10,-1
9611,140,47,10,-1
9612,140,47,10,-1
9613,140,47,10,-1
9614,140,47,10,-1
9615,140,47,10,-1
9616,140,47,10,-1
9617,140,47,10,-1
9618,140,47,10,-1
9619,140,47,10,-1
9620,139,47,10,-1
9621,140,47,10,-1
9622,139,47,10,-1
9623,140,47,10,-1
9624,140,47,10,-1
9625,140,47,10,-1
9626,140,47,10,-1
9627,140,47,10,-1
9628,140,47,10,-1
9629,140,47,10,-1
9630,140,47,10,-1
9631,140,47,10,-1
9632,140,47,10,-1
9633,139,47,10,-1
9634,140,47,10,-1
9635,140,47,10,-1
9636,140,47,10,-1
9637,140,47,10,-1
9638,140,47,10,-1
9639,140,47,10,-1
9640,140,47,10,-1
9641,140,47,10,-1
9642,140,47,10,-1
9643,140,47,10,-1
9644,140,47,10,-1
9645,140,47,10,-1
9646,140,47,10,-1
9647,140,47,10,-1
9648,139,47,10,-1
9649,140,47,10,-1
9650,140,47,10,-1
9651,140,47,10,-1
9652,140,47,10,-1
9653,140,47,10,-1
9654,140,47,10,-1
9655,140,47,10,-1
9656,140,47,10,-1
9657,140,47,10,-1
9658,140,47,10,-1
9659,140,47,10,-1
9660,140,47,10,-1
9661,140,47,10,-1
9662,140,47,10,-1
9663,140,47,10,-1
9664,140,47,10,-1
9665,140,47,10,-1
9666,140,47,10,-1
9667,140,47,10,-1
9668,139,47,10,-1
9669,140,47,10,-1
9670,140,47,10,-1
9671,139,47,10,-1
9672,140,47,10,-1
9673,140,47,10,-1
9674,140,47,10,-1
9675,140,47,10,-1
9676,140,47,10,-1
9677,140,47,10,-1
9678,140,47,10,-1
9679,140,47,10,-1
9680,140,47,10,-1
9681,140,47,10,-1
9682,140,47,10,-1
9683,140,47,10,-1
9684,140,47,10,-1
9685,140,47,10,-1
9686,140,47,10,-1
9687,140,47,10,-1
9688,140,47,10,-1
9689,140,47,10,-1
9690,140,47,10,-1
9691,140,47,10,-1
9692,140,47,10,-1
9693,140,47,10,-1
9694,140,47,10,-1
9695,140,47,10,-1
9696,140,47,10,-1
9697,140,47,10,-1
9698,140,47,10,-1
9699,140,47,10,-1
9700,140,47,10,-1
9701,140,47,10,-1
9702,140,47,10,-1
9703,140,47,10,-1
9704,140,47,10,-1
9705,140,47,10,-1
9706,140,47,10,-1
9707,140,47,10,-1
9708,140,47,10,-1
9709,140,47,10,-1
9710,140,47,10,-1
9711,140,47,10,-1
9712,140,47,10,-1
9713,140,47,10,-1
9714,140,47,10,-1
9715,140,47,10,-1
9716,140,47,10,-1
9717,140,47,10,-1
9718,140,47,10,-1
9719,140,47,10,-1
9720,140,47,10,-1
9721,140,47,10,-1
9722,140,47,10,-1
9723,140,47,10,-1
9724,140,47,10,-1
9725,140,47,10,-1
9726,140,47,10,-1
9727,140,47,10,-1
9728,140,47,10,-1
9729,140,47,10,-1
9730,140,47,10,-1
9731,140,47,10,-1
9732,140,47,10,-1
9733,140,47,10,-1
9734,140,47,10,-1
9735,140,47,10,-1
9736,140,47,10,-1
9737,140,47,10,-1
9738,140,47,10,-1
9739,140,47,10,-1
9740,140,47,10,-1
9741,140,47,10,-1
9742,140,47,10,-1
9743,140,47,10,-1
9744,140,47,10,-1
9745,140,47,10,-1
9746,140,47,10,-1
9747,140,47,10,-1
9748,140,47,10,-1
9749,140,47,10,-1
9750,140,47,10,-1
9751,140,47,10,-1
9752,140,47,10,-1
9753,140,47,10,-1
9754,140,47,10,-1
9755,140,47,10,-1
9756,139,47,10,-1
9757,140,47,10,-1
9758,140,47,10,-1
9759,140,47,10,-1
9760,140,47,10,-1
9761,139,47,10,-1
9762,140,47,10,-1
9763,140,47,10,-1
9764,140,47,10,-1
9765,140,47,10,-1
9766,140,47,10,-1
9767,139,47,10,-1
9768,140,47,10,-1
9769,140,47,10,-1
9770,140,47,10,-1
9771,140,47,10,-1
9772,140,47,10,-1
9773,140,47,10,-1
9774,139,47,10,-1
9775,140,47,10,-1
9776,140,47,10,-1
9777,140,47,10,-1
9778,140,47,10,-1
9779,140,47,10,-1
9780,140,47,10,-1
9781,140,47,10,-1
9782,140,47,10,-1
9783,140,47,10,-1
9784,140,47,10,-1
9785,140,47,10,-1
9786,140,47,10,-1
9787,140,47,10,-1
9788,140,47,10,-1
9789,140,47,10,-1
9790,140,47,10,-1
9791,140,47,10,-1
9792,140,47,10,-1
9793,140,47,10,-1
9794,140,47,10,-1
9795,139,47,10,-1
9796,140,47,10,-1
9797,140,47,10,-1
9798,140,47,10,-1
9799,140,47,10,-1
9800,140,47,10,-1
9801,140,47,10,-1
9802,140,47,10,-1
9803,140,47,10,-1
9804,140,47,10,-1
9805,140,47,10,-1
9806,140,47,10,-1
9807,140,47,10,-1
9808,140,47,10,-1
9809,140,47,10,-1
9810,140,47,10,-1
9811,140,47,10,-1
9812,140,47,10,-1
9813,140,47,10,-1
9814,140,47,10,-1
9815,140,47,10,-1
9816,140,47,10,-1
9817,140,47,10,-1
9818,140,47,10,-1
9819,140,47,10,-1
9820,140,47,10,-1
9821,140,47,10,-1
9822,140,47,10,-1
9823,140,47,10,-1
9824,140,47,10,-1
9825,140,47,10,-1
9826,140,47,10,-1
9827,140,47,10,-1
9828,140,47,10,-1
9829,140,47,10,-1
9830,140,47,10,-1
9831,140,47,10,-1
9832,140,47,10,-1
9833,140,47,10,-1
9834,140,47,10,-1
9835,140,47,10,-1
9836,140,47,10,-1
9837,140,47,10,-1
9838,139,47,10,-1
9839,140,47,10,-1
9840,140,47,10,-1
9841,140,47,10,-1
9842,140,47,10,-1
9843,140,47,10,-1
9844,140,47,10,-1
9845,140,47,10,-1
9846,140,47,10,-1
9847,140,47,10,-1
9848,140,47,10,-1
9849,140,47,10,-1
9850,139,47,10,-1
9851,140,47,10,-1
9852,140,47,10,-1
9853,140,47,10,-1
9854,140,47,10,-1
9855,140,47,10,-1
9856,140,47,10,-1
9857,140,47,10,-1
9858,140,47,10,-1
9859,140,47,10,-1
9860,140,47,10,-1
9861,140,47,10,-1
9862,139,47,10,-1
9863,140,47,10,-1
9864,140,47,10,-1
9865,140,47,10,-1
9866,140,47,10,-1
9867,140,47,10,-1
9868,140,47,10,-1
9869,140,47,10,-1
9870,140,47,10,-1
9871,140,47,10,-1
9872,140,47,10,-1
9873,140,47,10,-1
9874,140,47,10,-1
9875,140,47,10,-1
9876,140,47,10,-1
9877,140,47,10,-1
9878,140,47,10,-1
9879,140,47,10,-1
9880,140,47,10,-1
9881,140,47,10,-1
9882,140,47,10,-1
9883,140,47,10,-1
9884,140,47,10,-1
9885,140,47,10,-1
9886,140,47,10,-1
9887,140,47,10,-1
9888,140,47,10,-1
9889,140,47,10,-1
9890,140,47,10,-1
9891,140,47,10,-1
9892,140,47,10,-1
9893,140,47,10,-1
9894,140,47,10,-1
9895,140,47,10,-1
9896,140,47,10,-1
9897,140,47,10,-1
9898,140,47,10,-1
9899,140,47,10,-1
9900,140,47,10,-1
9901,140,47,10,1
9902,140,47,10,-1
9903,140,47,10,-1
9904,140,47,10,-1
9905,140,47,10,-1
9906,140,47,10,-1
9907,140,47,10,-1
9908,140,47,10,-1
9909,140,47,10,-1
9910,140,47,10,-1
9911,140,47,10,-1
9912,140,47,10,-1
9913,139,47,10,-1
9914,140,47,10,-1
9915,140,47,10,-1
9916,140,47,10,-1
9917,140,47,10,-1
9918,140,47,10,-1
9919,140,47,10,-1
9920,140,47,10,-1
9921,140,47,10,-1
9922,140,47,10,-1
9923,140,47,10,-1
9924,139,47,10,-1
9925,140,47,10,-1
9926,140,47,10,-1
9927,140,47,10,-1
9928,140,47,10,-1
9929,140,47,10,-1
9930,140,47,10,-1
9931,140,47,10,-1
9932,140,47,10,-1
9933,140,47,10,-1
9934,140,47,10,-1
9935,140,47,10,-1
9936,140,47,10,-1
9937,140,47,10,-1
9938,140,47,10,-1
9939,140,47,10,-1
9940,140,47,10,-1
9941,140,47,10,-1
9942,140,47,10,-1
9943,140,47,10,-1
9944,140,47,10,-1
9945,140,47,10,-1
9946,140,47,10,-1
9947,140,47,10,-1
9948,140,47,10,-1
9949,140,47,10,-1
9950,140,47,10,-1
9951,140,47,10,-1
9952,140,47,10,-1
9953,140,47,10,-1
9954,140,47,10,-1
9955,140,47,10,-1
9956,140,47,10,-1
9957,140,47,10,-1
9958,140,47,10,-1
9959,140,47,10,-1
9960,140,47,10,-1
9961,140,47,10,-1
9962,140,47,10,-1
9963,140,47,10,-1
9964,140,47,10,-1
9965,140,47,10,-1
9966,140,47,10,-1
9967,140,47,10,-1
9968,140,47,10,-1
9969,140,47,10,-1
9970,140,47,10,-1
9971,140,47,10,-1
9972,140,47,10,-1
9973,140,47,9,-1
9974,140,47,10,-1
9975,140,47,10,-1
9976,140,47,10,-1
9977,140,47,10,-1
9978,140,47,10,-1
9979,140,47,10,-1
9980,140,47,10,-1
9981,140,47,10,-1
9982,140,47,10,-1
9983,140,47,10,-1
9984,140,47,10,-1
9985,140,47,10,-1
9986,140,47,10,-1
9987,140,47,10,-1
9988,140,47,10,-1
9989,140,47,10,-1
9990,140,47,10,-1
9991,140,47,10,-1
9992,140,47,10,-1
9993,140,47,10,-1
9994,140,47,10,-1
9995,140,47,10,-1
9996,140,47,10,-1
9997,140,47,10,-1
9998,140,47,10,-1
9999,140,47,10,-1
10000,140,47,10,-1
10001,140,47,10,-1
10002,140,47,10,-1
10003,140,47,10,-1
10004,140,47,10,-1
10005,140,47,10,-1
10006,140,47,10,-1
10007,140,47,10,-1
10008,140,47,10,-1
10009,139,47,10,-1
10010,140,47,10,-1
10011,140,47,10,-1
10012,140,47,10,-1
10013,140,47,10,-1
10014,140,47,10,-1
10015,140,47,10,-1
10016,140,47,10,-1
10017,140,47,10,-1
10018,140,47,10,-1
10019,140,47,10,-1
10020,140,47,10,-1
10021,140,47,10,-1
10022,140,47,10,-1
10023,140,47,10,-1
10024,140,47,10,-1
10025,140,47,10,-1
10026,140,47,10,-1
10027,140,47,10,-1
10028,140,47,10,-1
10029,140,47,10,-1
10030,139,47,10,-1
10031,140,47,10,-1
10032,140,47,10,-1
10033,140,47,10,-1
10034,140,47,10,-1
10035,140,47,10,-1
10036,140,47,10,-1
10037,140,47,10,-1
10038,140,47,10,-1
10039,139,47,10,-1
10040,140,47,10,-1
10041,140,47,10,-1
10042,140,47,10,-1
10043,140,47,10,-1
10044,140,47,10,-1
10045,140,47,10,-1
10046,140,47,10,-1
10047,140,47,10,-1
10048,140,47,10,-1
10049,140,47,10,-1
10050,140,47,10,-1
10051,140,47,10,-1
10052,140,47,10,-1
10053,140,47,10,-1
10054,140,47,10,-1
10055,139,47,10,-1
10056,140,47,10,-1
10057,140,47,10,-1
10058,140,47,10,-1
10059,140,47,10,-1
10060,140,47,10,-1
10061,140,47,10,-1
10062,140,47,10,-1
10063,140,47,10,-1
10064,140,47,10,-1
10065,140,47,10,-1
10066,140,47,10,-1
10067,140,47,10,-1
10068,140,47,10,-1
10069,140,47,10,-1
10070,140,47,10,-1
10071,140,47,10,-1
10072,139,47,10,-1
10073,140,47,10,-1
10074,140,47,10,-1
10075,140,47,10,-1
10076,139,47,10,-1
10077,140,47,10,-1
10078,140,47,10,-1
10079,140,47,10,-1
10080,140,47,10,-1
10081,140,47,10,-1
10082,140,47,10,-1
10083,140,47,10,-1
10084,140,47,10,-1
10085,140,47,10,-1
10086,140,47,10,-1
10087,140,47,10,-1
10088,140,47,10,-1
10089,140,47,10,-1
10090,140,47,10,-1
10091,140,47,10,-1
10092,140,47,10,-1
10093,140,47,10,-1
10094,140,47,10,-1
10095,140,47,10,-1
10096,140,47,10,-1
10097,140,47,10,-1
10098,140,47,10,-1
10099,140,47,10,-1
10100,140,47,10,-1
10101,140,47,10,-1
10102,140,47,10,-1
10103,140,47,10,-1
10104,140,47,10,-1
10105,140,47,10,-1
10106,140,47,10,-1
10107,139,47,10,-1
10108,140,47,10,-1
10109,140,47,10,-1
10110,140,47,10,-1
10111,140,47,10,-1
10112,140,47,10,-1
10113,140,47,10,-1
10114,140,47,10,-1
10115,140,47,10,-1
10116,140,47,10,-1
10117,140,47,10,-1
10118,140,47,10,-1
10119,140,47,10,-1
10120,140,47,10,-1
10121,140,47,10,-1
10122,140,47,10,-1
10123,140,47,10,-1
10124,140,47,10,-1
10125,139,47,10,-1
10126,140,47,10,-1
10127,140,47,10,-1
10128,140,47,10,-1
10129,140,47,10,-1
10130,140,47,10,-1
10131,140,47,10,-1
10132,140,47,10,-1
10133,140,47,10,-1
10134,140,47,10,-1
10135,139,47,10,-1
10136,140,47,10,-1
10137,140,47,10,-1
10138,140,47,10,-1
10139,140,47,10,-1
10140,140,47,10,-1
10141,140,47,10,-1
10142,140,47,10,-1
10143,140,47,10,-1
10144,140,47,10,-1
10145,140,47,10,-1
10146,140,47,10,-1
10147,140,47,10,-1
10148,140,47,10,-1
10149,140,47,10,-1
10150,140,47,10,-1
10151,140,47,10,-1
10152,140,47,10,-1
10153,140,47,10,-1
10154,140,47,10,-1
10155,140,47,10,-1
10156,140,47,10,-1
10157,140,47,10,-1
10158,140,47,10,-1
10159,139,47,10,-1
10160,139,47,10,-1
10161,140,47,10,-1
10162,140,47,10,-1
10163,140,47,10,-1
10164,140,47,10,-1
10165,140,47,10,-1
10166,140,47,10,-1
10167,140,47,10,-1
10168,140,47,10,-1
10169,140,47,10,-1
10170,140,47,10,-1
10171,140,47,10,-1
10172,140,47,10,-1
10173,140,47,10,-1
10174,140,47,10,-1
10175,140,47,10,-1
10176,140,47,10,-1
10177,140,47,10,-1
10178,140,47,10,-1
10179,140,47,10,-1
10180,140,47,10,-1
10181,140,47,10,-1
10182,140,47,10,-1
10183,140,47,10,-1
10184,140,47,10,-1
10185,140,47,10,-1
10186,140,47,10,-1
10187,140,47,10,-1
10188,140,47,10,-1
10189,140,47,10,-1
10190,140,47,10,-1
10191,140,47,10,-1
10192,140,47,10,-1
10193,140,47,10,-1
10194,140,47,10,-1
10195,140,47,10,-1
10196,140,47,10,-1
10197,140,47,10,-1
10198,140,47,10,-1
10199,140,47,10,-1
10200,140,47,10,-1
10201,140,47,10,-1
10202,140,47,10,-1
10203,140,47,10,-1
10204,140,47,10,-1
10205,140,47,10,-1
10206,140,47,10,-1
10207,140,47,10,-1
10208,140,47,10,-1
10209,140,47,10,-1
10210,139,47,10,-1
10211,140,47,10,-1
10212,140,47,10,-1
10213,140,47,10,-1
10214,140,47,10,-1
10215,140,47,10,-1
10216,139,47,10,-1
10217,140,47,10,-1
10218,140,47,10,-1
10219,140,47,10,-1
10220,140,47,10,-1
10221,140,47,10,-1
10222,140,47,10,-1
10223,140,47,10,-1
10224,140,47,10,-1
10225,140,47,10,-1
10226,140,47,10,-1
10227,140,47,10,-1
10228,140,47,10,-1
10229,140,47,10,-1
10230,140,47,10,-1
10231,140,47,10,-1
10232,140,47,10,-1
10233,140,46,10,-1
10234,140,47,10,-1
10235,140,47,10,-1
10236,140,47,10,-1
10237,140,47,10,-1
10238,140,47,10,-1
10239,140,47,10,-1
10240,140,47,10,-1
10241,140,47,10,-1
10242,140,47,10,-1
10243,140,47,10,-1
10244,140,47,10,-1
10245,140,47,10,-1
10246,140,47,10,-1
10247,140,47,10,-1
10248,140,47,10,-1
10249,140,47,10,-1
10250,140,47,10,-1
10251,140,47,10,-1
10252,140,47,10,-1
10253,140,47,10,-1
10254,140,47,10,-1
10255,140,47,10,-1
10256,140,47,10,-1
10257,140,47,10,-1
10258,140,47,10,-1
10259,140,47,10,-1
10260,140,47,10,-1
10261,140,47,10,-1
10262,140,47,10,-1
10263,140,47,10,-1
10264,140,47,10,-1
10265,140,47,10,-1
10266,140,47,10,-1
10267,140,47,10,-1
10268,140,47,10,-1
10269,140,47,10,-1
10270,140,47,10,-1
10271,140,47,10,-1
10272,140,47,10,-1
10273,140,47,10,-1
10274,140,47,10,-1
10275,140,47,10,-1
10276,140,47,10,-1
10277,140,47,10,-1
10278,140,47,10,-1
10279,140,47,10,-1
10280,140,47,10,-1
10281,140,47,10,-1
10282,140,47,10,-1
10283,140,47,10,-1
10284,140,47,10,-1
10285,140,47,10,-1
10286,140,47,10,-1
10287,139,47,10,-1
10288,140,47,10,-1
10289,140,47,10,-1
10290,140,47,10,-1
10291,140,47,10,-1
10292,140,47,10,-1
10293,140,47,10,-1
10294,140,47,10,-1
10295,140,47,10,-1
10296,140,47,10,-1
10297,139,47,10,-1
10298,140,47,10,-1
10299,140,47,10,-1
10300,140,47,10,-1
10301,140,47,10,-1
10302,140,47,10,-1
10303,140,47,10,-1
10304,140,47,10,-1
10305,140,47,10,-1
10306,140,47,10,-1
10307,140,47,10,-1
10308,140,47,10,-1
10309,140,47,10,-1
10310,140,47,10,-1
10311,140,47,10,-1
10312,140,47,10,-1
10313,140,47,10,-1
10314,140,47,10,-1
10315,140,47,10,-1
10316,140,47,10,-1
10317,140,47,10,-1
10318,139,47,10,-1
10319,140,47,10,-1
10320,140,47,10,-1
10321,140,47,10,-1
10322,140,47,10,-1
10323,139,47,10,-1
10324,140,47,10,-1
10325,140,47,10,-1
10326,140,47,10,-1
10327,140,47,10,-1
10328,140,47,10,-1
10329,140,47,10,-1
10330,140,47,10,-1
10331,140,47,10,-1
10332,139,47,10,-1
10333,140,47,10,-1
10334,140,47,10,-1
10335,140,47,10,-1
10336,140,47,10,-1
10337,140,47,10,-1
10338,140,47,10,-1
10339,140,47,10,-1
10340,140,47,10,-1
10341,140,47,10,-1
10342,140,47,10,-1
10343,140,47,10,-1
10344,140,47,10,-1
10345,140,47,10,-1
10346,140,47,10,-1
10347,140,47,10,-1
10348,139,47,10,-1
10349,140,47,10,-1
10350,140,47,10,-1
10351,140,47,10,-1
10352,140,47,10,-1
10353,140,47,10,-1
10354,140,47,10,-1
10355,140,47,10,-1
10356,140,47,10,-1
10357,140,47,10,-1
10358,140,47,10,-1
10359,140,47,10,-1
10360,140,47,10,-1
10361,140,47,10,-1
10362,140,47,10,-1
10363,140,47,10,-1
10364,140,47,10,-1
10365,139,47,10,-1
10366,140,47,10,-1
10367,140,47,10,-1
10368,140,47,10,-1
10369,140,47,10,-1
10370,140,47,10,-1
10371,140,47,10,-1
10372,140,47,10,-1
10373,140,47,10,-1
10374,140,47,10,-1
10375,140,47,10,-1
10376,140,47,10,-1
10377,140,47,10,-1
10378,140,47,10,-1
10379,140,47,10,-1
10380,140,47,10,-1
10381,139,47,10,-1
10382,140,47,10,-1
10383,140,47,10,-1
10384,140,47,10,-1
10385,140,47,10,-1
10386,140,47,10,-1
10387,140,47,10,-1
10388,139,47,10,-1
10389,140,47,10,-1
10390,140,47,10,-1
10391,140,47,10,-1
10392,140,47,10,-1
10393,140,47,10,-1
10394,140,47,10,-1
10395,140,47,10,-1
10396,139,47,10,-1
10397,140,47,10,-1
10398,140,47,10,-1
10399,140,47,10,-1
10400,140,47,10,-1
10401,140,47,10,-1
10402,140,47,10,-1
10403,140,47,10,-1
10404,140,47,10,-1
10405,140,47,10,-1
10406,140,47,10,-1
10407,140,47,10,-1
10408,140,47,10,-1
10409,140,47,10,-1
10410,140,47,10,-1
10411,140,47,10,-1
10412,140,47,10,-1
10413,140,47,10,-1
10414,140,47,10,-1
10415,140,47,10,-1
10416,140,47,10,-1
10417,140,47,10,-1
10418,140,47,10,-1
10419,140,47,10,-1
10420,140,47,10,-1
10421,140,47,10,-1
10422,140,47,10,-1
10423,140,47,10,-1
10424,140,47,10,-1
10425,140,47,10,-1
10426,140,47,10,-1
10427,140,47,10,-1
10428,140,47,10,-1
10429,140,47,10,-1
10430,140,47,10,-1
10431,140,47,10,-1
10432,140,47,10,-1
10433,140,47,10,-1
10434,140,47,10,-1
10435,140,47,10,-1
10436,140,47,10,-1
10437,140,47,10,-1
10438,140,47,10,-1
10439,140,47,10,-1
10440,140,47,10,-1
10441,140,47,10,-1
10442,140,47,10,-1
10443,140,47,10,-1
10444,140,47,10,-1
10445,140,47,10,-1
10446,140,47,10,-1
10447,140,47,10,-1
10448,140,47,10,-1
10449,140,47,10,-1
10450,140,47,10,-1
10451,139,47,10,-1
10452,140,47,10,-1
10453,140,47,10,-1
10454,140,47,10,-1
10455,140,47,10,-1
10456,140,47,10,-1
10457,140,47,10,-1
10458,140,47,10,-1
10459,140,47,10,-1
10460,140,47,10,-1
10461,140,47,10,-1
10462,140,47,10,-1
10463,140,47,10,-1
10464,140,47,10,-1
10465,140,47,10,-1
10466,140,47,10,-1
10467,140,47,10,-1
10468,140,47,10,-1
10469,140,47,10,-1
10470,140,47,10,-1
10471,140,47,10,-1
10472,140,47,10,-1
10473,140,47,10,-1
10474,140,47,10,-1
10475,140,47,10,-1
10476,140,47,10,-1
10477,140,47,10,-1
10478,140,47,10,-1
10479,140,47,10,-1
10480,140,47,10,-1
10481,140,47,10,-1
10482,140,47,10,-1
10483,140,47,10,-1
10484,140,47,10,-1
10485,140,47,10,-1
10486,140,47,10,-1
10487,140,47,10,-1
10488,140,47,10,-1
10489,140,47,10,-1
10490,140,47,10,-1
10491,140,47,10,-1
10492,140,47,10,-1
10493,140,47,10,-1
10494,140,47,10,-1
10495,140,47,10,-1
10496,140,47,10,-1
10497,140,47,10,-1
10498,140,47,10,-1
10499,140,47,10,-1
10500,140,47,10,-1
10501,140,47,10,-1
10502,140,47,10,-1
10503,140,47,10,-1
10504,140,47,10,-1
10505,140,47,10,-1
10506,140,47,10,-1
10507,140,47,10,-1
10508,139,47,10,-1
10509,140,47,10,-1
10510,140,47,10,-1
10511,140,47,10,-1
10512,140,47,10,-1
10513,140,47,10,-1
10514,140,47,10,-1
10515,140,47,10,-1
10516,140,47,10,-1
10517,140,47,10,-1
10518,140,47,10,-1
10519,140,47,10,-1
10520,140,47,10,-1
10521,140,47,10,-1
10522,140,47,10,-1
10523,140,47,10,-1
10524,140,47,10,-1
10525,140,47,10,1
10526,140,47,10,-1
10527,140,47,10,-1
10528,140,47,10,-1
10529,140,47,10,-1
10530,140,47,10,-1
10531,140,47,10,-1
10532,140,47,10,-1
10533,140,47,10,-1
10534,140,47,10,-1
10535,139,47,10,-1
10536,140,47,10,-1
10537,140,47,10,-1
10538,140,47,10,-1
10539,140,47,10,-1
10540,140,47,10,-1
10541,140,47,10,-1
10542,140,47,10,-1
10543,140,47,10,-1
10544,140,47,10,-1
10545,140,47,10,-1
10546,140,47,10,-1
10547,140,47,10,-1
10548,140,47,10,-1
10549,140,47,10,-1
10550,140,47,10,-1
10551,140,47,10,-1
10552,140,47,10,-1
10553,140,47,10,-1
10554,140,47,10,-1
10555,140,47,10,-1
10556,140,47,10,-1
10557,140,47,10,-1
10558,140,47,10,-1
10559,140,47,10,-1
10560,140,47,10,-1
10561,140,47,10,-1
10562,140,47,10,-1
10563,140,47,10,-1
10564,140,47,10,-1
10565,140,47,10,-1
10566,140,47,10,-1
10567,140,47,10,-1
10568,140,47,10,-1
10569,140,47,10,-1
10570,140,47,10,-1
10571,140,47,10,-1
10572,140,47,10,-1
10573,140,47,10,-1
10574,140,47,10,-1
10575,140,47,10,-1
10576,140,47,10,-1
10577,140,47,10,-1
10578,140,47,10,-1
10579,140,47,10,-1
10580,140,47,10,-1
10581,140,47,10,-1
10582,140,47,10,-1
10583,140,47,10,-1
10584,140,47,10,-1
10585,140,47,10,-1
10586,140,47,10,-1
10587,140,47,10,-1
10588,140,47,10,-1
10589,140,47,10,-1
10590,140,47,10,-1
10591,140,47,10,-1
10592,140,47,10,-1
10593,140,47,10,-1
10594,140,47,10,-1
10595,140,47,10,-1
10596,140,47,10,-1
10597,140,47,10,-1
10598,140,47,10,-1
10599,140,47,10,-1
10600,140,47,10,-1
10601,140,47,10,-1
10602,140,47,10,-1
10603,140,47,10,-1
10604,139,47,10,-1
10605,140,47,10,-1
10606,140,47,10,-1
10607,140,47,10,-1
10608,140,47,10,-1
10609,140,47,10,-1
10610,140,47,10,-1
10611,140,47,10,-1
10612,140,47,10,-1
10613,140,47,10,-1
10614,140,47,10,-1
10615,140,47,10,-1
10616,140,47,10,-1
10617,139,47,10,-1
10618,140,47,10,-1
10619,140,47,10,-1
10620,140,47,10,-1
10621,140,47,10,-1
10622,140,47,10,-1
10623,140,47,10,-1
10624,140,47,10,-1
10625,140,47,10,-1
10626,140,47,10,-1
10627,140,47,10,-1
10628,140,47,10,-1
10629,140,47,10,-1
10630,140,47,10,-1
10631,140,47,10,-1
10632,140,47,10,-1
10633,140,47,10,-1
10634,140,47,10,-1
10635,140,47,10,-1
10636,140,47,10,-1
10637,140,47,10,-1
10638,140,47,10,-1
10639,140,47,10,-1
10640,140,47,10,-1
10641,140,47,10,-1
10642,140,47,10,-1
10643,140,47,10,-1
10644,140,47,10,-1
10645,140,47,10,-1
10646,140,47,10,-1
10647,140,47,10,-1
10648,140,47,10,-1
10649,140,47,10,-1
10650,140,47,10,-1
10651,140,47,10,-1
10652,140,47,10,-1
10653,140,47,10,-1
10654,140,47,10,-1
10655,140,47,10,-1
10656,140,47,10,-1
10657,140,47,10,-1
10658,140,47,10,-1
10659,140,47,10,-1
10660,140,47,10,-1
10661,140,47,10,-1
10662,140,47,10,-1
10663,139,47,10,-1
10664,140,47,10,-1
10665,140,47,10,-1
10666,140,47,10,-1
10667,140,47,10,-1
10668,140,47,10,-1
10669,140,47,10,-1
10670,140,47,10,-1
10671,140,47,10,-1
10672,140,47,10,-1
10673,140,47,10,-1
10674,140,47,10,-1
10675,140,47,10,-1
10676,140,47,10,-1
10677,140,47,10,-1
10678,140,47,10,-1
10679,140,47,10,-1
10680,140,47,10,-1
10681,140,47,10,-1
10682,140,47,10,-1
10683,139,47,10,-1
10684,140,47,10,-1
10685,139,47,10,-1
10686,140,47,10,-1
10687,140,47,10,-1
10688,140,47,10,-1
10689,140,47,10,-1
10690,140,47,10,-1
10691,140,47,10,-1
10692,140,47,10,-1
10693,140,47,10,-1
10694,140,47,10,-1
10695,140,47,10,-1
10696,140,47,10,-1
10697,140,47,10,-1
10698,140,47,10,-1
10699,139,47,10,-1
10700,140,47,10,-1
10701,140,47,10,-1
10702,140,47,10,-1
10703,140,47,10,-1
10704,140,47,10,-1
10705,140,47,10,-1
10706,140,47,10,-1
10707,140,47,10,-1
10708,140,47,10,-1
10709,140,47,10,-1
10710,140,47,10,-1
10711,140,47,10,-1
10712,140,47,10,-1
10713,140,47,10,-1
10714,140,47,10,-1
10715,140,47,10,-1
10716,140,47,10,-1
10717,140,47,10,-1
10718,140,47,10,-1
10719,140,47,10,-1
10720,140,47,10,-1
10721,140,47,10,-1
10722,140,47,10,-1
10723,140,47,10,-1
10724,140,47,10,-1
10725,140,47,10,-1
10726,140,47,10,-1
10727,140,47,10,-1
10728,140,47,10,-1
10729,140,47,10,-1
10730,140,47,10,-1
10731,140,47,10,-1
10732,140,47,10,-1
10733,140,47,10,-1
10734,140,47,10,-1
10735,140,47,10,-1
10736,140,47,10,-1
10737,140,47,10,-1
10738,140,47,10,-1
10739,140,47,10,-1
10740,140,47,10,-1
10741,140,47,10,-1
10742,140,47,10,-1
10743,140,47,10,-1
10744,140,47,10,-1
10745,140,47,10,-1
10746,140,47,10,-1
10747,140,47,10,-1
10748,140,47,10,-1
10749,139,47,10,-1
10750,140,47,10,-1
10751,140,47,10,-1
10752,140,47,10,-1
10753,140,47,10,-1
10754,140,47,10,-1
10755,140,47,10,-1
10756,140,47,10,-1
10757,140,47,10,-1
10758,140,47,10,-1
10759,140,47,10,-1
10760,140,47,10,-1
10761,140,47,10,-1
10762,140,47,10,-1
10763,140,47,10,-1
10764,140,47,10,-1
10765,140,47,10,-1
10766,140,47,10,-1
10767,140,47,10,-1
10768,140,47,10,-1
10769,140,47,10,-1
10770,140,47,10,-1
10771,140,47,10,-1
10772,140,47,10,-1
10773,139,47,10,-1
10774,140,47,10,-1
10775,140,47,10,-1
10776,140,47,10,-1
10777,140,47,10,-1
10778,140,47,10,-1
10779,140,47,10,-1
10780,140,47,10,-1
10781,140,47,10,-1
10782,140,47,10,-1
10783,140,47,10,-1
10784,140,47,10,-1
10785,140,47,10,-1
10786,140,47,10,-1
10787,140,47,10,-1
10788,140,47,10,-1
10789,140,47,10,-1
10790,140,47,10,-1
10791,140,47,10,-1
10792,140,47,10,-1
10793,140,47,10,-1
10794,140,47,10,-1
10795,140,47,10,-1
10796,140,47,10,-1
10797,140,47,10,-1
10798,140,47,10,-1
10799,140,47,10,-1
10800,139,47,10,-1
10801,140,47,10,-1
10802,140,47,10,-1
10803,140,47,10,-1
10804,140,47,10,-1
10805,140,47,10,-1
10806,140,47,10,-1
10807,140,47,10,-1
10808,140,47,10,-1
10809,140,47,10,-1
10810,140,47,10,-1
10811,139,47,10,-1
10812,140,47,10,-1
10813,140,47,10,-1
10814,140,47,10,-1
10815,140,47,10,-1
10816,140,47,10,-1
10817,140,47,10,-1
10818,140,47,10,-1
10819,140,47,10,-1
10820,140,47,10,-1
10821,140,47,10,-1
10822,140,47,10,-1
10823,140,47,10,-1
10824,140,47,10,-1
10825,140,47,10,-1
10826,140,47,10,-1
10827,140,47,10,-1
10828,140,47,10,-1
10829,140,47,10,-1
10830,140,47,10,-1
10831,140,47,10,-1
10832,140,47,10,-1
10833,140,47,10,-1
10834,140,47,10,-1
10835,140,47,10,-1
10836,140,47,10,-1
10837,140,47,10,-1
10838,140,47,10,-1
10839,140,47,10,-1
10840,140,47,10,-1
10841,140,47,10,-1
10842,140,47,10,-1
10843,140,47,10,-1
10844,140,47,10,-1
10845,140,47,10,-1
10846,140,47,10,-1
10847,140,47,10,-1
10848,140,47,10,-1
10849,140,47,10,-1
10850,140,47,10,-1
10851,140,47,10,-1
10852,140,47,10,-1
10853,140,47,10,-1
10854,140,47,10,-1
10855,140,47,10,-1
10856,140,47,10,-1
10857,140,47,10,-1
10858,140,47,10,-1
10859,139,47,10,-1
10860,140,47,10,-1
10861,140,47,10,-1
10862,140,47,10,-1
10863,140,47,10,-1
10864,140,47,10,-1
10865,140,47,10,-1
10866,140,47,10,-1
10867,140,47,10,-1
10868,140,47,10,-1
10869,140,47,10,-1
10870,140,47,10,-1
10871,140,47,10,-1
10872,140,47,10,-1
10873,140,47,10,-1
10874,140,47,10,-1
10875,140,47,10,-1
10876,140,47,10,-1
10877,140,47,10,-1
10878,139,47,10,-1
10879,140,47,10,-1
10880,140,47,10,-1
10881,140,47,10,-1
10882,140,47,10,-1
10883,140,47,10,-1
10884,140,47,10,-1
10885,140,47,10,-1
10886,140,47,10,-1
10887,140,47,10,-1
10888,140,47,10,-1
10889,140,47,10,-1
10890,140,47,10,-1
10891,140,47,10,-1
10892,140,47,10,-1
10893,140,47,10,-1
10894,140,47,10,-1
10895,140,47,10,-1
10896,140,47,10,-1
10897,140,47,10,-1
10898,140,47,10,-1
10899,140,47,10,-1
10900,140,47,10,-1
10901,140,47,10,-1
10902,140,47,10,-1
10903,140,47,10,-1
10904,140,47,10,-1
10905,139,47,10,-1
10906,140,47,9,-1
10907,140,47,10,-1
10908,140,47,10,-1
10909,140,47,10,-1
10910,140,47,10,-1
10911,140,47,10,-1
10912,140,47,10,-1
10913,140,47,10,-1
10914,140,47,10,-1
10915,140,47,10,-1
10916,140,47,10,-1
10917,140,47,10,-1
10918,140,47,10,-1
10919,140,47,10,-1
10920,140,47,10,-1
10921,140,47,10,-1
10922,140,47,10,-1
10923,140,47,10,-1
10924,140,47,10,-1
10925,140,47,10,-1
10926,139,47,10,-1
10927,140,47,10,-1
10928,140,47,10,-1
10929,140,47,10,-1
10930,140,47,10,-1
10931,140,47,10,-1
10932,140,47,10,-1
10933,140,47,10,-1
10934,140,47,10,-1
10935,140,47,10,-1
10936,140,47,10,-1
10937,140,47,10,-1
10938,140,47,10,-1
10939,140,47,10,-1
10940,140,47,10,-1
10941,140,47,10,-1
10942,140,47,10,-1
10943,140,47,10,-1
10944,139,47,10,-1
10945,140,47,10,-1
10946,140,47,10,-1
10947,140,47,10,-1
10948,140,47,10,-1
10949,140,47,10,-1
10950,140,47,10,-1
10951,140,47,10,-1
10952,140,47,10,-1
10953,140,47,10,-1
10954,140,47,10,-1
10955,140,47,10,-1
10956,140,47,10,-1
10957,140,47,10,-1
10958,140,47,10,-1
10959,140,47,10,-1
10960,140,47,10,-1
10961,140,47,10,-1
10962,140,47,10,-1
10963,140,47,10,-1
10964,140,47,10,-1
10965,140,47,10,-1
10966,140,47,10,-1
10967,140,47,10,-1
10968,139,47,10,-1
10969,140,47,10,-1
10970,140,47,10,-1
10971,140,47,10,-1
10972,140,47,10,-1
10973,140,47,10,-1
10974,140,47,10,-1
10975,140,47,10,-1
10976,140,47,10,-1
10977,140,47,10,-1
10978,140,47,10,-1
10979,140,47,10,-1
10980,140,47,10,-1
10981,140,47,10,-1
10982,140,47,10,-1
10983,140,47,10,-1
10984,140,47,10,-1
10985,140,47,10,-1
10986,139,47,10,-1
10987,140,47,10,-1
10988,140,47,10,-1
10989,140,47,10,-1
10990,140,47,10,-1
10991,140,47,10,-1
10992,140,47,10,-1
10993,140,47,10,-1
10994,140,47,10,-1
10995,140,47,10,-1
10996,140,47,10,-1
10997,140,47,10,-1
10998,139,47,10,-1
10999,140,47,10,-1
11000,140,47,10,-1
11001,140,47,10,-1
11002,140,47,10,-1
11003,140,47,10,-1
11004,140,47,10,-1
11005,140,47,10,-1
11006,140,47,10,-1
11007,140,47,10,-1
11008,140,47,10,-1
11009,140,47,10,-1
11010,140,47,10,-1
11011,140,47,10,-1
11012,140,47,10,-1
11013,140,47,10,-1
11014,140,47,10,-1
11015,140,47,10,-1
11016,140,47,10,-1
11017,140,47,10,-1
11018,140,47,10,-1
11019,140,47,10,-1
11020,140,47,10,-1
11021,140,47,10,-1
11022,140,47,10,-1
11023,140,47,10,-1
11024,140,47,10,-1
11025,140,47,10,-1
11026,139,47,10,-1
11027,140,47,10,-1
11028,140,47,10,-1
11029,140,47,10,-1
11030,140,47,10,-1
11031,140,47,10,-1
11032,140,47,10,-1
11033,140,47,10,-1
11034,140,47,10,-1
11035,140,47,10,-1
11036,140,47,10,-1
11037,140,47,10,-1
11038,140,47,10,-1
11039,140,47,10,-1
11040,140,47,10,-1
11041,140,47,10,-1
11042,140,47,10,-1
11043,140,47,10,-1
11044,140,47,10,-1
11045,140,47,10,-1
11046,140,47,10,-1
11047,139,47,10,-1
11048,140,47,10,-1
11049,140,47,10,-1
11050,140,47,10,-1
11051,140,47,10,-1
11052,139,47,10,-1
11053,140,47,10,-1
11054,140,47,10,-1
11055,140,47,10,-1
11056,140,47,10,-1
11057,140,47,10,-1
11058,140,47,10,-1
11059,140,47,10,-1
11060,140,47,10,-1
11061,140,47,10,-1
11062,140,47,10,-1
11063,140,47,10,-1
11064,139,47,10,-1
11065,140,47,10,-1
11066,140,47,10,-1
11067,140,47,10,-1
11068,140,47,10,-1
11069,140,47,10,-1
11070,140,47,10,-1
11071,140,47,10,-1
11072,140,47,10,-1
11073,140,47,10,-1
11074,139,47,10,-1
11075,140,47,10,-1
11076,140,47,10,-1
11077,140,47,10,-1
11078,140,47,10,-1
11079,140,47,10,-1
11080,139,47,10,-1
11081,140,47,10,-1
11082,140,47,10,-1
11083,139,47,10,-1
11084,140,47,10,-1
11085,140,47,10,-1
11086,140,47,10,-1
11087,140,47,10,-1
11088,140,47,10,-1
11089,140,47,10,-1
11090,140,47,10,-1
11091,139,47,10,-1
11092,140,47,10,-1
11093,140,47,10,-1
11094,140,47,10,-1
11095,140,47,10,-1
11096,140,47,10,-1
11097,140,47,10,-1
11098,140,47,10,-1
11099,140,47,10,-1
11100,140,47,10,-1
11101,140,47,10,-1
11102,140,47,10,-1
11103,140,47,10,-1
11104,140,47,10,-1
11105,140,47,10,-1
11106,140,47,10,-1
11107,140,47,10,-1
11108,139,47,10,-1
11109,140,47,10,-1
11110,140,47,10,-1
11111,140,47,10,-1
11112,139,47,10,-1
11113,140,47,10,-1
11114,140,47,10,-1
11115,140,47,10,-1
11116,140,47,10,-1
11117,140,47,10,-1
11118,140,47,10,-1
11119,140,47,10,-1
11120,140,47,10,-1
11121,140,47,10,-1
11122,140,47,10,-1
11123,140,47,10,-1
11124,140,47,10,-1
11125,140,47,10,-1
11126,140,47,10,-1
11127,140,47,10,-1
11128,140,47,10,-1
11129,140,47,10,-1
11130,140,47,10,-1
11131,140,47,10,-1
11132,140,47,10,-1
11133,140,47,10,-1
11134,140,47,10,-1
11135,140,47,10,-1
11136,140,47,10,-1
11137,140,47,10,-1
11138,140,47,10,-1
11139,140,47,10,-1
11140,140,47,10,-1
11141,140,47,10,-1
11142,140,47,10,-1
11143,140,47,10,-1
11144,140,47,10,-1
11145,140,47,10,-1
11146,140,47,10,-1
11147,140,47,10,-1
11148,140,47,10,-1
11149,140,47,10,1
11150,140,47,10,-1
11151,140,47,10,-1
11152,139,47,10,-1
11153,139,47,10,-1
11154,140,47,10,-1
11155,140,47,10,-1
11156,140,47,10,-1
11157,140,47,10,-1
11158,140,47,10,-1
11159,140,47,10,-1
11160,140,47,10,-1
11161,140,47,10,-1
11162,140,47,10,-1
11163,140,47,10,-1
11164,140,47,10,-1
11165,139,47,10,-1
11166,140,47,10,-1
11167,139,47,10,-1
11168,140,47,10,-1
11169,140,47,10,-1
11170,140,47,10,-1
11171,140,47,10,-1
11172,140,47,10,-1
11173,140,47,10,-1
11174,140,47,10,-1
11175,140,47,10,-1
11176,140,47,10,-1
11177,140,47,9,-1
11178,140,47,10,-1
11179,140,47,10,-1
11180,140,47,10,-1
11181,140,47,10,-1
11182,140,47,10,-1
11183,140,47,10,-1
11184,140,47,10,-1
11185,140,47,10,-1
11186,140,47,10,-1
11187,140,47,10,-1
11188,140,47,10,-1
11189,140,47,10,-1
11190,140,47,10,-1
11191,140,47,10,-1
11192,140,47,10,-1
11193,140,47,10,-1
11194,140,47,10,-1
11195,140,47,10,-1
11196,140,47,10,-1
11197,140,47,10,-1
11198,140,47,10,-1
11199,140,47,10,-1
11200,139,47,10,-1
11201,140,47,10,-1
11202,140,47,10,-1
11203,140,47,10,-1
11204,140,47,10,-1
11205,140,47,10,-1
11206,140,47,10,-1
11207,140,47,10,-1
11208,140,47,10,-1
11209,140,47,10,-1
11210,140,47,10,-1
11211,139,47,10,-1
11212,140,47,10,-1
11213,140,47,10,-1
11214,140,47,10,-1
11215,140,47,10,-1
11216,140,47,10,-1
11217,140,47,10,-1
11218,140,47,10,-1
11219,140,47,10,-1
11220,140,47,10,-1
11221,140,47,10,-1
11222,140,47,10,-1
11223,140,47,10,-1
11224,140,47,10,-1
11225,140,47,10,-1
11226,140,47,10,-1
11227,140,47,10,-1
11228,139,47,10,-1
11229,140,47,10,-1
11230,140,47,10,-1
11231,140,47,10,-1
11232,140,47,10,-1
11233,140,47,10,-1
11234,140,47,10,-1
11235,140,47,10,-1
11236,140,47,10,-1
11237,140,47,10,-1
11238,140,47,10,-1
11239,140,47,10,-1
11240,139,47,10,-1
11241,140,47,10,-1
11242,140,47,10,-1
11243,140,47,10,-1
11244,140,47,10,-1
11245,140,47,10,-1
11246,140,47,10,-1
11247,140,47,10,-1
11248,140,47,10,-1
11249,140,47,10,-1
11250,140,47,10,-1
11251,140,47,10,-1
11252,140,47,10,-1
11253,140,47,10,-1
11254,140,47,10,-1
11255,140,47,10,-1
11256,140,47,10,-1
11257,140,47,10,-1
11258,140,47,10,-1
11259,140,47,10,-1
11260,140,47,10,-1
11261,140,47,10,-1
11262,140,47,10,-1
11263,140,47,10,-1
11264,140,47,10,-1
11265,140,47,10,-1
11266,140,47,10,-1
11267,140,47,10,-1
11268,140,47,10,-1
11269,140,47,10,-1
11270,140,47,10,-1
11271,140,47,10,-1
11272,140,47,10,-1
11273,140,47,10,-1
11274,140,47,10,-1
11275,140,47,10,-1
11276,140,47,10,-1
11277,140,47,10,-1
11278,140,47,10,-1
11279,140,47,10,-1
11280,140,47,10,-1
11281,140,47,10,-1
11282,140,47,10,-1
11283,140,47,10,-1
11284,140,47,10,-1
11285,140,47,10,-1
11286,140,47,10,-1
11287,140,47,10,-1
11288,140,47,10,-1
11289,140,47,10,-1
11290,140,47,10,-1
11291,140,47,10,-1
11292,140,47,10,-1
11293,140,47,10,-1
11294,140,47,10,-1
11295,140,47,10,-1
11296,140,47,10,-1
11297,140,47,10,-1
11298,140,47,10,-1
11299,140,47,10,-1
11300,140,47,10,-1
11301,140,47,10,-1
11302,140,47,10,-1
11303,140,47,10,-1
11304,140,47,10,-1
11305,140,47,10,-1
11306,140,47,10,-1
11307,140,47,10,-1
11308,140,47,10,-1
11309,140,47,10,-1
11310,140,47,10,-1
11311,140,47,10,-1
11312,140,47,10,-1
11313,140,47,10,-1
11314,140,47,10,-1
11315,140,47,10,-1
11316,140,47,10,-1
11317,140,47,10,-1
11318,140,47,10,-1
11319,140,47,10,-1
11320,140,47,10,-1
11321,140,47,10,-1
11322,140,47,10,-1
11323,139,47,10,-1
11324,139,46,10,-1
11325,140,47,10,-1
11326,140,47,10,-1
11327,140,47,10,-1
11328,140,47,10,-1
11329,140,47,10,-1
11330,140,47,10,-1
11331,140,47,10,-1
11332,140,47,10,-1
11333,140,47,10,-1
11334,140,47,10,-1
11335,140,47,10,-1
11336,140,47,10,-1
11337,140,47,10,-1
11338,140,47,10,-1
11339,140,47,10,-1
11340,140,47,10,-1
11341,140,47,10,-1
11342,140,47,10,-1
11343,140,47,10,-1
11344,140,47,10,-1
11345,140,47,10,-1
11346,140,47,10,-1
11347,140,47,10,-1
11348,140,47,10,-1
11349,140,47,10,-1
11350,140,47,10,-1
11351,140,47,10,-1
11352,140,47,10,-1
11353,140,47,10,-1
11354,140,47,10,-1
11355,140,47,10,-1
11356,140,47,10,-1
11357,140,47,10,-1
11358,140,47,10,-1
11359,140,47,10,-1
11360,140,47,10,-1
11361,140,47,10,-1
11362,140,47,10,-1
11363,140,47,10,-1
11364,140,47,10,-1
11365,140,47,10,-1
11366,140,47,10,-1
11367,140,47,10,-1
11368,140,47,10,-1
11369,140,47,10,-1
11370,140,47,10,-1
11371,140,47,10,-1
11372,140,47,10,-1
11373,140,47,10,-1
11374,140,47,10,-1
11375,140,47,10,-1
11376,140,47,10,-1
11377,140,47,10,-1
11378,140,47,10,-1
11379,140,47,10,-1
11380,140,47,10,-1
11381,140,47,10,-1
11382,140,47,10,-1
11383,140,47,10,-1
11384,140,47,10,-1
11385,140,47,10,-1
11386,140,47,10,-1
11387,140,47,10,-1
11388,140,47,10,-1
11389,140,47,10,-1
11390,140,47,10,-1
11391,140,47,10,-1
11392,140,47,10,-1
11393,140,47,10,-1
11394,140,47,10,-1
11395,140,47,10,-1
11396,140,47,10,-1
11397,140,47,10,-1
11398,140,47,10,-1
11399,140,47,10,-1
11400,140,47,10,-1
11401,140,47,10,-1
11402,140,47,10,-1
11403,140,47,10,-1
11404,140,47,10,-1
11405,140,47,10,-1
11406,140,47,10,-1
11407,140,47,10,-1
11408,140,47,10,-1
11409,140,47,10,-1
11410,140,47,10,-1
11411,140,47,10,-1
11412,140,47,10,-1
11413,140,47,10,-1
11414,140,47,10,-1
11415,140,47,10,-1
11416,140,47,10,-1
11417,140,47,10,-1
11418,140,47,10,-1
11419,140,47,10,-1
11420,140,47,10,-1
11421,140,47,10,-1
11422,140,47,10,-1
11423,140,47,10,-1
11424,140,47,10,-1
11425,140,47,10,-1
11426,140,47,10,-1
11427,140,47,10,-1
11428,140,47,10,-1
11429,140,47,10,-1
11430,140,47,10,-1
11431,140,47,10,-1
11432,140,47,10,-1
11433,140,47,10,-1
11434,140,47,10,-1
11435,140,47,10,-1
11436,140,47,10,-1
11437,140,47,10,-1
11438,140,47,10,-1
11439,140,47,10,-1
11440,140,47,10,-1
11441,140,47,10,-1
11442,140,47,10,-1
11443,140,47,10,-1
11444,140,47,10,-1
11445,140,47,10,-1
11446,140,47,10,-1
11447,140,47,10,-1
11448,140,47,10,-1
11449,140,47,10,-1
11450,140,47,10,-1
11451,140,47,10,-1
11452,140,47,10,-1
11453,140,47,10,-1
11454,140,47,10,-1
11455,140,47,10,-1
11456,140,47,10,-1
11457,140,47,10,-1
11458,140,47,10,-1
11459,139,47,10,-1
11460,140,47,10,-1
11461,140,47,10,-1
11462,140,47,10,-1
11463,140,47,10,-1
11464,140,47,10,-1
11465,140,47,10,-1
11466,140,47,10,-1
11467,140,47,10,-1
11468,140,47,10,-1
11469,140,47,10,-1
11470,140,47,10,-1
11471,140,47,10,-1
11472,140,47,10,-1
11473,140,47,10,-1
11474,140,47,10,-1
11475,140,47,10,-1
11476,140,47,10,-1
11477,140,47,10,-1
11478,140,47,10,-1
11479,140,47,10,-1
11480,140,47,10,-1
11481,140,47,10,-1
11482,140,47,10,-1
11483,140,47,10,-1
11484,140,47,10,-1
11485,140,47,10,-1
11486,140,47,10,-1
11487,140,47,10,-1
11488,140,47,10,-1
11489,139,47,10,-1
11490,140,47,10,-1
11491,140,47,10,-1
11492,140,47,10,-1
11493,140,47,10,-1
11494,140,47,10,-1
11495,140,47,10,-1
11496,140,47,10,-1
11497,140,47,10,-1
11498,140,47,10,-1
11499,140,47,10,-1
11500,140,47,10,-1
11501,140,47,10,-1
11502,140,47,10,-1
11503,140,47,10,-1
11504,140,47,10,-1
11505,140,47,10,-1
11506,140,47,10,-1
11507,140,47,10,-1
11508,140,47,10,-1
11509,140,47,10,-1
11510,140,47,10,-1
11511,140,47,10,-1
11512,140,47,10,-1
11513,140,47,10,-1
11514,140,47,10,-1
11515,140,47,10,-1
11516,140,47,10,-1
11517,140,47,10,-1
11518,140,47,10,-1
11519,140,47,10,-1
11520,140,47,10,-1
11521,140,47,10,-1
11522,140,47,10,-1
11523,140,47,10,-1
11524,139,47,10,-1
11525,140,47,10,-1
11526,140,47,10,-1
11527,140,47,10,-1
11528,140,47,10,-1
11529,140,47,10,-1
11530,140,47,10,-1
11531,140,47,10,-1
11532,140,47,10,-1
11533,140,47,10,-1
11534,140,47,10,-1
11535,140,47,10,-1
11536,140,47,10,-1
11537,140,47,10,-1
11538,140,47,10,-1
11539,140,47,10,-1
11540,140,47,10,-1
11541,140,47,10,-1
11542,140,47,10,-1
11543,139,47,10,-1
11544,140,47,10,-1
11545,140,47,10,-1
11546,140,47,10,-1
11547,140,47,10,-1
11548,140,47,10,-1
11549,140,47,10,-1
11550,140,47,10,-1
11551,140,47,10,-1
11552,140,47,10,-1
11553,140,47,10,-1
11554,140,47,10,-1
11555,140,47,10,-1
11556,140,47,10,-1
11557,140,47,10,-1
11558,140,47,10,-1
11559,140,47,10,-1
11560,140,47,10,-1
11561,140,47,10,-1
11562,140,47,10,-1
11563,140,47,10,-1
11564,140,47,10,-1
11565,139,47,10,-1
11566,140,47,10,-1
11567,140,47,10,-1
11568,140,47,10,-1
11569,140,47,10,-1
11570,140,47,10,-1
11571,140,47,10,-1
11572,140,47,10,-1
11573,140,47,10,-1
11574,140,47,10,-1
11575,140,47,10,-1
11576,140,47,10,-1
11577,140,47,10,-1
11578,140,47,10,-1
11579,140,47,10,-1
11580,140,47,10,-1
11581,140,47,10,-1
11582,140,47,10,-1
11583,140,47,10,-1
11584,140,47,10,-1
11585,140,47,10,-1
11586,140,47,10,-1
11587,140,47,10,-1
11588,140,47,10,-1
11589,140,47,10,-1
11590,140,47,10,-1
11591,140,47,10,-1
11592,140,47,10,-1
11593,140,47,10,-1
11594,140,47,10,-1
11595,140,47,10,-1
11596,140,47,10,-1
11597,140,47,10,-1
11598,140,47,10,-1
11599,140,47,10,-1
11600,140,47,10,-1
11601,140,47,10,-1
11602,140,47,10,-1
11603,140,47,10,-1
11604,140,47,10,-1
11605,140,47,10,-1
11606,140,47,10,-1
11607,140,47,10,-1
11608,140,47,10,-1
11609,140,47,10,-1
11610,140,47,10,-1
11611,140,47,10,-1
11612,140,47,10,-1
11613,140,47,10,-1
11614,140,47,10,-1
11615,140,47,10,-1
11616,139,47,10,-1
11617,139,47,10,-1
11618,140,47,10,-1
11619,140,47,10,-1
11620,140,47,10,-1
11621,140,47,10,-1
11622,140,47,10,-1
11623,140,47,10,-1
11624,140,47,10,-1
11625,140,47,10,-1
11626,140,47,10,-1
11627,140,47,10,-1
11628,140,47,10,-1
11629,140,47,10,-1
11630,140,47,10,-1
11631,140,47,10,-1
11632,140,47,10,-1
11633,140,47,10,-1
11634,140,47,10,-1
11635,140,47,10,-1
11636,140,47,10,-1
11637,140,47,10,-1
11638,140,47,10,-1
11639,140,47,10,-1
11640,140,47,10,-1
11641,140,47,10,-1
11642,140,47,10,-1
11643,140,47,10,-1
11644,139,47,10,-1
11645,140,47,10,-1
11646,140,47,10,-1
11647,140,47,10,-1
11648,140,47,10,-1
11649,140,47,10,-1
11650,140,47,10,-1
11651,140,47,10,-1
11652,140,47,10,-1
11653,140,47,10,-1
11654,140,47,10,-1
11655,140,47,10,-1
11656,140,47,10,-1
11657,140,47,10,-1
11658,140,47,10,-1
11659,140,47,10,-1
11660,140,47,10,-1
11661,140,47,10,-1
11662,140,47,10,-1
11663,140,47,10,-1
11664,140,47,10,-1
11665,140,47,10,-1
11666,140,47,10,-1
11667,140,47,10,-1
11668,140,47,10,-1
11669,140,47,10,-1
11670,140,47,10,-1
11671,140,47,10,-1
11672,140,47,10,-1
11673,140,47,10,-1
11674,140,47,10,-1
11675,140,47,10,-1
11676,140,47,10,-1
11677,140,47,10,-1
11678,140,47,10,-1
11679,140,47,10,-1
11680,139,47,10,-1
11681,139,47,10,-1
11682,140,47,10,-1
11683,140,47,10,-1
11684,140,47,10,-1
11685,140,47,10,-1
11686,140,47,10,-1
11687,140,47,10,-1
11688,140,47,10,-1
11689,140,47,10,-1
11690,140,47,10,-1
11691,140,47,10,-1
11692,140,47,10,-1
11693,140,47,10,-1
11694,140,47,10,-1
11695,140,47,10,-1
11696,140,47,10,-1
11697,140,47,10,-1
11698,140,47,10,-1
11699,140,47,10,-1
11700,140,47,10,-1
11701,140,47,10,-1
11702,140,47,10,-1
11703,140,47,10,-1
11704,140,47,10,-1
11705,140,47,10,-1
11706,140,47,10,-1
11707,140,47,10,-1
11708,140,47,10,-1
11709,140,47,10,-1
11710,140,47,10,-1
11711,140,47,10,-1
11712,140,47,10,-1
11713,140,47,10,-1
11714,140,47,10,-1
11715,140,47,10,-1
11716,140,47,10,-1
11717,139,47,10,-1
11718,140,47,10,-1
11719,140,47,10,-1
11720,140,47,10,-1
11721,140,47,10,-1
11722,140,47,10,-1
11723,140,47,10,-1
11724,140,47,10,-1
11725,140,47,10,-1
11726,140,47,10,-1
11727,140,47,10,-1
11728,140,47,10,-1
11729,140,47,10,-1
11730,140,47,10,-1
11731,140,47,10,-1
11732,140,47,10,-1
11733,140,47,10,-1
11734,140,47,10,-1
11735,140,47,10,-1
11736,140,47,10,-1
11737,140,47,10,-1
11738,140,47,10,-1
11739,140,47,10,-1
11740,140,47,10,-1
11741,140,47,10,-1
11742,140,47,10,-1
11743,140,47,10,-1
11744,140,47,10,-1
11745,140,47,10,-1
11746,140,47,10,-1
11747,140,47,10,-1
11748,140,47,10,-1
11749,140,47,10,-1
11750,140,47,10,-1
11751,140,47,10,-1
11752,140,47,10,-1
11753,140,47,10,-1
11754,140,47,10,-1
11755,140,47,10,-1
11756,140,47,10,-1
11757,140,47,10,-1
11758,140,47,10,-1
11759,140,47,10,-1
11760,140,47,10,-1
11761,139,47,10,-1
11762,140,47,10,-1
11763,140,47,10,-1
11764,140,47,10,-1
11765,140,47,10,-1
11766,140,47,10,-1
11767,140,47,10,-1
11768,140,47,10,-1
11769,140,47,10,-1
11770,140,47,10,-1
11771,140,47,10,-1
11772,140,47,10,-1
11773,140,47,10,1
11774,140,47,10,-1
11775,140,47,10,-1
11776,140,47,10,-1
11777,140,47,10,-1
11778,140,47,10,-1
11779,140,47,10,-1
11780,140,47,10,-1
11781,140,47,10,-1
11782,140,47,10,-1
11783,140,47,10,-1
11784,140,47,10,-1
11785,140,47,10,-1
11786,140,47,10,-1
11787,140,47,10,-1
11788,139,47,10,-1
11789,140,47,10,-1
11790,140,47,10,-1
11791,140,47,10,-1
11792,140,47,10,-1
11793,140,47,10,-1
11794,140,47,10,-1
11795,140,47,10,-1
11796,140,47,10,-1
11797,140,47,10,-1
11798,140,47,10,-1
11799,140,47,10,-1
11800,140,47,10,-1
11801,140,47,10,-1
11802,140,47,10,-1
11803,140,47,10,-1
11804,140,47,10,-1
11805,140,47,10,-1
11806,140,47,10,-1
11807,140,47,10,-1
11808,140,47,10,-1
11809,140,47,10,-1
11810,140,47,10,-1
11811,140,47,10,-1
11812,140,47,10,-1
11813,140,47,10,-1
11814,140,47,10,-1
11815,140,47,10,-1
11816,140,47,10,-1
11817,140,47,10,-1
11818,140,47,10,-1
11819,140,47,10,-1
11820,140,47,10,-1
11821,140,47,10,-1
11822,140,47,10,-1
11823,140,47,10,-1
11824,140,47,10,-1
11825,140,47,10,-1
11826,140,47,10,-1
11827,140,47,10,-1
11828,140,47,10,-1
11829,140,47,10,-1
11830,140,47,10,-1
11831,140,47,10,-1
11832,140,47,10,-1
11833,140,47,10,-1
11834,140,47,10,-1
11835,140,47,10,-1
11836,140,47,10,-1
11837,140,47,10,-1
11838,140,47,10,-1
11839,140,47,10,-1
11840,140,47,10,-1
11841,139,47,10,-1
11842,140,47,10,-1
11843,140,47,10,-1
11844,139,47,10,-1
11845,140,47,10,-1
11846,140,47,10,-1
11847,140,47,10,-1
11848,140,47,10,-1
11849,140,47,10,-1
11850,140,47,10,-1
11851,140,47,10,-1
11852,140,47,10,-1
11853,140,47,10,-1
11854,140,47,10,-1
11855,140,47,10,-1
11856,140,47,10,-1
11857,140,47,10,-1
11858,140,47,10,-1
11859,140,47,10,-1
11860,140,47,10,-1
11861,140,47,10,-1
11862,140,47,10,-1
11863,140,47,10,-1
11864,140,47,10,-1
11865,140,47,10,-1
11866,140,47,10,-1
11867,139,47,10,-1
11868,140,47,10,-1
11869,140,47,10,-1
11870,140,47,10,-1
11871,140,47,10,-1
11872,140,47,10,-1
11873,140,47,10,-1
11874,140,47,10,-1
11875,140,47,10,-1
11876,140,47,10,-1
11877,140,47,10,-1
11878,140,47,10,-1
11879,139,47,10,-1
11880,140,47,10,-1
11881,140,47,10,-1
11882,140,47,10,-1
11883,140,47,10,-1
11884,140,47,10,-1
11885,140,47,10,-1
11886,140,47,10,-1
11887,140,47,10,-1
11888,140,47,10,-1
11889,140,47,10,-1
11890,140,47,10,-1
11891,140,47,10,-1
11892,140,47,10,-1
11893,140,47,10,-1
11894,140,47,10,-1
11895,139,47,10,-1
11896,140,47,10,-1
11897,139,47,10,-1
11898,140,47,10,-1
11899,140,47,10,-1
11900,140,47,10,-1
11901,140,47,10,-1
11902,139,47,10,-1
11903,140,47,10,-1
11904,140,47,10,-1
11905,140,47,10,-1
11906,140,47,10,-1
11907,140,47,10,-1
11908,140,47,10,-1
11909,140,47,10,-1
11910,140,47,10,-1
11911,140,47,10,-1
11912,140,47,10,-1
11913,140,47,10,-1
11914,140,47,10,-1
11915,140,47,10,-1
11916,140,47,10,-1
11917,140,47,10,-1
11918,140,47,10,-1
11919,140,47,10,-1
11920,140,47,10,-1
11921,140,47,10,-1
11922,140,47,10,-1
11923,140,47,10,-1
11924,140,47,10,-1
11925,140,47,10,-1
11926,140,47,10,-1
11927,140,47,10,-1
11928,140,47,10,-1
11929,140,47,10,-1
11930,140,47,10,-1
11931,140,47,10,-1
11932,140,47,10,-1
11933,140,47,10,-1
11934,140,47,10,-1
11935,140,47,10,-1
11936,140,47,10,-1
11937,140,47,10,-1
11938,140,47,10,-1
11939,140,47,10,-1
11940,140,47,10,-1
11941,140,47,10,-1
11942,140,47,10,-1
11943,140,47,10,-1
11944,140,47,10,-1
11945,140,47,10,-1
11946,140,47,10,-1
11947,140,47,10,-1
11948,140,47,10,-1
11949,140,47,10,-1
11950,140,47,10,-1
11951,140,47,10,-1
11952,140,47,10,-1
11953,140,47,10,-1
11954,140,47,10,-1
11955,140,47,10,-1
11956,140,47,10,-1
11957,140,47,10,-1
11958,140,47,10,-1
11959,140,47,10,-1
11960,140,47,10,-1
11961,140,47,10,-1
11962,140,47,10,-1
11963,140,47,10,-1
11964,140,47,10,-1
11965,140,47,10,-1
11966,140,47,10,-1
11967,140,47,10,-1
11968,140,47,10,-1
11969,140,47,10,-1
11970,140,47,10,-1
11971,140,47,10,-1
11972,139,47,10,-1
11973,140,47,10,-1
11974,140,47,10,-1
11975,140,47,10,-1
11976,140,47,10,-1
11977,140,47,10,-1
11978,140,47,10,-1
11979,140,47,10,-1
11980,140,47,10,-1
11981,140,47,10,-1
11982,139,47,10,-1
11983,140,47,10,-1
11984,140,47,10,-1
11985,140,47,10,-1
11986,140,47,10,-1
11987,140,47,10,-1
11988,140,47,10,-1
11989,140,47,10,-1
11990,140,47,10,-1
11991,140,47,10,-1
11992,140,47,10,-1
11993,140,47,10,-1
11994,140,47,10,-1
11995,140,47,10,-1
11996,140,47,10,-1
11997,140,47,10,-1
11998,140,47,10,-1
11999,139,47,10,-1
12000,140,47,10,-1
12001,140,47,10,-1
12002,140,47,10,-1
12003,140,47,10,-1
12004,140,47,10,-1
12005,140,47,10,-1
12006,140,47,10,-1
12007,140,47,10,-1
12008,140,47,10,-1
12009,140,47,10,-1
12010,140,47,10,-1
12011,140,47,10,-1
12012,140,47,10,-1
12013,140,47,10,-1
12014,140,47,10,-1
12015,140,47,10,-1
12016,140,47,10,-1
12017,140,47,10,-1
12018,140,47,10,-1
12019,140,47,10,-1
12020,140,47,10,-1
12021,140,47,10,-1
12022,140,47,10,-1
12023,140,47,10,-1
12024,140,47,10,-1
12025,140,47,10,-1
12026,140,47,10,-1
12027,140,47,10,-1
12028,140,47,10,-1
12029,140,47,10,-1
12030,140,47,10,-1
12031,140,47,10,-1
12032,140,47,10,-1
12033,140,47,10,-1
12034,140,47,10,-1
12035,140,47,10,-1
12036,140,47,10,-1
12037,140,47,10,-1
12038,140,47,10,-1
12039,140,47,10,-1
12040,140,47,10,-1
12041,140,47,10,-1
12042,140,47,10,-1
12043,140,47,10,-1
12044,140,47,10,-1
12045,140,47,10,-1
12046,140,47,10,-1
12047,140,47,10,-1
12048,140,47,10,-1
12049,140,47,10,-1
12050,140,47,10,-1
12051,140,47,10,-1
12052,140,47,10,-1
12053,140,47,10,-1
12054,140,47,10,-1
12055,140,47,10,-1
12056,140,47,10,-1
12057,140,47,10,-1
12058,140,47,10,-1
12059,140,47,10,-1
12060,140,47,10,-1
12061,140,47,10,-1
12062,140,47,10,-1
12063,140,47,10,-1
12064,139,47,10,-1
12065,140,47,10,-1
12066,140,47,10,-1
12067,140,47,10,-1
12068,140,47,10,-1
12069,140,47,10,-1
12070,140,47,10,-1
12071,140,47,10,-1
12072,140,47,10,-1
12073,140,47,10,-1
12074,140,47,10,-1
12075,140,47,10,-1
12076,140,47,10,-1
12077,140,47,10,-1
12078,140,47,10,-1
12079,140,47,10,-1
12080,140,47,10,-1
12081,140,47,10,-1
12082,140,47,10,-1
12083,140,47,10,-1
12084,140,47,10,-1
12085,140,47,10,-1
12086,140,47,10,-1
12087,140,47,10,-1
12088,140,47,10,-1
12089,140,47,10,-1
12090,140,47,10,-1
12091,140,47,10,-1
12092,140,47,10,-1
12093,140,47,10,-1
12094,140,47,10,-1
12095,140,47,10,-1
12096,140,47,10,-1
12097,140,47,10,-1
12098,140,47,10,-1
12099,140,47,10,-1
12100,140,47,10,-1
12101,140,47,10,-1
12102,140,47,10,-1
12103,140,47,10,-1
12104,139,47,10,-1
12105,140,47,10,-1
12106,140,47,10,-1
12107,140,47,10,-1
12108,140,47,10,-1
12109,140,47,10,-1
12110,140,47,10,-1
12111,140,47,10,-1
12112,140,47,10,-1
12113,140,47,10,-1
12114,140,47,10,-1
12115,140,47,10,-1
12116,140,47,10,-1
12117,140,47,10,-1
12118,140,47,10,-1
12119,140,47,10,-1
12120,140,47,10,-1
12121,140,47,10,-1
12122,140,47,10,-1
12123,140,47,10,-1
12124,139,47,10,-1
12125,140,47,10,-1
12126,140,47,10,-1
12127,140,47,10,-1
12128,140,47,10,-1
12129,140,47,10,-1
12130,140,47,10,-1
12131,140,47,10,-1
12132,140,47,10,-1
12133,140,47,10,-1
12134,139,47,10,-1
12135,140,47,10,-1
12136,140,47,10,-1
12137,140,47,10,-1
12138,140,47,10,-1
12139,140,47,10,-1
12140,140,47,10,-1
12141,140,47,10,-1
12142,140,47,10,-1
12143,140,47,10,-1
12144,140,47,10,-1
12145,140,47,10,-1
12146,140,47,10,-1
12147,140,47,10,-1
12148,140,47,10,-1
12149,140,47,10,-1
12150,140,47,10,-1
12151,140,47,10,-1
12152,140,47,10,-1
12153,140,47,10,-1
12154,140,47,10,-1
12155,140,47,10,-1
12156,140,47,10,-1
12157,140,47,10,-1
12158,140,47,10,-1
12159,140,47,10,-1
12160,140,47,10,-1
12161,140,47,10,-1
12162,140,47,10,-1
12163,140,47,10,-1
12164,140,47,10,-1
12165,140,47,10,-1
12166,139,47,10,-1
12167,140,47,10,-1
12168,140,47,10,-1
12169,138,47,10,-1
12170,140,47,10,-1
12171,140,47,10,-1
12172,140,47,10,-1
12173,140,47,10,-1
12174,140,47,10,-1
12175,140,47,10,-1
12176,140,47,10,-1
12177,140,47,10,-1
12178,140,47,10,-1
12179,140,47,10,-1
12180,140,47,10,-1
12181,140,47,10,-1
12182,140,47,10,-1
12183,140,47,10,-1
12184,140,47,10,-1
12185,140,47,10,-1
12186,139,47,10,-1
12187,140,47,10,-1
12188,140,47,10,-1
12189,140,47,10,-1
12190,140,47,10,-1
12191,140,47,10,-1
12192,140,47,10,-1
12193,140,47,10,-1
12194,140,47,10,-1
12195,140,47,10,-1
12196,140,47,10,-1
12197,140,47,10,-1
12198,140,47,10,-1
12199,140,47,10,-1
12200,140,47,10,-1
12201,140,47,10,-1
12202,140,47,10,-1
12203,140,47,10,-1
12204,140,47,10,-1
12205,140,47,10,-1
12206,140,47,10,-1
12207,140,47,10,-1
12208,140,47,10,-1
12209,140,47,10,-1
12210,140,47,10,-1
12211,140,47,10,-1
12212,140,47,10,-1
12213,140,47,10,-1
12214,140,47,10,-1
12215,140,47,10,-1
12216,140,47,10,-1
12217,140,47,10,-1
12218,140,47,10,-1
12219,140,47,10,-1
12220,140,47,10,-1
12221,140,47,10,-1
12222,140,47,10,-1
12223,140,47,10,-1
12224,140,47,10,-1
12225,140,47,10,-1
12226,140,47,10,-1
12227,140,47,10,-1
12228,140,47,10,-1
12229,140,47,10,-1
12230,140,47,10,-1
12231,140,47,10,-1
12232,140,47,10,-1
12233,140,47,10,-1
12234,140,47,10,-1
12235,140,47,10,-1
12236,140,47,10,-1
12237,140,47,10,-1
12238,140,47,10,-1
12239,140,47,10,-1
12240,140,47,10,-1
12241,140,47,10,-1
12242,139,47,10,-1
12243,140,47,10,-1
12244,140,47,10,-1
12245,140,47,10,-1
12246,140,47,10,-1
12247,140,47,10,-1
12248,140,47,10,-1
12249,140,47,10,-1
12250,140,47,10,-1
12251,140,47,10,-1
12252,140,47,10,-1
12253,140,47,10,-1
12254,140,47,10,-1
12255,140,47,10,-1
12256,140,47,10,-1
12257,140,47,10,-1
12258,140,47,10,-1
12259,140,47,10,-1
12260,140,47,10,-1
12261,140,47,10,-1
12262,140,47,10,-1
12263,140,47,10,-1
12264,140,47,10,-1
12265,140,47,10,-1
12266,140,47,10,-1
12267,140,47,10,-1
12268,140,47,10,-1
12269,140,47,10,-1
12270,140,47,10,-1
12271,140,47,10,-1
12272,140,47,10,-1
12273,140,47,10,-1
12274,140,47,10,-1
12275,140,47,10,-1
12276,140,47,10,-1
12277,140,47,10,-1
12278,140,47,10,-1
12279,140,47,10,-1
12280,140,47,10,-1
12281,140,47,10,-1
12282,140,47,10,-1
12283,140,47,10,-1
12284,140,47,10,-1
12285,140,47,10,-1
12286,140,47,10,-1
12287,140,47,10,-1
12288,140,47,10,-1
12289,140,47,10,-1
12290,140,47,10,-1
12291,140,47,10,-1
12292,140,47,10,-1
12293,140,47,10,-1
12294,140,47,10,-1
12295,139,47,10,-1
12296,140,47,10,-1
12297,140,47,10,-1
12298,140,47,10,-1
12299,140,47,10,-1
12300,140,47,10,-1
12301,140,47,10,-1
12302,140,47,10,-1
12303,139,47,10,-1
12304,140,47,10,-1
12305,140,47,10,-1
12306,140,47,10,-1
12307,140,47,10,-1
12308,140,47,10,-1
12309,140,47,10,-1
12310,140,47,10,-1
12311,140,47,10,-1
12312,140,47,10,-1
12313,140,47,10,-1
12314,140,47,10,-1
12315,140,47,10,-1
12316,140,47,10,-1
12317,140,47,10,-1
12318,140,47,10,-1
12319,140,47,10,-1
12320,140,47,10,-1
12321,140,47,10,-1
12322,140,47,10,-1
12323,140,47,10,-1
12324,140,47,10,-1
12325,140,47,10,-1
12326,140,47,10,-1
12327,140,47,10,-1
12328,140,47,10,-1
12329,140,47,10,-1
12330,140,47,10,-1
12331,140,47,10,-1
12332,140,47,10,-1
12333,140,47,10,-1
12334,140,47,10,-1
12335,140,47,10,-1
12336,140,47,10,-1
12337,140,47,10,-1
12338,140,47,10,-1
12339,140,47,10,-1
12340,140,47,10,-1
12341,140,47,10,-1
12342,140,47,10,-1
12343,140,47,10,-1
12344,140,47,10,-1
12345,140,47,10,-1
12346,140,47,10,-1
12347,140,47,10,-1
12348,140,47,10,-1
12349,140,47,10,-1
12350,140,47,10,-1
12351,140,47,10,-1
12352,140,47,10,-1
12353,140,47,10,-1
12354,140,47,10,-1
12355,140,47,10,-1
12356,140,47,10,-1
12357,140,47,10,-1
12358,140,47,10,-1
12359,140,47,10,-1
12360,140,47,10,-1
12361,140,47,10,-1
12362,140,47,10,-1
12363,140,47,10,-1
12364,140,47,10,-1
12365,140,47,10,-1
12366,140,47,10,-1
12367,140,47,10,-1
12368,140,47,10,-1
12369,140,47,10,-1
12370,140,47,10,-1
12371,140,47,10,-1
12372,140,47,10,-1
12373,140,47,10,-1
12374,140,47,10,-1
12375,139,47,10,-1
12376,140,47,10,-1
12377,140,47,10,-1
12378,140,47,10,-1
12379,140,47,10,-1
12380,140,47,10,-1
12381,140,47,10,-1
12382,140,47,10,-1
12383,140,47,10,-1
12384,140,47,10,-1
12385,140,47,10,-1
12386,140,47,10,-1
12387,139,47,10,-1
12388,140,47,10,-1
12389,140,47,10,-1
12390,140,47,10,-1
12391,139,47,10,-1
12392,140,47,10,-1
12393,140,47,10,-1
12394,140,47,10,-1
12395,140,47,10,-1
12396,140,47,10,-1
12397,140,47,10,1
12398,140,47,10,-1
12399,140,47,10,-1
12400,140,47,10,-1
12401,140,47,10,-1
12402,140,47,10,-1
12403,140,47,10,-1
12404,140,47,10,-1
12405,140,47,10,-1
12406,140,47,10,-1
12407,140,47,10,-1
12408,140,47,10,-1
12409,139,47,10,-1
12410,140,47,10,-1
12411,140,47,10,-1
12412,139,47,10,-1
12413,140,47,10,-1
12414,140,47,10,-1
12415,140,47,10,-1
12416,140,47,10,-1
12417,140,47,10,-1
12418,140,47,10,-1
12419,140,47,10,-1
12420,140,47,10,-1
12421,140,47,10,-1
12422,140,47,10,-1
12423,140,47,10,-1
12424,140,47,10,-1
12425,140,47,10,-1
12426,140,47,10,-1
12427,140,47,10,-1
12428,140,47,10,-1
12429,140,47,10,-1
12430,140,47,10,-1
12431,140,47,10,-1
12432,140,47,10,-1
12433,140,47,10,-1
12434,140,47,10,-1
12435,140,47,10,-1
12436,140,47,10,-1
12437,140,47,10,-1
12438,140,47,10,-1
12439,140,47,10,-1
12440,140,47,10,-1
12441,140,47,10,-1
12442,140,47,10,-1
12443,140,47,10,-1
12444,140,47,10,-1
12445,140,47,10,-1
12446,140,47,10,-1
12447,140,47,10,-1
12448,140,47,10,-1
12449,140,47,10,-1
12450,140,47,10,-1
12451,140,47,10,-1
12452,140,47,10,-1
12453,140,47,10,-1
12454,140,47,10,-1
12455,140,47,10,-1
12456,140,47,10,-1
12457,140,47,10,-1
12458,140,47,10,-1
12459,140,47,10,-1
12460,140,47,10,-1
12461,139,47,10,-1
12462,140,47,10,-1
12463,140,47,10,-1
12464,140,47,10,-1
12465,140,47,10,-1
12466,140,47,10,-1
12467,140,47,10,-1
12468,139,47,10,-1
12469,140,47,10,-1
12470,140,47,10,-1
12471,140,47,10,-1
12472,140,47,10,-1
12473,140,47,10,-1
12474,140,47,10,-1
12475,140,47,10,-1
12476,140,47,10,-1
12477,140,47,10,-1
12478,140,47,10,-1
12479,140,47,10,-1
12480,140,47,10,-1
12481,140,47,10,-1
12482,140,47,10,-1
12483,140,47,10,-1
12484,140,47,10,-1
12485,140,47,10,-1
12486,140,47,10,-1
12487,140,47,10,-1
12488,140,47,10,-1
12489,140,47,10,-1
12490,140,47,10,-1
12491,140,47,10,-1
12492,140,47,10,-1
12493,140,47,10,-1
12494,139,47,10,-1
12495,140,47,10,-1
12496,140,47,10,-1
12497,140,47,10,-1
12498,140,47,10,-1
12499,140,47,10,-1
12500,140,47,10,-1
12501,140,47,10,-1
12502,140,47,10,-1
12503,140,47,10,-1
12504,140,47,10,-1
12505,140,47,10,-1
12506,140,47,10,-1
12507,140,47,10,-1
12508,140,47,10,-1
12509,140,47,10,-1
12510,139,47,10,-1
12511,140,47,10,-1
12512,140,47,10,-1
12513,140,47,10,-1
12514,140,47,10,-1
12515,140,47,10,-1
12516,140,47,10,-1
12517,140,47,10,-1
12518,140,47,10,-1
12519,140,47,10,-1
12520,140,47,10,-1
12521,140,47,10,-1
12522,140,47,10,-1
12523,140,47,10,-1
12524,140,47,10,-1
12525,140,47,10,-1
12526,139,47,10,-1
12527,140,47,10,-1
12528,140,47,10,-1
12529,140,47,10,-1
12530,140,47,10,-1
12531,140,47,10,-1
12532,140,47,10,-1
12533,140,47,10,-1
12534,140,47,10,-1
12535,140,47,10,-1
12536,140,47,10,-1
12537,140,47,10,-1
12538,140,47,10,-1
12539,140,47,10,-1
12540,139,47,10,-1
12541,140,47,10,-1
12542,140,47,10,-1
12543,140,47,10,-1
12544,140,47,10,-1
12545,140,47,10,-1
12546,140,47,10,-1
12547,140,47,10,-1
12548,140,47,10,-1
12549,140,47,10,-1
12550,140,47,10,-1
12551,140,47,10,-1
12552,139,47,10,-1
12553,139,47,10,-1
12554,140,47,10,-1
12555,140,47,10,-1
12556,140,47,10,-1
12557,140,47,10,-1
12558,140,47,10,-1
12559,140,47,10,-1
12560,140,47,10,-1
12561,140,47,10,-1
12562,140,47,10,-1
12563,140,47,10,-1
12564,140,47,10,-1
12565,140,47,10,-1
12566,140,47,10,-1
12567,140,47,10,-1
12568,140,47,10,-1
12569,140,47,10,-1
12570,140,47,10,-1
12571,140,47,10,-1
12572,140,47,10,-1
12573,140,47,10,-1
12574,140,47,10,-1
12575,140,47,10,-1
12576,140,47,10,-1
12577,140,47,10,-1
12578,140,47,10,-1
12579,140,47,10,-1
12580,140,47,10,-1
12581,140,47,10,-1
12582,140,47,10,-1
12583,140,47,10,-1
12584,140,47,10,-1
12585,140,47,10,-1
12586,140,47,10,-1
12587,140,47,10,-1
12588,140,47,10,-1
12589,140,47,10,-1
12590,140,47,10,-1
12591,140,47,10,-1
12592,139,47,10,-1
12593,140,47,10,-1
12594,140,47,10,-1
12595,140,47,10,-1
12596,140,47,10,-1
12597,140,47,10,-1
12598,140,47,10,-1
12599,140,47,10,-1
12600,140,47,10,-1
12601,140,47,10,-1
12602,140,47,10,-1
12603,140,47,10,-1
12604,140,47,10,-1
12605,140,47,10,-1
12606,140,47,10,-1
12607,140,47,10,-1
12608,140,47,10,-1
12609,140,47,10,-1
12610,140,47,10,-1
12611,140,47,10,-1
12612,140,47,10,-1
12613,140,47,10,-1
12614,140,47,10,-1
12615,140,47,10,-1
12616,140,47,10,-1
12617,140,47,10,-1
12618,140,47,10,-1
12619,140,47,10,-1
12620,140,47,10,-1
12621,140,47,10,-1
12622,140,47,10,-1
12623,140,47,10,-1
12624,140,47,10,-1
12625,140,47,10,-1
12626,139,47,10,-1
12627,140,47,10,-1
12628,140,47,10,-1
12629,140,47,10,-1
12630,140,47,10,-1
12631,140,47,10,-1
12632,140,47,10,-1
12633,140,47,10,-1
12634,140,47,10,-1
12635,140,47,10,-1
12636,140,47,10,-1
12637,140,47,10,-1
12638,140,47,10,-1
12639,140,47,10,-1
12640,139,47,10,-1
12641,140,47,10,-1
12642,139,47,10,-1
12643,140,47,10,-1
12644,140,47,10,-1
12645,140,47,10,-1
12646,140,47,10,-1
12647,140,47,10,-1
12648,140,47,10,-1
12649,140,47,10,-1
12650,140,47,10,-1
12651,140,47,10,-1
12652,140,47,10,-1
12653,140,47,10,-1
12654,140,47,10,-1
12655,140,47,10,-1
12656,140,47,10,-1
12657,140,47,10,-1
12658,139,47,10,-1
12659,140,47,10,-1
12660,140,47,10,-1
12661,139,47,10,-1
12662,140,47,10,-1
12663,140,47,10,-1
12664,140,47,10,-1
12665,140,47,10,-1
12666,140,47,10,-1
12667,140,47,10,-1
12668,140,47,10,-1
12669,139,47,10,-1
12670,139,47,10,-1
12671,140,47,10,-1
12672,140,47,10,-1
12673,140,47,10,-1
12674,140,47,10,-1
12675,140,47,10,-1
12676,140,47,10,-1
12677,140,47,10,-1
12678,140,47,10,-1
12679,140,47,10,-1
12680,140,47,10,-1
12681,140,47,10,-1
12682,140,47,10,-1
12683,140,47,10,-1
12684,140,47,10,-1
12685,140,47,10,-1
12686,140,47,10,-1
12687,140,47,10,-1
12688,140,47,10,-1
12689,140,47,10,-1
12690,140,47,10,-1
12691,140,47,10,-1
12692,140,47,10,-1
12693,140,47,10,-1
12694,140,47,10,-1
12695,140,47,10,-1
12696,140,47,10,-1
12697,140,47,10,-1
12698,140,47,10,-1
12699,140,47,10,-1
12700,140,47,10,-1
12701,140,47,10,-1
12702,140,47,10,-1
12703,140,47,10,-1
12704,140,47,10,-1
12705,140,47,10,-1
12706,140,47,10,-1
12707,140,47,10,-1
12708,140,47,10,-1
12709,140,47,10,-1
12710,140,47,10,-1
12711,140,47,10,-1
12712,140,47,10,-1
12713,140,47,10,-1
12714,140,47,10,-1
12715,140,47,10,-1
12716,140,47,10,-1
12717,140,47,10,-1
12718,140,47,10,-1
12719,140,47,10,-1
12720,140,47,10,-1
12721,140,47,10,-1
12722,140,47,10,-1
12723,140,47,10,-1
12724,140,47,10,-1
12725,140,47,10,-1
12726,140,47,10,-1
12727,140,47,10,-1
12728,140,47,10,-1
12729,140,47,10,-1
12730,140,47,10,-1
12731,140,47,10,-1
12732,140,47,10,-1
12733,140,47,10,-1
12734,140,47,10,-1
12735,140,47,10,-1
12736,140,47,10,-1
12737,140,47,10,-1
12738,140,47,10,-1
12739,140,47,10,-1
12740,140,47,10,-1
12741,140,47,10,-1
12742,140,47,10,-1
12743,140,47,10,-1
12744,140,47,10,-1
12745,140,47,10,-1
12746,140,47,10,-1
12747,140,47,10,-1
12748,140,47,10,-1
12749,140,47,10,-1
12750,140,47,10,-1
12751,140,47,10,-1
12752,140,47,10,-1
12753,139,47,10,-1
12754,140,47,10,-1
12755,140,47,10,-1
12756,140,47,10,-1
12757,140,47,10,-1
12758,140,47,10,-1
12759,140,47,10,-1
12760,140,47,10,-1
12761,140,47,10,-1
12762,140,47,10,-1
12763,140,47,10,-1
12764,140,47,10,-1
12765,140,47,10,-1
12766,140,47,10,-1
12767,140,47,10,-1
12768,140,47,10,-1
12769,140,47,10,-1
12770,140,47,10,-1
12771,140,47,10,-1
12772,140,47,10,-1
12773,140,47,10,-1
12774,140,47,10,-1
12775,140,47,10,-1
12776,140,47,10,-1
12777,140,47,10,-1
12778,140,47,10,-1
12779,140,47,10,-1
12780,139,47,10,-1
12781,140,47,10,-1
12782,140,47,10,-1
12783,140,47,10,-1
12784,140,47,10,-1
12785,140,47,10,-1
12786,140,47,10,-1
12787,140,47,10,-1
12788,140,47,10,-1
12789,140,47,10,-1
12790,140,47,10,-1
12791,140,47,10,-1
12792,140,47,10,-1
12793,140,47,10,-1
12794,140,47,10,-1
12795,140,47,10,-1
12796,140,47,10,-1
12797,140,47,10,-1
12798,140,47,10,-1
12799,140,47,10,-1
12800,140,47,10,-1
12801,140,47,10,-1
12802,140,47,10,-1
12803,140,47,10,-1
12804,140,47,10,-1
12805,140,47,10,-1
12806,140,47,10,-1
12807,140,47,10,-1
12808,140,47,10,-1
12809,140,47,10,-1
12810,139,47,10,-1
12811,140,47,10,-1
12812,139,47,10,-1
12813,140,47,10,-1
12814,140,47,10,-1
12815,140,47,10,-1
12816,140,47,10,-1
12817,140,47,10,-1
12818,140,47,10,-1
12819,140,47,10,-1
12820,140,47,10,-1
12821,139,47,10,-1
12822,139,47,10,-1
12823,140,47,10,-1
12824,140,47,10,-1
12825,140,47,10,-1
12826,140,47,10,-1
12827,140,47,10,-1
12828,140,47,10,-1
12829,140,47,10,-1
12830,140,47,10,-1
12831,140,47,10,-1
12832,140,47,10,-1
12833,140,47,10,-1
12834,140,47,10,-1
12835,140,47,10,-1
12836,140,47,10,-1
12837,140,47,10,-1
12838,140,47,10,-1
12839,140,47,10,-1
12840,140,47,10,-1
12841,140,47,10,-1
12842,140,47,10,-1
12843,140,47,10,-1
12844,140,47,10,-1
12845,140,47,10,-1
12846,140,47,10,-1
12847,140,47,10,-1
12848,140,47,10,-1
12849,140,47,10,-1
12850,140,47,10,-1
12851,140,47,10,-1
12852,140,47,10,-1
12853,140,47,10,-1
12854,140,47,10,-1
12855,140,47,10,-1
12856,140,47,10,-1
12857,140,47,10,-1
12858,140,47,10,-1
12859,140,47,10,-1
12860,140,47,10,-1
12861,140,47,10,-1
12862,140,47,10,-1
12863,140,47,10,-1
12864,140,47,10,-1
12865,140,47,10,-1
12866,140,47,10,-1
12867,140,47,10,-1
12868,140,47,10,-1
12869,140,47,10,-1
12870,140,47,10,-1
12871,140,47,10,-1
12872,140,47,10,-1
12873,140,47,10,-1
12874,140,47,10,-1
12875,140,47,10,-1
12876,140,47,10,-1
12877,140,47,10,-1
12878,140,47,10,-1
12879,140,47,10,-1
12880,140,47,10,-1
12881,140,47,10,-1
12882,139,47,10,-1
12883,140,47,10,-1
12884,140,47,10,-1
12885,140,47,10,-1
12886,140,47,10,-1
12887,140,46,10,-1
12888,140,47,10,-1
12889,140,47,10,-1
12890,140,47,10,-1
12891,140,47,10,-1
12892,140,47,10,-1
12893,140,47,10,-1
12894,140,47,10,-1
12895,140,47,10,-1
12896,140,47,10,-1
12897,140,47,10,-1
12898,140,47,10,-1
12899,140,47,10,-1
12900,140,47,10,-1
12901,140,47,10,-1
12902,140,47,10,-1
12903,140,47,10,-1
12904,140,47,10,-1
12905,140,47,10,-1
12906,140,47,10,-1
12907,140,47,10,-1
12908,140,47,10,-1
12909,140,47,10,-1
12910,140,47,10,-1
12911,140,47,10,-1
12912,140,47,10,-1
12913,140,47,10,-1
12914,140,47,10,-1
12915,140,47,10,-1
12916,140,47,10,-1
12917,140,47,10,-1
12918,140,47,10,-1
12919,140,47,10,-1
12920,140,47,10,-1
12921,140,47,10,-1
12922,140,47,10,-1
12923,140,47,10,-1
12924,140,47,10,-1
12925,140,47,10,-1
12926,140,47,10,-1
12927,140,47,10,-1
12928,140,47,10,-1
12929,140,47,10,-1
12930,140,47,10,-1
12931,140,47,10,-1
12932,140,47,10,-1
12933,140,47,10,-1
12934,140,47,10,-1
12935,140,47,10,-1
12936,140,47,10,-1
12937,140,47,10,-1
12938,140,47,10,-1
12939,140,47,10,-1
12940,140,47,10,-1
12941,140,47,10,-1
12942,140,47,10,-1
12943,140,47,10,-1
12944,140,47,10,-1
12945,140,47,10,-1
12946,140,47,10,-1
12947,140,47,10,-1
12948,140,47,10,-1
12949,140,47,10,-1
12950,140,47,10,-1
12951,140,47,10,-1
12952,140,47,10,-1
12953,140,47,10,-1
12954,140,47,10,-1
12955,140,47,10,-1
12956,140,47,10,-1
12957,140,47,10,-1
12958,140,47,10,-1
12959,140,47,10,-1
12960,140,47,10,-1
12961,140,47,10,-1
12962,140,47,10,-1
12963,140,47,10,-1
12964,140,47,10,-1
12965,140,47,10,-1
12966,140,47,10,-1
12967,139,47,10,-1
12968,140,47,10,-1
12969,140,47,10,-1
12970,140,47,10,-1
12971,140,47,10,-1
12972,140,47,10,-1
12973,140,47,10,-1
12974,140,47,10,-1
12975,140,47,10,-1
12976,140,47,10,-1
12977,140,47,10,-1
12978,140,47,10,-1
12979,140,47,10,-1
12980,140,47,10,-1
12981,140,47,10,-1
12982,140,47,10,-1
12983,140,47,10,-1
12984,140,47,10,-1
12985,140,47,10,-1
12986,140,47,10,-1
12987,140,47,10,-1
12988,140,47,10,-1
12989,140,47,10,-1
12990,140,47,10,-1
12991,140,47,10,-1
12992,140,47,10,-1
12993,140,47,10,-1
12994,140,47,10,-1
12995,140,47,10,-1
12996,140,47,10,-1
12997,139,47,10,-1
12998,140,47,10,-1
12999,140,47,10,-1
13000,140,47,10,-1
13001,140,47,10,-1
13002,140,47,10,-1
13003,139,47,10,-1
13004,140,47,10,-1
13005,140,47,10,-1
13006,140,47,10,-1
13007,140,47,10,-1
13008,140,47,10,-1
13009,139,47,10,-1
13010,140,47,10,-1
13011,140,47,10,-1
13012,140,47,10,-1
13013,140,47,10,-1
13014,140,47,10,-1
13015,140,47,10,-1
13016,140,47,10,-1
13017,140,47,10,-1
13018,140,47,10,-1
13019,140,47,10,-1
13020,140,47,10,-1
13021,140,47,10,1
13022,140,47,10,-1
13023,140,47,10,-1
13024,140,47,10,-1
13025,140,47,10,-1
13026,140,47,10,-1
13027,140,47,10,-1
13028,140,47,10,-1
13029,140,47,10,-1
13030,140,47,10,-1
13031,140,47,10,-1
13032,140,47,10,-1
13033,140,47,10,-1
13034,140,47,10,-1
13035,140,47,10,-1
13036,140,47,10,-1
13037,140,47,10,-1
13038,140,47,10,-1
13039,140,47,10,-1
13040,140,47,10,-1
13041,140,47,10,-1
13042,140,47,10,-1
13043,140,47,10,-1
13044,140,47,10,-1
13045,140,47,10,-1
13046,140,47,10,-1
13047,140,47,10,-1
13048,140,47,10,-1
13049,140,47,10,-1
13050,140,47,10,-1
13051,140,47,10,-1
13052,140,47,10,-1
13053,140,47,10,-1
13054,140,47,10,-1
13055,140,47,10,-1
13056,140,47,10,-1
13057,140,47,10,-1
13058,140,47,10,-1
13059,140,47,10,-1
13060,140,47,10,-1
13061,140,47,10,-1
13062,140,47,10,-1
13063,140,47,10,-1
13064,140,47,10,-1
13065,140,47,10,-1
13066,140,47,10,-1
13067,140,47,10,-1
13068,140,47,10,-1
13069,140,47,10,-1
13070,140,47,10,-1
13071,140,47,10,-1
13072,140,47,10,-1
13073,140,47,10,-1
13074,140,47,10,-1
13075,140,47,10,-1
13076,140,47,10,-1
13077,140,47,10,-1
13078,140,47,10,-1
13079,140,47,10,-1
13080,140,47,10,-1
13081,140,47,10,-1
13082,140,47,10,-1
13083,140,47,10,-1
13084,140,47,10,-1
13085,140,47,10,-1
13086,140,47,10,-1
13087,140,47,10,-1
13088,140,47,10,-1
13089,140,47,10,-1
13090,140,47,10,-1
13091,140,47,10,-1
13092,140,47,10,-1
13093,140,47,10,-1
13094,140,47,10,-1
13095,139,47,10,-1
13096,140,47,10,-1
13097,140,47,10,-1
13098,140,47,10,-1
13099,140,47,10,-1
13100,140,47,10,-1
13101,140,47,10,-1
13102,140,47,10,-1
13103,140,47,10,-1
13104,140,47,10,-1
13105,138,47,10,-1
13106,140,47,10,-1
13107,140,47,10,-1
13108,140,47,10,-1
13109,139,47,10,-1
13110,140,47,10,-1
13111,140,47,10,-1
13112,140,47,10,-1
13113,140,47,10,-1
13114,140,47,10,-1
13115,140,47,10,-1
13116,140,47,10,-1
13117,140,47,10,-1
13118,140,47,10,-1
13119,140,47,10,-1
13120,140,47,10,-1
13121,140,47,10,-1
13122,140,47,10,-1
13123,140,47,10,-1
13124,140,47,10,-1
13125,140,47,10,-1
13126,140,47,10,-1
13127,140,47,10,-1
13128,140,47,10,-1
13129,140,47,10,-1
13130,140,47,10,-1
13131,140,47,10,-1
13132,140,47,10,-1
13133,140,47,10,-1
13134,140,47,10,-1
13135,140,47,10,-1
13136,140,47,10,-1
13137,140,47,10,-1
13138,140,47,10,-1
13139,140,47,10,-1
13140,140,47,10,-1
13141,140,47,10,-1
13142,140,47,10,-1
13143,140,47,10,-1
13144,140,47,10,-1
13145,140,47,10,-1
13146,140,47,10,-1
13147,140,47,10,-1
13148,140,47,10,-1
13149,140,47,10,-1
13150,140,47,10,-1
13151,140,47,10,-1
13152,140,47,10,-1
13153,140,47,10,-1
13154,140,47,10,-1
13155,140,47,10,-1
13156,139,47,10,-1
13157,139,47,10,-1
13158,140,47,10,-1
13159,140,47,10,-1
13160,140,47,10,-1
13161,140,47,10,-1
13162,139,47,10,-1
13163,140,47,10,-1
13164,140,47,10,-1
13165,140,47,10,-1
13166,140,47,10,-1
13167,140,47,10,-1
13168,140,47,10,-1
13169,140,47,10,-1
13170,140,47,10,-1
13171,140,47,10,-1
13172,140,47,10,-1
13173,140,47,10,-1
13174,140,47,10,-1
13175,140,47,10,-1
13176,140,47,10,-1
13177,140,47,10,-1
13178,140,47,10,-1
13179,140,47,10,-1
13180,140,47,10,-1
13181,140,47,10,-1
13182,140,47,10,-1
13183,140,47,10,-1
13184,140,47,10,-1
13185,140,47,10,-1
13186,140,47,10,-1
13187,139,47,10,-1
13188,140,47,10,-1
13189,140,47,10,-1
13190,140,47,10,-1
13191,140,47,10,-1
13192,140,47,10,-1
13193,140,47,10,-1
13194,139,47,10,-1
13195,140,47,10,-1
13196,140,47,10,-1
13197,140,47,10,-1
13198,139,47,10,-1
13199,140,47,10,-1
13200,140,47,10,-1
13201,140,47,10,-1
13202,140,47,10,-1
13203,140,47,10,-1
13204,140,47,10,-1
13205,140,47,10,-1
13206,140,47,10,-1
13207,140,47,10,-1
13208,140,47,10,-1
13209,140,47,10,-1
13210,140,47,10,-1
13211,140,47,10,-1
13212,140,47,10,-1
13213,140,47,10,-1
13214,140,47,10,-1
13215,140,47,10,-1
13216,139,47,10,-1
13217,140,47,10,-1
13218,140,47,10,-1
13219,140,47,10,-1
13220,140,47,10,-1
13221,140,47,10,-1
13222,140,47,10,-1
13223,140,47,10,-1
13224,140,47,10,-1
13225,140,47,10,-1
13226,140,47,10,-1
13227,140,47,10,-1
13228,140,47,10,-1
13229,140,47,10,-1
13230,140,47,10,-1
13231,140,47,10,-1
13232,140,47,10,-1
13233,140,47,10,-1
13234,140,47,10,-1
13235,140,47,10,-1
13236,140,47,10,-1
13237,140,47,10,-1
13238,140,47,10,-1
13239,140,47,10,-1
13240,140,47,10,-1
13241,140,47,10,-1
13242,140,47,10,-1
13243,140,47,10,-1
13244,140,47,10,-1
13245,140,47,10,-1
13246,140,47,10,-1
13247,140,47,10,-1
13248,140,47,10,-1
13249,140,47,10,-1
13250,140,47,10,-1
13251,140,47,10,-1
13252,140,47,10,-1
13253,139,47,10,-1
13254,140,47,10,-1
13255,140,47,10,-1
13256,140,47,10,-1
13257,140,47,10,-1
13258,139,47,10,-1
13259,140,47,10,-1
13260,140,47,10,-1
13261,140,47,10,-1
13262,140,47,10,-1
13263,140,47,10,-1
13264,140,47,10,-1
13265,140,47,10,-1
13266,140,47,10,-1
13267,140,47,10,-1
13268,140,47,10,-1
13269,140,47,10,-1
13270,140,47,10,-1
13271,140,47,10,-1
13272,140,47,10,-1
13273,140,47,10,-1
13274,140,47,10,-1
13275,140,47,10,-1
13276,140,47,10,-1
13277,140,47,10,-1
13278,140,47,10,-1
13279,140,47,10,-1
13280,140,47,10,-1
13281,140,47,10,-1
13282,139,47,10,-1
13283,139,47,10,-1
13284,140,47,10,-1
13285,140,47,10,-1
13286,140,47,10,-1
13287,140,47,10,-1
13288,140,47,10,-1
13289,140,47,10,-1
13290,140,47,10,-1
13291,140,47,10,-1
13292,140,47,10,-1
13293,140,47,10,-1
13294,140,47,10,-1
13295,140,47,10,-1
13296,140,47,10,-1
13297,140,47,10,-1
13298,140,47,10,-1
13299,139,47,10,-1
13300,140,47,10,-1
13301,140,47,10,-1
13302,140,47,10,-1
13303,140,47,10,-1
13304,140,47,10,-1
13305,140,47,10,-1
13306,140,47,10,-1
13307,140,47,10,-1
13308,140,47,10,-1
13309,140,47,10,-1
13310,140,47,10,-1
13311,140,47,10,-1
13312,140,47,10,-1
13313,140,47,10,-1
13314,140,47,10,-1
13315,140,47,10,-1
13316,140,47,10,-1
13317,140,47,10,-1
13318,140,47,10,-1
13319,140,47,10,-1
13320,140,47,10,-1
13321,140,47,10,-1
13322,140,47,10,-1
13323,140,47,10,-1
13324,140,47,10,-1
13325,140,47,10,-1
13326,140,47,10,-1
13327,140,47,10,-1
13328,140,47,10,-1
13329,140,47,10,-1
13330,140,47,10,-1
13331,140,47,10,-1
13332,140,47,10,-1
13333,140,47,10,-1
13334,140,47,10,-1
13335,140,47,10,-1
13336,140,47,10,-1
13337,140,47,10,-1
13338,140,47,10,-1
13339,140,47,10,-1
13340,140,47,10,-1
13341,140,47,10,-1
13342,140,47,10,-1
13343,140,47,10,-1
13344,140,47,10,-1
13345,140,47,10,-1
13346,140,47,10,-1
13347,139,47,10,-1
13348,140,47,10,-1
13349,140,47,10,-1
13350,140,47,10,-1
13351,140,47,10,-1
13352,140,47,10,-1
13353,140,47,10,-1
13354,140,47,10,-1
13355,140,47,10,-1
13356,140,47,10,-1
13357,140,47,10,-1
13358,140,47,10,-1
13359,140,47,10,-1
13360,140,47,10,-1
13361,140,47,10,-1
13362,140,47,10,-1
13363,140,47,10,-1
13364,140,47,10,-1
13365,140,47,10,-1
13366,140,47,10,-1
13367,140,47,10,-1
13368,140,47,10,-1
13369,140,47,10,-1
13370,140,47,10,-1
13371,140,47,10,-1
13372,140,47,10,-1
13373,140,47,10,-1
13374,140,47,10,-1
13375,140,47,10,-1
13376,140,47,10,-1
13377,140,47,10,-1
13378,140,47,10,-1
13379,140,47,10,-1
13380,140,47,10,-1
13381,140,47,10,-1
13382,140,47,10,-1
13383,140,47,10,-1
13384,140,47,10,-1
13385,140,47,10,-1
13386,139,47,10,-1
13387,140,47,10,-1
13388,140,47,10,-1
13389,140,47,10,-1
13390,139,47,10,-1
13391,140,47,10,-1
13392,140,47,10,-1
13393,140,47,10,-1
13394,140,47,10,-1
13395,140,47,10,-1
13396,140,47,10,-1
13397,140,47,10,-1
13398,140,47,10,-1
13399,140,47,10,-1
13400,140,47,10,-1
13401,140,47,10,-1
13402,140,47,10,-1
13403,140,47,10,-1
13404,140,47,10,-1
13405,140,47,10,-1
13406,140,47,10,-1
13407,140,47,10,-1
13408,140,47,10,-1
13409,140,47,10,-1
13410,140,47,10,-1
13411,140,47,10,-1
13412,140,47,10,-1
13413,140,47,10,-1
13414,139,47,10,-1
13415,140,47,10,-1
13416,140,47,10,-1
13417,140,47,10,-1
13418,140,47,10,-1
13419,140,47,10,-1
13420,140,47,10,-1
13421,140,47,10,-1
13422,140,47,10,-1
13423,140,47,10,-1
13424,140,47,10,-1
13425,140,47,10,-1
13426,140,47,10,-1
13427,140,47,10,-1
13428,140,47,10,-1
13429,140,47,10,-1
13430,140,47,10,-1
13431,140,47,10,-1
13432,140,47,10,-1
13433,140,47,10,-1
13434,140,47,10,-1
13435,140,47,10,-1
13436,140,47,10,-1
13437,140,47,10,-1
13438,140,47,10,-1
13439,140,47,10,-1
13440,140,47,10,-1
13441,140,47,10,-1
13442,140,47,10,-1
13443,140,47,10,-1
13444,140,47,10,-1
13445,140,47,10,-1
13446,140,47,10,-1
13447,140,47,10,-1
13448,140,47,10,-1
13449,140,47,10,-1
13450,140,47,10,-1
13451,140,47,10,-1
13452,139,47,10,-1
13453,140,47,10,-1
13454,140,47,10,-1
13455,140,47,10,-1
13456,140,47,10,-1
13457,140,47,10,-1
13458,140,47,10,-1
13459,140,47,10,-1
13460,140,47,10,-1
13461,140,47,10,-1
13462,140,47,10,-1
13463,140,47,10,-1
13464,140,47,10,-1
13465,140,47,10,-1
13466,140,47,10,-1
13467,140,47,10,-1
13468,140,47,10,-1
13469,140,47,10,-1
13470,140,47,10,-1
13471,140,47,10,-1
13472,140,47,10,-1
13473,140,47,10,-1
13474,140,47,10,-1
13475,140,47,10,-1
13476,140,47,10,-1
13477,140,47,10,-1
13478,140,47,10,-1
13479,140,47,10,-1
13480,140,47,10,-1
13481,140,47,10,-1
13482,140,47,10,-1
13483,140,47,10,-1
13484,140,47,10,-1
13485,140,47,10,-1
13486,140,47,10,-1
13487,140,47,10,-1
13488,140,47,10,-1
13489,140,47,10,-1
13490,140,47,10,-1
13491,140,47,10,-1
13492,140,47,9,-1
13493,139,47,10,-1
13494,140,47,10,-1
13495,140,47,10,-1
13496,140,47,10,-1
13497,140,47,10,-1
13498,140,47,10,-1
13499,140,47,10,-1
13500,139,47,10,-1
13501,140,47,10,-1
13502,140,47,10,-1
13503,140,47,10,-1
13504,140,47,10,-1
13505,140,47,10,-1
13506,140,47,10,-1
13507,140,47,10,-1
13508,140,47,10,-1
13509,140,47,10,-1
13510,140,47,10,-1
13511,140,47,10,-1
13512,140,47,10,-1
13513,140,47,10,-1
13514,140,47,10,-1
13515,140,47,10,-1
13516,140,47,10,-1
13517,140,47,10,-1
13518,140,47,10,-1
13519,140,47,10,-1
13520,140,47,10,-1
13521,140,47,10,-1
13522,140,47,10,-1
13523,140,47,10,-1
13524,140,47,10,-1
13525,140,47,10,-1
13526,140,47,10,-1
13527,140,47,10,-1
13528,140,47,10,-1
13529,140,47,10,-1
13530,140,47,10,-1
13531,140,47,10,-1
13532,140,47,10,-1
13533,140,47,10,-1
13534,140,47,10,-1
13535,140,47,10,-1
13536,140,47,10,-1
13537,140,47,10,-1
13538,140,47,10,-1
13539,140,47,10,-1
13540,140,47,10,-1
13541,140,47,10,-1
13542,140,47,10,-1
13543,140,47,10,-1
13544,140,47,10,-1
13545,140,47,10,-1
13546,140,47,10,-1
13547,140,47,10,-1
13548,140,47,10,-1
13549,140,46,10,-1
13550,140,47,10,-1
13551,140,47,10,-1
13552,140,47,10,-1
13553,140,47,10,-1
13554,140,47,10,-1
13555,140,47,10,-1
13556,140,47,10,-1
13557,140,47,10,-1
13558,140,47,10,-1
13559,140,47,10,-1
13560,140,47,10,-1
13561,140,47,10,-1
13562,140,47,10,-1
13563,140,47,10,-1
13564,140,47,10,-1
13565,140,47,10,-1
13566,140,47,10,-1
13567,140,47,10,-1
13568,140,47,10,-1
13569,140,47,10,-1
13570,140,47,10,-1
13571,140,47,10,-1
13572,140,47,10,-1
13573,140,47,10,-1
13574,140,47,10,-1
13575,139,47,10,-1
13576,140,47,10,-1
13577,140,47,10,-1
13578,140,47,10,-1
13579,140,47,10,-1
13580,140,47,10,-1
13581,140,47,10,-1
13582,140,47,10,-1
13583,140,47,10,-1
13584,139,47,10,-1
13585,140,47,10,-1
13586,140,47,10,-1
13587,140,47,10,-1
13588,140,47,10,-1
13589,140,47,10,-1
13590,140,47,10,-1
13591,140,47,10,-1
13592,140,47,10,-1
13593,140,47,10,-1
13594,140,47,10,-1
13595,140,47,10,-1
13596,140,47,10,-1
13597,140,47,10,-1
13598,140,47,10,-1
13599,140,47,10,-1
13600,139,47,10,-1
13601,140,47,10,-1
13602,140,47,10,-1
13603,140,47,10,-1
13604,140,47,10,-1
13605,140,47,10,-1
13606,140,47,10,-1
13607,140,47,10,-1
13608,140,47,10,-1
13609,140,47,10,-1
13610,139,47,10,-1
13611,140,47,10,-1
13612,140,47,10,-1
13613,140,47,10,-1
13614,140,47,10,-1
13615,140,47,10,-1
13616,140,47,10,-1
13617,140,47,10,-1
13618,140,47,10,-1
13619,140,47,10,-1
13620,140,47,10,-1
13621,140,47,10,-1
13622,140,47,10,-1
13623,140,47,10,-1
13624,140,47,10,-1
13625,140,47,10,-1
13626,140,47,10,-1
13627,140,47,10,-1
13628,140,47,10,-1
13629,140,47,10,-1
13630,140,47,10,-1
13631,140,47,10,-1
13632,140,47,10,-1
13633,140,47,10,-1
13634,140,47,10,-1
13635,140,47,10,-1
13636,140,47,10,-1
13637,140,47,10,-1
13638,140,47,10,-1
13639,140,47,10,-1
13640,140,47,10,-1
13641,140,47,10,-1
13642,140,47,10,-1
13643,140,47,10,-1
13644,140,47,10,-1
13645,140,47,10,1
13646,139,47,10,-1
13647,140,47,10,-1
13648,140,47,10,-1
13649,140,47,10,-1
13650,140,47,10,-1
13651,140,47,10,-1
13652,140,47,10,-1
13653,140,47,10,-1
13654,140,47,10,-1
13655,140,47,10,-1
13656,140,47,10,-1
13657,140,47,10,-1
13658,140,47,10,-1
13659,140,46,10,-1
13660,140,47,10,-1
13661,140,47,10,-1
13662,140,47,10,-1
13663,140,47,10,-1
13664,140,47,10,-1
13665,140,47,10,-1
13666,140,47,10,-1
13667,140,47,10,-1
13668,140,47,10,-1
13669,140,47,10,-1
13670,140,47,10,-1
13671,140,47,10,-1
13672,140,47,10,-1
13673,140,47,10,-1
13674,140,47,10,-1
13675,140,47,10,-1
13676,140,47,10,-1
13677,140,47,10,-1
13678,140,47,10,-1
13679,140,47,10,-1
13680,140,47,10,-1
13681,140,47,10,-1
13682,140,47,10,-1
13683,140,47,10,-1
13684,140,47,10,-1
13685,140,47,10,-1
13686,140,47,10,-1
13687,140,47,10,-1
13688,140,47,10,-1
13689,140,47,10,-1
13690,140,47,10,-1
13691,140,47,10,-1
13692,140,47,10,-1
13693,140,47,10,-1
13694,140,47,10,-1
13695,140,47,10,-1
13696,140,47,10,-1
13697,140,47,10,-1
13698,140,47,10,-1
13699,140,47,10,-1
13700,139,47,10,-1
13701,140,47,10,-1
13702,140,47,10,-1
13703,140,47,10,-1
13704,140,47,10,-1
13705,140,47,10,-1
13706,140,47,10,-1
13707,140,47,10,-1
13708,140,47,10,-1
13709,140,47,10,-1
13710,140,47,10,-1
13711,140,47,10,-1
13712,140,47,10,-1
13713,140,47,10,-1
13714,140,47,10,-1
13715,140,47,10,-1
13716,140,47,10,-1
13717,140,47,10,-1
13718,140,47,10,-1
13719,139,47,10,-1
13720,140,47,10,-1
13721,140,47,10,-1
13722,140,47,10,-1
13723,140,47,10,-1
13724,140,47,10,-1
13725,140,47,10,-1
13726,140,47,10,-1
13727,140,47,10,-1
13728,140,47,10,-1
13729,140,47,10,-1
13730,140,47,10,-1
13731,140,47,10,-1
13732,140,47,10,-1
13733,140,47,10,-1
13734,140,47,10,-1
13735,140,47,10,-1
13736,140,47,10,-1
13737,140,47,10,-1
13738,140,47,10,-1
13739,140,47,10,-1
13740,140,47,10,-1
13741,140,47,10,-1
13742,140,47,10,-1
13743,140,47,10,-1
13744,140,47,10,-1
13745,140,47,10,-1
13746,140,47,10,-1
13747,140,47,10,-1
13748,140,47,10,-1
13749,140,47,10,-1
13750,140,47,10,-1
13751,140,47,10,-1
13752,140,47,10,-1
13753,140,47,10,-1
13754,140,47,10,-1
13755,140,47,10,-1
13756,140,47,10,-1
13757,140,47,10,-1
13758,140,47,10,-1
13759,140,47,10,-1
13760,140,47,10,-1
13761,140,47,10,-1
13762,140,47,10,-1
13763,140,47,10,-1
13764,140,47,10,-1
13765,140,47,10,-1
13766,140,47,10,-1
13767,140,47,10,-1
13768,140,47,10,-1
13769,140,47,10,-1
13770,140,47,10,-1
13771,140,47,10,-1
13772,140,47,10,-1
13773,140,47,10,-1
13774,139,47,10,-1
13775,140,47,10,-1
13776,140,47,10,-1
13777,140,47,10,-1
13778,140,47,10,-1
13779,140,47,10,-1
13780,140,47,10,-1
13781,140,47,10,-1
13782,140,47,10,-1
13783,140,47,10,-1
13784,140,47,10,-1
13785,140,47,10,-1
13786,140,47,10,-1
13787,140,47,10,-1
13788,139,47,10,-1
13789,140,47,10,-1
13790,140,47,10,-1
13791,140,47,10,-1
13792,140,47,10,-1
13793,140,47,10,-1
13794,140,47,10,-1
13795,140,47,10,-1
13796,140,47,10,-1
13797,140,47,10,-1
13798,140,47,10,-1
13799,140,47,10,-1
13800,140,47,10,-1
13801,140,47,10,-1
13802,139,47,10,-1
13803,140,47,10,-1
13804,140,47,10,-1
13805,140,47,10,-1
13806,140,47,10,-1
13807,140,47,10,-1
13808,140,47,10,-1
13809,140,47,10,-1
13810,140,47,10,-1
13811,140,47,10,-1
13812,140,47,10,-1
13813,140,47,10,-1
13814,140,47,10,-1
13815,140,47,10,-1
13816,140,47,10,-1
13817,140,47,10,-1
13818,140,47,10,-1
13819,140,47,10,-1
13820,140,47,10,-1
13821,140,47,10,-1
13822,140,47,10,-1
13823,140,47,10,-1
13824,140,47,10,-1
13825,140,47,10,-1
13826,140,47,10,-1
13827,140,47,10,-1
13828,140,47,9,-1
13829,140,47,10,-1
13830,140,47,10,-1
13831,140,47,10,-1
13832,140,47,10,-1
13833,140,47,10,-1
13834,140,47,10,-1
13835,140,47,10,-1
13836,140,47,10,-1
13837,140,47,10,-1
13838,140,47,10,-1
13839,140,47,10,-1
13840,140,47,10,-1
13841,140,47,10,-1
13842,140,47,10,-1
13843,140,47,10,-1
13844,140,47,10,-1
13845,140,47,10,-1
13846,140,47,10,-1
13847,140,47,10,-1
13848,140,47,10,-1
13849,140,47,10,-1
13850,140,47,10,-1
13851,140,47,10,-1
13852,140,47,10,-1
13853,140,47,10,-1
13854,140,47,10,-1
13855,140,47,10,-1
13856,140,47,10,-1
13857,140,47,10,-1
13858,140,47,10,-1
13859,140,47,10,-1
13860,140,47,10,-1
13861,139,47,10,-1
13862,140,47,10,-1
13863,140,47,10,-1
13864,140,47,10,-1
13865,140,47,10,-1
13866,140,47,10,-1
13867,140,47,10,-1
13868,140,47,10,-1
13869,140,47,10,-1
13870,139,47,10,-1
13871,140,47,10,-1
13872,140,47,10,-1
13873,140,47,10,-1
13874,140,47,10,-1
13875,140,47,10,-1
13876,140,47,10,-1
13877,140,47,10,-1
13878,140,47,10,-1
13879,140,47,10,-1
13880,140,47,10,-1
13881,140,47,10,-1
13882,140,47,10,-1
13883,140,47,10,-1
13884,140,47,10,-1
13885,140,47,10,-1
13886,140,47,10,-1
13887,140,47,10,-1
13888,140,47,10,-1
13889,140,47,10,-1
13890,140,47,10,-1
13891,140,47,10,-1
13892,140,47,10,-1
13893,140,47,10,-1
13894,140,47,10,-1
13895,140,47,10,-1
13896,140,47,10,-1
13897,140,47,10,-1
13898,140,47,10,-1
13899,140,47,10,-1
13900,140,47,10,-1
13901,140,47,10,-1
13902,140,47,10,-1
13903,140,47,10,-1
13904,140,47,10,-1
13905,140,47,10,-1
13906,140,47,10,-1
13907,140,47,10,-1
13908,140,47,10,-1
13909,140,47,10,-1
13910,140,47,10,-1
13911,140,47,10,-1
13912,140,47,10,-1
13913,140,47,10,-1
13914,140,47,10,-1
13915,140,47,10,-1
13916,140,47,10,-1
13917,140,47,10,-1
13918,140,47,10,-1
13919,140,47,10,-1
13920,140,47,10,-1
13921,140,47,10,-1
13922,140,47,10,-1
13923,140,47,10,-1
13924,140,47,10,-1
13925,140,47,10,-1
13926,140,47,10,-1
13927,140,47,10,-1
13928,140,47,10,-1
13929,140,47,10,-1
13930,140,47,10,-1
13931,140,47,10,-1
13932,140,47,10,-1
13933,140,47,10,-1
13934,140,47,10,-1
13935,140,47,10,-1
13936,140,47,10,-1
13937,140,47,10,-1
13938,140,47,10,-1
13939,140,47,10,-1
13940,140,47,10,-1
13941,140,47,10,-1
13942,140,47,10,-1
13943,140,47,10,-1
13944,140,47,10,-1
13945,140,47,10,-1
13946,140,47,10,-1
13947,140,47,10,-1
13948,140,47,10,-1
13949,140,47,10,-1
13950,140,47,10,-1
13951,140,47,10,-1
13952,140,47,10,-1
13953,140,47,10,-1
13954,140,47,10,-1
13955,140,47,10,-1
13956,140,47,10,-1
13957,140,47,10,-1
13958,140,47,10,-1
13959,140,47,10,-1
13960,140,47,10,-1
13961,140,47,10,-1
13962,140,47,10,-1
13963,139,47,10,-1
13964,140,47,10,-1
13965,140,47,10,-1
13966,140,47,10,-1
13967,140,47,10,-1
13968,140,47,10,-1
13969,140,47,10,-1
13970,140,47,10,-1
13971,140,47,10,-1
13972,140,47,10,-1
13973,140,47,10,-1
13974,140,47,10,-1
13975,140,47,10,-1
13976,140,47,10,-1
13977,140,47,10,-1
13978,140,47,10,-1
13979,140,47,10,-1
13980,140,47,10,-1
13981,140,47,10,-1
13982,140,47,10,-1
13983,140,47,10,-1
13984,140,47,10,-1
13985,140,47,10,-1
13986,140,47,10,-1
13987,140,47,10,-1
13988,140,47,10,-1
13989,140,47,10,-1
13990,140,47,10,-1
13991,140,47,10,-1
13992,140,47,10,-1
13993,140,47,10,-1
13994,140,47,10,-1
13995,140,47,10,-1
13996,140,47,10,-1
13997,140,47,10,-1
13998,140,47,10,-1
13999,140,47,10,-1
14000,140,47,10,-1
14001,140,47,10,-1
14002,140,47,10,-1
14003,140,47,10,-1
14004,140,47,10,-1
14005,140,47,10,-1
14006,140,47,10,-1
14007,140,47,10,-1
14008,140,47,10,-1
14009,140,47,10,-1
14010,140,47,10,-1
14011,140,47,10,-1
14012,140,47,10,-1
14013,140,47,10,-1
14014,140,47,10,-1
14015,140,47,10,-1
14016,140,47,10,-1
14017,140,47,10,-1
14018,140,47,10,-1
14019,140,47,10,-1
14020,140,47,10,-1
14021,140,47,10,-1
14022,140,47,10,-1
14023,140,47,10,-1
14024,140,47,10,-1
14025,140,47,10,-1
14026,140,47,10,-1
14027,140,47,10,-1
14028,140,47,10,-1
14029,140,47,10,-1
14030,140,47,10,-1
14031,140,47,10,-1
14032,140,47,10,-1
14033,140,47,10,-1
14034,140,47,10,-1
14035,140,47,10,-1
14036,140,47,10,-1
14037,140,47,10,-1
14038,140,47,10,-1
14039,140,47,10,-1
14040,140,47,10,-1
14041,3,3,3,-1
14042,9,9,6,-1
14043,27,27,10,-1
14044,79,46,10,-1
14045,140,47,10,-1
14046,140,47,10,-1
14047,140,47,10,-1
14048,140,47,10,-1
14049,140,47,10,-1
14050,140,47,10,-1
14051,140,47,10,-1
14052,140,47,10,-1
14053,140,47,10,-1
14054,140,47,10,-1
14055,140,47,10,-1
14056,140,47,10,-1
14057,140,47,10,-1
14058,140,47,10,-1
14059,140,47,10,-1
14060,140,47,10,-1
14061,140,47,10,-1
14062,140,47,10,-1
14063,140,47,10,-1
14064,140,47,10,-1
14065,140,47,10,-1
14066,140,47,10,-1
14067,140,47,10,-1
14068,140,47,10,-1
14069,140,47,10,-1
14070,140,47,10,-1
14071,140,47,10,-1
14072,140,47,10,-1
14073,140,47,10,-1
14074,140,47,10,-1
14075,140,47,10,-1
14076,140,47,10,-1
14077,140,47,10,-1
14078,140,47,10,-1
14079,140,47,10,-1
14080,140,47,10,-1
14081,140,47,10,-1
14082,140,47,10,-1
14083,140,47,10,-1
14084,140,47,10,-1
14085,139,47,10,-1
14086,139,47,10,-1
14087,140,47,10,-1
14088,140,47,10,-1
14089,140,47,10,-1
14090,140,47,10,-1
14091,140,47,10,-1
14092,140,47,10,-1
14093,140,47,10,-1
14094,140,47,10,-1
14095,140,47,10,-1
14096,140,47,10,-1
14097,140,47,10,-1
14098,140,47,10,-1
14099,140,47,10,-1
14100,140,47,10,-1
14101,140,47,10,-1
14102,140,47,10,-1
14103,140,47,10,-1
14104,140,47,10,-1
14105,140,47,10,-1
14106,140,47,10,-1
14107,140,47,10,-1
14108,140,47,10,-1
14109,140,47,10,-1
14110,140,47,10,-1
14111,140,47,10,-1
14112,140,47,10,-1
14113,140,47,10,-1
14114,140,47,10,-1
14115,140,47,10,-1
14116,140,47,10,-1
14117,140,47,10,-1
14118,140,47,10,-1
14119,140,47,10,-1
14120,140,47,10,-1
14121,140,47,10,-1
14122,140,47,10,-1
14123,140,47,10,-1
14124,140,47,10,-1
14125,140,47,10,-1
14126,140,47,10,-1
14127,140,47,10,-1
14128,140,47,10,-1
14129,140,47,10,-1
14130,140,47,10,-1
14131,140,47,10,-1
14132,140,47,10,-1
14133,140,47,10,-1
14134,140,47,10,-1
14135,140,47,10,-1
14136,140,47,10,-1
14137,140,47,10,-1
14138,140,47,10,-1
14139,140,47,10,-1
14140,140,47,10,-1
14141,140,47,10,-1
14142,140,47,10,-1
14143,140,47,10,-1
14144,140,47,10,-1
14145,140,47,10,-1
14146,140,47,10,-1
14147,140,47,10,-1
14148,140,47,10,-1
14149,140,47,10,-1
14150,140,47,10,-1
14151,140,47,10,-1
14152,140,47,10,-1
14153,140,47,10,-1
14154,140,47,10,-1
14155,140,47,10,-1
14156,140,47,10,-1
14157,140,47,10,-1
14158,140,47,10,-1
14159,140,47,10,-1
14160,140,47,10,-1
14161,140,47,10,-1
14162,140,47,10,-1
14163,140,47,10,-1
14164,140,47,10,-1
14165,140,47,10,-1
14166,140,47,10,-1
14167,140,47,10,-1
14168,140,47,10,-1
14169,140,47,10,-1
14170,140,47,10,-1
14171,140,47,10,-1
14172,140,47,10,-1
14173,140,47,10,-1
14174,140,47,10,-1
14175,140,47,10,-1
14176,140,47,10,-1
14177,140,47,10,-1
14178,139,47,10,-1
14179,140,47,10,-1
14180,140,47,10,-1
14181,140,47,10,-1
14182,140,47,10,-1
14183,140,47,10,-1
14184,140,47,10,-1
14185,140,47,10,-1
14186,140,47,10,-1
14187,140,47,10,-1
14188,140,47,10,-1
14189,140,47,10,-1
14190,140,47,10,-1
14191,140,47,10,-1
14192,140,47,10,-1
14193,140,47,10,-1
14194,140,47,10,-1
14195,140,47,10,-1
14196,140,47,10,-1
14197,140,47,10,-1
14198,140,47,10,-1
14199,140,47,10,-1
14200,140,47,10,-1
14201,140,47,10,-1
14202,140,47,10,-1
14203,140,47,10,-1
14204,140,47,10,-1
14205,140,47,10,-1
14206,140,47,10,-1
14207,140,47,10,-1
14208,140,47,10,-1
14209,140,47,10,-1
14210,140,47,10,-1
14211,140,47,10,-1
14212,140,47,10,-1
14213,140,47,10,-1
14214,140,47,10,-1
14215,140,47,10,-1
14216,140,47,10,-1
14217,140,47,10,-1
14218,140,47,10,-1
14219,140,47,10,-1
14220,140,47,10,-1
14221,140,47,10,-1
14222,140,47,10,-1
14223,140,47,10,-1
14224,140,47,10,-1
14225,140,47,10,-1
14226,140,47,10,-1
14227,140,47,10,-1
14228,139,47,10,-1
14229,140,47,10,-1
14230,140,47,10,-1
14231,140,47,10,-1
14232,140,47,10,-1
14233,140,47,10,-1
14234,140,47,10,-1
14235,140,47,10,-1
14236,140,47,10,-1
14237,140,47,10,-1
14238,140,47,10,-1
14239,140,47,10,-1
14240,140,47,10,-1
14241,140,47,10,-1
14242,140,47,10,-1
14243,140,47,10,-1
14244,140,47,10,-1
14245,140,47,10,-1
14246,140,47,10,-1
14247,140,47,10,-1
14248,140,47,10,-1
14249,140,47,10,-1
14250,140,47,10,-1
14251,140,47,10,-1
14252,140,47,10,-1
14253,140,47,10,-1
14254,140,47,10,-1
14255,139,47,10,-1
14256,140,47,10,-1
14257,140,47,10,-1
14258,140,47,10,-1
14259,140,47,10,-1
14260,140,47,10,-1
14261,140,47,10,-1
14262,140,47,10,-1
14263,140,47,10,-1
14264,140,47,10,-1
14265,140,47,10,-1
14266,140,47,10,-1
14267,140,47,10,-1
14268,140,47,10,-1
14269,140,47,10,1
14270,140,47,10,-1
14271,140,47,10,-1
14272,140,47,10,-1
14273,140,47,10,-1
14274,140,47,10,-1
14275,140,47,10,-1
14276,140,47,10,-1
14277,140,47,10,-1
14278,140,47,10,-1
14279,140,47,10,-1
14280,140,47,10,-1
14281,140,47,10,-1
14282,140,47,10,-1
14283,140,47,10,-1
14284,140,47,10,-1
14285,140,47,10,-1
14286,140,47,10,-1
14287,140,47,10,-1
14288,140,47,10,-1
14289,140,47,10,-1
14290,140,47,10,-1
14291,140,47,10,-1
14292,140,47,10,-1
14293,140,47,10,-1
14294,140,47,10,-1
14295,140,47,10,-1
14296,140,47,10,-1
14297,140,47,10,-1
14298,140,47,10,-1
14299,140,47,10,-1
14300,139,47,10,-1
14301,140,47,10,-1
14302,139,47,10,-1
14303,140,47,10,-1
14304,140,47,10,-1
14305,140,47,10,-1
14306,140,47,10,-1
14307,140,47,10,-1
14308,140,47,10,-1
14309,140,47,10,-1
14310,140,47,10,-1
14311,140,47,10,-1
14312,140,47,10,-1
14313,139,47,10,-1
14314,140,47,10,-1
14315,140,47,10,-1
14316,140,47,10,-1
14317,140,47,10,-1
14318,140,47,10,-1
14319,140,47,10,-1
14320,140,47,10,-1
14321,140,47,10,-1
14322,140,47,10,-1
14323,140,47,10,-1
14324,140,47,10,-1
14325,140,47,10,-1
14326,140,47,10,-1
14327,140,47,10,-1
14328,139,47,10,-1
14329,140,47,10,-1
14330,140,47,10,-1
14331,140,47,10,-1
14332,140,47,10,-1
14333,140,47,10,-1
14334,140,47,10,-1
14335,140,47,10,-1
14336,140,47,10,-1
14337,140,47,10,-1
14338,140,47,10,-1
14339,140,47,10,-1
14340,140,47,10,-1
14341,140,47,10,-1
14342,140,47,10,-1
14343,140,47,10,-1
14344,140,47,10,-1
14345,140,47,10,-1
14346,140,47,10,-1
14347,140,47,10,-1
14348,139,47,10,-1
14349,140,47,10,-1
14350,140,47,10,-1
14351,139,47,10,-1
14352,140,47,10,-1
14353,140,47,10,-1
14354,140,47,10,-1
14355,140,47,10,-1
14356,140,47,10,-1
14357,140,47,10,-1
14358,140,47,10,-1
14359,140,47,10,-1
14360,140,47,10,-1
14361,140,47,10,-1
14362,140,47,10,-1
14363,140,47,10,-1
14364,140,47,10,-1
14365,140,47,10,-1
14366,140,47,10,-1
14367,140,47,10,-1
14368,140,47,10,-1
14369,140,47,10,-1
14370,140,47,10,-1
14371,140,47,10,-1
14372,140,47,10,-1
14373,140,47,10,-1
14374,140,47,10,-1
14375,140,47,10,-1
14376,140,47,10,-1
14377,140,47,10,-1
14378,140,47,10,-1
14379,140,47,10,-1
14380,140,47,10,-1
14381,140,47,10,-1
14382,140,47,10,-1
14383,140,47,10,-1
14384,140,47,10,-1
14385,140,47,10,-1
14386,140,47,10,-1
14387,140,47,10,-1
14388,140,47,10,-1
14389,140,47,10,-1
14390,140,47,10,-1
14391,140,47,10,-1
14392,140,47,10,-1
14393,140,47,10,-1
14394,140,47,10,-1
14395,140,47,10,-1
14396,140,47,10,-1
14397,140,47,10,-1
14398,140,47,10,-1
14399,140,47,10,-1
14400,140,47,10,-1
14401,140,47,10,-1
14402,140,47,10,-1
14403,140,47,10,-1
14404,140,47,10,-1
14405,140,47,10,-1
14406,140,47,10,-1
14407,140,47,10,-1
14408,140,47,10,-1
14409,140,47,10,-1
14410,140,47,10,-1
14411,140,47,10,-1
14412,140,47,10,-1
14413,140,47,10,-1
14414,140,47,10,-1
14415,140,47,10,-1
14416,140,47,10,-1
14417,140,47,10,-1
14418,140,47,10,-1
14419,140,47,10,-1
14420,140,47,10,-1
14421,140,47,10,-1
14422,140,47,10,-1
14423,140,47,10,-1
14424,140,47,10,-1
14425,140,47,10,-1
14426,140,47,10,-1
14427,140,47,10,-1
14428,140,47,10,-1
14429,140,47,10,-1
14430,140,47,10,-1
14431,140,47,10,-1
14432,140,47,10,-1
14433,140,47,10,-1
14434,140,47,10,-1
14435,140,47,10,-1
14436,139,47,10,-1
14437,140,47,10,-1
14438,140,47,10,-1
14439,140,47,10,-1
14440,140,47,10,-1
14441,139,47,10,-1
14442,140,47,10,-1
14443,140,47,10,-1
14444,140,47,10,-1
14445,140,47,10,-1
14446,140,47,10,-1
14447,139,47,10,-1
14448,140,47,10,-1
14449,140,47,10,-1
14450,140,47,10,-1
14451,140,47,10,-1
14452,140,47,10,-1
14453,140,47,10,-1
14454,139,47,10,-1
14455,140,47,10,-1
14456,140,47,10,-1
14457,140,47,10,-1
14458,140,47,10,-1
14459,140,47,10,-1
14460,140,47,10,-1
14461,140,47,10,-1
14462,140,47,10,-1
14463,140,47,10,-1
14464,140,47,10,-1
14465,140,47,10,-1
14466,140,47,10,-1
14467,140,47,10,-1
14468,140,47,10,-1
14469,140,47,10,-1
14470,140,47,10,-1
14471,140,47,10,-1
14472,140,47,10,-1
14473,140,47,10,-1
14474,140,47,10,-1
14475,139,47,10,-1
14476,140,47,10,-1
14477,140,47,10,-1
14478,140,47,10,-1
14479,140,47,10,-1
14480,140,47,10,-1
14481,140,47,10,-1
14482,140,47,10,-1
14483,140,47,10,-1
14484,140,47,10,-1
14485,140,47,10,-1
14486,140,47,10,-1
14487,140,47,10,-1
14488,140,47,10,-1
14489,140,47,10,-1
14490,140,47,10,-1
14491,140,47,10,-1
14492,140,47,10,-1
14493,140,47,10,-1
14494,140,47,10,-1
14495,140,47,10,-1
14496,140,47,10,-1
14497,140,47,10,-1
14498,140,47,10,-1
14499,140,47,10,-1
14500,140,47,10,-1
14501,140,47,10,-1
14502,140,47,10,-1
14503,140,47,10,-1
14504,140,47,10,-1
14505,140,47,10,-1
14506,140,47,10,-1
14507,140,47,10,-1
14508,140,47,10,-1
14509,140,47,10,-1
14510,140,47,10,-1
14511,140,47,10,-1
14512,140,47,10,-1
14513,140,47,10,-1
14514,140,47,10,-1
14515,140,47,10,-1
14516,140,47,10,-1
14517,140,47,10,-1
14518,139,47,10,-1
14519,140,47,10,-1
14520,140,47,10,-1
14521,140,47,10,-1
14522,140,47,10,-1
14523,140,47,10,-1
14524,140,47,10,-1
14525,140,47,10,-1
14526,140,47,10,-1
14527,140,47,10,-1
14528,140,47,10,-1
14529,140,47,10,-1
14530,139,47,10,-1
14531,140,47,10,-1
14532,140,47,10,-1
14533,140,47,10,-1
14534,140,47,10,-1
14535,140,47,10,-1
14536,140,47,10,-1
14537,140,47,10,-1
14538,140,47,10,-1
14539,140,47,10,-1
14540,140,47,10,-1
14541,140,47,10,-1
14542,139,47,10,-1
14543,140,47,10,-1
14544,140,47,10,-1
14545,140,47,10,-1
14546,140,47,10,-1
14547,140,47,10,-1
14548,140,47,10,-1
14549,140,47,10,-1
14550,140,47,10,-1
14551,140,47,10,-1
14552,140,47,10,-1
14553,140,47,10,-1
14554,140,47,10,-1
14555,140,47,10,-1
14556,140,47,10,-1
14557,140,47,10,-1
14558,140,47,10,-1
14559,140,47,10,-1
14560,140,47,10,-1
14561,140,47,10,-1
14562,140,47,10,-1
14563,140,47,10,-1
14564,140,47,10,-1
14565,140,47,10,-1
14566,140,47,10,-1
14567,140,47,10,-1
14568,140,47,10,-1
14569,140,47,10,-1
14570,140,47,10,-1
14571,140,47,10,-1
14572,140,47,10,-1
14573,140,47,10,-1
14574,140,47,10,-1
14575,140,47,10,-1
14576,140,47,10,-1
14577,140,47,10,-1
14578,140,47,10,-1
14579,140,47,10,-1
14580,140,47,10,-1
14581,140,47,10,-1
14582,140,47,10,-1
14583,140,47,10,-1
14584,140,47,10,-1
14585,140,47,10,-1
14586,140,47,10,-1
14587,140,47,10,-1
14588,140,47,10,-1
14589,140,47,10,-1
14590,140,47,10,-1
14591,140,47,10,-1
14592,140,47,10,-1
14593,139,47,10,-1
14594,140,47,10,-1
14595,140,47,10,-1
14596,140,47,10,-1
14597,140,47,10,-1
14598,140,47,10,-1
14599,140,47,10,-1
14600,140,47,10,-1
14601,140,47,10,-1
14602,140,47,10,-1
14603,140,47,10,-1
14604,139,47,10,-1
14605,140,47,10,-1
14606,140,47,10,-1
14607,140,47,10,-1
14608,140,47,10,-1
14609,140,47,10,-1
14610,140,47,10,-1
14611,140,47,10,-1
14612,140,47,10,-1
14613,140,47,10,-1
14614,140,47,10,-1
14615,140,47,10,-1
14616,140,47,10,-1
14617,140,47,10,-1
14618,140,47,10,-1
14619,140,47,10,-1
14620,140,47,10,-1
14621,140,47,10,-1
14622,140,47,10,-1
14623,140,47,10,-1
14624,140,47,10,-1
14625,140,47,10,-1
14626,140,47,10,-1
14627,140,47,10,-1
14628,140,47,10,-1
14629,140,47,10,-1
14630,140,47,10,-1
14631,140,47,10,-1
14632,140,47,10,-1
14633,140,47,10,-1
14634,140,47,10,-1
14635,140,47,10,-1
14636,140,47,10,-1
14637,140,47,10,-1
14638,140,47,10,-1
14639,140,47,10,-1
14640,140,47,10,-1
14641,140,47,10,-1
14642,140,47,10,-1
14643,140,47,10,-1
14644,140,47,10,-1
14645,140,47,10,-1
14646,140,47,10,-1
14647,140,47,10,-1
14648,140,47,10,-1
14649,140,47,10,-1
14650,140,47,10,-1
14651,140,47,10,-1
14652,140,47,10,-1
14653,140,47,9,-1
14654,140,47,10,-1
14655,140,47,10,-1
14656,140,47,10,-1
14657,140,47,10,-1
14658,140,47,10,-1
14659,140,47,10,-1
14660,140,47,10,-1
14661,140,47,10,-1
14662,140,47,10,-1
14663,140,47,10,-1
14664,140,47,10,-1
14665,140,47,10,-1
14666,140,47,10,-1
14667,140,47,10,-1
14668,140,47,10,-1
14669,140,47,10,-1
14670,140,47,10,-1
14671,140,47,10,-1
14672,140,47,10,-1
14673,140,47,10,-1
14674,140,47,10,-1
14675,140,47,10,-1
14676,140,47,10,-1
14677,140,47,10,-1
14678,140,47,10,-1
14679,140,47,10,-1
14680,140,47,10,-1
14681,140,47,10,-1
14682,140,47,10,-1
14683,140,47,10,-1
14684,140,47,10,-1
14685,140,47,10,-1
14686,140,47,10,-1
14687,140,47,10,-1
14688,140,47,10,-1
14689,139,47,10,-1
14690,140,47,10,-1
14691,140,47,10,-1
14692,140,47,10,-1
14693,140,47,10,-1
14694,140,47,10,-1
14695,140,47,10,-1
14696,140,47,10,-1
14697,140,47,10,-1
14698,140,47,10,-1
14699,140,47,10,-1
14700,140,47,10,-1
14701,140,47,10,-1
14702,140,47,10,-1
14703,140,47,10,-1
14704,140,47,10,-1
14705,140,47,10,-1
14706,140,47,10,-1
14707,140,47,10,-1
14708,140,47,10,-1
14709,140,47,10,-1
14710,139,47,10,-1
14711,140,47,10,-1
14712,140,47,10,-1
14713,140,47,10,-1
14714,140,47,10,-1
14715,140,47,10,-1
14716,140,47,10,-1
14717,140,47,10,-1
14718,140,47,10,-1
14719,139,47,10,-1
14720,140,47,10,-1
14721,140,47,10,-1
14722,140,47,10,-1
14723,140,47,10,-1
14724,140,47,10,-1
14725,140,47,10,-1
14726,140,47,10,-1
14727,140,47,10,-1
14728,140,47,10,-1
14729,140,47,10,-1
14730,140,47,10,-1
14731,140,47,10,-1
14732,140,47,10,-1
14733,140,47,10,-1
14734,140,47,10,-1
14735,139,47,10,-1
14736,140,47,10,-1
14737,140,47,10,-1
14738,140,47,10,-1
14739,140,47,10,-1
14740,140,47,10,-1
14741,140,47,10,-1
14742,140,47,10,-1
14743,140,47,10,-1
14744,140,47,10,-1
14745,140,47,10,-1
14746,140,47,10,-1
14747,140,47,10,-1
14748,140,47,10,-1
14749,140,47,10,-1
14750,140,47,10,-1
14751,140,47,10,-1
14752,139,47,10,-1
14753,140,47,10,-1
14754,140,47,10,-1
14755,140,47,10,-1
14756,139,47,10,-1
14757,140,47,10,-1
14758,140,47,10,-1
14759,140,47,10,-1
14760,140,47,10,-1
14761,140,47,10,-1
14762,140,47,10,-1
14763,140,47,10,-1
14764,140,47,10,-1
14765,140,47,10,-1
14766,140,47,10,-1
14767,140,47,10,-1
14768,140,47,10,-1
14769,140,47,10,-1
14770,140,47,10,-1
14771,140,47,10,-1
14772,140,47,10,-1
14773,140,47,10,-1
14774,140,47,10,-1
14775,140,47,10,-1
14776,140,47,10,-1
14777,140,47,10,-1
14778,140,47,10,-1
14779,140,47,10,-1
14780,140,47,10,-1
14781,140,47,10,-1
14782,140,47,10,-1
14783,140,47,10,-1
14784,140,47,10,-1
14785,140,47,10,-1
14786,140,47,10,-1
14787,139,47,10,-1
14788,140,47,10,-1
14789,140,47,10,-1
14790,140,47,10,-1
14791,140,47,10,-1
14792,140,47,10,-1
14793,140,47,10,-1
14794,140,47,10,-1
14795,140,47,10,-1
14796,140,47,10,-1
14797,140,47,10,-1
14798,140,47,10,-1
14799,140,47,10,-1
14800,140,47,10,-1
14801,140,47,10,-1
14802,140,47,10,-1
14803,140,47,10,-1
14804,140,47,10,-1
14805,139,47,10,-1
14806,140,47,10,-1
14807,140,47,10,-1
14808,140,47,10,-1
14809,140,47,10,-1
14810,140,47,10,-1
14811,140,47,10,-1
14812,140,47,10,-1
14813,140,47,10,-1
14814,140,47,10,-1
14815,139,47,10,-1
14816,140,47,10,-1
14817,140,47,10,-1
14818,140,47,10,-1
14819,140,47,10,-1
14820,140,47,10,-1
14821,140,47,10,-1
14822,140,47,10,-1
14823,140,47,10,-1
14824,140,47,10,-1
14825,140,47,10,-1
14826,140,47,10,-1
14827,140,47,10,-1
14828,140,47,10,-1
14829,140,47,10,-1
14830,140,47,10,-1
14831,140,47,10,-1
14832,140,47,10,-1
14833,140,47,10,-1
14834,140,47,10,-1
14835,140,47,10,-1
14836,140,47,10,-1
14837,140,47,10,-1
14838,140,47,10,-1
14839,139,47,10,-1
14840,139,47,10,-1
14841,140,47,10,-1
14842,140,47,10,-1
14843,140,47,10,-1
14844,140,47,10,-1
14845,140,47,10,-1
14846,140,47,10,-1
14847,140,47,10,-1
14848,140,47,10,-1
14849,140,47,10,-1
14850,140,47,10,-1
14851,140,47,10,-1
14852,140,47,10,-1
14853,140,47,10,-1
14854,140,47,10,-1
14855,140,47,10,-1
14856,140,47,10,-1
14857,140,47,10,-1
14858,140,47,10,-1
14859,140,47,10,-1
14860,140,47,10,-1
14861,140,47,10,-1
14862,140,47,10,-1
14863,140,47,10,-1
14864,140,47,10,-1
14865,140,47,10,-1
14866,140,47,10,-1
14867,140,47,10,-1
14868,140,47,10,-1
14869,140,47,10,-1
14870,140,47,10,-1
14871,140,47,10,-1
14872,140,47,10,-1
14873,140,47,10,-1
14874,140,47,10,-1
14875,140,47,10,-1
14876,140,47,10,-1
14877,140,47,10,-1
14878,140,47,10,-1
14879,140,47,10,-1
14880,140,47,10,-1
14881,140,47,10,-1
14882,140,47,10,-1
14883,140,47,10,-1
14884,140,47,10,-1
14885,140,47,10,-1
14886,140,47,10,-1
14887,140,47,10,-1
14888,140,47,10,-1
14889,140,47,10,-1
14890,139,47,10,-1
14891,140,47,10,-1
14892,140,47,10,-1
14893,140,47,10,1
14894,140,47,10,-1
14895,140,47,10,-1
14896,139,47,10,-1
14897,140,47,10,-1
14898,140,47,10,-1
14899,140,47,10,-1
14900,140,47,10,-1
14901,140,47,10,-1
14902,140,47,10,-1
14903,140,47,10,-1
14904,140,47,10,-1
14905,140,47,10,-1
14906,140,47,10,-1
14907,140,47,10,-1
14908,140,47,10,-1
14909,140,47,10,-1
14910,140,47,10,-1
14911,140,47,10,-1
14912,140,47,10,-1
14913,140,46,10,-1
14914,140,47,10,-1
14915,140,47,10,-1
14916,140,47,10,-1
14917,140,47,10,-1
14918,140,47,10,-1
14919,140,47,10,-1
14920,140,47,10,-1
14921,140,47,10,-1
14922,140,47,10,-1
14923,140,47,10,-1
14924,140,47,10,-1
14925,140,47,10,-1
14926,140,47,10,-1
14927,140,47,10,-1
14928,140,47,10,-1
14929,140,47,10,-1
14930,140,47,10,-1
14931,140,47,10,-1
14932,140,47,10,-1
14933,140,47,10,-1
14934,140,47,10,-1
14935,140,47,10,-1
14936,140,47,10,-1
14937,140,47,10,-1
14938,140,47,10,-1
14939,140,47,10,-1
14940,140,47,10,-1
14941,140,47,10,-1
14942,140,47,10,-1
14943,140,47,10,-1
14944,140,47,10,-1
14945,140,47,10,-1
14946,140,47,10,-1
14947,140,47,10,-1
14948,140,47,10,-1
14949,140,47,10,-1
14950,140,47,10,-1
14951,140,47,10,-1
14952,140,47,10,-1
14953,140,47,10,-1
14954,140,47,10,-1
14955,140,47,10,-1
14956,140,47,10,-1
14957,140,47,10,-1
14958,140,47,10,-1
14959,140,47,10,-1
14960,140,47,10,-1
14961,140,47,10,-1
14962,140,47,10,-1
14963,140,47,10,-1
14964,140,47,10,-1
14965,140,47,10,-1
14966,140,47,10,-1
14967,139,47,10,-1
14968,140,47,10,-1
14969,140,47,10,-1
14970,140,47,10,-1
14971,140,47,10,-1
14972,140,47,10,-1
14973,140,47,10,-1
14974,140,47,10,-1
14975,140,47,10,-1
14976,140,47,10,-1
14977,139,47,10,-1
14978,140,47,10,-1
14979,140,47,10,-1
14980,140,47,10,-1
14981,140,47,10,-1
14982,140,47,10,-1
14983,140,47,10,-1
14984,140,47,10,-1
14985,140,47,10,-1
14986,140,47,10,-1
14987,140,47,10,-1
14988,140,47,10,-1
14989,140,47,10,-1
14990,140,47,10,-1
14991,140,47,10,-1
14992,140,47,10,-1
14993,140,47,10,-1
14994,140,47,10,-1
14995,140,47,10,-1
14996,140,47,10,-1
14997,140,47,10,-1
14998,139,47,10,-1
14999,140,47,10,-1
15000,140,47,10,-1
15001,140,47,10,-1
15002,140,47,10,-1
15003,139,47,10,-1
15004,140,47,10,-1
15005,140,47,10,-1
15006,140,47,10,-1
15007,140,47,10,-1
15008,140,47,10,-1
15009,140,47,10,-1
15010,140,47,10,-1
15011,140,47,10,-1
15012,139,47,10,-1
15013,140,47,10,-1
15014,140,47,10,-1
15015,140,47,10,-1
15016,140,47,10,-1
15017,140,47,10,-1
15018,140,47,10,-1
15019,140,47,10,-1
15020,140,47,10,-1
15021,140,47,10,-1
15022,140,47,10,-1
15023,140,47,10,-1
15024,140,47,10,-1
15025,140,47,10,-1
15026,140,47,10,-1
15027,140,47,10,-1
15028,139,47,10,-1
15029,140,47,10,-1
15030,140,47,10,-1
15031,140,47,10,-1
15032,140,47,10,-1
15033,140,47,10,-1
15034,140,47,10,-1
15035,140,47,10,-1
15036,140,47,10,-1
15037,140,47,10,-1
15038,140,47,10,-1
15039,140,47,10,-1
15040,140,47,10,-1
15041,140,47,10,-1
15042,140,47,10,-1
15043,140,47,10,-1
15044,140,47,10,-1
15045,139,47,10,-1
15046,140,47,10,-1
15047,140,47,10,-1
15048,140,47,10,-1
15049,140,47,10,-1
15050,140,47,10,-1
15051,140,47,10,-1
15052,140,47,10,-1
15053,140,47,10,-1
15054,140,47,10,-1
15055,140,47,10,-1
15056,140,47,10,-1
15057,140,47,10,-1
15058,140,47,10,-1
15059,140,47,10,-1
15060,140,47,10,-1
15061,139,47,10,-1
15062,140,47,10,-1
15063,140,47,10,-1
15064,140,47,10,-1
15065,140,47,10,-1
15066,140,47,10,-1
15067,140,47,10,-1
15068,139,47,10,-1
15069,140,47,10,-1
15070,140,47,10,-1
15071,140,47,10,-1
15072,140,47,10,-1
15073,140,47,10,-1
15074,140,47,10,-1
15075,140,47,10,-1
15076,139,47,10,-1
15077,140,47,10,-1
15078,140,47,10,-1
15079,140,47,10,-1
15080,140,47,10,-1
15081,140,47,10,-1
15082,140,47,10,-1
15083,140,47,10,-1
15084,140,47,10,-1
15085,140,47,10,-1
15086,140,47,10,-1
15087,140,47,10,-1
15088,140,47,10,-1
15089,140,47,10,-1
15090,140,47,10,-1
15091,140,47,10,-1
15092,140,47,10,-1
15093,140,47,10,-1
15094,140,47,10,-1
15095,140,47,10,-1
15096,140,47,10,-1
15097,140,47,10,-1
15098,140,47,10,-1
15099,140,47,10,-1
15100,140,47,10,-1
15101,140,47,10,-1
15102,140,47,10,-1
15103,140,47,10,-1
15104,140,47,10,-1
15105,140,47,10,-1
15106,140,47,10,-1
15107,140,47,10,-1
15108,140,47,10,-1
15109,140,47,10,-1
15110,140,47,10,-1
15111,140,47,10,-1
15112,140,47,10,-1
15113,140,47,10,-1
15114,140,47,10,-1
15115,140,47,10,-1
15116,140,47,10,-1
15117,140,47,10,-1
15118,140,47,10,-1
15119,140,47,10,-1
15120,140,47,10,-1
15121,140,47,10,-1
15122,140,47,10,-1
15123,140,47,10,-1
15124,140,47,10,-1
15125,140,47,10,-1
15126,140,47,10,-1
15127,140,47,10,-1
15128,140,47,10,-1
15129,140,47,10,-1
15130,140,47,10,-1
15131,139,47,10,-1
15132,140,47,10,-1
15133,140,47,10,-1
15134,140,47,10,-1
15135,140,47,10,-1
15136,140,47,10,-1
15137,140,47,10,-1
15138,140,47,10,-1
15139,140,47,10,-1
15140,140,47,10,-1
15141,140,47,10,-1
15142,140,47,10,-1
15143,140,47,10,-1
15144,140,47,10,-1
15145,140,47,10,-1
15146,140,47,10,-1
15147,140,47,10,-1
15148,140,47,10,-1
15149,140,47,10,-1
15150,140,47,10,-1
15151,140,47,10,-1
15152,140,47,10,-1
15153,140,47,10,-1
15154,140,47,10,-1
15155,140,47,10,-1
15156,140,47,10,-1
15157,140,47,10,-1
15158,140,47,10,-1
15159,140,47,10,-1
15160,140,47,10,-1
15161,140,47,10,-1
15162,140,47,10,-1
15163,140,47,10,-1
15164,140,47,10,-1
15165,140,47,10,-1
15166,140,47,10,-1
15167,140,47,10,-1
15168,140,47,10,-1
15169,140,47,10,-1
15170,140,47,10,-1
15171,140,47,10,-1
15172,140,47,10,-1
15173,140,47,10,-1
15174,140,47,10,-1
15175,140,47,10,-1
15176,140,47,10,-1
15177,140,47,10,-1
15178,140,47,10,-1
15179,140,47,10,-1
15180,140,47,10,-1
15181,140,47,10,-1
15182,140,47,10,-1
15183,140,47,10,-1
15184,140,47,10,-1
15185,140,47,10,-1
15186,140,47,10,-1
15187,140,47,10,-1
15188,139,47,10,-1
15189,140,47,10,-1
15190,140,47,10,-1
15191,140,47,10,-1
15192,140,47,10,-1
15193,140,47,10,-1
15194,140,47,10,-1
15195,140,47,10,-1
15196,140,47,10,-1
15197,140,47,10,-1
15198,140,47,10,-1
15199,140,47,10,-1
15200,140,47,10,-1
15201,140,47,10,-1
15202,140,47,10,-1
15203,140,47,10,-1
15204,140,47,10,-1
15205,140,47,10,-1
15206,140,47,10,-1
15207,140,47,10,-1
15208,140,47,10,-1
15209,140,47,10,-1
15210,140,47,10,-1
15211,140,47,10,-1
15212,140,47,10,-1
15213,140,47,10,-1
15214,140,47,10,-1
15215,139,47,10,-1
15216,140,47,10,-1
15217,140,47,10,-1
15218,140,47,10,-1
15219,140,47,10,-1
15220,140,47,10,-1
15221,140,47,10,-1
15222,140,47,10,-1
15223,140,47,10,-1
15224,140,47,10,-1
15225,140,47,10,-1
15226,140,47,10,-1
15227,140,47,10,-1
15228,140,47,10,-1
15229,140,47,10,-1
15230,140,47,10,-1
15231,140,47,10,-1
15232,140,47,10,-1
15233,140,47,10,-1
15234,140,47,10,-1
15235,140,47,10,-1
15236,140,47,10,-1
15237,140,47,10,-1
15238,140,47,10,-1
15239,140,47,10,-1
15240,140,47,10,-1
15241,140,47,10,-1
15242,140,47,10,-1
15243,140,47,10,-1
15244,140,47,10,-1
15245,140,47,10,-1
15246,140,47,10,-1
15247,140,47,10,-1
15248,140,47,10,-1
15249,140,47,10,-1
15250,140,47,10,-1
15251,140,47,10,-1
15252,140,47,10,-1
15253,140,47,10,-1
15254,140,47,10,-1
15255,140,47,10,-1
15256,140,47,10,-1
15257,140,47,10,-1
15258,140,47,10,-1
15259,140,47,10,-1
15260,140,47,10,-1
15261,140,47,10,-1
15262,140,47,10,-1
15263,140,47,10,-1
15264,140,47,10,-1
15265,140,47,10,-1
15266,140,47,10,-1
15267,140,47,10,-1
15268,140,47,10,-1
15269,140,47,10,-1
15270,140,47,10,-1
15271,140,47,10,-1
15272,140,47,10,-1
15273,140,47,10,-1
15274,140,47,10,-1
15275,140,47,10,-1
15276,140,47,10,-1
15277,140,47,10,-1
15278,140,47,10,-1
15279,140,47,10,-1
15280,140,47,10,-1
15281,140,47,10,-1
15282,140,47,10,-1
15283,140,47,10,-1
15284,139,47,10,-1
15285,140,47,10,-1
15286,140,47,10,-1
15287,140,47,10,-1
15288,140,47,10,-1
15289,140,47,10,-1
15290,140,47,10,-1
15291,140,47,10,-1
15292,140,47,10,-1
15293,140,47,10,-1
15294,140,47,10,-1
15295,140,47,10,-1
15296,140,47,10,-1
15297,139,47,10,-1
15298,140,47,10,-1
15299,140,47,10,-1
15300,140,47,10,-1
15301,140,47,10,-1
15302,140,47,10,-1
15303,140,47,10,-1
15304,140,47,10,-1
15305,140,47,10,-1
15306,140,47,10,-1
15307,140,47,10,-1
15308,140,47,10,-1
15309,140,47,10,-1
15310,140,47,10,-1
15311,140,47,10,-1
15312,140,47,10,-1
15313,140,47,10,-1
15314,140,47,10,-1
15315,140,47,10,-1
15316,140,47,10,-1
15317,140,47,10,-1
15318,140,47,10,-1
15319,140,47,10,-1
15320,140,47,10,-1
15321,140,47,10,-1
15322,140,47,10,-1
15323,140,47,10,-1
15324,140,47,10,-1
15325,140,47,10,-1
15326,140,47,10,-1
15327,140,47,10,-1
15328,140,47,10,-1
15329,140,47,10,-1
15330,140,47,10,-1
15331,140,47,10,-1
15332,140,47,10,-1
15333,140,47,10,-1
15334,140,47,10,-1
15335,140,47,10,-1
15336,140,47,10,-1
15337,140,47,10,-1
15338,140,47,10,-1
15339,140,47,10,-1
15340,140,47,10,-1
15341,140,47,10,-1
15342,140,47,10,-1
15343,139,47,10,-1
15344,140,47,10,-1
15345,140,47,10,-1
15346,140,47,10,-1
15347,140,47,10,-1
15348,140,47,10,-1
15349,140,47,10,-1
15350,140,47,10,-1
15351,140,47,10,-1
15352,140,47,10,-1
15353,140,47,10,-1
15354,140,47,10,-1
15355,140,47,10,-1
15356,140,47,10,-1
15357,140,47,10,-1
15358,140,47,10,-1
15359,140,47,10,-1
15360,140,47,10,-1
15361,140,47,10,-1
15362,140,47,10,-1
15363,139,47,10,-1
15364,140,47,10,-1
15365,139,47,10,-1
15366,140,47,10,-1
15367,140,47,10,-1
15368,140,47,10,-1
15369,140,47,10,-1
15370,140,47,10,-1
15371,140,47,10,-1
15372,140,47,10,-1
15373,140,47,10,-1
15374,140,47,10,-1
15375,140,47,10,-1
15376,140,47,10,-1
15377,140,47,10,-1
15378,140,47,10,-1
15379,139,47,10,-1
15380,140,47,10,-1
15381,140,47,10,-1
15382,140,47,10,-1
15383,140,47,10,-1
15384,140,47,10,-1
15385,140,47,10,-1
15386,140,47,10,-1
15387,140,47,10,-1
15388,140,47,10,-1
15389,140,47,10,-1
15390,140,47,10,-1
15391,140,47,10,-1
15392,140,47,10,-1
15393,140,47,10,-1
15394,140,47,10,-1
15395,140,47,10,-1
15396,140,47,10,-1
15397,140,47,10,-1
15398,140,47,10,-1
15399,140,47,10,-1
15400,140,47,10,-1
15401,140,47,10,-1
15402,140,47,10,-1
15403,140,47,10,-1
15404,140,47,10,-1
15405,140,47,10,-1
15406,140,47,10,-1
15407,140,47,10,-1
15408,140,47,10,-1
15409,140,47,10,-1
15410,140,47,10,-1
15411,140,47,10,-1
15412,140,47,10,-1
15413,140,47,10,-1
15414,140,47,10,-1
15415,140,47,10,-1
15416,140,47,10,-1
15417,140,47,10,-1
15418,140,47,10,-1
15419,140,47,10,-1
15420,140,47,10,-1
15421,140,47,10,-1
15422,140,47,10,-1
15423,140,47,10,-1
15424,140,47,10,-1
15425,140,47,10,-1
15426,140,47,10,-1
15427,140,47,10,-1
15428,140,47,10,-1
15429,139,47,10,-1
15430,140,47,10,-1
15431,140,47,10,-1
15432,140,47,10,-1
15433,140,47,10,-1
15434,140,47,10,-1
15435,140,47,10,-1
15436,140,47,10,-1
15437,140,47,10,-1
15438,140,47,10,-1
15439,140,47,10,-1
15440,140,47,10,-1
15441,140,47,10,-1
15442,140,47,10,-1
15443,140,47,10,-1
15444,140,47,10,-1
15445,140,47,10,-1
15446,140,47,10,-1
15447,140,47,10,-1
15448,140,47,10,-1
15449,140,47,10,-1
15450,140,47,10,-1
15451,140,47,10,-1
15452,140,47,10,-1
15453,139,47,10,-1
15454,140,47,10,-1
15455,140,47,10,-1
15456,140,47,10,-1
15457,140,47,10,-1
15458,140,47,10,-1
15459,140,47,10,-1
15460,140,47,10,-1
15461,140,47,10,-1
15462,140,47,10,-1
15463,140,47,10,-1
15464,140,47,10,-1
15465,140,47,10,-1
15466,140,47,10,-1
15467,140,47,10,-1
15468,140,47,10,-1
15469,140,47,10,-1
15470,140,47,10,-1
15471,140,47,10,-1
15472,140,47,10,-1
15473,140,47,10,-1
15474,140,47,10,-1
15475,140,47,10,-1
15476,140,47,10,-1
15477,140,47,10,-1
15478,140,47,10,-1
15479,140,47,10,-1
15480,139,47,10,-1
15481,140,47,10,-1
15482,140,47,10,-1
15483,140,47,10,-1
15484,140,47,10,-1
15485,140,47,10,-1
15486,140,47,10,-1
15487,140,47,10,-1
15488,140,47,10,-1
15489,140,47,10,-1
15490,140,47,10,-1
15491,139,47,10,-1
15492,140,47,10,-1
15493,140,47,10,-1
15494,140,47,10,-1
15495,140,47,10,-1
15496,140,47,10,-1
15497,140,47,10,-1
15498,140,47,10,-1
15499,140,47,10,-1
15500,140,47,10,-1
15501,140,47,10,-1
15502,140,47,10,-1
15503,140,47,10,-1
15504,140,47,10,-1
15505,140,47,10,-1
15506,140,47,10,-1
15507,140,47,10,-1
15508,140,47,10,-1
15509,140,47,10,-1
15510,140,47,10,-1
15511,140,47,10,-1
15512,140,47,10,-1
15513,140,47,10,-1
15514,140,47,10,-1
15515,140,47,10,-1
15516,140,47,10,-1
15517,140,47,10,1
15518,140,47,10,-1
15519,140,47,10,-1
15520,140,47,10,-1
15521,140,47,10,-1
15522,140,47,10,-1
15523,140,47,10,-1
15524,140,47,10,-1
15525,140,47,10,-1
15526,140,47,10,-1
15527,140,47,10,-1
15528,140,47,10,-1
15529,140,47,10,-1
15530,140,47,10,-1
15531,140,47,10,-1
15532,140,47,10,-1
15533,140,47,10,-1
15534,140,47,10,-1
15535,140,47,10,-1
15536,140,47,10,-1
15537,140,47,10,-1
15538,140,47,10,-1
15539,139,47,10,-1
15540,140,47,10,-1
15541,140,47,10,-1
15542,140,47,10,-1
15543,140,47,10,-1
15544,140,47,10,-1
15545,140,47,10,-1
15546,140,47,10,-1
15547,140,47,10,-1
15548,140,47,10,-1
15549,140,47,10,-1
15550,140,47,10,-1
15551,140,47,10,-1
15552,140,47,10,-1
15553,140,47,10,-1
15554,140,47,10,-1
15555,140,47,10,-1
15556,140,47,10,-1
15557,140,47,10,-1
15558,139,47,10,-1
15559,140,47,10,-1
15560,140,47,10,-1
15561,140,47,10,-1
15562,140,47,10,-1
15563,140,47,10,-1
15564,140,47,10,-1
15565,140,47,10,-1
15566,140,47,10,-1
15567,140,47,10,-1
15568,140,47,10,-1
15569,140,47,10,-1
15570,140,47,10,-1
15571,140,47,10,-1
15572,140,47,10,-1
15573,140,47,10,-1
15574,140,47,10,-1
15575,140,47,10,-1
15576,140,47,10,-1
15577,140,47,10,-1
15578,140,47,10,-1
15579,140,47,10,-1
15580,140,47,10,-1
15581,140,47,10,-1
15582,140,47,10,-1
15583,140,47,10,-1
15584,140,47,10,-1
15585,139,47,10,-1
15586,140,47,9,-1
15587,140,47,10,-1
15588,140,47,10,-1
15589,140,47,10,-1
15590,140,47,10,-1
15591,140,47,10,-1
15592,140,47,10,-1
15593,140,47,10,-1
15594,140,47,10,-1
15595,140,47,10,-1
15596,140,47,10,-1
15597,140,47,10,-1
15598,140,47,10,-1
15599,140,47,10,-1
15600,140,47,10,-1
15601,140,47,10,-1
15602,140,47,10,-1
15603,140,47,10,-1
15604,140,47,10,-1
15605,140,47,10,-1
15606,139,47,10,-1
15607,140,47,10,-1
15608,140,47,10,-1
15609,140,47,10,-1
15610,140,47,10,-1
15611,140,47,10,-1
15612,140,47,10,-1
15613,140,47,10,-1
15614,140,47,10,-1
15615,140,47,10,-1
15616,140,47,10,-1
15617,140,47,10,-1
15618,140,47,10,-1
15619,140,47,10,-1
15620,140,47,10,-1
15621,140,47,10,-1
15622,140,47,10,-1
15623,140,47,10,-1
15624,139,47,10,-1
15625,140,47,10,-1
15626,140,47,10,-1
15627,140,47,10,-1
15628,140,47,10,-1
15629,140,47,10,-1
15630,140,47,10,-1
15631,140,47,10,-1
15632,140,47,10,-1
15633,140,47,10,-1
15634,140,47,10,-1
15635,140,47,10,-1
15636,140,47,10,-1
15637,140,47,10,-1
15638,140,47,10,-1
15639,140,47,10,-1
15640,140,47,10,-1
15641,140,47,10,-1
15642,140,47,10,-1
15643,140,47,10,-1
15644,140,47,10,-1
15645,140,47,10,-1
15646,140,47,10,-1
15647,140,47,10,-1
15648,139,47,10,-1
15649,140,47,10,-1
15650,140,47,10,-1
15651,140,47,10,-1
15652,140,47,10,-1
15653,140,47,10,-1
15654,140,47,10,-1
15655,140,47,10,-1
15656,140,47,10,-1
15657,140,47,10,-1
15658,140,47,10,-1
15659,140,47,10,-1
15660,140,47,10,-1
15661,140,47,10,-1
15662,140,47,10,-1
15663,140,47,10,-1
15664,140,47,10,-1
15665,140,47,10,-1
15666,139,47,10,-1
15667,140,47,10,-1
15668,140,47,10,-1
15669,140,47,10,-1
15670,140,47,10,-1
15671,140,47,10,-1
15672,140,47,10,-1
15673,140,47,10,-1
15674,140,47,10,-1
15675,140,47,10,-1
15676,140,47,10,-1
15677,140,47,10,-1
15678,139,47,10,-1
15679,140,47,10,-1
15680,140,47,10,-1
15681,140,47,10,-1
15682,140,47,10,-1
15683,140,47,10,-1
15684,140,47,10,-1
15685,140,47,10,-1
15686,140,47,10,-1
15687,140,47,10,-1
15688,140,47,10,-1
15689,140,47,10,-1
15690,140,47,10,-1
15691,140,47,10,-1
15692,140,47,10,-1
15693,140,47,10,-1
15694,140,47,10,-1
15695,140,47,10,-1
15696,140,47,10,-1
15697,140,47,10,-1
15698,140,47,10,-1
15699,140,47,10,-1
15700,140,47,10,-1
15701,140,47,10,-1
15702,140,47,10,-1
15703,140,47,10,-1
15704,140,47,10,-1
15705,140,47,10,-1
15706,139,47,10,-1
15707,140,47,10,-1
15708,140,47,10,-1
15709,140,47,10,-1
15710,140,47,10,-1
15711,140,47,10,-1
15712,140,47,10,-1
15713,140,47,10,-1
15714,140,47,10,-1
15715,140,47,10,-1
15716,140,47,10,-1
15717,140,47,10,-1
15718,140,47,10,-1
15719,140,47,10,-1
15720,140,47,10,-1
15721,140,47,10,-1
15722,140,47,10,-1
15723,140,47,10,-1
15724,140,47,10,-1
15725,140,47,10,-1
15726,140,47,10,-1
15727,139,47,10,-1
15728,140,47,10,-1
15729,140,47,10,-1
15730,140,47,10,-1
15731,140,47,10,-1
15732,139,47,10,-1
15733,140,47,10,-1
15734,140,47,10,-1
15735,140,47,10,-1
15736,140,47,10,-1
15737,140,47,10,-1
15738,140,47,10,-1
15739,140,47,10,-1
15740,140,47,10,-1
15741,140,47,10,-1
15742,140,47,10,-1
15743,140,47,10,-1
15744,139,47,10,-1
15745,140,47,10,-1
15746,140,47,10,-1
15747,140,47,10,-1
15748,140,47,10,-1
15749,140,47,10,-1
15750,140,47,10,-1
15751,140,47,10,-1
15752,140,47,10,-1
15753,140,47,10,-1
15754,139,47,10,-1
15755,140,47,10,-1
15756,140,47,10,-1
15757,140,47,10,-1
15758,140,47,10,-1
15759,140,47,10,-1
15760,139,47,10,-1
15761,140,47,10,-1
15762,140,47,10,-1
15763,139,47,10,-1
15764,140,47,10,-1
15765,140,47,10,-1
15766,140,47,10,-1
15767,140,47,10,-1
15768,140,47,10,-1
15769,140,47,10,-1
15770,140,47,10,-1
15771,139,47,10,-1
15772,140,47,10,-1
15773,140,47,10,-1
15774,140,47,10,-1
15775,140,47,10,-1
15776,140,47,10,-1
15777,140,47,10,-1
15778,140,47,10,-1
15779,140,47,10,-1
15780,140,47,10,-1
15781,140,47,10,-1
15782,140,47,10,-1
15783,140,47,10,-1
15784,140,47,10,-1
15785,140,47,10,-1
15786,140,47,10,-1
15787,140,47,10,-1
15788,139,47,10,-1
15789,140,47,10,-1
15790,140,47,10,-1
15791,140,47,10,-1
15792,139,47,10,-1
15793,140,47,10,-1
15794,140,47,10,-1
15795,140,47,10,-1
15796,140,47,10,-1
15797,140,47,10,-1
15798,140,47,10,-1
15799,140,47,10,-1
15800,140,47,10,-1
15801,140,47,10,-1
15802,140,47,10,-1
15803,140,47,10,-1
15804,140,47,10,-1
15805,140,47,10,-1
15806,140,47,10,-1
15807,140,47,10,-1
15808,140,47,10,-1
15809,140,47,10,-1
15810,140,47,10,-1
15811,140,47,10,-1
15812,140,47,10,-1
15813,140,47,10,-1
15814,140,47,10,-1
15815,140,47,10,-1
15816,140,47,10,-1
15817,140,47,10,-1
15818,140,47,10,-1
15819,140,47,10,-1
15820,140,47,10,-1
15821,140,47,10,-1
15822,140,47,10,-1
15823,140,47,10,-1
15824,140,47,10,-1
15825,140,47,10,-1
15826,140,47,10,-1
15827,140,47,10,-1
15828,140,47,10,-1
15829,140,47,10,-1
15830,140,47,10,-1
15831,140,47,10,-1
15832,139,47,10,-1
15833,139,47,10,-1
15834,140,47,10,-1
15835,140,47,10,-1
15836,140,47,10,-1
15837,140,47,10,-1
15838,140,47,10,-1
15839,140,47,10,-1
15840,140,47,10,-1
15841,140,47,10,-1
15842,140,47,10,-1
15843,140,47,10,-1
15844,140,47,10,-1
15845,139,47,10,-1
15846,140,47,10,-1
15847,139,47,10,-1
15848,140,47,10,-1
15849,140,47,10,-1
15850,140,47,10,-1
15851,140,47,10,-1
15852,140,47,10,-1
15853,140,47,10,-1
15854,140,47,10,-1
15855,140,47,10,-1
15856,140,47,10,-1
15857,140,47,9,-1
15858,140,47,10,-1
15859,140,47,10,-1
15860,140,47,10,-1
15861,140,47,10,-1
15862,140,47,10,-1
15863,140,47,10,-1
15864,140,47,10,-1
15865,140,47,10,-1
15866,140,47,10,-1
15867,140,47,10,-1
15868,140,47,10,-1
15869,140,47,10,-1
15870,140,47,10,-1
15871,140,47,10,-1
15872,140,47,10,-1
15873,140,47,10,-1
15874,140,47,10,-1
15875,140,47,10,-1
15876,140,47,10,-1
15877,140,47,10,-1
15878,140,47,10,-1
15879,140,47,10,-1
15880,139,47,10,-1
15881,140,47,10,-1
15882,140,47,10,-1
15883,140,47,10,-1
15884,140,47,10,-1
15885,140,47,10,-1
15886,140,47,10,-1
15887,140,47,10,-1
15888,140,47,10,-1
15889,140,47,10,-1
15890,140,47,10,-1
15891,139,47,10,-1
15892,140,47,10,-1
15893,140,47,10,-1
15894,140,47,10,-1
15895,140,47,10,-1
15896,140,47,10,-1
15897,140,47,10,-1
15898,140,47,10,-1
15899,140,47,10,-1
15900,140,47,10,-1
15901,140,47,10,-1
15902,140,47,10,-1
15903,140,47,10,-1
15904,140,47,10,-1
15905,140,47,10,-1
15906,140,47,10,-1
15907,140,47,10,-1
15908,139,47,10,-1
15909,140,47,10,-1
15910,140,47,10,-1
15911,140,47,10,-1
15912,140,47,10,-1
15913,140,47,10,-1
15914,140,47,10,-1
15915,140,47,10,-1
15916,140,47,10,-1
15917,140,47,10,-1
15918,140,47,10,-1
15919,140,47,10,-1
15920,139,47,10,-1
15921,140,47,10,-1
15922,140,47,10,-1
15923,140,47,10,-1
15924,140,47,10,-1
15925,140,47,10,-1
15926,140,47,10,-1
15927,140,47,10,-1
15928,140,47,10,-1
15929,140,47,10,-1
15930,140,47,10,-1
15931,140,47,10,-1
15932,140,47,10,-1
15933,140,47,10,-1
15934,140,47,10,-1
15935,140,47,10,-1
15936,140,47,10,-1
15937,140,47,10,-1
15938,140,47,10,-1
15939,140,47,10,-1
15940,140,47,10,-1
15941,140,47,10,-1
15942,140,47,10,-1
15943,140,47,10,-1
15944,140,47,10,-1
15945,140,47,10,-1
15946,140,47,10,-1
15947,140,47,10,-1
15948,140,47,10,-1
15949,140,47,10,-1
15950,140,47,10,-1
15951,140,47,10,-1
15952,140,47,10,-1
15953,140,47,10,-1
15954,140,47,10,-1
15955,140,47,10,-1
15956,140,47,10,-1
15957,140,47,10,-1
15958,140,47,10,-1
15959,140,47,10,-1
15960,140,47,10,-1
15961,140,47,10,-1
15962,140,47,10,-1
15963,140,47,10,-1
15964,140,47,10,-1
15965,140,47,10,-1
15966,140,47,10,-1
15967,140,47,10,-1
15968,140,47,10,-1
15969,140,47,10,-1
15970,140,47,10,-1
15971,140,47,10,-1
15972,140,47,10,-1
15973,140,47,10,-1
15974,140,47,10,-1
15975,140,47,10,-1
15976,140,47,10,-1
15977,140,47,10,-1
15978,140,47,10,-1
15979,140,47,10,-1
15980,140,47,10,-1
15981,140,47,10,-1
15982,140,47,10,-1
15983,140,47,10,-1
15984,140,47,10,-1
15985,140,47,10,-1
15986,140,47,10,-1
15987,140,47,10,-1
15988,140,47,10,-1
15989,140,47,10,-1
15990,140,47,10,-1
15991,140,47,10,-1
15992,140,47,10,-1
15993,140,47,10,-1
15994,140,47,10,-1
15995,140,47,10,-1
15996,140,47,10,-1
15997,140,47,10,-1
15998,140,47,10,-1
15999,140,47,10,-1
16000,140,47,10,-1
16001,140,47,10,-1
16002,140,47,10,-1
16003,139,47,10,-1
16004,139,46,10,-1
16005,140,47,10,-1
16006,140,47,10,-1
16007,140,47,10,-1
16008,140,47,10,-1
16009,140,47,10,-1
16010,140,47,10,-1
16011,140,47,10,-1
16012,140,47,10,-1
16013,140,47,10,-1
16014,140,47,10,-1
16015,140,47,10,-1
16016,140,47,10,-1
16017,140,47,10,-1
16018,140,47,10,-1
16019,140,47,10,-1
16020,140,47,10,-1
16021,140,47,10,-1
16022,140,47,10,-1
16023,140,47,10,-1
16024,140,47,10,-1
16025,140,47,10,-1
16026,140,47,10,-1
16027,140,47,10,-1
16028,140,47,10,-1
16029,140,47,10,-1
16030,140,47,10,-1
16031,140,47,10,-1
16032,140,47,10,-1
16033,140,47,10,-1
16034,140,47,10,-1
16035,140,47,10,-1
16036,140,47,10,-1
16037,140,47,10,-1
16038,140,47,10,-1
16039,140,47,10,-1
16040,140,47,10,-1
16041,140,47,10,-1
16042,140,47,10,-1
16043,140,47,10,-1
16044,140,47,10,-1
16045,140,47,10,-1
16046,140,47,10,-1
16047,140,47,10,-1
16048,140,47,10,-1
16049,140,47,10,-1
16050,140,47,10,-1
16051,140,47,10,-1
16052,140,47,10,-1
16053,140,47,10,-1
16054,140,47,10,-1
16055,140,47,10,-1
16056,140,47,10,-1
16057,140,47,10,-1
16058,140,47,10,-1
16059,140,47,10,-1
16060,140,47,10,-1
16061,140,47,10,-1
16062,140,47,10,-1
16063,140,47,10,-1
16064,140,47,10,-1
16065,140,47,10,-1
16066,140,47,10,-1
16067,140,47,10,-1
16068,140,47,10,-1
16069,140,47,10,-1
16070,140,47,10,-1
16071,140,47,10,-1
16072,140,47,10,-1
16073,140,47,10,-1
16074,140,47,10,-1
16075,140,47,10,-1
16076,140,47,10,-1
16077,140,47,10,-1
16078,140,47,10,-1
16079,140,47,10,-1
16080,140,47,10,-1
16081,140,47,10,-1
16082,140,47,10,-1
16083,140,47,10,-1
16084,140,47,10,-1
16085,140,47,10,-1
16086,140,47,10,-1
16087,140,47,10,-1
16088,140,47,10,-1
16089,140,47,10,-1
16090,140,47,10,-1
16091,140,47,10,-1
16092,140,47,10,-1
16093,140,47,10,-1
16094,140,47,10,-1
16095,140,47,10,-1
16096,140,47,10,-1
16097,140,47,10,-1
16098,140,47,10,-1
16099,140,47,10,-1
16100,140,47,10,-1
16101,140,47,10,-1
16102,140,47,10,-1
16103,140,47,10,-1
16104,140,47,10,-1
16105,140,47,10,-1
16106,140,47,10,-1
16107,140,47,10,-1
16108,140,47,10,-1
16109,140,47,10,-1
16110,140,47,10,-1
16111,140,47,10,-1
16112,140,47,10,-1
16113,140,47,10,-1
16114,140,47,10,-1
16115,140,47,10,-1
16116,140,47,10,-1
16117,140,47,10,-1
16118,140,47,10,-1
16119,140,47,10,-1
16120,140,47,10,-1
16121,140,47,10,-1
16122,140,47,10,-1
16123,140,47,10,-1
16124,140,47,10,-1
16125,140,47,10,-1
16126,140,47,10,-1
16127,140,47,10,-1
16128,140,47,10,-1
16129,140,47,10,-1
16130,140,47,10,-1
16131,140,47,10,-1
16132,140,47,10,-1
16133,140,47,10,-1
16134,140,47,10,-1
16135,140,47,10,-1
16136,140,47,10,-1
16137,140,47,10,-1
16138,140,47,10,-1
16139,139,47,10,-1
16140,140,47,10,-1
16141,140,47,10,1
16142,140,47,10,-1
16143,140,47,10,-1
16144,140,47,10,-1
16145,140,47,10,-1
16146,140,47,10,-1
16147,140,47,10,-1
16148,140,47,10,-1
16149,140,47,10,-1
16150,140,47,10,-1
16151,140,47,10,-1
16152,140,47,10,-1
16153,140,47,10,-1
16154,140,47,10,-1
16155,140,47,10,-1
16156,140,47,10,-1
16157,140,47,10,-1
16158,140,47,10,-1
16159,140,47,10,-1
16160,140,47,10,-1
16161,140,47,10,-1
16162,140,47,10,-1
16163,140,47,10,-1
16164,140,47,10,-1
16165,140,47,10,-1
16166,140,47,10,-1
16167,140,47,10,-1
16168,140,47,10,-1
16169,139,47,10,-1
16170,140,47,10,-1
16171,140,47,10,-1
16172,140,47,10,-1
16173,140,47,10,-1
16174,140,47,10,-1
16175,140,47,10,-1
16176,140,47,10,-1
16177,140,47,10,-1
16178,140,47,10,-1
16179,140,47,10,-1
16180,140,47,10,-1
16181,140,47,10,-1
16182,140,47,10,-1
16183,140,47,10,-1
16184,140,47,10,-1
16185,140,47,10,-1
16186,140,47,10,-1
16187,140,47,10,-1
16188,140,47,10,-1
16189,140,47,10,-1
16190,140,47,10,-1
16191,140,47,10,-1
16192,140,47,10,-1
16193,140,47,10,-1
16194,140,47,10,-1
16195,140,47,10,-1
16196,140,47,10,-1
16197,140,47,10,-1
16198,140,47,10,-1
16199,140,47,10,-1
16200,140,47,10,-1
16201,140,47,10,-1
16202,140,47,10,-1
16203,140,47,10,-1
16204,139,47,10,-1
16205,140,47,10,-1
16206,140,47,10,-1
16207,140,47,10,-1
16208,140,47,10,-1
16209,140,47,10,-1
16210,140,47,10,-1
16211,140,47,10,-1
16212,140,47,10,-1
16213,140,47,10,-1
16214,140,47,10,-1
16215,140,47,10,-1
16216,140,47,10,-1
16217,140,47,10,-1
16218,140,47,10,-1
16219,140,47,10,-1
16220,140,47,10,-1
16221,140,47,10,-1
16222,140,47,10,-1
16223,139,47,10,-1
16224,140,47,10,-1
16225,140,47,10,-1
16226,140,47,10,-1
16227,140,47,10,-1
16228,140,47,10,-1
16229,140,47,10,-1
16230,140,47,10,-1
16231,140,47,10,-1
16232,140,47,10,-1
16233,140,47,10,-1
16234,140,47,10,-1
16235,140,47,10,-1
16236,140,47,10,-1
16237,140,47,10,-1
16238,140,47,10,-1
16239,140,47,10,-1
16240,140,47,10,-1
16241,140,47,10,-1
16242,140,47,10,-1
16243,140,47,10,-1
16244,140,47,10,-1
16245,139,47,10,-1
16246,140,47,10,-1
16247,140,47,10,-1
16248,140,47,10,-1
16249,140,47,10,-1
16250,140,47,10,-1
16251,140,47,10,-1
16252,140,47,10,-1
16253,140,47,10,-1
16254,140,47,10,-1
16255,140,47,10,-1
16256,140,47,10,-1
16257,140,47,10,-1
16258,140,47,10,-1
16259,140,47,10,-1
16260,140,47,10,-1
16261,140,47,10,-1
16262,140,47,10,-1
16263,140,47,10,-1
16264,140,47,10,-1
16265,140,47,10,-1
16266,140,47,10,-1
16267,140,47,10,-1
16268,140,47,10,-1
16269,140,47,10,-1
16270,140,47,10,-1
16271,140,47,10,-1
16272,140,47,10,-1
16273,140,47,10,-1
16274,140,47,10,-1
16275,140,47,10,-1
16276,140,47,10,-1
16277,140,47,10,-1
16278,140,47,10,-1
16279,140,47,10,-1
16280,140,47,10,-1
16281,140,47,10,-1
16282,140,47,10,-1
16283,140,47,10,-1
16284,140,47,10,-1
16285,140,47,10,-1
16286,140,47,10,-1
16287,140,47,10,-1
16288,140,47,10,-1
16289,140,47,10,-1
16290,140,47,10,-1
16291,140,47,10,-1
16292,140,47,10,-1
16293,140,47,10,-1
16294,140,47,10,-1
16295,140,47,10,-1
16296,139,47,10,-1
16297,139,47,10,-1
16298,140,47,10,-1
16299,140,47,10,-1
16300,140,47,10,-1
16301,140,47,10,-1
16302,140,47,10,-1
16303,140,47,10,-1
16304,140,47,10,-1
16305,140,47,10,-1
16306,140,47,10,-1
16307,140,47,10,-1
16308,140,47,10,-1
16309,140,47,10,-1
16310,140,47,10,-1
16311,140,47,10,-1
16312,140,47,10,-1
16313,140,47,10,-1
16314,140,47,10,-1
16315,140,47,10,-1
16316,140,47,10,-1
16317,140,47,10,-1
16318,140,47,10,-1
16319,140,47,10,-1
16320,140,47,10,-1
16321,140,47,10,-1
16322,140,47,10,-1
16323,140,47,10,-1
16324,139,47,10,-1
16325,140,47,10,-1
16326,140,47,10,-1
16327,140,47,10,-1
16328,140,47,10,-1
16329,140,47,10,-1
16330,140,47,10,-1
16331,140,47,10,-1
16332,140,47,10,-1
16333,140,47,10,-1
16334,140,47,10,-1
16335,140,47,10,-1
16336,140,47,10,-1
16337,140,47,10,-1
16338,140,47,10,-1
16339,140,47,10,-1
16340,140,47,10,-1
16341,140,47,10,-1
16342,140,47,10,-1
16343,140,47,10,-1
16344,140,47,10,-1
16345,140,47,10,-1
16346,140,47,10,-1
16347,140,47,10,-1
16348,140,47,10,-1
16349,140,47,10,-1
16350,140,47,10,-1
16351,140,47,10,-1
16352,140,47,10,-1
16353,140,47,10,-1
16354,140,47,10,-1
16355,140,47,10,-1
16356,140,47,10,-1
16357,140,47,10,-1
16358,140,47,10,-1
16359,140,47,10,-1
16360,139,47,10,-1
16361,139,47,10,-1
16362,140,47,10,-1
16363,140,47,10,-1
16364,140,47,10,-1
16365,140,47,10,-1
16366,140,47,10,-1
16367,140,47,10,-1
16368,140,47,10,-1
16369,140,47,10,-1
16370,140,47,10,-1
16371,140,47,10,-1
16372,140,47,10,-1
16373,140,47,10,-1
16374,140,47,10,-1
16375,140,47,10,-1
16376,140,47,10,-1
16377,140,47,10,-1
16378,140,47,10,-1
16379,140,47,10,-1
16380,140,47,10,-1
16381,140,47,10,-1
16382,140,47,10,-1
16383,140,47,10,-1
16384,140,47,10,-1
16385,140,47,10,-1
16386,140,47,10,-1
16387,140,47,10,-1
16388,140,47,10,-1
16389,140,47,10,-1
16390,140,47,10,-1
16391,140,47,10,-1
16392,140,47,10,-1
16393,140,47,10,-1
16394,140,47,10,-1
16395,140,47,10,-1
16396,140,47,10,-1
16397,139,47,10,-1
16398,140,47,10,-1
16399,140,47,10,-1
16400,140,47,10,-1
16401,140,47,10,-1
16402,140,47,10,-1
16403,140,47,10,-1
16404,140,47,10,-1
16405,140,47,10,-1
16406,140,47,10,-1
16407,140,47,10,-1
16408,140,47,10,-1
16409,140,47,10,-1
16410,140,47,10,-1
16411,140,47,10,-1
16412,140,47,10,-1
16413,140,47,10,-1
16414,140,47,10,-1
16415,140,47,10,-1
16416,140,47,10,-1
16417,140,47,10,-1
16418,140,47,10,-1
16419,140,47,10,-1
16420,140,47,10,-1
16421,140,47,10,-1
16422,140,47,10,-1
16423,140,47,10,-1
16424,140,47,10,-1
16425,140,47,10,-1
16426,140,47,10,-1
16427,140,47,10,-1
16428,140,47,10,-1
16429,140,47,10,-1
16430,140,47,10,-1
16431,140,47,10,-1
16432,140,47,10,-1
16433,140,47,10,-1
16434,140,47,10,-1
16435,140,47,10,-1
16436,140,47,10,-1
16437,140,47,10,-1
16438,140,47,10,-1
16439,140,47,10,-1
16440,140,47,10,-1
16441,139,47,10,-1
16442,140,47,10,-1
16443,140,47,10,-1
16444,140,47,10,-1
16445,140,47,10,-1
16446,140,47,10,-1
16447,140,47,10,-1
16448,140,47,10,-1
16449,140,47,10,-1
16450,140,47,10,-1
16451,140,47,10,-1
16452,140,47,10,-1
16453,140,47,10,-1
16454,140,47,10,-1
16455,140,47,10,-1
16456,140,47,10,-1
16457,140,47,10,-1
16458,140,47,10,-1
16459,140,47,10,-1
16460,140,47,10,-1
16461,140,47,10,-1
16462,140,47,10,-1
16463,140,47,10,-1
16464,140,47,10,-1
16465,140,47,10,-1
16466,140,47,10,-1
16467,140,47,10,-1
16468,139,47,10,-1
16469,140,47,10,-1
16470,140,47,10,-1
16471,140,47,10,-1
16472,140,47,10,-1
16473,140,47,10,-1
16474,140,47,10,-1
16475,140,47,10,-1
16476,140,47,10,-1
16477,140,47,10,-1
16478,140,47,10,-1
16479,140,47,10,-1
16480,140,47,10,-1
16481,140,47,10,-1
16482,140,47,10,-1
16483,140,47,10,-1
16484,140,47,10,-1
16485,140,47,10,-1
16486,140,47,10,-1
16487,140,47,10,-1
16488,140,47,10,-1
16489,140,47,10,-1
16490,140,47,10,-1
16491,140,47,10,-1
16492,140,47,10,-1
16493,140,47,10,-1
16494,140,47,10,-1
16495,140,47,10,-1
16496,140,47,10,-1
16497,140,47,10,-1
16498,140,47,10,-1
16499,140,47,10,-1
16500,140,47,10,-1
16501,140,47,10,-1
16502,140,47,10,-1
16503,140,47,10,-1
16504,140,47,10,-1
16505,140,47,10,-1
16506,140,47,10,-1
16507,140,47,10,-1
16508,140,47,10,-1
16509,140,47,10,-1
16510,140,47,10,-1
16511,140,47,10,-1
16512,140,47,10,-1
16513,140,47,10,-1
16514,140,47,10,-1
16515,140,47,10,-1
16516,140,47,10,-1
16517,140,47,10,-1
16518,140,47,10,-1
16519,140,47,10,-1
16520,140,47,10,-1
16521,139,47,10,-1
16522,140,47,10,-1
16523,140,47,10,-1
16524,139,47,10,-1
16525,140,47,10,-1
16526,140,47,10,-1
16527,140,47,10,-1
16528,140,47,10,-1
16529,140,47,10,-1
16530,140,47,10,-1
16531,140,47,10,-1
16532,140,47,10,-1
16533,140,47,10,-1
16534,140,47,10,-1
16535,140,47,10,-1
16536,140,47,10,-1
16537,140,47,10,-1
16538,140,47,10,-1
16539,140,47,10,-1
16540,140,47,10,-1
16541,140,47,10,-1
16542,140,47,10,-1
16543,140,47,10,-1
16544,140,47,10,-1
16545,140,47,10,-1
16546,140,47,10,-1
16547,139,47,10,-1
16548,140,47,10,-1
16549,140,47,10,-1
16550,140,47,10,-1
16551,140,47,10,-1
16552,140,47,10,-1
16553,140,47,10,-1
16554,140,47,10,-1
16555,140,47,10,-1
16556,140,47,10,-1
16557,140,47,10,-1
16558,140,47,10,-1
16559,139,47,10,-1
16560,140,47,10,-1
16561,140,47,10,-1
16562,140,47,10,-1
16563,140,47,10,-1
16564,140,47,10,-1
16565,140,47,10,-1
16566,140,47,10,-1
16567,140,47,10,-1
16568,140,47,10,-1
16569,140,47,10,-1
16570,140,47,10,-1
16571,140,47,10,-1
16572,140,47,10,-1
16573,140,47,10,-1
16574,140,47,10,-1
16575,139,47,10,-1
16576,140,47,10,-1
16577,139,47,10,-1
16578,140,47,10,-1
16579,140,47,10,-1
16580,140,47,10,-1
16581,140,47,10,-1
16582,139,47,10,-1
16583,140,47,10,-1
16584,140,47,10,-1
16585,140,47,10,-1
16586,140,47,10,-1
16587,140,47,10,-1
16588,140,47,10,-1
16589,140,47,10,-1
16590,140,47,10,-1
16591,140,47,10,-1
16592,140,47,10,-1
16593,140,47,10,-1
16594,140,47,10,-1
16595,140,47,10,-1
16596,140,47,10,-1
16597,140,47,10,-1
16598,140,47,10,-1
16599,140,47,10,-1
16600,140,47,10,-1
16601,140,47,10,-1
16602,140,47,10,-1
16603,140,47,10,-1
16604,140,47,10,-1
16605,140,47,10,-1
16606,140,47,10,-1
16607,140,47,10,-1
16608,140,47,10,-1
16609,140,47,10,-1
16610,140,47,10,-1
16611,140,47,10,-1
16612,140,47,10,-1
16613,140,47,10,-1
16614,140,47,10,-1
16615,140,47,10,-1
16616,140,47,10,-1
16617,140,47,10,-1
16618,140,47,10,-1
16619,140,47,10,-1
16620,140,47,10,-1
16621,140,47,10,-1
16622,140,47,10,-1
16623,140,47,10,-1
16624,140,47,10,-1
16625,140,47,10,-1
16626,140,47,10,-1
16627,140,47,10,-1
16628,140,47,10,-1
16629,140,47,10,-1
16630,140,47,10,-1
16631,140,47,10,-1
16632,140,47,10,-1
16633,140,47,10,-1
16634,140,47,10,-1
16635,140,47,10,-1
16636,140,47,10,-1
16637,140,47,10,-1
16638,140,47,10,-1
16639,140,47,10,-1
16640,140,47,10,-1
16641,140,47,10,-1
16642,140,47,10,-1
16643,140,47,10,-1
16644,140,47,10,-1
16645,140,47,10,-1
16646,140,47,10,-1
16647,140,47,10,-1
16648,140,47,10,-1
16649,140,47,10,-1
16650,140,47,10,-1
16651,140,47,10,-1
16652,139,47,10,-1
16653,140,47,10,-1
16654,140,47,10,-1
16655,140,47,10,-1
16656,140,47,10,-1
16657,140,47,10,-1
16658,140,47,10,-1
16659,140,47,10,-1
16660,140,47,10,-1
16661,140,47,10,-1
16662,139,47,10,-1
16663,140,47,10,-1
16664,140,47,10,-1
16665,140,47,10,-1
16666,140,47,10,-1
16667,140,47,10,-1
16668,140,47,10,-1
16669,140,47,10,-1
16670,140,47,10,-1
16671,140,47,10,-1
16672,140,47,10,-1
16673,140,47,10,-1
16674,140,47,10,-1
16675,140,47,10,-1
16676,140,47,10,-1
16677,140,47,10,-1
16678,140,47,10,-1
16679,139,47,10,-1
16680,140,47,10,-1
16681,140,47,10,-1
16682,140,47,10,-1
16683,140,47,10,-1
16684,140,47,10,-1
16685,140,47,10,-1
16686,140,47,10,-1
16687,140,47,10,-1
16688,140,47,10,-1
16689,140,47,10,-1
16690,140,47,10,-1
16691,140,47,10,-1
16692,140,47,10,-1
16693,140,47,10,-1
16694,140,47,10,-1
16695,140,47,10,-1
16696,140,47,10,-1
16697,140,47,10,-1
16698,140,47,10,-1
16699,140,47,10,-1
16700,140,47,10,-1
16701,140,47,10,-1
16702,140,47,10,-1
16703,140,47,10,-1
16704,140,47,10,-1
16705,140,47,10,-1
16706,140,47,10,-1
16707,140,47,10,-1
16708,140,47,10,-1
16709,140,47,10,-1
16710,140,47,10,-1
16711,140,47,10,-1
16712,140,47,10,-1
16713,140,47,10,-1
16714,140,47,10,-1
16715,140,47,10,-1
16716,140,47,10,-1
16717,140,47,10,-1
16718,140,47,10,-1
16719,140,47,10,-1
16720,140,47,10,-1
16721,140,47,10,-1
16722,140,47,10,-1
16723,140,47,10,-1
16724,140,47,10,-1
16725,140,47,10,-1
16726,140,47,10,-1
16727,140,47,10,-1
16728,140,47,10,-1
16729,140,47,10,-1
16730,140,47,10,-1
16731,140,47,10,-1
16732,140,47,10,-1
16733,140,47,10,-1
16734,140,47,10,-1
16735,140,47,10,-1
16736,140,47,10,-1
16737,140,47,10,-1
16738,140,47,10,-1
16739,140,47,10,-1
16740,140,47,10,-1
16741,140,47,10,-1
16742,140,47,10,-1
16743,140,47,10,-1
16744,139,47,10,-1
16745,140,47,10,-1
16746,140,47,10,-1
16747,140,47,10,-1
16748,140,47,10,-1
16749,140,47,10,-1
16750,140,47,10,-1
16751,140,47,10,-1
16752,140,47,10,-1
16753,140,47,10,-1
16754,140,47,10,-1
16755,140,47,10,-1
16756,140,47,10,-1
16757,140,47,10,-1
16758,140,47,10,-1
16759,140,47,10,-1
16760,140,47,10,-1
16761,140,47,10,-1
16762,140,47,10,-1
16763,140,47,10,-1
16764,140,47,10,-1
16765,140,47,10,1
16766,140,47,10,-1
16767,140,47,10,-1
16768,140,47,10,-1
16769,140,47,10,-1
16770,140,47,10,-1
16771,140,47,10,-1
16772,140,47,10,-1
16773,140,47,10,-1
16774,140,47,10,-1
16775,140,47,10,-1
16776,140,47,10,-1
16777,140,47,10,-1
16778,140,47,10,-1
16779,140,47,10,-1
16780,140,47,10,-1
16781,140,47,10,-1
16782,140,47,10,-1
16783,140,47,10,-1
16784,139,47,10,-1
16785,140,47,10,-1
16786,140,47,10,-1
16787,140,47,10,-1
16788,140,47,10,-1
16789,140,47,10,-1
16790,140,47,10,-1
16791,140,47,10,-1
16792,140,47,10,-1
16793,140,47,10,-1
16794,140,47,10,-1
16795,140,47,10,-1
16796,140,47,10,-1
16797,140,47,10,-1
16798,140,47,10,-1
16799,140,47,10,-1
16800,140,47,10,-1
16801,140,47,10,-1
16802,140,47,10,-1
16803,140,47,10,-1
16804,139,47,10,-1
16805,140,47,10,-1
16806,140,47,10,-1
16807,140,47,10,-1
16808,140,47,10,-1
16809,140,47,10,-1
16810,140,47,10,-1
16811,140,47,10,-1
16812,140,47,10,-1
16813,140,47,10,-1
16814,139,47,10,-1
16815,140,47,10,-1
16816,140,47,10,-1
16817,140,47,10,-1
16818,140,47,10,-1
16819,140,47,10,-1
16820,140,47,10,-1
16821,140,47,10,-1
16822,140,47,10,-1
16823,140,47,10,-1
16824,140,47,10,-1
16825,140,47,10,-1
16826,140,47,10,-1
16827,140,47,10,-1
16828,140,47,10,-1
16829,140,47,10,-1
16830,140,47,10,-1
16831,140,47,10,-1
16832,140,47,10,-1
16833,140,47,10,-1
16834,140,47,10,-1
16835,140,47,10,-1
16836,140,47,10,-1
16837,140,47,10,-1
16838,140,47,10,-1
16839,140,47,10,-1
16840,140,47,10,-1
16841,140,47,10,-1
16842,140,47,10,-1
16843,140,47,10,-1
16844,140,47,10,-1
16845,140,47,10,-1
16846,139,47,10,-1
16847,140,47,10,-1
16848,140,47,10,-1
16849,138,47,10,-1
16850,140,47,10,-1
16851,140,47,10,-1
16852,140,47,10,-1
16853,140,47,10,-1
16854,140,47,10,-1
16855,140,47,10,-1
16856,140,47,10,-1
16857,140,47,10,-1
16858,140,47,10,-1
16859,140,47,10,-1
16860,140,47,10,-1
16861,140,47,10,-1
16862,140,47,10,-1
16863,140,47,10,-1
16864,140,47,10,-1
16865,140,47,10,-1
16866,139,47,10,-1
16867,140,47,10,-1
16868,140,47,10,-1
16869,140,47,10,-1
16870,140,47,10,-1
16871,140,47,10,-1
16872,140,47,10,-1
16873,140,47,10,-1
16874,140,47,10,-1
16875,140,47,10,-1
16876,140,47,10,-1
16877,140,47,10,-1
16878,140,47,10,-1
16879,140,47,10,-1
16880,140,47,10,-1
16881,140,47,10,-1
16882,140,47,10,-1
16883,140,47,10,-1
16884,140,47,10,-1
16885,140,47,10,-1
16886,140,47,10,-1
16887,140,47,10,-1
16888,140,47,10,-1
16889,140,47,10,-1
16890,140,47,10,-1
16891,140,47,10,-1
16892,140,47,10,-1
16893,140,47,10,-1
16894,140,47,10,-1
16895,140,47,10,-1
16896,140,47,10,-1
16897,140,47,10,-1
16898,140,47,10,-1
16899,140,47,10,-1
16900,140,47,10,-1
16901,140,47,10,-1
16902,140,47,10,-1
16903,140,47,10,-1
16904,140,47,10,-1
16905,140,47,10,-1
16906,140,47,10,-1
16907,140,47,10,-1
16908,140,47,10,-1
16909,140,47,10,-1
16910,140,47,10,-1
16911,140,47,10,-1
16912,140,47,10,-1
16913,140,47,10,-1
16914,140,47,10,-1
16915,140,47,10,-1
16916,140,47,10,-1
16917,140,47,10,-1
16918,140,47,10,-1
16919,140,47,10,-1
16920,140,47,10,-1
16921,140,47,10,-1
16922,139,47,10,-1
16923,140,47,10,-1
16924,140,47,10,-1
16925,140,47,10,-1
16926,140,47,10,-1
16927,140,47,10,-1
16928,140,47,10,-1
16929,140,47,10,-1
16930,140,47,10,-1
16931,140,47,10,-1
16932,140,47,10,-1
16933,140,47,10,-1
16934,140,47,10,-1
16935,140,47,10,-1
16936,140,47,10,-1
16937,140,47,10,-1
16938,140,47,10,-1
16939,140,47,10,-1
16940,140,47,10,-1
16941,140,47,10,-1
16942,140,47,10,-1
16943,140,47,10,-1
16944,140,47,10,-1
16945,140,47,10,-1
16946,140,47,10,-1
16947,140,47,10,-1
16948,140,47,10,-1
16949,140,47,10,-1
16950,140,47,10,-1
16951,140,47,10,-1
16952,140,47,10,-1
16953,140,47,10,-1
16954,140,47,10,-1
16955,140,47,10,-1
16956,140,47,10,-1
16957,140,47,10,-1
16958,140,47,10,-1
16959,140,47,10,-1
16960,140,47,10,-1
16961,140,47,10,-1
16962,140,47,10,-1
16963,140,47,10,-1
16964,140,47,10,-1
16965,140,47,10,-1
16966,140,47,10,-1
16967,140,47,10,-1
16968,140,47,10,-1
16969,140,47,10,-1
16970,140,47,10,-1
16971,140,47,10,-1
16972,140,47,10,-1
16973,140,47,10,-1
16974,140,47,10,-1
16975,139,47,10,-1
16976,140,47,10,-1
16977,140,47,10,-1
16978,140,47,10,-1
16979,140,47,10,-1
16980,140,47,10,-1
16981,140,47,10,-1
16982,140,47,10,-1
16983,139,47,10,-1
16984,140,47,10,-1
16985,140,47,10,-1
16986,140,47,10,-1
16987,140,47,10,-1
16988,140,47,10,-1
16989,140,47,10,-1
16990,140,47,10,-1
16991,140,47,10,-1
16992,140,47,10,-1
16993,140,47,10,-1
16994,140,47,10,-1
16995,140,47,10,-1
16996,140,47,10,-1
16997,140,47,10,-1
16998,140,47,10,-1
16999,140,47,10,-1
17000,140,47,10,-1
17001,140,47,10,-1
17002,140,47,10,-1
17003,140,47,10,-1
17004,140,47,10,-1
17005,140,47,10,-1
17006,140,47,10,-1
17007,140,47,10,-1
17008,140,47,10,-1
17009,140,47,10,-1
17010,140,47,10,-1
17011,140,47,10,-1
17012,140,47,10,-1
17013,140,47,10,-1
17014,140,47,10,-1
17015,140,47,10,-1
17016,140,47,10,-1
17017,140,47,10,-1
17018,140,47,10,-1
17019,140,47,10,-1
17020,140,47,10,-1
17021,140,47,10,-1
17022,140,47,10,-1
17023,140,47,10,-1
17024,140,47,10,-1
17025,140,47,10,-1
17026,140,47,10,-1
17027,140,47,10,-1
17028,140,47,10,-1
17029,140,47,10,-1
17030,140,47,10,-1
17031,140,47,10,-1
17032,140,47,10,-1
17033,140,47,10,-1
17034,140,47,10,-1
17035,140,47,10,-1
17036,140,47,10,-1
17037,140,47,10,-1
17038,140,47,10,-1
17039,140,47,10,-1
17040,140,47,10,-1
17041,140,47,10,-1
17042,140,47,10,-1
17043,140,47,10,-1
17044,140,47,10,-1
17045,140,47,10,-1
17046,140,47,10,-1
17047,140,47,10,-1
17048,140,47,10,-1
17049,140,47,10,-1
17050,140,47,10,-1
17051,140,47,10,-1
17052,140,47,10,-1
17053,140,47,10,-1
17054,140,47,10,-1
17055,139,47,10,-1
17056,140,47,10,-1
17057,140,47,10,-1
17058,140,47,10,-1
17059,140,47,10,-1
17060,140,47,10,-1
17061,140,47,10,-1
17062,140,47,10,-1
17063,140,47,10,-1
17064,140,47,10,-1
17065,140,47,10,-1
17066,140,47,10,-1
17067,139,47,10,-1
17068,140,47,10,-1
17069,140,47,10,-1
17070,140,47,10,-1
17071,139,47,10,-1
17072,140,47,10,-1
17073,140,47,10,-1
17074,140,47,10,-1
17075,140,47,10,-1
17076,140,47,10,-1
17077,140,47,10,-1
17078,140,47,10,-1
17079,140,47,10,-1
17080,140,47,10,-1
17081,140,47,10,-1
17082,140,47,10,-1
17083,140,47,10,-1
17084,140,47,10,-1
17085,140,47,10,-1
17086,140,47,10,-1
17087,140,47,10,-1
17088,140,47,10,-1
17089,139,47,10,-1
17090,140,47,10,-1
17091,140,47,10,-1
17092,139,47,10,-1
17093,140,47,10,-1
17094,140,47,10,-1
17095,140,47,10,-1
17096,140,47,10,-1
17097,140,47,10,-1
17098,140,47,10,-1
17099,140,47,10,-1
17100,140,47,10,-1
17101,140,47,10,-1
17102,140,47,10,-1
17103,140,47,10,-1
17104,140,47,10,-1
17105,140,47,10,-1
17106,140,47,10,-1
17107,140,47,10,-1
17108,140,47,10,-1
17109,140,47,10,-1
17110,140,47,10,-1
17111,140,47,10,-1
17112,140,47,10,-1
17113,140,47,10,-1
17114,140,47,10,-1
17115,140,47,10,-1
17116,140,47,10,-1
17117,140,47,10,-1
17118,140,47,10,-1
17119,140,47,10,-1
17120,140,47,10,-1
17121,140,47,10,-1
17122,140,47,10,-1
17123,140,47,10,-1
17124,140,47,10,-1
17125,140,47,10,-1
17126,140,47,10,-1
17127,140,47,10,-1
17128,140,47,10,-1
17129,140,47,10,-1
17130,140,47,10,-1
17131,140,47,10,-1
17132,140,47,10,-1
17133,140,47,10,-1
17134,140,47,10,-1
17135,140,47,10,-1
17136,140,47,10,-1
17137,140,47,10,-1
17138,140,47,10,-1
17139,140,47,10,-1
17140,140,47,10,-1
17141,139,47,10,-1
17142,140,47,10,-1
17143,140,47,10,-1
17144,140,47,10,-1
17145,140,47,10,-1
17146,140,47,10,-1
17147,140,47,10,-1
17148,139,47,10,-1
17149,140,47,10,-1
17150,140,47,10,-1
17151,140,47,10,-1
17152,140,47,10,-1
17153,140,47,10,-1
17154,140,47,10,-1
17155,140,47,10,-1
17156,140,47,10,-1
17157,140,47,10,-1
17158,140,47,10,-1
17159,140,47,10,-1
17160,140,47,10,-1
17161,140,47,10,-1
17162,140,47,10,-1
17163,140,47,10,-1
17164,140,47,10,-1
17165,140,47,10,-1
17166,140,47,10,-1
17167,140,47,10,-1
17168,140,47,10,-1
17169,140,47,10,-1
17170,140,47,10,-1
17171,140,47,10,-1
17172,140,47,10,-1
17173,140,47,10,-1
17174,139,47,10,-1
17175,140,47,10,-1
17176,140,47,10,-1
17177,140,47,10,-1
17178,140,47,10,-1
17179,140,47,10,-1
17180,140,47,10,-1
17181,140,47,10,-1
17182,140,47,10,-1
17183,140,47,10,-1
17184,140,47,10,-1
17185,140,47,10,-1
17186,140,47,10,-1
17187,140,47,10,-1
17188,140,47,10,-1
17189,140,47,10,-1
17190,139,47,10,-1
17191,140,47,10,-1
17192,140,47,10,-1
17193,140,47,10,-1
17194,140,47,10,-1
17195,140,47,10,-1
17196,140,47,10,-1
17197,140,47,10,-1
17198,140,47,10,-1
17199,140,47,10,-1
17200,140,47,10,-1
17201,140,47,10,-1
17202,140,47,10,-1
17203,140,47,10,-1
17204,140,47,10,-1
17205,140,47,10,-1
17206,139,47,10,-1
17207,140,47,10,-1
17208,140,47,10,-1
17209,140,47,10,-1
17210,140,47,10,-1
17211,140,47,10,-1
17212,140,47,10,-1
17213,140,47,10,-1
17214,140,47,10,-1
17215,140,47,10,-1
17216,140,47,10,-1
17217,140,47,10,-1
17218,140,47,10,-1
17219,140,47,10,-1
17220,139,47,10,-1
17221,140,47,10,-1
17222,140,47,10,-1
17223,140,47,10,-1
17224,140,47,10,-1
17225,140,47,10,-1
17226,140,47,10,-1
17227,140,47,10,-1
17228,140,47,10,-1
17229,140,47,10,-1
17230,140,47,10,-1
17231,140,47,10,-1
17232,139,47,10,-1
17233,139,47,10,-1
17234,140,47,10,-1
17235,140,47,10,-1
17236,140,47,10,-1
17237,140,47,10,-1
17238,140,47,10,-1
17239,140,47,10,-1
17240,140,47,10,-1
17241,140,47,10,-1
17242,140,47,10,-1
17243,140,47,10,-1
17244,140,47,10,-1
17245,140,47,10,-1
17246,140,47,10,-1
17247,140,47,10,-1
17248,140,47,10,-1
17249,140,47,10,-1
17250,140,47,10,-1
17251,140,47,10,-1
17252,140,47,10,-1
17253,140,47,10,-1
17254,140,47,10,-1
17255,140,47,10,-1
17256,140,47,10,-1
17257,140,47,10,-1
17258,140,47,10,-1
17259,140,47,10,-1
17260,140,47,10,-1
17261,140,47,10,-1
17262,140,47,10,-1
17263,140,47,10,-1
17264,140,47,10,-1
17265,140,47,10,-1
17266,140,47,10,-1
17267,140,47,10,-1
17268,140,47,10,-1
17269,140,47,10,-1
17270,140,47,10,-1
17271,140,47,10,-1
17272,139,47,10,-1
17273,140,47,10,-1
17274,140,47,10,-1
17275,140,47,10,-1
17276,140,47,10,-1
17277,140,47,10,-1
17278,140,47,10,-1
17279,140,47,10,-1
17280,140,47,10,-1
17281,140,47,10,-1
17282,140,47,10,-1
17283,140,47,10,-1
17284,140,47,10,-1
17285,140,47,10,-1
17286,140,47,10,-1
17287,140,47,10,-1
17288,140,47,10,-1
17289,140,47,10,-1
17290,140,47,10,-1
17291,140,47,10,-1
17292,140,47,10,-1
17293,140,47,10,-1
17294,140,47,10,-1
17295,140,47,10,-1
17296,140,47,10,-1
17297,140,47,10,-1
17298,140,47,10,-1
17299,140,47,10,-1
17300,140,47,10,-1
17301,140,47,10,-1
17302,140,47,10,-1
17303,140,47,10,-1
17304,140,47,10,-1
17305,140,47,10,-1
17306,139,47,10,-1
17307,140,47,10,-1
17308,140,47,10,-1
17309,140,47,10,-1
17310,140,47,10,-1
17311,140,47,10,-1
17312,140,47,10,-1
17313,140,47,10,-1
17314,140,47,10,-1
17315,140,47,10,-1
17316,140,47,10,-1
17317,140,47,10,-1
17318,140,47,10,-1
17319,140,47,10,-1
17320,139,47,10,-1
17321,140,47,10,-1
17322,139,47,10,-1
17323,140,47,10,-1
17324,140,47,10,-1
17325,140,47,10,-1
17326,140,47,10,-1
17327,140,47,10,-1
17328,140,47,10,-1
17329,140,47,10,-1
17330,140,47,10,-1
17331,140,47,10,-1
17332,140,47,10,-1
17333,140,47,10,-1
17334,140,47,10,-1
17335,140,47,10,-1
17336,140,47,10,-1
17337,140,47,10,-1
17338,139,47,10,-1
17339,140,47,10,-1
17340,140,47,10,-1
17341,139,47,10,-1
17342,140,47,10,-1
17343,140,47,10,-1
17344,140,47,10,-1
17345,140,47,10,-1
17346,140,47,10,-1
17347,140,47,10,-1
17348,140,47,10,-1
17349,139,47,10,-1
17350,139,47,10,-1
17351,140,47,10,-1
17352,140,47,10,-1
17353,140,47,10,-1
17354,140,47,10,-1
17355,140,47,10,-1
17356,140,47,10,-1
17357,140,47,10,-1
17358,140,47,10,-1
17359,140,47,10,-1
17360,140,47,10,-1
17361,140,47,10,-1
17362,140,47,10,-1
17363,140,47,10,-1
17364,140,47,10,-1
17365,140,47,10,-1
17366,140,47,10,-1
17367,140,47,10,-1
17368,140,47,10,-1
17369,140,47,10,-1
17370,140,47,10,-1
17371,140,47,10,-1
17372,140,47,10,-1
17373,140,47,10,-1
17374,140,47,10,-1
17375,140,47,10,-1
17376,140,47,10,-1
17377,140,47,10,-1
17378,140,47,10,-1
17379,140,47,10,-1
17380,140,47,10,-1
17381,140,47,10,-1
17382,140,47,10,-1
17383,140,47,10,-1
17384,140,47,10,-1
17385,140,47,10,-1
17386,140,47,10,-1
17387,140,47,10,-1
17388,140,47,10,-1
17389,140,47,10,1
17390,140,47,10,-1
17391,140,47,10,-1
17392,140,47,10,-1
17393,140,47,10,-1
17394,140,47,10,-1
17395,140,47,10,-1
17396,140,47,10,-1
17397,140,47,10,-1
17398,140,47,10,-1
17399,140,47,10,-1
17400,140,47,10,-1
17401,140,47,10,-1
17402,140,47,10,-1
17403,140,47,10,-1
17404,140,47,10,-1
17405,140,47,10,-1
17406,140,47,10,-1
17407,140,47,10,-1
17408,140,47,10,-1
17409,140,47,10,-1
17410,140,47,10,-1
17411,140,47,10,-1
17412,140,47,10,-1
17413,140,47,10,-1
17414,140,47,10,-1
17415,140,47,10,-1
17416,140,47,10,-1
17417,140,47,10,-1
17418,140,47,10,-1
17419,140,47,10,-1
17420,140,47,10,-1
17421,140,47,10,-1
17422,140,47,10,-1
17423,140,47,10,-1
17424,140,47,10,-1
17425,140,47,10,-1
17426,140,47,10,-1
17427,140,47,10,-1
17428,140,47,10,-1
17429,140,47,10,-1
17430,140,47,10,-1
17431,140,47,10,-1
17432,140,47,10,-1
17433,139,47,10,-1
17434,140,47,10,-1
17435,140,47,10,-1
17436,140,47,10,-1
17437,140,47,10,-1
17438,140,47,10,-1
17439,140,47,10,-1
17440,140,47,10,-1
17441,140,47,10,-1
17442,140,47,10,-1
17443,140,47,10,-1
17444,140,47,10,-1
17445,140,47,10,-1
17446,140,47,10,-1
17447,140,47,10,-1
17448,140,47,10,-1
17449,140,47,10,-1
17450,140,47,10,-1
17451,140,47,10,-1
17452,140,47,10,-1
17453,140,47,10,-1
17454,140,47,10,-1
17455,140,47,10,-1
17456,140,47,10,-1
17457,140,47,10,-1
17458,140,47,10,-1
17459,140,47,10,-1
17460,139,47,10,-1
17461,140,47,10,-1
17462,140,47,10,-1
17463,140,47,10,-1
17464,140,47,10,-1
17465,140,47,10,-1
17466,140,47,10,-1
17467,140,47,10,-1
17468,140,47,10,-1
17469,140,47,10,-1
17470,140,47,10,-1
17471,140,47,10,-1
17472,140,47,10,-1
17473,140,47,10,-1
17474,140,47,10,-1
17475,140,47,10,-1
17476,140,47,10,-1
17477,140,47,10,-1
17478,140,47,10,-1
17479,140,47,10,-1
17480,140,47,10,-1
17481,140,47,10,-1
17482,140,47,10,-1
17483,140,47,10,-1
17484,140,47,10,-1
17485,140,47,10,-1
17486,140,47,10,-1
17487,140,47,10,-1
17488,140,47,10,-1
17489,140,47,10,-1
17490,139,47,10,-1
17491,140,47,10,-1
17492,139,47,10,-1
17493,140,47,10,-1
17494,140,47,10,-1
17495,140,47,10,-1
17496,140,47,10,-1
17497,140,47,10,-1
17498,140,47,10,-1
17499,140,47,10,-1
17500,140,47,10,-1
17501,139,47,10,-1
17502,139,47,10,-1
17503,140,47,10,-1
17504,140,47,10,-1
17505,140,47,10,-1
17506,140,47,10,-1
17507,140,47,10,-1
17508,140,47,10,-1
17509,140,47,10,-1
17510,140,47,10,-1
17511,140,47,10,-1
17512,140,47,10,-1
17513,140,47,10,-1
17514,140,47,10,-1
17515,140,47,10,-1
17516,140,47,10,-1
17517,140,47,10,-1
17518,140,47,10,-1
17519,140,47,10,-1
17520,140,47,10,-1
17521,140,47,10,-1
17522,140,47,10,-1
17523,140,47,10,-1
17524,140,47,10,-1
17525,140,47,10,-1
17526,140,47,10,-1
17527,140,47,10,-1
17528,140,47,10,-1
17529,140,47,10,-1
17530,140,47,10,-1
17531,140,47,10,-1
17532,140,47,10,-1
17533,140,47,10,-1
17534,140,47,10,-1
17535,140,47,10,-1
17536,140,47,10,-1
17537,140,47,10,-1
17538,140,47,10,-1
17539,140,47,10,-1
17540,140,47,10,-1
17541,140,47,10,-1
17542,140,47,10,-1
17543,140,47,10,-1
17544,140,47,10,-1
17545,140,47,10,-1
17546,140,47,10,-1
17547,140,47,10,-1
17548,140,47,10,-1
17549,140,47,10,-1
17550,140,47,10,-1
17551,140,47,10,-1
17552,140,47,10,-1
17553,140,47,10,-1
17554,140,47,10,-1
17555,140,47,10,-1
17556,140,47,10,-1
17557,140,47,10,-1
17558,140,47,10,-1
17559,140,47,10,-1
17560,140,47,10,-1
17561,140,47,10,-1
17562,139,47,10,-1
17563,140,47,10,-1
17564,140,47,10,-1
17565,140,47,10,-1
17566,140,47,10,-1
17567,140,46,10,-1
17568,140,47,10,-1
17569,140,47,10,-1
17570,140,47,10,-1
17571,140,47,10,-1
17572,140,47,10,-1
17573,140,47,10,-1
17574,140,47,10,-1
17575,140,47,10,-1
17576,140,47,10,-1
17577,140,47,10,-1
17578,140,47,10,-1
17579,140,47,10,-1
17580,140,47,10,-1
17581,140,47,10,-1
17582,140,47,10,-1
17583,140,47,10,-1
17584,140,47,10,-1
17585,140,47,10,-1
17586,140,47,10,-1
17587,140,47,10,-1
17588,140,47,10,-1
17589,140,47,10,-1
17590,140,47,10,-1
17591,140,47,10,-1
17592,140,47,10,-1
17593,140,47,10,-1
17594,140,47,10,-1
17595,140,47,10,-1
17596,140,47,10,-1
17597,140,47,10,-1
17598,140,47,10,-1
17599,140,47,10,-1
17600,140,47,10,-1
17601,140,47,10,-1
17602,140,47,10,-1
17603,140,47,10,-1
17604,140,47,10,-1
17605,140,47,10,-1
17606,140,47,10,-1
17607,140,47,10,-1
17608,140,47,10,-1
17609,140,47,10,-1
17610,140,47,10,-1
17611,140,47,10,-1
17612,140,47,10,-1
17613,140,47,10,-1
17614,140,47,10,-1
17615,140,47,10,-1
17616,140,47,10,-1
17617,140,47,10,-1
17618,140,47,10,-1
17619,140,47,10,-1
17620,140,47,10,-1
17621,140,47,10,-1
17622,140,47,10,-1
17623,140,47,10,-1
17624,140,47,10,-1
17625,140,47,10,-1
17626,140,47,10,-1
17627,140,47,10,-1
17628,140,47,10,-1
17629,140,47,10,-1
17630,140,47,10,-1
17631,140,47,10,-1
17632,140,47,10,-1
17633,140,47,10,-1
17634,140,47,10,-1
17635,140,47,10,-1
17636,140,47,10,-1
17637,140,47,10,-1
17638,140,47,10,-1
17639,140,47,10,-1
17640,140,47,10,-1
17641,140,47,10,-1
17642,140,47,10,-1
17643,140,47,10,-1
17644,140,47,10,-1
17645,140,47,10,-1
17646,140,47,10,-1
17647,139,47,10,-1
17648,140,47,10,-1
17649,140,47,10,-1
17650,140,47,10,-1
17651,140,47,10,-1
17652,140,47,10,-1
17653,140,47,10,-1
17654,140,47,10,-1
17655,140,47,10,-1
17656,140,47,10,-1
17657,140,47,10,-1
17658,140,47,10,-1
17659,140,47,10,-1
17660,140,47,10,-1
17661,140,47,10,-1
17662,140,47,10,-1
17663,140,47,10,-1
17664,140,47,10,-1
17665,140,47,10,-1
17666,140,47,10,-1
17667,140,47,10,-1
17668,140,47,10,-1
17669,140,47,10,-1
17670,140,47,10,-1
17671,140,47,10,-1
17672,140,47,10,-1
17673,140,47,10,-1
17674,140,47,10,-1
17675,140,47,10,-1
17676,140,47,10,-1
17677,139,47,10,-1
17678,140,47,10,-1
17679,140,47,10,-1
17680,140,47,10,-1
17681,140,47,10,-1
17682,140,47,10,-1
17683,139,47,10,-1
17684,140,47,10,-1
17685,140,47,10,-1
17686,140,47,10,-1
17687,140,47,10,-1
17688,140,47,10,-1
17689,139,47,10,-1
17690,140,47,10,-1
17691,140,47,10,-1
17692,140,47,10,-1
17693,140,47,10,-1
17694,140,47,10,-1
17695,140,47,10,-1
17696,140,47,10,-1
17697,140,47,10,-1
17698,140,47,10,-1
17699,140,47,10,-1
17700,140,47,10,-1
17701,140,47,10,-1
17702,140,47,10,-1
17703,140,47,10,-1
17704,140,47,10,-1
17705,140,47,10,-1
17706,140,47,10,-1
17707,140,47,10,-1
17708,140,47,10,-1
17709,140,47,10,-1
17710,140,47,10,-1
17711,140,47,10,-1
17712,140,47,10,-1
17713,140,47,10,-1
17714,140,47,10,-1
17715,140,47,10,-1
17716,140,47,10,-1
17717,140,47,10,-1
17718,140,47,10,-1
17719,140,47,10,-1
17720,140,47,10,-1
17721,140,47,10,-1
17722,140,47,10,-1
17723,140,47,10,-1
17724,140,47,10,-1
17725,140,47,10,-1
17726,140,47,10,-1
17727,140,47,10,-1
17728,140,47,10,-1
17729,140,47,10,-1
17730,140,47,10,-1
17731,140,47,10,-1
17732,140,47,10,-1
17733,140,47,10,-1
17734,140,47,10,-1
17735,140,47,10,-1
17736,140,47,10,-1
17737,140,47,10,-1
17738,140,47,10,-1
17739,140,47,10,-1
17740,140,47,10,-1
17741,140,47,10,-1
17742,140,47,10,-1
17743,140,47,10,-1
17744,140,47,10,-1
17745,140,47,10,-1
17746,140,47,10,-1
17747,140,47,10,-1
17748,140,47,10,-1
17749,140,47,10,-1
17750,140,47,10,-1
17751,140,47,10,-1
17752,140,47,10,-1
17753,140,47,10,-1
17754,140,47,10,-1
17755,140,47,10,-1
17756,140,47,10,-1
17757,140,47,10,-1
17758,140,47,10,-1
17759,140,47,10,-1
17760,140,47,10,-1
17761,140,47,10,-1
17762,140,47,10,-1
17763,140,47,10,-1
17764,140,47,10,-1
17765,140,47,10,-1
17766,140,47,10,-1
17767,140,47,10,-1
17768,140,47,10,-1
17769,140,47,10,-1
17770,140,47,10,-1
17771,140,47,10,-1
17772,140,47,10,-1
17773,140,47,10,-1
17774,140,47,10,-1
17775,139,47,10,-1
17776,140,47,10,-1
17777,140,47,10,-1
17778,140,47,10,-1
17779,140,47,10,-1
17780,140,47,10,-1
17781,140,47,10,-1
17782,140,47,10,-1
17783,140,47,10,-1
17784,140,47,10,-1
17785,138,47,10,-1
17786,140,47,10,-1
17787,140,47,10,-1
17788,140,47,10,-1
17789,139,47,10,-1
17790,140,47,10,-1
17791,140,47,10,-1
17792,140,47,10,-1
17793,140,47,10,-1
17794,140,47,10,-1
17795,140,47,10,-1
17796,140,47,10,-1
17797,140,47,10,-1
17798,140,47,10,-1
17799,140,47,10,-1
17800,140,47,10,-1
17801,140,47,10,-1
17802,140,47,10,-1
17803,140,47,10,-1
17804,140,47,10,-1
17805,140,47,10,-1
17806,140,47,10,-1
17807,140,47,10,-1
17808,140,47,10,-1
17809,140,47,10,-1
17810,140,47,10,-1
17811,140,47,10,-1
17812,140,47,10,-1
17813,140,47,10,-1
17814,140,47,10,-1
17815,140,47,10,-1
17816,140,47,10,-1
17817,140,47,10,-1
17818,140,47,10,-1
17819,140,47,10,-1
17820,140,47,10,-1
17821,140,47,10,-1
17822,140,47,10,-1
17823,140,47,10,-1
17824,140,47,10,-1
17825,140,47,10,-1
17826,140,47,10,-1
17827,140,47,10,-1
17828,140,47,10,-1
17829,140,47,10,-1
17830,140,47,10,-1
17831,140,47,10,-1
17832,140,47,10,-1
17833,140,47,10,-1
17834,140,47,10,-1
17835,140,47,10,-1
17836,139,47,10,-1
17837,139,47,10,-1
17838,140,47,10,-1
17839,140,47,10,-1
17840,140,47,10,-1
17841,140,47,10,-1
17842,139,47,10,-1
17843,140,47,10,-1
17844,140,47,10,-1
17845,140,47,10,-1
17846,140,47,10,-1
17847,140,47,10,-1
17848,140,47,10,-1
17849,140,47,10,-1
17850,140,47,10,-1
17851,140,47,10,-1
17852,140,47,10,-1
17853,140,47,10,-1
17854,140,47,10,-1
17855,140,47,10,-1
17856,140,47,10,-1
17857,140,47,10,-1
17858,140,47,10,-1
17859,140,47,10,-1
17860,140,47,10,-1
17861,140,47,10,-1
17862,140,47,10,-1
17863,140,47,10,-1
17864,140,47,10,-1
17865,140,47,10,-1
17866,140,47,10,-1
17867,139,47,10,-1
17868,140,47,10,-1
17869,140,47,10,-1
17870,140,47,10,-1
17871,140,47,10,-1
17872,140,47,10,-1
17873,140,47,10,-1
17874,139,47,10,-1
17875,140,47,10,-1
17876,140,47,10,-1
17877,140,47,10,-1
17878,139,47,10,-1
17879,140,47,10,-1
17880,140,47,10,-1
17881,140,47,10,-1
17882,140,47,10,-1
17883,140,47,10,-1
17884,140,47,10,-1
17885,140,47,10,-1
17886,140,47,10,-1
17887,140,47,10,-1
17888,140,47,10,-1
17889,140,47,10,-1
17890,140,47,10,-1
17891,140,47,10,-1
17892,140,47,10,-1
17893,140,47,10,-1
17894,140,47,10,-1
17895,140,47,10,-1
17896,139,47,10,-1
17897,140,47,10,-1
17898,140,47,10,-1
17899,140,47,10,-1
17900,140,47,10,-1
17901,140,47,10,-1
17902,140,47,10,-1
17903,140,47,10,-1
17904,140,47,10,-1
17905,140,47,10,-1
17906,140,47,10,-1
17907,140,47,10,-1
17908,140,47,10,-1
17909,140,47,10,-1
17910,140,47,10,-1
17911,140,47,10,-1
17912,140,47,10,-1
17913,140,47,10,-1
17914,140,47,10,-1
17915,140,47,10,-1
17916,140,47,10,-1
17917,140,47,10,-1
17918,140,47,10,-1
17919,140,47,10,-1
17920,140,47,10,-1
17921,140,47,10,-1
17922,140,47,10,-1
17923,140,47,10,-1
17924,140,47,10,-1
17925,140,47,10,-1
17926,140,47,10,-1
17927,140,47,10,-1
17928,140,47,10,-1
17929,140,47,10,-1
17930,140,47,10,-1
17931,140,47,10,-1
17932,140,47,10,-1
17933,139,47,10,-1
17934,140,47,10,-1
17935,140,47,10,-1
17936,140,47,10,-1
17937,140,47,10,-1
17938,139,47,10,-1
17939,140,47,10,-1
17940,140,47,10,-1
17941,140,47,10,-1
17942,140,47,10,-1
17943,140,47,10,-1
17944,140,47,10,-1
17945,140,47,10,-1
17946,140,47,10,-1
17947,140,47,10,-1
17948,140,47,10,-1
17949,140,47,10,-1
17950,140,47,10,-1
17951,140,47,10,-1
17952,140,47,10,-1
17953,140,47,10,-1
17954,140,47,10,-1
17955,140,47,10,-1
17956,140,47,10,-1
17957,140,47,10,-1
17958,140,47,10,-1
17959,140,47,10,-1
17960,140,47,10,-1
17961,140,47,10,-1
17962,139,47,10,-1
17963,139,47,10,-1
17964,140,47,10,-1
17965,140,47,10,-1
17966,140,47,10,-1
17967,140,47,10,-1
17968,140,47,10,-1
17969,140,47,10,-1
17970,140,47,10,-1
17971,140,47,10,-1
17972,140,47,10,-1
17973,140,47,10,-1
17974,140,47,10,-1
17975,140,47,10,-1
17976,140,47,10,-1
17977,140,47,10,-1
17978,140,47,10,-1
17979,139,47,10,-1
17980,140,47,10,-1
17981,140,47,10,-1
17982,140,47,10,-1
17983,140,47,10,-1
17984,140,47,10,-1
17985,140,47,10,-1
17986,140,47,10,-1
17987,140,47,10,-1
17988,140,47,10,-1
17989,140,47,10,-1
17990,140,47,10,-1
17991,140,47,10,-1
17992,140,47,10,-1
17993,140,47,10,-1
17994,140,47,10,-1
17995,140,47,10,-1
17996,140,47,10,-1
17997,140,47,10,-1
17998,140,47,10,-1
17999,140,47,10,-1
18000,140,47,10,-1
18001,140,47,10,-1
18002,140,47,10,-1
18003,140,47,10,-1
18004,140,47,10,-1
18005,140,47,10,-1
18006,140,47,10,-1
18007,140,47,10,-1
18008,140,47,10,-1
18009,140,47,10,-1
18010,140,47,10,-1
18011,140,47,10,-1
18012,140,47,10,-1
18013,140,47,10,1
18014,140,47,10,-1
18015,140,47,10,-1
18016,140,47,10,-1
18017,140,47,10,-1
18018,140,47,10,-1
18019,140,47,10,-1
18020,140,47,10,-1
18021,140,47,10,-1
18022,140,47,10,-1
18023,140,47,10,-1
18024,140,47,10,-1
18025,140,47,10,-1
18026,140,47,10,-1
18027,139,47,10,-1
18028,140,47,10,-1
18029,140,47,10,-1
18030,140,47,10,-1
18031,140,47,10,-1
18032,140,47,10,-1
18033,140,47,10,-1
18034,140,47,10,-1
18035,140,47,10,-1
18036,140,47,10,-1
18037,140,47,10,-1
18038,140,47,10,-1
18039,140,47,10,-1
18040,140,47,10,-1
18041,140,47,10,-1
18042,140,47,10,-1
18043,140,47,10,-1
18044,140,47,10,-1
18045,140,47,10,-1
18046,140,47,10,-1
18047,140,47,10,-1
18048,140,47,10,-1
18049,140,47,10,-1
18050,140,47,10,-1
18051,140,47,10,-1
18052,140,47,10,-1
18053,140,47,10,-1
18054,140,47,10,-1
18055,140,47,10,-1
18056,140,47,10,-1
18057,140,47,10,-1
18058,140,47,10,-1
18059,140,47,10,-1
18060,140,47,10,-1
18061,140,47,10,-1
18062,140,47,10,-1
18063,140,47,10,-1
18064,140,47,10,-1
18065,140,47,10,-1
18066,139,47,10,-1
18067,140,47,10,-1
18068,140,47,10,-1
18069,140,47,10,-1
18070,139,47,10,-1
18071,140,47,10,-1
18072,140,47,10,-1
18073,140,47,10,-1
18074,140,47,10,-1
18075,140,47,10,-1
18076,140,47,10,-1
18077,140,47,10,-1
18078,140,47,10,-1
18079,140,47,10,-1
18080,140,47,10,-1
18081,140,47,10,-1
18082,140,47,10,-1
18083,140,47,10,-1
18084,140,47,10,-1
18085,140,47,10,-1
18086,140,47,10,-1
18087,140,47,10,-1
18088,140,47,10,-1
18089,140,47,10,-1
18090,140,47,10,-1
18091,140,47,10,-1
18092,140,47,10,-1
18093,140,47,10,-1
18094,139,47,10,-1
18095,140,47,10,-1
18096,140,47,10,-1
18097,140,47,10,-1
18098,140,47,10,-1
18099,140,47,10,-1
18100,140,47,10,-1
18101,140,47,10,-1
18102,140,47,10,-1
18103,140,47,10,-1
18104,140,47,10,-1
18105,140,47,10,-1
18106,140,47,10,-1
18107,140,47,10,-1
18108,140,47,10,-1
18109,140,47,10,-1
18110,140,47,10,-1
18111,140,47,10,-1
18112,140,47,10,-1
18113,140,47,10,-1
18114,140,47,10,-1
18115,140,47,10,-1
18116,140,47,10,-1
18117,140,47,10,-1
18118,140,47,10,-1
18119,140,47,10,-1
18120,140,47,10,-1
18121,140,47,10,-1
18122,140,47,10,-1
18123,140,47,10,-1
18124,140,47,10,-1
18125,140,47,10,-1
18126,140,47,10,-1
18127,140,47,10,-1
18128,140,47,10,-1
18129,140,47,10,-1
18130,140,47,10,-1
18131,140,47,10,-1
18132,139,47,10,-1
18133,140,47,10,-1
18134,140,47,10,-1
18135,140,47,10,-1
18136,140,47,10,-1
18137,140,47,10,-1
18138,140,47,10,-1
18139,140,47,10,-1
18140,140,47,10,-1
18141,140,47,10,-1
18142,140,47,10,-1
18143,140,47,10,-1
18144,140,47,10,-1
18145,140,47,10,-1
18146,140,47,10,-1
18147,140,47,10,-1
18148,140,47,10,-1
18149,140,47,10,-1
18150,140,47,10,-1
18151,140,47,10,-1
18152,140,47,10,-1
18153,140,47,10,-1
18154,140,47,10,-1
18155,140,47,10,-1
18156,140,47,10,-1
18157,140,47,10,-1
18158,140,47,10,-1
18159,140,47,10,-1
18160,140,47,10,-1
18161,140,47,10,-1
18162,140,47,10,-1
18163,140,47,10,-1
18164,140,47,10,-1
18165,140,47,10,-1
18166,140,47,10,-1
18167,140,47,10,-1
18168,140,47,10,-1
18169,140,47,10,-1
18170,140,47,10,-1
18171,140,47,10,-1
18172,140,47,9,-1
18173,139,47,10,-1
18174,140,47,10,-1
18175,140,47,10,-1
18176,140,47,10,-1
18177,140,47,10,-1
18178,140,47,10,-1
18179,140,47,10,-1
18180,139,47,10,-1
18181,140,47,10,-1
18182,140,47,10,-1
18183,140,47,10,-1
18184,140,47,10,-1
18185,140,47,10,-1
18186,140,47,10,-1
18187,140,47,10,-1
18188,140,47,10,-1
18189,140,47,10,-1
18190,140,47,10,-1
18191,140,47,10,-1
18192,140,47,10,-1
18193,140,47,10,-1
18194,140,47,10,-1
18195,140,47,10,-1
18196,140,47,10,-1
18197,140,47,10,-1
18198,140,47,10,-1
18199,140,47,10,-1
18200,140,47,10,-1
18201,140,47,10,-1
18202,140,47,10,-1
18203,140,47,10,-1
18204,140,47,10,-1
18205,140,47,10,-1
18206,140,47,10,-1
18207,140,47,10,-1
18208,140,47,10,-1
18209,140,47,10,-1
18210,140,47,10,-1
18211,140,47,10,-1
18212,140,47,10,-1
18213,140,47,10,-1
18214,140,47,10,-1
18215,140,47,10,-1
18216,140,47,10,-1
18217,140,47,10,-1
18218,140,47,10,-1
18219,140,47,10,-1
18220,140,47,10,-1
18221,140,47,10,-1
18222,140,47,10,-1
18223,140,47,10,-1
18224,140,47,10,-1
18225,140,47,10,-1
18226,140,47,10,-1
18227,140,47,10,-1
18228,140,47,10,-1
18229,140,46,10,-1
18230,140,47,10,-1
18231,140,47,10,-1
18232,140,47,10,-1
18233,140,47,10,-1
18234,140,47,10,-1
18235,140,47,10,-1
18236,140,47,10,-1
18237,140,47,10,-1
18238,140,47,10,-1
18239,140,47,10,-1
18240,140,47,10,-1
18241,140,47,10,-1
18242,140,47,10,-1
18243,140,47,10,-1
18244,140,47,10,-1
18245,140,47,10,-1
18246,140,47,10,-1
18247,140,47,10,-1
18248,140,47,10,-1
18249,140,47,10,-1
18250,140,47,10,-1
18251,140,47,10,-1
18252,140,47,10,-1
18253,140,47,10,-1
18254,140,47,10,-1
18255,139,47,10,-1
18256,140,47,10,-1
18257,140,47,10,-1
18258,140,47,10,-1
18259,140,47,10,-1
18260,140,47,10,-1
18261,140,47,10,-1
18262,140,47,10,-1
18263,140,47,10,-1
18264,139,47,10,-1
18265,140,47,10,-1
18266,140,47,10,-1
18267,140,47,10,-1
18268,140,47,10,-1
18269,140,47,10,-1
18270,140,47,10,-1
18271,140,47,10,-1
18272,140,47,10,-1
18273,140,47,10,-1
18274,140,47,10,-1
18275,140,47,10,-1
18276,140,47,10,-1
18277,140,47,10,-1
18278,140,47,10,-1
18279,140,47,10,-1
18280,139,47,10,-1
18281,140,47,10,-1
18282,140,47,10,-1
18283,140,47,10,-1
18284,140,47,10,-1
18285,140,47,10,-1
18286,140,47,10,-1
18287,140,47,10,-1
18288,140,47,10,-1
18289,140,47,10,-1
18290,139,47,10,-1
18291,140,47,10,-1
18292,140,47,10,-1
18293,140,47,10,-1
18294,140,47,10,-1
18295,140,47,10,-1
18296,140,47,10,-1
18297,140,47,10,-1
18298,140,47,10,-1
18299,140,47,10,-1
18300,140,47,10,-1
18301,140,47,10,-1
18302,140,47,10,-1
18303,140,47,10,-1
18304,140,47,10,-1
18305,140,47,10,-1
18306,140,47,10,-1
18307,140,47,10,-1
18308,140,47,10,-1
18309,140,47,10,-1
18310,140,47,10,-1
18311,140,47,10,-1
18312,140,47,10,-1
18313,140,47,10,-1
18314,140,47,10,-1
18315,140,47,10,-1
18316,140,47,10,-1
18317,140,47,10,-1
18318,140,47,10,-1
18319,140,47,10,-1
18320,140,47,10,-1
18321,140,47,10,-1
18322,140,47,10,-1
18323,140,47,10,-1
18324,140,47,10,-1
18325,140,47,10,-1
18326,139,47,10,-1
18327,140,47,10,-1
18328,140,47,10,-1
18329,140,47,10,-1
18330,140,47,10,-1
18331,140,47,10,-1
18332,140,47,10,-1
18333,140,47,10,-1
18334,140,47,10,-1
18335,140,47,10,-1
18336,140,47,10,-1
18337,140,47,10,-1
18338,140,47,10,-1
18339,140,46,10,-1
18340,140,47,10,-1
18341,140,47,10,-1
18342,140,47,10,-1
18343,140,47,10,-1
18344,140,47,10,-1
18345,140,47,10,-1
18346,140,47,10,-1
18347,140,47,10,-1
18348,140,47,10,-1
18349,140,47,10,-1
18350,140,47,10,-1
18351,140,47,10,-1
18352,140,47,10,-1
18353,140,47,10,-1
18354,140,47,10,-1
18355,140,47,10,-1
18356,140,47,10,-1
18357,140,47,10,-1
18358,140,47,10,-1
18359,140,47,10,-1
18360,140,47,10,-1
18361,140,47,10,-1
18362,140,47,10,-1
18363,140,47,10,-1
18364,140,47,10,-1
18365,140,47,10,-1
18366,140,47,10,-1
18367,140,47,10,-1
18368,140,47,10,-1
18369,140,47,10,-1
18370,140,47,10,-1
18371,140,47,10,-1
18372,140,47,10,-1
18373,140,47,10,-1
18374,140,47,10,-1
18375,140,47,10,-1
18376,140,47,10,-1
18377,140,47,10,-1
18378,140,47,10,-1
18379,140,47,10,-1
18380,139,47,10,-1
18381,140,47,10,-1
18382,140,47,10,-1
18383,140,47,10,-1
18384,140,47,10,-1
18385,140,47,10,-1
18386,140,47,10,-1
18387,140,47,10,-1
18388,140,47,10,-1
18389,140,47,10,-1
18390,140,47,10,-1
18391,140,47,10,-1
18392,140,47,10,-1
18393,140,47,10,-1
18394,140,47,10,-1
18395,140,47,10,-1
18396,140,47,10,-1
18397,140,47,10,-1
18398,140,47,10,-1
18399,139,47,10,-1
18400,140,47,10,-1
18401,140,47,10,-1
18402,140,47,10,-1
18403,140,47,10,-1
18404,140,47,10,-1
18405,140,47,10,-1
18406,140,47,10,-1
18407,140,47,10,-1
18408,140,47,10,-1
18409,140,47,10,-1
18410,140,47,10,-1
18411,140,47,10,-1
18412,140,47,10,-1
18413,140,47,10,-1
18414,140,47,10,-1
18415,140,47,10,-1
18416,140,47,10,-1
18417,140,47,10,-1
18418,140,47,10,-1
18419,140,47,10,-1
18420,140,47,10,-1
18421,140,47,10,-1
18422,140,47,10,-1
18423,140,47,10,-1
18424,140,47,10,-1
18425,140,47,10,-1
18426,140,47,10,-1
18427,140,47,10,-1
18428,140,47,10,-1
18429,140,47,10,-1
18430,140,47,10,-1
18431,140,47,10,-1
18432,140,47,10,-1
18433,140,47,10,-1
18434,140,47,10,-1
18435,140,47,10,-1
18436,140,47,10,-1
18437,140,47,10,-1
18438,140,47,10,-1
18439,140,47,10,-1
18440,140,47,10,-1
18441,140,47,10,-1
18442,140,47,10,-1
18443,140,47,10,-1
18444,140,47,10,-1
18445,140,47,10,-1
18446,140,47,10,-1
18447,140,47,10,-1
18448,140,47,10,-1
18449,140,47,10,-1
18450,140,47,10,-1
18451,140,47,10,-1
18452,140,47,10,-1
18453,140,47,10,-1
18454,139,47,10,-1
18455,140,47,10,-1
18456,140,47,10,-1
18457,140,47,10,-1
18458,140,47,10,-1
18459,140,47,10,-1
18460,140,47,10,-1
18461,140,47,10,-1
18462,140,47,10,-1
18463,140,47,10,-1
18464,140,47,10,-1
18465,140,47,10,-1
18466,140,47,10,-1
18467,140,47,10,-1
18468,139,47,10,-1
18469,140,47,10,-1
18470,140,47,10,-1
18471,140,47,10,-1
18472,140,47,10,-1
18473,140,47,10,-1
18474,140,47,10,-1
18475,140,47,10,-1
18476,140,47,10,-1
18477,140,47,10,-1
18478,140,47,10,-1
18479,140,47,10,-1
18480,140,47,10,-1
18481,140,47,10,-1
18482,139,47,10,-1
18483,140,47,10,-1
18484,140,47,10,-1
18485,140,47,10,-1
18486,140,47,10,-1
18487,140,47,10,-1
18488,140,47,10,-1
18489,140,47,10,-1
18490,140,47,10,-1
18491,140,47,10,-1
18492,140,47,10,-1
18493,140,47,10,-1
18494,140,47,10,-1
18495,140,47,10,-1
18496,140,47,10,-1
18497,140,47,10,-1
18498,140,47,10,-1
18499,140,47,10,-1
18500,140,47,10,-1
18501,140,47,10,-1
18502,140,47,10,-1
18503,140,47,10,-1
18504,140,47,10,-1
18505,140,47,10,-1
18506,140,47,10,-1
18507,140,47,10,-1
18508,140,47,9,-1
18509,140,47,10,-1
18510,140,47,10,-1
18511,140,47,10,-1
18512,140,47,10,-1
18513,140,47,10,-1
18514,140,47,10,-1
18515,140,47,10,-1
18516,140,47,10,-1
18517,140,47,10,-1
18518,140,47,10,-1
18519,140,47,10,-1
18520,140,47,10,-1
18521,140,47,10,-1
18522,140,47,10,-1
18523,140,47,10,-1
18524,140,47,10,-1
18525,140,47,10,-1
18526,140,47,10,-1
18527,140,47,10,-1
18528,140,47,10,-1
18529,140,47,10,-1
18530,140,47,10,-1
18531,140,47,10,-1
18532,140,47,10,-1
18533,140,47,10,-1
18534,140,47,10,-1
18535,140,47,10,-1
18536,140,47,10,-1
18537,140,47,10,-1
18538,140,47,10,-1
18539,140,47,10,-1
18540,140,47,10,-1
18541,139,47,10,-1
18542,140,47,10,-1
18543,140,47,10,-1
18544,140,47,10,-1
18545,140,47,10,-1
18546,140,47,10,-1
18547,140,47,10,-1
18548,140,47,10,-1
18549,140,47,10,-1
18550,139,47,10,-1
18551,140,47,10,-1
18552,140,47,10,-1
18553,140,47,10,-1
18554,140,47,10,-1
18555,140,47,10,-1
18556,140,47,10,-1
18557,140,47,10,-1
18558,140,47,10,-1
18559,140,47,10,-1
18560,140,47,10,-1
18561,140,47,10,-1
18562,140,47,10,-1
18563,140,47,10,-1
18564,140,47,10,-1
18565,140,47,10,-1
18566,140,47,10,-1
18567,140,47,10,-1
18568,140,47,10,-1
18569,140,47,10,-1
18570,140,47,10,-1
18571,140,47,10,-1
18572,140,47,10,-1
18573,140,47,10,-1
18574,140,47,10,-1
18575,140,47,10,-1
18576,140,47,10,-1
18577,140,47,10,-1
18578,140,47,10,-1
18579,140,47,10,-1
18580,140,47,10,-1
18581,140,47,10,-1
18582,140,47,10,-1
18583,140,47,10,-1
18584,140,47,10,-1
18585,140,47,10,-1
18586,140,47,10,-1
18587,140,47,10,-1
18588,140,47,10,-1
18589,140,47,10,-1
18590,140,47,10,-1
18591,140,47,10,-1
18592,140,47,10,-1
18593,140,47,10,-1
18594,140,47,10,-1
18595,140,47,10,-1
18596,140,47,10,-1
18597,140,47,10,-1
18598,140,47,10,-1
18599,140,47,10,-1
18600,140,47,10,-1
18601,140,47,10,-1
18602,140,47,10,-1
18603,140,47,10,-1
18604,140,47,10,-1
18605,140,47,10,-1
18606,140,47,10,-1
18607,140,47,10,-1
18608,140,47,10,-1
18609,140,47,10,-1
18610,140,47,10,-1
18611,140,47,10,-1
18612,140,47,10,-1
18613,140,47,10,-1
18614,140,47,10,-1
18615,140,47,10,-1
18616,140,47,10,-1
18617,140,47,10,-1
18618,140,47,10,-1
18619,140,47,10,-1
18620,140,47,10,-1
18621,140,47,10,-1
18622,140,47,10,-1
18623,140,47,10,-1
18624,140,47,10,-1
18625,140,47,10,-1
18626,140,47,10,-1
18627,140,47,10,-1
18628,140,47,10,-1
18629,140,47,10,-1
18630,140,47,10,-1
18631,140,47,10,-1
18632,140,47,10,-1
18633,140,47,10,-1
18634,140,47,10,-1
18635,140,47,10,-1
18636,140,47,10,-1
18637,140,47,10,1
18638,140,47,10,-1
18639,140,47,10,-1
18640,140,47,10,-1
18641,140,47,10,-1
18642,140,47,10,-1
18643,139,47,10,-1
18644,140,47,10,-1
18645,140,47,10,-1
18646,140,47,10,-1
18647,140,47,10,-1
18648,140,47,10,-1
18649,140,47,10,-1
18650,140,47,10,-1
18651,140,47,10,-1
18652,140,47,10,-1
18653,140,47,10,-1
18654,140,47,10,-1
18655,140,47,10,-1
18656,140,47,10,-1
18657,140,47,10,-1
18658,140,47,10,-1
18659,140,47,10,-1
18660,140,47,10,-1
18661,140,47,10,-1
18662,140,47,10,-1
18663,140,47,10,-1
18664,140,47,10,-1
18665,140,47,10,-1
18666,140,47,10,-1
18667,140,47,10,-1
18668,140,47,10,-1
18669,140,47,10,-1
18670,140,47,10,-1
18671,140,47,10,-1
18672,140,47,10,-1
18673,140,47,10,-1
18674,140,47,10,-1
18675,140,47,10,-1
18676,140,47,10,-1
18677,140,47,10,-1
18678,140,47,10,-1
18679,140,47,10,-1
18680,140,47,10,-1
18681,140,47,10,-1
18682,140,47,10,-1
18683,140,47,10,-1
18684,140,47,10,-1
18685,140,47,10,-1
18686,140,47,10,-1
18687,140,47,10,-1
18688,140,47,10,-1
18689,140,47,10,-1
18690,140,47,10,-1
18691,140,47,10,-1
18692,140,47,10,-1
18693,140,47,10,-1
18694,140,47,10,-1
18695,140,47,10,-1
18696,140,47,10,-1
18697,140,47,10,-1
18698,140,47,10,-1
18699,140,47,10,-1
18700,140,47,10,-1
18701,140,47,10,-1
18702,140,47,10,-1
18703,140,47,10,-1
18704,140,47,10,-1
18705,140,47,10,-1
18706,140,47,10,-1
18707,140,47,10,-1
18708,140,47,10,-1
18709,140,47,10,-1
18710,140,47,10,-1
18711,140,47,10,-1
18712,140,47,10,-1
18713,140,47,10,-1
18714,140,47,10,-1
18715,140,47,10,-1
18716,140,47,10,-1
18717,140,47,10,-1
18718,140,47,10,-1
18719,140,47,10,-1
18720,140,47,10,-1
18721,3,3,3,-1
18722,9,9,6,-1
18723,27,27,10,-1
18724,79,46,10,-1
18725,140,47,10,-1
18726,140,47,10,-1
18727,140,47,10,-1
18728,140,47,10,-1
18729,140,47,10,-1
18730,140,47,10,-1
18731,140,47,10,-1
18732,140,47,10,-1
18733,140,47,10,-1
18734,140,47,10,-1
18735,140,47,10,-1
18736,140,47,10,-1
18737,140,47,10,-1
18738,140,47,10,-1
18739,140,47,10,-1
18740,140,47,10,-1
18741,140,47,10,-1
18742,140,47,10,-1
18743,140,47,10,-1
18744,140,47,10,-1
18745,140,47,10,-1
18746,140,47,10,-1
18747,140,47,10,-1
18748,140,47,10,-1
18749,140,47,10,-1
18750,140,47,10,-1
18751,140,47,10,-1
18752,140,47,10,-1
18753,140,47,10,-1
18754,140,47,10,-1
18755,140,47,10,-1
18756,140,47,10,-1
18757,140,47,10,-1
18758,140,47,10,-1
18759,140,47,10,-1
18760,140,47,10,-1
18761,140,47,10,-1
18762,140,47,10,-1
18763,140,47,10,-1
18764,140,47,10,-1
18765,139,47,10,-1
18766,139,47,10,-1
18767,140,47,10,-1
18768,140,47,10,-1
18769,140,47,10,-1
18770,140,47,10,-1
18771,140,47,10,-1
18772,140,47,10,-1
18773,140,47,10,-1
18774,140,47,10,-1
18775,140,47,10,-1
18776,140,47,10,-1
18777,140,47,10,-1
18778,140,47,10,-1
18779,140,47,10,-1
18780,140,47,10,-1
18781,140,47,10,-1
18782,140,47,10,-1
18783,140,47,10,-1
18784,140,47,10,-1
18785,140,47,10,-1
18786,140,47,10,-1
18787,140,47,10,-1
18788,140,47,10,-1
18789,140,47,10,-1
18790,140,47,10,-1
18791,140,47,10,-1
18792,140,47,10,-1
18793,140,47,10,-1
18794,140,47,10,-1
18795,140,47,10,-1
18796,140,47,10,-1
18797,140,47,10,-1
18798,140,47,10,-1
18799,140,47,10,-1
18800,140,47,10,-1
18801,140,47,10,-1
18802,140,47,10,-1
18803,140,47,10,-1
18804,140,47,10,-1
18805,140,47,10,-1
18806,140,47,10,-1
18807,140,47,10,-1
18808,140,47,10,-1
18809,140,47,10,-1
18810,140,47,10,-1
18811,140,47,10,-1
18812,140,47,10,-1
18813,140,47,10,-1
18814,140,47,10,-1
18815,140,47,10,-1
18816,140,47,10,-1
18817,140,47,10,-1
18818,140,47,10,-1
18819,140,47,10,-1
18820,140,47,10,-1
18821,140,47,10,-1
18822,140,47,10,-1
18823,140,47,10,-1
18824,140,47,10,-1
18825,140,47,10,-1
18826,140,47,10,-1
18827,140,47,10,-1
18828,140,47,10,-1
18829,140,47,10,-1
18830,140,47,10,-1
18831,140,47,10,-1
18832,140,47,10,-1
18833,140,47,10,-1
18834,140,47,10,-1
18835,140,47,10,-1
18836,140,47,10,-1
18837,140,47,10,-1
18838,140,47,10,-1
18839,140,47,10,-1
18840,140,47,10,-1
18841,140,47,10,-1
18842,140,47,10,-1
18843,140,47,10,-1
18844,140,47,10,-1
18845,140,47,10,-1
18846,140,47,10,-1
18847,140,47,10,-1
18848,140,47,10,-1
18849,140,47,10,-1
18850,140,47,10,-1
18851,140,47,10,-1
18852,140,47,10,-1
18853,140,47,10,-1
18854,140,47,10,-1
18855,140,47,10,-1
18856,140,47,10,-1
18857,140,47,10,-1
18858,139,47,10,-1
18859,140,47,10,-1
18860,140,47,10,-1
18861,140,47,10,-1
18862,140,47,10,-1
18863,140,47,10,-1
18864,140,47,10,-1
18865,140,47,10,-1
18866,140,47,10,-1
18867,140,47,10,-1
18868,140,47,10,-1
18869,140,47,10,-1
18870,140,47,10,-1
18871,140,47,10,-1
18872,140,47,10,-1
18873,140,47,10,-1
18874,140,47,10,-1
18875,140,47,10,-1
18876,140,47,10,-1
18877,140,47,10,-1
18878,140,47,10,-1
18879,140,47,10,-1
18880,140,47,10,-1
18881,140,47,10,-1
18882,140,47,10,-1
18883,140,47,10,-1
18884,140,47,10,-1
18885,140,47,10,-1
18886,140,47,10,-1
18887,140,47,10,-1
18888,140,47,10,-1
18889,140,47,10,-1
18890,140,47,10,-1
18891,140,47,10,-1
18892,140,47,10,-1
18893,140,47,10,-1
18894,140,47,10,-1
18895,140,47,10,-1
18896,140,47,10,-1
18897,140,47,10,-1
18898,140,47,10,-1
18899,140,47,10,-1
18900,140,47,10,-1
18901,140,47,10,-1
18902,140,47,10,-1
18903,140,47,10,-1
18904,140,47,10,-1
18905,140,47,10,-1
18906,140,47,10,-1
18907,140,47,10,-1
18908,139,47,10,-1
18909,140,47,10,-1
18910,140,47,10,-1
18911,140,47,10,-1
18912,140,47,10,-1
18913,140,47,10,-1
18914,140,47,10,-1
18915,140,47,10,-1
18916,140,47,10,-1
18917,140,47,10,-1
18918,140,47,10,-1
18919,140,47,10,-1
18920,140,47,10,-1
18921,140,47,10,-1
18922,140,47,10,-1
18923,140,47,10,-1
18924,140,47,10,-1
18925,140,47,10,-1
18926,140,47,10,-1
18927,140,47,10,-1
18928,140,47,10,-1
18929,140,47,10,-1
18930,140,47,10,-1
18931,140,47,10,-1
18932,140,47,10,-1
18933,140,47,10,-1
18934,140,47,10,-1
18935,139,47,10,-1
18936,140,47,10,-1
18937,140,47,10,-1
18938,140,47,10,-1
18939,140,47,10,-1
18940,140,47,10,-1
18941,140,47,10,-1
18942,140,47,10,-1
18943,140,47,10,-1
18944,140,47,10,-1
18945,140,47,10,-1
18946,140,47,10,-1
18947,140,47,10,-1
18948,140,47,10,-1
18949,140,47,10,-1
18950,140,47,10,-1
18951,140,47,10,-1
18952,140,47,10,-1
18953,140,47,10,-1
18954,140,47,10,-1
18955,140,47,10,-1
18956,140,47,10,-1
18957,140,47,10,-1
18958,140,47,10,-1
18959,140,47,10,-1
18960,140,47,10,-1
18961,140,47,10,-1
18962,140,47,10,-1
18963,140,47,10,-1
18964,140,47,10,-1
18965,140,47,10,-1
18966,140,47,10,-1
18967,140,47,10,-1
18968,140,47,10,-1
18969,140,47,10,-1
18970,140,47,10,-1
18971,140,47,10,-1
18972,140,47,10,-1
18973,140,47,10,-1
18974,140,47,10,-1
18975,140,47,10,-1
18976,140,47,10,-1
18977,140,47,10,-1
18978,140,47,10,-1
18979,140,47,10,-1
18980,139,47,10,-1
18981,140,47,10,-1
18982,139,47,10,-1
18983,140,47,10,-1
18984,140,47,10,-1
18985,140,47,10,-1
18986,140,47,10,-1
18987,140,47,10,-1
18988,140,47,10,-1
18989,140,47,10,-1
18990,140,47,10,-1
18991,140,47,10,-1
18992,140,47,10,-1
18993,139,47,10,-1
18994,140,47,10,-1
18995,140,47,10,-1
18996,140,47,10,-1
18997,140,47,10,-1
18998,140,47,10,-1
18999,140,47,10,-1
19000,140,47,10,-1
19001,140,47,10,-1
19002,140,47,10,-1
19003,140,47,10,-1
19004,140,47,10,-1
19005,140,47,10,-1
19006,140,47,10,-1
19007,140,47,10,-1
19008,139,47,10,-1
19009,140,47,10,-1
19010,140,47,10,-1
19011,140,47,10,-1
19012,140,47,10,-1
19013,140,47,10,-1
19014,140,47,10,-1
19015,140,47,10,-1
19016,140,47,10,-1
19017,140,47,10,-1
19018,140,47,10,-1
19019,140,47,10,-1
19020,140,47,10,-1
19021,140,47,10,-1
19022,140,47,10,-1
19023,140,47,10,-1
19024,140,47,10,-1
19025,140,47,10,-1
19026,140,47,10,-1
19027,140,47,10,-1
19028,139,47,10,-1
19029,140,47,10,-1
19030,140,47,10,-1
19031,139,47,10,-1
19032,140,47,10,-1
19033,140,47,10,-1
19034,140,47,10,-1
19035,140,47,10,-1
19036,140,47,10,-1
19037,140,47,10,-1
19038,140,47,10,-1
19039,140,47,10,-1
19040,140,47,10,-1
19041,140,47,10,-1
19042,140,47,10,-1
19043,140,47,10,-1
19044,140,47,10,-1
19045,140,47,10,-1
19046,140,47,10,-1
19047,140,47,10,-1
19048,140,47,10,-1
19049,140,47,10,-1
19050,140,47,10,-1
19051,140,47,10,-1
19052,140,47,10,-1
19053,140,47,10,-1
19054,140,47,10,-1
19055,140,47,10,-1
19056,140,47,10,-1
19057,140,47,10,-1
19058,140,47,10,-1
19059,140,47,10,-1
19060,140,47,10,-1
19061,140,47,10,-1
19062,140,47,10,-1
19063,140,47,10,-1
19064,140,47,10,-1
19065,140,47,10,-1
19066,140,47,10,-1
19067,140,47,10,-1
19068,140,47,10,-1
19069,140,47,10,-1
19070,140,47,10,-1
19071,140,47,10,-1
19072,140,47,10,-1
19073,140,47,10,-1
19074,140,47,10,-1
19075,140,47,10,-1
19076,140,47,10,-1
19077,140,47,10,-1
19078,140,47,10,-1
19079,140,47,10,-1
19080,140,47,10,-1
19081,140,47,10,-1
19082,140,47,10,-1
19083,140,47,10,-1
19084,140,47,10,-1
19085,140,47,10,-1
19086,140,47,10,-1
19087,140,47,10,-1
19088,140,47,10,-1
19089,140,47,10,-1
19090,140,47,10,-1
19091,140,47,10,-1
19092,140,47,10,-1
19093,140,47,10,-1
19094,140,47,10,-1
19095,140,47,10,-1
19096,140,47,10,-1
19097,140,47,10,-1
19098,140,47,10,-1
19099,140,47,10,-1
19100,140,47,10,-1
19101,140,47,10,-1
19102,140,47,10,-1
19103,140,47,10,-1
19104,140,47,10,-1
19105,140,47,10,-1
19106,140,47,10,-1
19107,140,47,10,-1
19108,140,47,10,-1
19109,140,47,10,-1
19110,140,47,10,-1
19111,140,47,10,-1
19112,140,47,10,-1
19113,140,47,10,-1
19114,140,47,10,-1
19115,140,47,10,-1
19116,139,47,10,-1
19117,140,47,10,-1
19118,140,47,10,-1
19119,140,47,10,-1
19120,140,47,10,-1
19121,139,47,10,-1
19122,140,47,10,-1
19123,140,47,10,-1
19124,140,47,10,-1
19125,140,47,10,-1
19126,140,47,10,-1
19127,139,47,10,-1
19128,140,47,10,-1
19129,140,47,10,-1
19130,140,47,10,-1
19131,140,47,10,-1
19132,140,47,10,-1
19133,140,47,10,-1
19134,139,47,10,-1
19135,140,47,10,-1
19136,140,47,10,-1
19137,140,47,10,-1
19138,140,47,10,-1
19139,140,47,10,-1
19140,140,47,10,-1
19141,140,47,10,-1
19142,140,47,10,-1
19143,140,47,10,-1
19144,140,47,10,-1
19145,140,47,10,-1
19146,140,47,10,-1
19147,140,47,10,-1
19148,140,47,10,-1
19149,140,47,10,-1
19150,140,47,10,-1
19151,140,47,10,-1
19152,140,47,10,-1
19153,140,47,10,-1
19154,140,47,10,-1
19155,139,47,10,-1
19156,140,47,10,-1
19157,140,47,10,-1
19158,140,47,10,-1
19159,140,47,10,-1
19160,140,47,10,-1
19161,140,47,10,-1
19162,140,47,10,-1
19163,140,47,10,-1
19164,140,47,10,-1
19165,140,47,10,-1
19166,140,47,10,-1
19167,140,47,10,-1
19168,140,47,10,-1
19169,140,47,10,-1
19170,140,47,10,-1
19171,140,47,10,-1
19172,140,47,10,-1
19173,140,47,10,-1
19174,140,47,10,-1
19175,140,47,10,-1
19176,140,47,10,-1
19177,140,47,10,-1
19178,140,47,10,-1
19179,140,47,10,-1
19180,140,47,10,-1
19181,140,47,10,-1
19182,140,47,10,-1
19183,140,47,10,-1
19184,140,47,10,-1
19185,140,47,10,-1
19186,140,47,10,-1
19187,140,47,10,-1
19188,140,47,10,-1
19189,140,47,10,-1
19190,140,47,10,-1
19191,140,47,10,-1
19192,140,47,10,-1
19193,140,47,10,-1
19194,140,47,10,-1
19195,140,47,10,-1
19196,140,47,10,-1
19197,140,47,10,-1
19198,139,47,10,-1
19199,140,47,10,-1
19200,140,47,10,-1
19201,140,47,10,-1
19202,140,47,10,-1
19203,140,47,10,-1
19204,140,47,10,-1
19205,140,47,10,-1
19206,140,47,10,-1
19207,140,47,10,-1
19208,140,47,10,-1
19209,140,47,10,-1
19210,139,47,10,-1
19211,140,47,10,-1
19212,140,47,10,-1
19213,140,47,10,-1
19214,140,47,10,-1
19215,140,47,10,-1
19216,140,47,10,-1
19217,140,47,10,-1
19218,140,47,10,-1
19219,140,47,10,-1
19220,140,47,10,-1
19221,140,47,10,-1
19222,139,47,10,-1
19223,140,47,10,-1
19224,140,47,10,-1
19225,140,47,10,-1
19226,140,47,10,-1
19227,140,47,10,-1
19228,140,47,10,-1
19229,140,47,10,-1
19230,140,47,10,-1
19231,140,47,10,-1
19232,140,47,10,-1
19233,140,47,10,-1
19234,140,47,10,-1
19235,140,47,10,-1
19236,140,47,10,-1
19237,140,47,10,-1
19238,140,47,10,-1
19239,140,47,10,-1
19240,140,47,10,-1
19241,140,47,10,-1
19242,140,47,10,-1
19243,140,47,10,-1
19244,140,47,10,-1
19245,140,47,10,-1
19246,140,47,10,-1
19247,140,47,10,-1
19248,140,47,10,-1
19249,140,47,10,-1
19250,140,47,10,-1
19251,140,47,10,-1
19252,140,47,10,-1
19253,140,47,10,-1
19254,140,47,10,-1
19255,140,47,10,-1
19256,140,47,10,-1
19257,140,47,10,-1
19258,140,47,10,-1
19259,140,47,10,-1
19260,140,47,10,-1
19261,140,47,10,1
19262,140,47,10,-1
19263,140,47,10,-1
19264,140,47,10,-1
19265,140,47,10,-1
19266,140,47,10,-1
19267,140,47,10,-1
19268,140,47,10,-1
19269,140,47,10,-1
19270,140,47,10,-1
19271,140,47,10,-1
19272,140,47,10,-1
19273,139,47,10,-1
19274,140,47,10,-1
19275,140,47,10,-1
19276,140,47,10,-1
19277,140,47,10,-1
19278,140,47,10,-1
19279,140,47,10,-1
19280,140,47,10,-1
19281,140,47,10,-1
19282,140,47,10,-1
19283,140,47,10,-1
19284,139,47,10,-1
19285,140,47,10,-1
19286,140,47,10,-1
19287,140,47,10,-1
19288,140,47,10,-1
19289,140,47,10,-1
19290,140,47,10,-1
19291,140,47,10,-1
19292,140,47,10,-1
19293,140,47,10,-1
19294,140,47,10,-1
19295,140,47,10,-1
19296,140,47,10,-1
19297,140,47,10,-1
19298,140,47,10,-1
19299,140,47,10,-1
19300,140,47,10,-1
19301,140,47,10,-1
19302,140,47,10,-1
19303,140,47,10,-1
19304,140,47,10,-1
19305,140,47,10,-1
19306,140,47,10,-1
19307,140,47,10,-1
19308,140,47,10,-1
19309,140,47,10,-1
19310,140,47,10,-1
19311,140,47,10,-1
19312,140,47,10,-1
19313,140,47,10,-1
19314,140,47,10,-1
19315,140,47,10,-1
19316,140,47,10,-1
19317,140,47,10,-1
19318,140,47,10,-1
19319,140,47,10,-1
19320,140,47,10,-1
19321,140,47,10,-1
19322,140,47,10,-1
19323,140,47,10,-1
19324,140,47,10,-1
19325,140,47,10,-1
19326,140,47,10,-1
19327,140,47,10,-1
19328,140,47,10,-1
19329,140,47,10,-1
19330,140,47,10,-1
19331,140,47,10,-1
19332,140,47,10,-1
19333,140,47,9,-1
19334,140,47,10,-1
19335,140,47,10,-1
19336,140,47,10,-1
19337,140,47,10,-1
19338,140,47,10,-1
19339,140,47,10,-1
19340,140,47,10,-1
19341,140,47,10,-1
19342,140,47,10,-1
19343,140,47,10,-1
19344,140,47,10,-1
19345,140,47,10,-1
19346,140,47,10,-1
19347,140,47,10,-1
19348,140,47,10,-1
19349,140,47,10,-1
19350,140,47,10,-1
19351,140,47,10,-1
19352,140,47,10,-1
19353,140,47,10,-1
19354,140,47,10,-1
19355,140,47,10,-1
19356,140,47,10,-1
19357,140,47,10,-1
19358,140,47,10,-1
19359,140,47,10,-1
19360,140,47,10,-1
19361,140,47,10,-1
19362,140,47,10,-1
19363,140,47,10,-1
19364,140,47,10,-1
19365,140,47,10,-1
19366,140,47,10,-1
19367,140,47,10,-1
19368,140,47,10,-1
19369,139,47,10,-1
19370,140,47,10,-1
19371,140,47,10,-1
19372,140,47,10,-1
19373,140,47,10,-1
19374,140,47,10,-1
19375,140,47,10,-1
19376,140,47,10,-1
19377,140,47,10,-1
19378,140,47,10,-1
19379,140,47,10,-1
19380,140,47,10,-1
19381,140,47,10,-1
19382,140,47,10,-1
19383,140,47,10,-1
19384,140,47,10,-1
19385,140,47,10,-1
19386,140,47,10,-1
19387,140,47,10,-1
19388,140,47,10,-1
19389,140,47,10,-1
19390,139,47,10,-1
19391,140,47,10,-1
19392,140,47,10,-1
19393,140,47,10,-1
19394,140,47,10,-1
19395,140,47,10,-1
19396,140,47,10,-1
19397,140,47,10,-1
19398,140,47,10,-1
19399,139,47,10,-1
19400,140,47,10,-1
19401,140,47,10,-1
19402,140,47,10,-1
19403,140,47,10,-1
19404,140,47,10,-1
19405,140,47,10,-1
19406,140,47,10,-1
19407,140,47,10,-1
19408,140,47,10,-1
19409,140,47,10,-1
19410,140,47,10,-1
19411,140,47,10,-1
19412,140,47,10,-1
19413,140,47,10,-1
19414,140,47,10,-1
19415,139,47,10,-1
19416,140,47,10,-1
19417,140,47,10,-1
19418,140,47,10,-1
19419,140,47,10,-1
19420,140,47,10,-1
19421,140,47,10,-1
19422,140,47,10,-1
19423,140,47,10,-1
19424,140,47,10,-1
19425,140,47,10,-1
19426,140,47,10,-1
19427,140,47,10,-1
19428,140,47,10,-1
19429,140,47,10,-1
19430,140,47,10,-1
19431,140,47,10,-1
19432,139,47,10,-1
19433,140,47,10,-1
19434,140,47,10,-1
19435,140,47,10,-1
19436,139,47,10,-1
19437,140,47,10,-1
19438,140,47,10,-1
19439,140,47,10,-1
19440,140,47,10,-1
19441,140,47,10,-1
19442,140,47,10,-1
19443,140,47,10,-1
19444,140,47,10,-1
19445,140,47,10,-1
19446,140,47,10,-1
19447,140,47,10,-1
19448,140,47,10,-1
19449,140,47,10,-1
19450,140,47,10,-1
19451,140,47,10,-1
19452,140,47,10,-1
19453,140,47,10,-1
19454,140,47,10,-1
19455,140,47,10,-1
19456,140,47,10,-1
19457,140,47,10,-1
19458,140,47,10,-1
19459,140,47,10,-1
19460,140,47,10,-1
19461,140,47,10,-1
19462,140,47,10,-1
19463,140,47,10,-1
19464,140,47,10,-1
19465,140,47,10,-1
19466,140,47,10,-1
19467,139,47,10,-1
19468,140,47,10,-1
19469,140,47,10,-1
19470,140,47,10,-1
19471,140,47,10,-1
19472,140,47,10,-1
19473,140,47,10,-1
19474,140,47,10,-1
19475,140,47,10,-1
19476,140,47,10,-1
19477,140,47,10,-1
19478,140,47,10,-1
19479,140,47,10,-1
19480,140,47,10,-1
19481,140,47,10,-1
19482,140,47,10,-1
19483,140,47,10,-1
19484,140,47,10,-1
19485,139,47,10,-1
19486,140,47,10,-1
19487,140,47,10,-1
19488,140,47,10,-1
19489,140,47,10,-1
19490,140,47,10,-1
19491,140,47,10,-1
19492,140,47,10,-1
19493,140,47,10,-1
19494,140,47,10,-1
19495,139,47,10,-1
19496,140,47,10,-1
19497,140,47,10,-1
19498,140,47,10,-1
19499,140,47,10,-1
19500,140,47,10,-1
19501,140,47,10,-1
19502,140,47,10,-1
19503,140,47,10,-1
19504,140,47,10,-1
19505,140,47,10,-1
19506,140,47,10,-1
19507,140,47,10,-1
19508,140,47,10,-1
19509,140,47,10,-1
19510,140,47,10,-1
19511,140,47,10,-1
19512,140,47,10,-1
19513,140,47,10,-1
19514,140,47,10,-1
19515,140,47,10,-1
19516,140,47,10,-1
19517,140,47,10,-1
19518,140,47,10,-1
19519,139,47,10,-1
19520,139,47,10,-1
19521,140,47,10,-1
19522,140,47,10,-1
19523,140,47,10,-1
19524,140,47,10,-1
19525,140,47,10,-1
19526,140,47,10,-1
19527,140,47,10,-1
19528,140,47,10,-1
19529,140,47,10,-1
19530,140,47,10,-1
19531,140,47,10,-1
19532,140,47,10,-1
19533,140,47,10,-1
19534,140,47,10,-1
19535,140,47,10,-1
19536,140,47,10,-1
19537,140,47,10,-1
19538,140,47,10,-1
19539,140,47,10,-1
19540,140,47,10,-1
19541,140,47,10,-1
19542,140,47,10,-1
19543,140,47,10,-1
19544,140,47,10,-1
19545,140,47,10,-1
19546,140,47,10,-1
19547,140,47,10,-1
19548,140,47,10,-1
19549,140,47,10,-1
19550,140,47,10,-1
19551,140,47,10,-1
19552,140,47,10,-1
19553,140,47,10,-1
19554,140,47,10,-1
19555,140,47,10,-1
19556,140,47,10,-1
19557,140,47,10,-1
19558,140,47,10,-1
19559,140,47,10,-1
19560,140,47,10,-1
19561,140,47,10,-1
19562,140,47,10,-1
19563,140,47,10,-1
19564,140,47,10,-1
19565,140,47,10,-1
19566,140,47,10,-1
19567,140,47,10,-1
19568,140,47,10,-1
19569,140,47,10,-1
19570,139,47,10,-1
19571,140,47,10,-1
19572,140,47,10,-1
19573,140,47,10,-1
19574,140,47,10,-1
19575,140,47,10,-1
19576,139,47,10,-1
19577,140,47,10,-1
19578,140,47,10,-1
19579,140,47,10,-1
19580,140,47,10,-1
19581,140,47,10,-1
19582,140,47,10,-1
19583,140,47,10,-1
19584,140,47,10,-1
19585,140,47,10,-1
19586,140,47,10,-1
19587,140,47,10,-1
19588,140,47,10,-1
19589,140,47,10,-1
19590,140,47,10,-1
19591,140,47,10,-1
19592,140,47,10,-1
19593,140,46,10,-1
19594,140,47,10,-1
19595,140,47,10,-1
19596,140,47,10,-1
19597,140,47,10,-1
19598,140,47,10,-1
19599,140,47,10,-1
19600,140,47,10,-1
19601,140,47,10,-1
19602,140,47,10,-1
19603,140,47,10,-1
19604,140,47,10,-1
19605,140,47,10,-1
19606,140,47,10,-1
19607,140,47,10,-1
19608,140,47,10,-1
19609,140,47,10,-1
19610,140,47,10,-1
19611,140,47,10,-1
19612,140,47,10,-1
19613,140,47,10,-1
19614,140,47,10,-1
19615,140,47,10,-1
19616,140,47,10,-1
19617,140,47,10,-1
19618,140,47,10,-1
19619,140,47,10,-1
19620,140,47,10,-1
19621,140,47,10,-1
19622,140,47,10,-1
19623,140,47,10,-1
19624,140,47,10,-1
19625,140,47,10,-1
19626,140,47,10,-1
19627,140,47,10,-1
19628,140,47,10,-1
19629,140,47,10,-1
19630,140,47,10,-1
19631,140,47,10,-1
19632,140,47,10,-1
19633,140,47,10,-1
19634,140,47,10,-1
19635,140,47,10,-1
19636,140,47,10,-1
19637,140,47,10,-1
19638,140,47,10,-1
19639,140,47,10,-1
19640,140,47,10,-1
19641,140,47,10,-1
19642,140,47,10,-1
19643,140,47,10,-1
19644,140,47,10,-1
19645,140,47,10,-1
19646,140,47,10,-1
19647,139,47,10,-1
19648,140,47,10,-1
19649,140,47,10,-1
19650,140,47,10,-1
19651,140,47,10,-1
19652,140,47,10,-1
19653,140,47,10,-1
19654,140,47,10,-1
19655,140,47,10,-1
19656,140,47,10,-1
19657,139,47,10,-1
19658,140,47,10,-1
19659,140,47,10,-1
19660,140,47,10,-1
19661,140,47,10,-1
19662,140,47,10,-1
19663,140,47,10,-1
19664,140,47,10,-1
19665,140,47,10,-1
19666,140,47,10,-1
19667,140,47,10,-1
19668,140,47,10,-1
19669,140,47,10,-1
19670,140,47,10,-1
19671,140,47,10,-1
19672,140,47,10,-1
19673,140,47,10,-1
19674,140,47,10,-1
19675,140,47,10,-1
19676,140,47,10,-1
19677,140,47,10,-1
19678,139,47,10,-1
19679,140,47,10,-1
19680,140,47,10,-1
19681,140,47,10,-1
19682,140,47,10,-1
19683,139,47,10,-1
19684,140,47,10,-1
19685,140,47,10,-1
19686,140,47,10,-1
19687,140,47,10,-1
19688,140,47,10,-1
19689,140,47,10,-1
19690,140,47,10,-1
19691,140,47,10,-1
19692,139,47,10,-1
19693,140,47,10,-1
19694,140,47,10,-1
19695,140,47,10,-1
19696,140,47,10,-1
19697,140,47,10,-1
19698,140,47,10,-1
19699,140,47,10,-1
19700,140,47,10,-1
19701,140,47,10,-1
19702,140,47,10,-1
19703,140,47,10,-1
19704,140,47,10,-1
19705,140,47,10,-1
19706,140,47,10,-1
19707,140,47,10,-1
19708,139,47,10,-1
19709,140,47,10,-1
19710,140,47,10,-1
19711,140,47,10,-1
19712,140,47,10,-1
19713,140,47,10,-1
19714,140,47,10,-1
19715,140,47,10,-1
19716,140,47,10,-1
19717,140,47,10,-1
19718,140,47,10,-1
19719,140,47,10,-1
19720,140,47,10,-1
19721,140,47,10,-1
19722,140,47,10,-1
19723,140,47,10,-1
19724,140,47,10,-1
19725,139,47,10,-1
19726,140,47,10,-1
19727,140,47,10,-1
19728,140,47,10,-1
19729,140,47,10,-1
19730,140,47,10,-1
19731,140,47,10,-1
19732,140,47,10,-1
19733,140,47,10,-1
19734,140,47,10,-1
19735,140,47,10,-1
19736,140,47,10,-1
19737,140,47,10,-1
19738,140,47,10,-1
19739,140,47,10,-1
19740,140,47,10,-1
19741,139,47,10,-1
19742,140,47,10,-1
19743,140,47,10,-1
19744,140,47,10,-1
19745,140,47,10,-1
19746,140,47,10,-1
19747,140,47,10,-1
19748,139,47,10,-1
19749,140,47,10,-1
19750,140,47,10,-1
19751,140,47,10,-1
19752,140,47,10,-1
19753,140,47,10,-1
19754,140,47,10,-1
19755,140,47,10,-1
19756,139,47,10,-1
19757,140,47,10,-1
19758,140,47,10,-1
19759,140,47,10,-1
19760,140,47,10,-1
19761,140,47,10,-1
19762,140,47,10,-1
19763,140,47,10,-1
19764,140,47,10,-1
19765,140,47,10,-1
19766,140,47,10,-1
19767,140,47,10,-1
19768,140,47,10,-1
19769,140,47,10,-1
19770,140,47,10,-1
19771,140,47,10,-1
19772,140,47,10,-1
19773,140,47,10,-1
19774,140,47,10,-1
19775,140,47,10,-1
19776,140,47,10,-1
19777,140,47,10,-1
19778,140,47,10,-1
19779,140,47,10,-1
19780,140,47,10,-1
19781,140,47,10,-1
19782,140,47,10,-1
19783,140,47,10,-1
19784,140,47,10,-1
19785,140,47,10,-1
19786,140,47,10,-1
19787,140,47,10,-1
19788,140,47,10,-1
19789,140,47,10,-1
19790,140,47,10,-1
19791,140,47,10,-1
19792,140,47,10,-1
19793,140,47,10,-1
19794,140,47,10,-1
19795,140,47,10,-1
19796,140,47,10,-1
19797,140,47,10,-1
19798,140,47,10,-1
19799,140,47,10,-1
19800,140,47,10,-1
19801,140,47,10,-1
19802,140,47,10,-1
19803,140,47,10,-1
19804,140,47,10,-1
19805,140,47,10,-1
19806,140,47,10,-1
19807,140,47,10,-1
19808,140,47,10,-1
19809,140,47,10,-1
19810,140,47,10,-1
19811,139,47,10,-1
19812,140,47,10,-1
19813,140,47,10,-1
19814,140,47,10,-1
19815,140,47,10,-1
19816,140,47,10,-1
19817,140,47,10,-1
19818,140,47,10,-1
19819,140,47,10,-1
19820,140,47,10,-1
19821,140,47,10,-1
19822,140,47,10,-1
19823,140,47,10,-1
19824,140,47,10,-1
19825,140,47,10,-1
19826,140,47,10,-1
19827,140,47,10,-1
19828,140,47,10,-1
19829,140,47,10,-1
19830,140,47,10,-1
19831,140,47,10,-1
19832,140,47,10,-1
19833,140,47,10,-1
19834,140,47,10,-1
19835,140,47,10,-1
19836,140,47,10,-1
19837,140,47,10,-1
19838,140,47,10,-1
19839,140,47,10,-1
19840,140,47,10,-1
19841,140,47,10,-1
19842,140,47,10,-1
19843,140,47,10,-1
19844,140,47,10,-1
19845,140,47,10,-1
19846,140,47,10,-1
19847,140,47,10,-1
19848,140,47,10,-1
19849,140,47,10,-1
19850,140,47,10,-1
19851,140,47,10,-1
19852,140,47,10,-1
19853,140,47,10,-1
19854,140,47,10,-1
19855,140,47,10,-1
19856,140,47,10,-1
19857,140,47,10,-1
19858,140,47,10,-1
19859,140,47,10,-1
19860,140,47,10,-1
19861,140,47,10,-1
19862,140,47,10,-1
19863,140,47,10,-1
19864,140,47,10,-1
19865,140,47,10,-1
19866,140,47,10,-1
19867,140,47,10,-1
19868,139,47,10,-1
19869,140,47,10,-1
19870,140,47,10,-1
19871,140,47,10,-1
19872,140,47,10,-1
19873,140,47,10,-1
19874,140,47,10,-1
19875,140,47,10,-1
19876,140,47,10,-1
19877,140,47,10,-1
19878,140,47,10,-1
19879,140,47,10,-1
19880,140,47,10,-1
19881,140,47,10,-1
19882,140,47,10,-1
19883,140,47,10,-1
19884,140,47,10,-1
19885,140,47,10,1
19886,140,47,10,-1
19887,140,47,10,-1
19888,140,47,10,-1
19889,140,47,10,-1
19890,140,47,10,-1
19891,140,47,10,-1
19892,140,47,10,-1
19893,140,47,10,-1
19894,140,47,10,-1
19895,139,47,10,-1
19896,140,47,10,-1
19897,140,47,10,-1
19898,140,47,10,-1
19899,140,47,10,-1
19900,140,47,10,-1
19901,140,47,10,-1
19902,140,47,10,-1
19903,140,47,10,-1
19904,140,47,10,-1
19905,140,47,10,-1
19906,140,47,10,-1
19907,140,47,10,-1
19908,140,47,10,-1
19909,140,47,10,-1
19910,140,47,10,-1
19911,140,47,10,-1
19912,140,47,10,-1
19913,140,47,10,-1
19914,140,47,10,-1
19915,140,47,10,-1
19916,140,47,10,-1
19917,140,47,10,-1
19918,140,47,10,-1
19919,140,47,10,-1
19920,140,47,10,-1
19921,140,47,10,-1
19922,140,47,10,-1
19923,140,47,10,-1
19924,140,47,10,-1
19925,140,47,10,-1
19926,140,47,10,-1
19927,140,47,10,-1
19928,140,47,10,-1
19929,140,47,10,-1
19930,140,47,10,-1
19931,140,47,10,-1
19932,140,47,10,-1
19933,140,47,10,-1
19934,140,47,10,-1
19935,140,47,10,-1
19936,140,47,10,-1
19937,140,47,10,-1
19938,140,47,10,-1
19939,140,47,10,-1
19940,140,47,10,-1
19941,140,47,10,-1
19942,140,47,10,-1
19943,140,47,10,-1
19944,140,47,10,-1
19945,140,47,10,-1
19946,140,47,10,-1
19947,140,47,10,-1
19948,140,47,10,-1
19949,140,47,10,-1
19950,140,47,10,-1
19951,140,47,10,-1
19952,140,47,10,-1
19953,140,47,10,-1
19954,140,47,10,-1
19955,140,47,10,-1
19956,140,47,10,-1
19957,140,47,10,-1
19958,140,47,10,-1
19959,140,47,10,-1
19960,140,47,10,-1
19961,140,47,10,-1
19962,140,47,10,-1
19963,140,47,10,-1
19964,139,47,10,-1
19965,140,47,10,-1
19966,140,47,10,-1
19967,140,47,10,-1
19968,140,47,10,-1
19969,140,47,10,-1
19970,140,47,10,-1
19971,140,47,10,-1
19972,140,47,10,-1
19973,140,47,10,-1
19974,140,47,10,-1
19975,140,47,10,-1
19976,140,47,10,-1
19977,139,47,10,-1
19978,140,47,10,-1
19979,140,47,10,-1
19980,140,47,10,-1
19981,140,47,10,-1
19982,140,47,10,-1
19983,140,47,10,-1
19984,140,47,10,-1
19985,140,47,10,-1
19986,140,47,10,-1
19987,140,47,10,-1
19988,140,47,10,-1
19989,140,47,10,-1
19990,140,47,10,-1
19991,140,47,10,-1
19992,140,47,10,-1
19993,140,47,10,-1
19994,140,47,10,-1
19995,140,47,10,-1
19996,140,47,10,-1
19997,140,47,10,-1
19998,140,47,10,-1
19999,140,47,10,-1
20000,140,47,10,-1
20001,140,47,10,-1
20002,140,47,10,-1
20003,140,47,10,-1
20004,140,47,10,-1
20005,140,47,10,-1
20006,140,47,10,-1
20007,140,47,10,-1
20008,140,47,10,-1
20009,140,47,10,-1
20010,140,47,10,-1
20011,140,47,10,-1
20012,140,47,10,-1
20013,140,47,10,-1
20014,140,47,10,-1
20015,140,47,10,-1
20016,140,47,10,-1
20017,140,47,10,-1
20018,140,47,10,-1
20019,140,47,10,-1
20020,140,47,10,-1
20021,140,47,10,-1
20022,140,47,10,-1
20023,139,47,10,-1
20024,140,47,10,-1
20025,140,47,10,-1
20026,140,47,10,-1
20027,140,47,10,-1
20028,140,47,10,-1
20029,140,47,10,-1
20030,140,47,10,-1
20031,140,47,10,-1
20032,140,47,10,-1
20033,140,47,10,-1
20034,140,47,10,-1
20035,140,47,10,-1
20036,140,47,10,-1
20037,140,47,10,-1
20038,140,47,10,-1
20039,140,47,10,-1
20040,140,47,10,-1
20041,140,47,10,-1
20042,140,47,10,-1
20043,139,47,10,-1
20044,140,47,10,-1
20045,139,47,10,-1
20046,140,47,10,-1
20047,140,47,10,-1
20048,140,47,10,-1
20049,140,47,10,-1
20050,140,47,10,-1
20051,140,47,10,-1
20052,140,47,10,-1
20053,140,47,10,-1
20054,140,47,10,-1
20055,140,47,10,-1
20056,140,47,10,-1
20057,140,47,10,-1
20058,140,47,10,-1
20059,139,47,10,-1
20060,140,47,10,-1
20061,140,47,10,-1
20062,140,47,10,-1
20063,140,47,10,-1
20064,140,47,10,-1
20065,140,47,10,-1
20066,140,47,10,-1
20067,140,47,10,-1
20068,140,47,10,-1
20069,140,47,10,-1
20070,140,47,10,-1
20071,140,47,10,-1
20072,140,47,10,-1
20073,140,47,10,-1
20074,140,47,10,-1
20075,140,47,10,-1
20076,140,47,10,-1
20077,140,47,10,-1
20078,140,47,10,-1
20079,140,47,10,-1
20080,140,47,10,-1
20081,140,47,10,-1
20082,140,47,10,-1
20083,140,47,10,-1
20084,140,47,10,-1
20085,140,47,10,-1
20086,140,47,10,-1
20087,140,47,10,-1
20088,140,47,10,-1
20089,140,47,10,-1
20090,140,47,10,-1
20091,140,47,10,-1
20092,140,47,10,-1
20093,140,47,10,-1
20094,140,47,10,-1
20095,140,47,10,-1
20096,140,47,10,-1
20097,140,47,10,-1
20098,140,47,10,-1
20099,140,47,10,-1
20100,140,47,10,-1
20101,140,47,10,-1
20102,140,47,10,-1
20103,140,47,10,-1
20104,140,47,10,-1
20105,140,47,10,-1
20106,140,47,10,-1
20107,140,47,10,-1
20108,140,47,10,-1
20109,139,47,10,-1
20110,140,47,10,-1
20111,140,47,10,-1
20112,140,47,10,-1
20113,140,47,10,-1
20114,140,47,10,-1
20115,140,47,10,-1
20116,140,47,10,-1
20117,140,47,10,-1
20118,140,47,10,-1
20119,140,47,10,-1
20120,140,47,10,-1
20121,140,47,10,-1
20122,140,47,10,-1
20123,140,47,10,-1
20124,140,47,10,-1
20125,140,47,10,-1
20126,140,47,10,-1
20127,140,47,10,-1
20128,140,47,10,-1
20129,140,47,10,-1
20130,140,47,10,-1
20131,140,47,10,-1
20132,140,47,10,-1
20133,139,47,10,-1
20134,140,47,10,-1
20135,140,47,10,-1
20136,140,47,10,-1
20137,140,47,10,-1
20138,140,47,10,-1
20139,140,47,10,-1
20140,140,47,10,-1
20141,140,47,10,-1
20142,140,47,10,-1
20143,140,47,10,-1
20144,140,47,10,-1
20145,140,47,10,-1
20146,140,47,10,-1
20147,140,47,10,-1
20148,140,47,10,-1
20149,140,47,10,-1
20150,140,47,10,-1
20151,140,47,10,-1
20152,140,47,10,-1
20153,140,47,10,-1
20154,140,47,10,-1
20155,140,47,10,-1
20156,140,47,10,-1
20157,140,47,10,-1
20158,140,47,10,-1
20159,140,47,10,-1
20160,139,47,10,-1
20161,140,47,10,-1
20162,140,47,10,-1
20163,140,47,10,-1
20164,140,47,10,-1
20165,140,47,10,-1
20166,140,47,10,-1
20167,140,47,10,-1
20168,140,47,10,-1
20169,140,47,10,-1
20170,140,47,10,-1
20171,139,47,10,-1
20172,140,47,10,-1
20173,140,47,10,-1
20174,140,47,10,-1
20175,140,47,10,-1
20176,140,47,10,-1
20177,140,47,10,-1
20178,140,47,10,-1
20179,140,47,10,-1
20180,140,47,10,-1
20181,140,47,10,-1
20182,140,47,10,-1
20183,140,47,10,-1
20184,140,47,10,-1
20185,140,47,10,-1
20186,140,47,10,-1
20187,140,47,10,-1
20188,140,47,10,-1
20189,140,47,10,-1
20190,140,47,10,-1
20191,140,47,10,-1
20192,140,47,10,-1
20193,140,47,10,-1
20194,140,47,10,-1
20195,140,47,10,-1
20196,140,47,10,-1
20197,140,47,10,-1
20198,140,47,10,-1
20199,140,47,10,-1
20200,140,47,10,-1
20201,140,47,10,-1
20202,140,47,10,-1
20203,140,47,10,-1
20204,140,47,10,-1
20205,140,47,10,-1
20206,140,47,10,-1
20207,140,47,10,-1
20208,140,47,10,-1
20209,140,47,10,-1
20210,140,47,10,-1
20211,140,47,10,-1
20212,140,47,10,-1
20213,140,47,10,-1
20214,140,47,10,-1
20215,140,47,10,-1
20216,140,47,10,-1
20217,140,47,10,-1
20218,140,47,10,-1
20219,139,47,10,-1
20220,140,47,10,-1
20221,140,47,10,-1
20222,140,47,10,-1
20223,140,47,10,-1
20224,140,47,10,-1
20225,140,47,10,-1
20226,140,47,10,-1
20227,140,47,10,-1
20228,140,47,10,-1
20229,140,47,10,-1
20230,140,47,10,-1
20231,140,47,10,-1
20232,140,47,10,-1
20233,140,47,10,-1
20234,140,47,10,-1
20235,140,47,10,-1
20236,140,47,10,-1
20237,140,47,10,-1
20238,139,47,10,-1
20239,140,47,10,-1
20240,140,47,10,-1
20241,140,47,10,-1
20242,140,47,10,-1
20243,140,47,10,-1
20244,140,47,10,-1
20245,140,47,10,-1
20246,140,47,10,-1
20247,140,47,10,-1
20248,140,47,10,-1
20249,140,47,10,-1
20250,140,47,10,-1
20251,140,47,10,-1
20252,140,47,10,-1
20253,140,47,10,-1
20254,140,47,10,-1
20255,140,47,10,-1
20256,140,47,10,-1
20257,140,47,10,-1
20258,140,47,10,-1
20259,140,47,10,-1
20260,140,47,10,-1
20261,140,47,10,-1
20262,140,47,10,-1
20263,140,47,10,-1
20264,140,47,10,-1
20265,139,47,10,-1
20266,140,47,9,-1
20267,140,47,10,-1
20268,140,47,10,-1
20269,140,47,10,-1
20270,140,47,10,-1
20271,140,47,10,-1
20272,140,47,10,-1
20273,140,47,10,-1
20274,140,47,10,-1
20275,140,47,10,-1
20276,140,47,10,-1
20277,140,47,10,-1
20278,140,47,10,-1
20279,140,47,10,-1
20280,140,47,10,-1
20281,140,47,10,-1
20282,140,47,10,-1
20283,140,47,10,-1
20284,140,47,10,-1
20285,140,47,10,-1
20286,139,47,10,-1
20287,140,47,10,-1
20288,140,47,10,-1
20289,140,47,10,-1
20290,140,47,10,-1
20291,140,47,10,-1
20292,140,47,10,-1
20293,140,47,10,-1
20294,140,47,10,-1
20295,140,47,10,-1
20296,140,47,10,-1
20297,140,47,10,-1
20298,140,47,10,-1
20299,140,47,10,-1
20300,140,47,10,-1
20301,140,47,10,-1
20302,140,47,10,-1
20303,140,47,10,-1
20304,139,47,10,-1
20305,140,47,10,-1
20306,140,47,10,-1
20307,140,47,10,-1
20308,140,47,10,-1
20309,140,47,10,-1
20310,140,47,10,-1
20311,140,47,10,-1
20312,140,47,10,-1
20313,140,47,10,-1
20314,140,47,10,-1
20315,140,47,10,-1
20316,140,47,10,-1
20317,140,47,10,-1
20318,140,47,10,-1
20319,140,47,10,-1
20320,140,47,10,-1
20321,140,47,10,-1
20322,140,47,10,-1
20323,140,47,10,-1
20324,140,47,10,-1
20325,140,47,10,-1
20326,140,47,10,-1
20327,140,47,10,-1
20328,139,47,10,-1
20329,140,47,10,-1
20330,140,47,10,-1
20331,140,47,10,-1
20332,140,47,10,-1
20333,140,47,10,-1
20334,140,47,10,-1
20335,140,47,10,-1
20336,140,47,10,-1
20337,140,47,10,-1
20338,140,47,10,-1
20339,140,47,10,-1
20340,140,47,10,-1
20341,140,47,10,-1
20342,140,47,10,-1
20343,140,47,10,-1
20344,140,47,10,-1
20345,140,47,10,-1
20346,139,47,10,-1
20347,140,47,10,-1
20348,140,47,10,-1
20349,140,47,10,-1
20350,140,47,10,-1
20351,140,47,10,-1
20352,140,47,10,-1
20353,140,47,10,-1
20354,140,47,10,-1
20355,140,47,10,-1
20356,140,47,10,-1
20357,140,47,10,-1
20358,139,47,10,-1
20359,140,47,10,-1
20360,140,47,10,-1
20361,140,47,10,-1
20362,140,47,10,-1
20363,140,47,10,-1
20364,140,47,10,-1
20365,140,47,10,-1
20366,140,47,10,-1
20367,140,47,10,-1
20368,140,47,10,-1
20369,140,47,10,-1
20370,140,47,10,-1
20371,140,47,10,-1
20372,140,47,10,-1
20373,140,47,10,-1
20374,140,47,10,-1
20375,140,47,10,-1
20376,140,47,10,-1
20377,140,47,10,-1
20378,140,47,10,-1
20379,140,47,10,-1
20380,140,47,10,-1
20381,140,47,10,-1
20382,140,47,10,-1
20383,140,47,10,-1
20384,140,47,10,-1
20385,140,47,10,-1
20386,139,47,10,-1
20387,140,47,10,-1
20388,140,47,10,-1
20389,140,47,10,-1
20390,140,47,10,-1
20391,140,47,10,-1
20392,140,47,10,-1
20393,140,47,10,-1
20394,140,47,10,-1
20395,140,47,10,-1
20396,140,47,10,-1
20397,140,47,10,-1
20398,140,47,10,-1
20399,140,47,10,-1
20400,140,47,10,-1
20401,140,47,10,-1
20402,140,47,10,-1
20403,140,47,10,-1
20404,140,47,10,-1
20405,140,47,10,-1
20406,140,47,10,-1
20407,139,47,10,-1
20408,140,47,10,-1
20409,140,47,10,-1
20410,140,47,10,-1
20411,140,47,10,-1
20412,139,47,10,-1
20413,140,47,10,-1
20414,140,47,10,-1
20415,140,47,10,-1
20416,140,47,10,-1
20417,140,47,10,-1
20418,140,47,10,-1
20419,140,47,10,-1
20420,140,47,10,-1
20421,140,47,10,-1
20422,140,47,10,-1
20423,140,47,10,-1
20424,139,47,10,-1
20425,140,47,10,-1
20426,140,47,10,-1
20427,140,47,10,-1
20428,140,47,10,-1
20429,140,47,10,-1
20430,140,47,10,-1
20431,140,47,10,-1
20432,140,47,10,-1
20433,140,47,10,-1
20434,139,47,10,-1
20435,140,47,10,-1
20436,140,47,10,-1
20437,140,47,10,-1
20438,140,47,10,-1
20439,140,47,10,-1
20440,139,47,10,-1
20441,140,47,10,-1
20442,140,47,10,-1
20443,139,47,10,-1
20444,140,47,10,-1
20445,140,47,10,-1
20446,140,47,10,-1
20447,140,47,10,-1
20448,140,47,10,-1
20449,140,47,10,-1
20450,140,47,10,-1
20451,139,47,10,-1
20452,140,47,10,-1
20453,140,47,10,-1
20454,140,47,10,-1
20455,140,47,10,-1
20456,140,47,10,-1
20457,140,47,10,-1
20458,140,47,10,-1
20459,140,47,10,-1
20460,140,47,10,-1
20461,140,47,10,-1
20462,140,47,10,-1
20463,140,47,10,-1
20464,140,47,10,-1
20465,140,47,10,-1
20466,140,47,10,-1
20467,140,47,10,-1
20468,139,47,10,-1
20469,140,47,10,-1
20470,140,47,10,-1
20471,140,47,10,-1
20472,139,47,10,-1
20473,140,47,10,-1
20474,140,47,10,-1
20475,140,47,10,-1
20476,140,47,10,-1
20477,140,47,10,-1
20478,140,47,10,-1
20479,140,47,10,-1
20480,140,47,10,-1
20481,140,47,10,-1
20482,140,47,10,-1
20483,140,47,10,-1
20484,140,47,10,-1
20485,140,47,10,-1
20486,140,47,10,-1
20487,140,47,10,-1
20488,140,47,10,-1
20489,140,47,10,-1
20490,140,47,10,-1
20491,140,47,10,-1
20492,140,47,10,-1
20493,140,47,10,-1
20494,140,47,10,-1
20495,140,47,10,-1
20496,140,47,10,-1
20497,140,47,10,-1
20498,140,47,10,-1
20499,140,47,10,-1
20500,140,47,10,-1
20501,140,47,10,-1
20502,140,47,10,-1
20503,140,47,10,-1
20504,140,47,10,-1
20505,140,47,10,-1
20506,140,47,10,-1
20507,140,47,10,-1
20508,140,47,10,-1
20509,140,47,10,1
20510,140,47,10,-1
20511,140,47,10,-1
20512,139,47,10,-1
20513,139,47,10,-1
20514,140,47,10,-1
20515,140,47,10,-1
20516,140,47,10,-1
20517,140,47,10,-1
20518,140,47,10,-1
20519,140,47,10,-1
20520,140,47,10,-1
20521,140,47,10,-1
20522,140,47,10,-1
20523,140,47,10,-1
20524,140,47,10,-1
20525,139,47,10,-1
20526,140,47,10,-1
20527,139,47,10,-1
20528,140,47,10,-1
20529,140,47,10,-1
20530,140,47,10,-1
20531,140,47,10,-1
20532,140,47,10,-1
20533,140,47,10,-1
20534,140,47,10,-1
20535,140,47,10,-1
20536,140,47,10,-1
20537,140,47,9,-1
20538,140,47,10,-1
20539,140,47,10,-1
20540,140,47,10,-1
20541,140,47,10,-1
20542,140,47,10,-1
20543,140,47,10,-1
20544,140,47,10,-1
20545,140,47,10,-1
20546,140,47,10,-1
20547,140,47,10,-1
20548,140,47,10,-1
20549,140,47,10,-1
20550,140,47,10,-1
20551,140,47,10,-1
20552,140,47,10,-1
20553,140,47,10,-1
20554,140,47,10,-1
20555,140,47,10,-1
20556,140,47,10,-1
20557,140,47,10,-1
20558,140,47,10,-1
20559,140,47,10,-1
20560,139,47,10,-1
20561,140,47,10,-1
20562,140,47,10,-1
20563,140,47,10,-1
20564,140,47,10,-1
20565,140,47,10,-1
20566,140,47,10,-1
20567,140,47,10,-1
20568,140,47,10,-1
20569,140,47,10,-1
20570,140,47,10,-1
20571,139,47,10,-1
20572,140,47,10,-1
20573,140,47,10,-1
20574,140,47,10,-1
20575,140,47,10,-1
20576,140,47,10,-1
20577,140,47,10,-1
20578,140,47,10,-1
20579,140,47,10,-1
20580,140,47,10,-1
20581,140,47,10,-1
20582,140,47,10,-1
20583,140,47,10,-1
20584,140,47,10,-1
20585,140,47,10,-1
20586,140,47,10,-1
20587,140,47,10,-1
20588,139,47,10,-1
20589,140,47,10,-1
20590,140,47,10,-1
20591,140,47,10,-1
20592,140,47,10,-1
20593,140,47,10,-1
20594,140,47,10,-1
20595,140,47,10,-1
20596,140,47,10,-1
20597,140,47,10,-1
20598,140,47,10,-1
20599,140,47,10,-1
20600,139,47,10,-1
20601,140,47,10,-1
20602,140,47,10,-1
20603,140,47,10,-1
20604,140,47,10,-1
20605,140,47,10,-1
20606,140,47,10,-1
20607,140,47,10,-1
20608,140,47,10,-1
20609,140,47,10,-1
20610,140,47,10,-1
20611,140,47,10,-1
20612,140,47,10,-1
20613,140,47,10,-1
20614,140,47,10,-1
20615,140,47,10,-1
20616,140,47,10,-1
20617,140,47,10,-1
20618,140,47,10,-1
20619,140,47,10,-1
20620,140,47,10,-1
20621,140,47,10,-1
20622,140,47,10,-1
20623,140,47,10,-1
20624,140,47,10,-1
20625,140,47,10,-1
20626,140,47,10,-1
20627,140,47,10,-1
20628,140,47,10,-1
20629,140,47,10,-1
20630,140,47,10,-1
20631,140,47,10,-1
20632,140,47,10,-1
20633,140,47,10,-1
20634,140,47,10,-1
20635,140,47,10,-1
20636,140,47,10,-1
20637,140,47,10,-1
20638,140,47,10,-1
20639,140,47,10,-1
20640,140,47,10,-1
20641,140,47,10,-1
20642,140,47,10,-1
20643,140,47,10,-1
20644,140,47,10,-1
20645,140,47,10,-1
20646,140,47,10,-1
20647,140,47,10,-1
20648,140,47,10,-1
20649,140,47,10,-1
20650,140,47,10,-1
20651,140,47,10,-1
20652,140,47,10,-1
20653,140,47,10,-1
20654,140,47,10,-1
20655,140,47,10,-1
20656,140,47,10,-1
20657,140,47,10,-1
20658,140,47,10,-1
20659,140,47,10,-1
20660,140,47,10,-1
20661,140,47,10,-1
20662,140,47,10,-1
20663,140,47,10,-1
20664,140,47,10,-1
20665,140,47,10,-1
20666,140,47,10,-1
20667,140,47,10,-1
20668,140,47,10,-1
20669,140,47,10,-1
20670,140,47,10,-1
20671,140,47,10,-1
20672,140,47,10,-1
20673,140,47,10,-1
20674,140,47,10,-1
20675,140,47,10,-1
20676,140,47,10,-1
20677,140,47,10,-1
20678,140,47,10,-1
20679,140,47,10,-1
20680,140,47,10,-1
20681,140,47,10,-1
20682,140,47,10,-1
20683,139,47,10,-1
20684,139,46,10,-1
20685,140,47,10,-1
20686,140,47,10,-1
20687,140,47,10,-1
20688,140,47,10,-1
20689,140,47,10,-1
20690,140,47,10,-1
20691,140,47,10,-1
20692,140,47,10,-1
20693,140,47,10,-1
20694,140,47,10,-1
20695,140,47,10,-1
20696,140,47,10,-1
20697,140,47,10,-1
20698,140,47,10,-1
20699,140,47,10,-1
20700,140,47,10,-1
20701,140,47,10,-1
20702,140,47,10,-1
20703,140,47,10,-1
20704,140,47,10,-1
20705,140,47,10,-1
20706,140,47,10,-1
20707,140,47,10,-1
20708,140,47,10,-1
20709,140,47,10,-1
20710,140,47,10,-1
20711,140,47,10,-1
20712,140,47,10,-1
20713,140,47,10,-1
20714,140,47,10,-1
20715,140,47,10,-1
20716,140,47,10,-1
20717,140,47,10,-1
20718,140,47,10,-1
20719,140,47,10,-1
20720,140,47,10,-1
20721,140,47,10,-1
20722,140,47,10,-1
20723,140,47,10,-1
20724,140,47,10,-1
20725,140,47,10,-1
20726,140,47,10,-1
20727,140,47,10,-1
20728,140,47,10,-1
20729,140,47,10,-1
20730,140,47,10,-1
20731,140,47,10,-1
20732,140,47,10,-1
20733,140,47,10,-1
20734,140,47,10,-1
20735,140,47,10,-1
20736,140,47,10,-1
20737,140,47,10,-1
20738,140,47,10,-1
20739,140,47,10,-1
20740,140,47,10,-1
20741,140,47,10,-1
20742,140,47,10,-1
20743,140,47,10,-1
20744,140,47,10,-1
20745,140,47,10,-1
20746,140,47,10,-1
20747,140,47,10,-1
20748,140,47,10,-1
20749,140,47,10,-1
20750,140,47,10,-1
20751,140,47,10,-1
20752,140,47,10,-1
20753,140,47,10,-1
20754,140,47,10,-1
20755,140,47,10,-1
20756,140,47,10,-1
20757,140,47,10,-1
20758,140,47,10,-1
20759,140,47,10,-1
20760,140,47,10,-1
20761,140,47,10,-1
20762,140,47,10,-1
20763,140,47,10,-1
20764,140,47,10,-1
20765,140,47,10,-1
20766,140,47,10,-1
20767,140,47,10,-1
20768,140,47,10,-1
20769,140,47,10,-1
20770,140,47,10,-1
20771,140,47,10,-1
20772,140,47,10,-1
20773,140,47,10,-1
20774,140,47,10,-1
20775,140,47,10,-1
20776,140,47,10,-1
20777,140,47,10,-1
20778,140,47,10,-1
20779,140,47,10,-1
20780,140,47,10,-1
20781,140,47,10,-1
20782,140,47,10,-1
20783,140,47,10,-1
20784,140,47,10,-1
20785,140,47,10,-1
20786,140,47,10,-1
20787,140,47,10,-1
20788,140,47,10,-1
20789,140,47,10,-1
20790,140,47,10,-1
20791,140,47,10,-1
20792,140,47,10,-1
20793,140,47,10,-1
20794,140,47,10,-1
20795,140,47,10,-1
20796,140,47,10,-1
20797,140,47,10,-1
20798,140,47,10,-1
20799,140,47,10,-1
20800,140,47,10,-1
20801,140,47,10,-1
20802,140,47,10,-1
20803,140,47,10,-1
20804,140,47,10,-1
20805,140,47,10,-1
20806,140,47,10,-1
20807,140,47,10,-1
20808,140,47,10,-1
20809,140,47,10,-1
20810,140,47,10,-1
20811,140,47,10,-1
20812,140,47,10,-1
20813,140,47,10,-1
20814,140,47,10,-1
20815,140,47,10,-1
20816,140,47,10,-1
20817,140,47,10,-1
20818,140,47,10,-1
20819,139,47,10,-1
20820,140,47,10,-1
20821,140,47,10,-1
20822,140,47,10,-1
20823,140,47,10,-1
20824,140,47,10,-1
20825,140,47,10,-1
20826,140,47,10,-1
20827,140,47,10,-1
20828,140,47,10,-1
20829,140,47,10,-1
20830,140,47,10,-1
20831,140,47,10,-1
20832,140,47,10,-1
20833,140,47,10,-1
20834,140,47,10,-1
20835,140,47,10,-1
20836,140,47,10,-1
20837,140,47,10,-1
20838,140,47,10,-1
20839,140,47,10,-1
20840,140,47,10,-1
20841,140,47,10,-1
20842,140,47,10,-1
20843,140,47,10,-1
20844,140,47,10,-1
20845,140,47,10,-1
20846,140,47,10,-1
20847,140,47,10,-1
20848,140,47,10,-1
20849,139,47,10,-1
20850,140,47,10,-1
20851,140,47,10,-1
20852,140,47,10,-1
20853,140,47,10,-1
20854,140,47,10,-1
20855,140,47,10,-1
20856,140,47,10,-1
20857,140,47,10,-1
20858,140,47,10,-1
20859,140,47,10,-1
20860,140,47,10,-1
20861,140,47,10,-1
20862,140,47,10,-1
20863,140,47,10,-1
20864,140,47,10,-1
20865,140,47,10,-1
20866,140,47,10,-1
20867,140,47,10,-1
20868,140,47,10,-1
20869,140,47,10,-1
20870,140,47,10,-1
20871,140,47,10,-1
20872,140,47,10,-1
20873,140,47,10,-1
20874,140,47,10,-1
20875,140,47,10,-1
20876,140,47,10,-1
20877,140,47,10,-1
20878,140,47,10,-1
20879,140,47,10,-1
20880,140,47,10,-1
20881,140,47,10,-1
20882,140,47,10,-1
20883,140,47,10,-1
20884,139,47,10,-1
20885,140,47,10,-1
20886,140,47,10,-1
20887,140,47,10,-1
20888,140,47,10,-1
20889,140,47,10,-1
20890,140,47,10,-1
20891,140,47,10,-1
20892,140,47,10,-1
20893,140,47,10,-1
20894,140,47,10,-1
20895,140,47,10,-1
20896,140,47,10,-1
20897,140,47,10,-1
20898,140,47,10,-1
20899,140,47,10,-1
20900,140,47,10,-1
20901,140,47,10,-1
20902,140,47,10,-1
20903,139,47,10,-1
20904,140,47,10,-1
20905,140,47,10,-1
20906,140,47,10,-1
20907,140,47,10,-1
20908,140,47,10,-1
20909,140,47,10,-1
20910,140,47,10,-1
20911,140,47,10,-1
20912,140,47,10,-1
20913,140,47,10,-1
20914,140,47,10,-1
20915,140,47,10,-1
20916,140,47,10,-1
20917,140,47,10,-1
20918,140,47,10,-1
20919,140,47,10,-1
20920,140,47,10,-1
20921,140,47,10,-1
20922,140,47,10,-1
20923,140,47,10,-1
20924,140,47,10,-1
20925,139,47,10,-1
20926,140,47,10,-1
20927,140,47,10,-1
20928,140,47,10,-1
20929,140,47,10,-1
20930,140,47,10,-1
20931,140,47,10,-1
20932,140,47,10,-1
20933,140,47,10,-1
20934,140,47,10,-1
20935,140,47,10,-1
20936,140,47,10,-1
20937,140,47,10,-1
20938,140,47,10,-1
20939,140,47,10,-1
20940,140,47,10,-1
20941,140,47,10,-1
20942,140,47,10,-1
20943,140,47,10,-1
20944,140,47,10,-1
20945,140,47,10,-1
20946,140,47,10,-1
20947,140,47,10,-1
20948,140,47,10,-1
20949,140,47,10,-1
20950,140,47,10,-1
20951,140,47,10,-1
20952,140,47,10,-1
20953,140,47,10,-1
20954,140,47,10,-1
20955,140,47,10,-1
20956,140,47,10,-1
20957,140,47,10,-1
20958,140,47,10,-1
20959,140,47,10,-1
20960,140,47,10,-1
20961,140,47,10,-1
20962,140,47,10,-1
20963,140,47,10,-1
20964,140,47,10,-1
20965,140,47,10,-1
20966,140,47,10,-1
20967,140,47,10,-1
20968,140,47,10,-1
20969,140,47,10,-1
20970,140,47,10,-1
20971,140,47,10,-1
20972,140,47,10,-1
20973,140,47,10,-1
20974,140,47,10,-1
20975,140,47,10,-1
20976,139,47,10,-1
20977,139,47,10,-1
20978,140,47,10,-1
20979,140,47,10,-1
20980,140,47,10,-1
20981,140,47,10,-1
20982,140,47,10,-1
20983,140,47,10,-1
20984,140,47,10,-1
20985,140,47,10,-1
20986,140,47,10,-1
20987,140,47,10,-1
20988,140,47,10,-1
20989,140,47,10,-1
20990,140,47,10,-1
20991,140,47,10,-1
20992,140,47,10,-1
20993,140,47,10,-1
20994,140,47,10,-1
20995,140,47,10,-1
20996,140,47,10,-1
20997,140,47,10,-1
20998,140,47,10,-1
20999,140,47,10,-1
21000,140,47,10,-1
21001,140,47,10,-1
21002,140,47,10,-1
21003,140,47,10,-1
21004,139,47,10,-1
21005,140,47,10,-1
21006,140,47,10,-1
21007,140,47,10,-1
21008,140,47,10,-1
21009,140,47,10,-1
21010,140,47,10,-1
21011,140,47,10,-1
21012,140,47,10,-1
21013,140,47,10,-1
21014,140,47,10,-1
21015,140,47,10,-1
21016,140,47,10,-1
21017,140,47,10,-1
21018,140,47,10,-1
21019,140,47,10,-1
21020,140,47,10,-1
21021,140,47,10,-1
21022,140,47,10,-1
21023,140,47,10,-1
21024,140,47,10,-1
21025,140,47,10,-1
21026,140,47,10,-1
21027,140,47,10,-1
21028,140,47,10,-1
21029,140,47,10,-1
21030,140,47,10,-1
21031,140,47,10,-1
21032,140,47,10,-1
21033,140,47,10,-1
21034,140,47,10,-1
21035,140,47,10,-1
21036,140,47,10,-1
21037,140,47,10,-1
21038,140,47,10,-1
21039,140,47,10,-1
21040,139,47,10,-1
21041,139,47,10,-1
21042,140,47,10,-1
21043,140,47,10,-1
21044,140,47,10,-1
21045,140,47,10,-1
21046,140,47,10,-1
21047,140,47,10,-1
21048,140,47,10,-1
21049,140,47,10,-1
21050,140,47,10,-1
21051,140,47,10,-1
21052,140,47,10,-1
21053,140,47,10,-1
21054,140,47,10,-1
21055,140,47,10,-1
21056,140,47,10,-1
21057,140,47,10,-1
21058,140,47,10,-1
21059,140,47,10,-1
21060,140,47,10,-1
21061,140,47,10,-1
21062,140,47,10,-1
21063,140,47,10,-1
21064,140,47,10,-1
21065,140,47,10,-1
21066,140,47,10,-1
21067,140,47,10,-1
21068,140,47,10,-1
21069,140,47,10,-1
21070,140,47,10,-1
21071,140,47,10,-1
21072,140,47,10,-1
21073,140,47,10,-1
21074,140,47,10,-1
21075,140,47,10,-1
21076,140,47,10,-1
21077,139,47,10,-1
21078,140,47,10,-1
21079,140,47,10,-1
21080,140,47,10,-1
21081,140,47,10,-1
21082,140,47,10,-1
21083,140,47,10,-1
21084,140,47,10,-1
21085,140,47,10,-1
21086,140,47,10,-1
21087,140,47,10,-1
21088,140,47,10,-1
21089,140,47,10,-1
21090,140,47,10,-1
21091,140,47,10,-1
21092,140,47,10,-1
21093,140,47,10,-1
21094,140,47,10,-1
21095,140,47,10,-1
21096,140,47,10,-1
21097,140,47,10,-1
21098,140,47,10,-1
21099,140,47,10,-1
21100,140,47,10,-1
21101,140,47,10,-1
21102,140,47,10,-1
21103,140,47,10,-1
21104,140,47,10,-1
21105,140,47,10,-1
21106,140,47,10,-1
21107,140,47,10,-1
21108,140,47,10,-1
21109,140,47,10,-1
21110,140,47,10,-1
21111,140,47,10,-1
21112,140,47,10,-1
21113,140,47,10,-1
21114,140,47,10,-1
21115,140,47,10,-1
21116,140,47,10,-1
21117,140,47,10,-1
21118,140,47,10,-1
21119,140,47,10,-1
21120,140,47,10,-1
21121,139,47,10,-1
21122,140,47,10,-1
21123,140,47,10,-1
21124,140,47,10,-1
21125,140,47,10,-1
21126,140,47,10,-1
21127,140,47,10,-1
21128,140,47,10,-1
21129,140,47,10,-1
21130,140,47,10,-1
21131,140,47,10,-1
21132,140,47,10,-1
21133,140,47,10,1
21134,140,47,10,-1
21135,140,47,10,-1
21136,140,47,10,-1
21137,140,47,10,-1
21138,140,47,10,-1
21139,140,47,10,-1
21140,140,47,10,-1
21141,140,47,10,-1
21142,140,47,10,-1
21143,140,47,10,-1
21144,140,47,10,-1
21145,140,47,10,-1
21146,140,47,10,-1
21147,140,47,10,-1
21148,139,47,10,-1
21149,140,47,10,-1
21150,140,47,10,-1
21151,140,47,10,-1
21152,140,47,10,-1
21153,140,47,10,-1
21154,140,47,10,-1
21155,140,47,10,-1
21156,140,47,10,-1
21157,140,47,10,-1
21158,140,47,10,-1
21159,140,47,10,-1
21160,140,47,10,-1
21161,140,47,10,-1
21162,140,47,10,-1
21163,140,47,10,-1
21164,140,47,10,-1
21165,140,47,10,-1
21166,140,47,10,-1
21167,140,47,10,-1
21168,140,47,10,-1
21169,140,47,10,-1
21170,140,47,10,-1
21171,140,47,10,-1
21172,140,47,10,-1
21173,140,47,10,-1
21174,140,47,10,-1
21175,140,47,10,-1
21176,140,47,10,-1
21177,140,47,10,-1
21178,140,47,10,-1
21179,140,47,10,-1
21180,140,47,10,-1
21181,140,47,10,-1
21182,140,47,10,-1
21183,140,47,10,-1
21184,140,47,10,-1
21185,140,47,10,-1
21186,140,47,10,-1
21187,140,47,10,-1
21188,140,47,10,-1
21189,140,47,10,-1
21190,140,47,10,-1
21191,140,47,10,-1
21192,140,47,10,-1
21193,140,47,10,-1
21194,140,47,10,-1
21195,140,47,10,-1
21196,140,47,10,-1
21197,140,47,10,-1
21198,140,47,10,-1
21199,140,47,10,-1
21200,140,47,10,-1
21201,139,47,10,-1
21202,140,47,10,-1
21203,140,47,10,-1
21204,139,47,10,-1
21205,140,47,10,-1
21206,140,47,10,-1
21207,140,47,10,-1
21208,140,47,10,-1
21209,140,47,10,-1
21210,140,47,10,-1
21211,140,47,10,-1
21212,140,47,10,-1
21213,140,47,10,-1
21214,140,47,10,-1
21215,140,47,10,-1
21216,140,47,10,-1
21217,140,47,10,-1
21218,140,47,10,-1
21219,140,47,10,-1
21220,140,47,10,-1
21221,140,47,10,-1
21222,140,47,10,-1
21223,140,47,10,-1
21224,140,47,10,-1
21225,140,47,10,-1
21226,140,47,10,-1
21227,139,47,10,-1
21228,140,47,10,-1
21229,140,47,10,-1
21230,140,47,10,-1
21231,140,47,10,-1
21232,140,47,10,-1
21233,140,47,10,-1
21234,140,47,10,-1
21235,140,47,10,-1
21236,140,47,10,-1
21237,140,47,10,-1
21238,140,47,10,-1
21239,139,47,10,-1
21240,140,47,10,-1
21241,140,47,10,-1
21242,140,47,10,-1
21243,140,47,10,-1
21244,140,47,10,-1
21245,140,47,10,-1
21246,140,47,10,-1
21247,140,47,10,-1
21248,140,47,10,-1
21249,140,47,10,-1
21250,140,47,10,-1
21251,140,47,10,-1
21252,140,47,10,-1
21253,140,47,10,-1
21254,140,47,10,-1
21255,139,47,10,-1
21256,140,47,10,-1
21257,139,47,10,-1
21258,140,47,10,-1
21259,140,47,10,-1
21260,140,47,10,-1
21261,140,47,10,-1
21262,139,47,10,-1
21263,140,47,10,-1
21264,140,47,10,-1
21265,140,47,10,-1
21266,140,47,10,-1
21267,140,47,10,-1
21268,140,47,10,-1
21269,140,47,10,-1
21270,140,47,10,-1
21271,140,47,10,-1
21272,140,47,10,-1
21273,140,47,10,-1
21274,140,47,10,-1
21275,140,47,10,-1
21276,140,47,10,-1
21277,140,47,10,-1
21278,140,47,10,-1
21279,140,47,10,-1
21280,140,47,10,-1
21281,140,47,10,-1
21282,140,47,10,-1
21283,140,47,10,-1
21284,140,47,10,-1
21285,140,47,10,-1
21286,140,47,10,-1
21287,140,47,10,-1
21288,140,47,10,-1
21289,140,47,10,-1
21290,140,47,10,-1
21291,140,47,10,-1
21292,140,47,10,-1
21293,140,47,10,-1
21294,140,47,10,-1
21295,140,47,10,-1
21296,140,47,10,-1
21297,140,47,10,-1
21298,140,47,10,-1
21299,140,47,10,-1
21300,140,47,10,-1
21301,140,47,10,-1
21302,140,47,10,-1
21303,140,47,10,-1
21304,140,47,10,-1
21305,140,47,10,-1
21306,140,47,10,-1
21307,140,47,10,-1
21308,140,47,10,-1
21309,140,47,10,-1
21310,140,47,10,-1
21311,140,47,10,-1
21312,140,47,10,-1
21313,140,47,10,-1
21314,140,47,10,-1
21315,140,47,10,-1
21316,140,47,10,-1
21317,140,47,10,-1
21318,140,47,10,-1
21319,140,47,10,-1
21320,140,47,10,-1
21321,140,47,10,-1
21322,140,47,10,-1
21323,140,47,10,-1
21324,140,47,10,-1
21325,140,47,10,-1
21326,140,47,10,-1
21327,140,47,10,-1
21328,140,47,10,-1
21329,140,47,10,-1
21330,140,47,10,-1
21331,140,47,10,-1
21332,139,47,10,-1
21333,140,47,10,-1
21334,140,47,10,-1
21335,140,47,10,-1
21336,140,47,10,-1
21337,140,47,10,-1
21338,140,47,10,-1
21339,140,47,10,-1
21340,140,47,10,-1
21341,140,47,10,-1
21342,139,47,10,-1
21343,140,47,10,-1
21344,140,47,10,-1
21345,140,47,10,-1
21346,140,47,10,-1
21347,140,47,10,-1
21348,140,47,10,-1
21349,140,47,10,-1
21350,140,47,10,-1
21351,140,47,10,-1
21352,140,47,10,-1
21353,140,47,10,-1
21354,140,47,10,-1
21355,140,47,10,-1
21356,140,47,10,-1
21357,140,47,10,-1
21358,140,47,10,-1
21359,139,47,10,-1
21360,140,47,10,-1
21361,140,47,10,-1
21362,140,47,10,-1
21363,140,47,10,-1
21364,140,47,10,-1
21365,140,47,10,-1
21366,140,47,10,-1
21367,140,47,10,-1
21368,140,47,10,-1
21369,140,47,10,-1
21370,140,47,10,-1
21371,140,47,10,-1
21372,140,47,10,-1
21373,140,47,10,-1
21374,140,47,10,-1
21375,140,47,10,-1
21376,140,47,10,-1
21377,140,47,10,-1
21378,140,47,10,-1
21379,140,47,10,-1
21380,140,47,10,-1
21381,140,47,10,-1
21382,140,47,10,-1
21383,140,47,10,-1
21384,140,47,10,-1
21385,140,47,10,-1
21386,140,47,10,-1
21387,140,47,10,-1
21388,140,47,10,-1
21389,140,47,10,-1
21390,140,47,10,-1
21391,140,47,10,-1
21392,140,47,10,-1
21393,140,47,10,-1
21394,140,47,10,-1
21395,140,47,10,-1
21396,140,47,10,-1
21397,140,47,10,-1
21398,140,47,10,-1
21399,140,47,10,-1
21400,140,47,10,-1
21401,140,47,10,-1
21402,140,47,10,-1
21403,140,47,10,-1
21404,140,47,10,-1
21405,140,47,10,-1
21406,140,47,10,-1
21407,140,47,10,-1
21408,140,47,10,-1
21409,140,47,10,-1
21410,140,47,10,-1
21411,140,47,10,-1
21412,140,47,10,-1
21413,140,47,10,-1
21414,140,47,10,-1
21415,140,47,10,-1
21416,140,47,10,-1
21417,140,47,10,-1
21418,140,47,10,-1
21419,140,47,10,-1
21420,140,47,10,-1
21421,140,47,10,-1
21422,140,47,10,-1
21423,140,47,10,-1
21424,139,47,10,-1
21425,140,47,10,-1
21426,140,47,10,-1
21427,140,47,10,-1
21428,140,47,10,-1
21429,140,47,10,-1
21430,140,47,10,-1
21431,140,47,10,-1
21432,140,47,10,-1
21433,140,47,10,-1
21434,140,47,10,-1
21435,140,47,10,-1
21436,140,47,10,-1
21437,140,47,10,-1
21438,140,47,10,-1
21439,140,47,10,-1
21440,140,47,10,-1
21441,140,47,10,-1
21442,140,47,10,-1
21443,140,47,10,-1
21444,140,47,10,-1
21445,140,47,10,-1
21446,140,47,10,-1
21447,140,47,10,-1
21448,140,47,10,-1
21449,140,47,10,-1
21450,140,47,10,-1
21451,140,47,10,-1
21452,140,47,10,-1
21453,140,47,10,-1
21454,140,47,10,-1
21455,140,47,10,-1
21456,140,47,10,-1
21457,140,47,10,-1
21458,140,47,10,-1
21459,140,47,10,-1
21460,140,47,10,-1
21461,140,47,10,-1
21462,140,47,10,-1
21463,140,47,10,-1
21464,139,47,10,-1
21465,140,47,10,-1
21466,140,47,10,-1
21467,140,47,10,-1
21468,140,47,10,-1
21469,140,47,10,-1
21470,140,47,10,-1
21471,140,47,10,-1
21472,140,47,10,-1
21473,140,47,10,-1
21474,140,47,10,-1
21475,140,47,10,-1
21476,140,47,10,-1
21477,140,47,10,-1
21478,140,47,10,-1
21479,140,47,10,-1
21480,140,47,10,-1
21481,140,47,10,-1
21482,140,47,10,-1
21483,140,47,10,-1
21484,139,47,10,-1
21485,140,47,10,-1
21486,140,47,10,-1
21487,140,47,10,-1
21488,140,47,10,-1
21489,140,47,10,-1
21490,140,47,10,-1
21491,140,47,10,-1
21492,140,47,10,-1
21493,140,47,10,-1
21494,139,47,10,-1
21495,140,47,10,-1
21496,140,47,10,-1
21497,140,47,10,-1
21498,140,47,10,-1
21499,140,47,10,-1
21500,140,47,10,-1
21501,140,47,10,-1
21502,140,47,10,-1
21503,140,47,10,-1
21504,140,47,10,-1
21505,140,47,10,-1
21506,140,47,10,-1
21507,140,47,10,-1
21508,140,47,10,-1
21509,140,47,10,-1
21510,140,47,10,-1
21511,140,47,10,-1
21512,140,47,10,-1
21513,140,47,10,-1
21514,140,47,10,-1
21515,140,47,10,-1
21516,140,47,10,-1
21517,140,47,10,-1
21518,140,47,10,-1
21519,140,47,10,-1
21520,140,47,10,-1
21521,140,47,10,-1
21522,140,47,10,-1
21523,140,47,10,-1
21524,140,47,10,-1
21525,140,47,10,-1
21526,139,47,10,-1
21527,140,47,10,-1
21528,140,47,10,-1
21529,138,47,10,-1
21530,140,47,10,-1
21531,140,47,10,-1
21532,140,47,10,-1
21533,140,47,10,-1
21534,140,47,10,-1
21535,140,47,10,-1
21536,140,47,10,-1
21537,140,47,10,-1
21538,140,47,10,-1
21539,140,47,10,-1
21540,140,47,10,-1
21541,140,47,10,-1
21542,140,47,10,-1
21543,140,47,10,-1
21544,140,47,10,-1
21545,140,47,10,-1
21546,139,47,10,-1
21547,140,47,10,-1
21548,140,47,10,-1
21549,140,47,10,-1
21550,140,47,10,-1
21551,140,47,10,-1
21552,140,47,10,-1
21553,140,47,10,-1
21554,140,47,10,-1
21555,140,47,10,-1
21556,140,47,10,-1
21557,140,47,10,-1
21558,140,47,10,-1
21559,140,47,10,-1
21560,140,47,10,-1
21561,140,47,10,-1
21562,140,47,10,-1
21563,140,47,10,-1
21564,140,47,10,-1
21565,140,47,10,-1
21566,140,47,10,-1
21567,140,47,10,-1
21568,140,47,10,-1
21569,140,47,10,-1
21570,140,47,10,-1
21571,140,47,10,-1
21572,140,47,10,-1
21573,140,47,10,-1
21574,140,47,10,-1
21575,140,47,10,-1
21576,140,47,10,-1
21577,140,47,10,-1
21578,140,47,10,-1
21579,140,47,10,-1
21580,140,47,10,-1
21581,140,47,10,-1
21582,140,47,10,-1
21583,140,47,10,-1
21584,140,47,10,-1
21585,140,47,10,-1
21586,140,47,10,-1
21587,140,47,10,-1
21588,140,47,10,-1
21589,140,47,10,-1
21590,140,47,10,-1
21591,140,47,10,-1
21592,140,47,10,-1
21593,140,47,10,-1
21594,140,47,10,-1
21595,140,47,10,-1
21596,140,47,10,-1
21597,140,47,10,-1
21598,140,47,10,-1
21599,140,47,10,-1
21600,140,47,10,-1
21601,140,47,10,-1
21602,139,47,10,-1
21603,140,47,10,-1
21604,140,47,10,-1
21605,140,47,10,-1
21606,140,47,10,-1
21607,140,47,10,-1
21608,140,47,10,-1
21609,140,47,10,-1
21610,140,47,10,-1
21611,140,47,10,-1
21612,140,47,10,-1
21613,140,47,10,-1
21614,140,47,10,-1
21615,140,47,10,-1
21616,140,47,10,-1
21617,140,47,10,-1
21618,140,47,10,-1
21619,140,47,10,-1
21620,140,47,10,-1
21621,140,47,10,-1
21622,140,47,10,-1
21623,140,47,10,-1
21624,140,47,10,-1
21625,140,47,10,-1
21626,140,47,10,-1
21627,140,47,10,-1
21628,140,47,10,-1
21629,140,47,10,-1
21630,140,47,10,-1
21631,140,47,10,-1
21632,140,47,10,-1
21633,140,47,10,-1
21634,140,47,10,-1
21635,140,47,10,-1
21636,140,47,10,-1
21637,140,47,10,-1
21638,140,47,10,-1
21639,140,47,10,-1
21640,140,47,10,-1
21641,140,47,10,-1
21642,140,47,10,-1
21643,140,47,10,-1
21644,140,47,10,-1
21645,140,47,10,-1
21646,140,47,10,-1
21647,140,47,10,-1
21648,140,47,10,-1
21649,140,47,10,-1
21650,140,47,10,-1
21651,140,47,10,-1
21652,140,47,10,-1
21653,140,47,10,-1
21654,140,47,10,-1
21655,139,47,10,-1
21656,140,47,10,-1
21657,140,47,10,-1
21658,140,47,10,-1
21659,140,47,10,-1
21660,140,47,10,-1
21661,140,47,10,-1
21662,140,47,10,-1
21663,139,47,10,-1
21664,140,47,10,-1
21665,140,47,10,-1
21666,140,47,10,-1
21667,140,47,10,-1
21668,140,47,10,-1
21669,140,47,10,-1
21670,140,47,10,-1
21671,140,47,10,-1
21672,140,47,10,-1
21673,140,47,10,-1
21674,140,47,10,-1
21675,140,47,10,-1
21676,140,47,10,-1
21677,140,47,10,-1
21678,140,47,10,-1
21679,140,47,10,-1
21680,140,47,10,-1
21681,140,47,10,-1
21682,140,47,10,-1
21683,140,47,10,-1
21684,140,47,10,-1
21685,140,47,10,-1
21686,140,47,10,-1
21687,140,47,10,-1
21688,140,47,10,-1
21689,140,47,10,-1
21690,140,47,10,-1
21691,140,47,10,-1
21692,140,47,10,-1
21693,140,47,10,-1
21694,140,47,10,-1
21695,140,47,10,-1
21696,140,47,10,-1
21697,140,47,10,-1
21698,140,47,10,-1
21699,140,47,10,-1
21700,140,47,10,-1
21701,140,47,10,-1
21702,140,47,10,-1
21703,140,47,10,-1
21704,140,47,10,-1
21705,140,47,10,-1
21706,140,47,10,-1
21707,140,47,10,-1
21708,140,47,10,-1
21709,140,47,10,-1
21710,140,47,10,-1
21711,140,47,10,-1
21712,140,47,10,-1
21713,140,47,10,-1
21714,140,47,10,-1
21715,140,47,10,-1
21716,140,47,10,-1
21717,140,47,10,-1
21718,140,47,10,-1
21719,140,47,10,-1
21720,140,47,10,-1
21721,140,47,10,-1
21722,140,47,10,-1
21723,140,47,10,-1
21724,140,47,10,-1
21725,140,47,10,-1
21726,140,47,10,-1
21727,140,47,10,-1
21728,140,47,10,-1
21729,140,47,10,-1
21730,140,47,10,-1
21731,140,47,10,-1
21732,140,47,10,-1
21733,140,47,10,-1
21734,140,47,10,-1
21735,139,47,10,-1
21736,140,47,10,-1
21737,140,47,10,-1
21738,140,47,10,-1
21739,140,47,10,-1
21740,140,47,10,-1
21741,140,47,10,-1
21742,140,47,10,-1
21743,140,47,10,-1
21744,140,47,10,-1
21745,140,47,10,-1
21746,140,47,10,-1
21747,139,47,10,-1
21748,140,47,10,-1
21749,140,47,10,-1
21750,140,47,10,-1
21751,139,47,10,-1
21752,140,47,10,-1
21753,140,47,10,-1
21754,140,47,10,-1
21755,140,47,10,-1
21756,140,47,10,-1
21757,140,47,10,1
21758,140,47,10,-1
21759,140,47,10,-1
21760,140,47,10,-1
21761,140,47,10,-1
21762,140,47,10,-1
21763,140,47,10,-1
21764,140,47,10,-1
21765,140,47,10,-1
21766,140,47,10,-1
21767,140,47,10,-1
21768,140,47,10,-1
21769,139,47,10,-1
21770,140,47,10,-1
21771,140,47,10,-1
21772,139,47,10,-1
21773,140,47,10,-1
21774,140,47,10,-1
21775,140,47,10,-1
21776,140,47,10,-1
21777,140,47,10,-1
21778,140,47,10,-1
21779,140,47,10,-1
21780,140,47,10,-1
21781,140,47,10,-1
21782,140,47,10,-1
21783,140,47,10,-1
21784,140,47,10,-1
21785,140,47,10,-1
21786,140,47,10,-1
21787,140,47,10,-1
21788,140,47,10,-1
21789,140,47,10,-1
21790,140,47,10,-1
21791,140,47,10,-1
21792,140,47,10,-1
21793,140,47,10,-1
21794,140,47,10,-1
21795,140,47,10,-1
21796,140,47,10,-1
21797,140,47,10,-1
21798,140,47,10,-1
21799,140,47,10,-1
21800,140,47,10,-1
21801,140,47,10,-1
21802,140,47,10,-1
21803,140,47,10,-1
21804,140,47,10,-1
21805,140,47,10,-1
21806,140,47,10,-1
21807,140,47,10,-1
21808,140,47,10,-1
21809,140,47,10,-1
21810,140,47,10,-1
21811,140,47,10,-1
21812,140,47,10,-1
21813,140,47,10,-1
21814,140,47,10,-1
21815,140,47,10,-1
21816,140,47,10,-1
21817,140,47,10,-1
21818,140,47,10,-1
21819,140,47,10,-1
21820,140,47,10,-1
21821,139,47,10,-1
21822,140,47,10,-1
21823,140,47,10,-1
21824,140,47,10,-1
21825,140,47,10,-1
21826,140,47,10,-1
21827,140,47,10,-1
21828,139,47,10,-1
21829,140,47,10,-1
21830,140,47,10,-1
21831,140,47,10,-1
21832,140,47,10,-1
21833,140,47,10,-1
21834,140,47,10,-1
21835,140,47,10,-1
21836,140,47,10,-1
21837,140,47,10,-1
21838,140,47,10,-1
21839,140,47,10,-1
21840,140,47,10,-1
21841,140,47,10,-1
21842,140,47,10,-1
21843,140,47,10,-1
21844,140,47,10,-1
21845,140,47,10,-1
21846,140,47,10,-1
21847,140,47,10,-1
21848,140,47,10,-1
21849,140,47,10,-1
21850,140,47,10,-1
21851,140,47,10,-1
21852,140,47,10,-1
21853,140,47,10,-1
21854,139,47,10,-1
21855,140,47,10,-1
21856,140,47,10,-1
21857,140,47,10,-1
21858,140,47,10,-1
21859,140,47,10,-1
21860,140,47,10,-1
21861,140,47,10,-1
21862,140,47,10,-1
21863,140,47,10,-1
21864,140,47,10,-1
21865,140,47,10,-1
21866,140,47,10,-1
21867,140,47,10,-1
21868,140,47,10,-1
21869,140,47,10,-1
21870,139,47,10,-1
21871,140,47,10,-1
21872,140,47,10,-1
21873,140,47,10,-1
21874,140,47,10,-1
21875,140,47,10,-1
21876,140,47,10,-1
21877,140,47,10,-1
21878,140,47,10,-1
21879,140,47,10,-1
21880,140,47,10,-1
21881,140,47,10,-1
21882,140,47,10,-1
21883,140,47,10,-1
21884,140,47,10,-1
21885,140,47,10,-1
21886,139,47,10,-1
21887,140,47,10,-1
21888,140,47,10,-1
21889,140,47,10,-1
21890,140,47,10,-1
21891,140,47,10,-1
21892,140,47,10,-1
21893,140,47,10,-1
21894,140,47,10,-1
21895,140,47,10,-1
21896,140,47,10,-1
21897,140,47,10,-1
21898,140,47,10,-1
21899,140,47,10,-1
21900,139,47,10,-1
21901,140,47,10,-1
21902,140,47,10,-1
21903,140,47,10,-1
21904,140,47,10,-1
21905,140,47,10,-1
21906,140,47,10,-1
21907,140,47,10,-1
21908,140,47,10,-1
21909,140,47,10,-1
21910,140,47,10,-1
21911,140,47,10,-1
21912,139,47,10,-1
21913,139,47,10,-1
21914,140,47,10,-1
21915,140,47,10,-1
21916,140,47,10,-1
21917,140,47,10,-1
21918,140,47,10,-1
21919,140,47,10,-1
21920,140,47,10,-1
21921,140,47,10,-1
21922,140,47,10,-1
21923,140,47,10,-1
21924,140,47,10,-1
21925,140,47,10,-1
21926,140,47,10,-1
21927,140,47,10,-1
21928,140,47,10,-1
21929,140,47,10,-1
21930,140,47,10,-1
21931,140,47,10,-1
21932,140,47,10,-1
21933,140,47,10,-1
21934,140,47,10,-1
21935,140,47,10,-1
21936,140,47,10,-1
21937,140,47,10,-1
21938,140,47,10,-1
21939,140,47,10,-1
21940,140,47,10,-1
21941,140,47,10,-1
21942,140,47,10,-1
21943,140,47,10,-1
21944,140,47,10,-1
21945,140,47,10,-1
21946,140,47,10,-1
21947,140,47,10,-1
21948,140,47,10,-1
21949,140,47,10,-1
21950,140,47,10,-1
21951,140,47,10,-1
21952,139,47,10,-1
21953,140,47,10,-1
21954,140,47,10,-1
21955,140,47,10,-1
21956,140,47,10,-1
21957,140,47,10,-1
21958,140,47,10,-1
21959,140,47,10,-1
21960,140,47,10,-1
21961,140,47,10,-1
21962,140,47,10,-1
21963,140,47,10,-1
21964,140,47,10,-1
21965,140,47,10,-1
21966,140,47,10,-1
21967,140,47,10,-1
21968,140,47,10,-1
21969,140,47,10,-1
21970,140,47,10,-1
21971,140,47,10,-1
21972,140,47,10,-1
21973,140,47,10,-1
21974,140,47,10,-1
21975,140,47,10,-1
21976,140,47,10,-1
21977,140,47,10,-1
21978,140,47,10,-1
21979,140,47,10,-1
21980,140,47,10,-1
21981,140,47,10,-1
21982,140,47,10,-1
21983,140,47,10,-1
21984,140,47,10,-1
21985,140,47,10,-1
21986,139,47,10,-1
21987,140,47,10,-1
21988,140,47,10,-1
21989,140,47,10,-1
21990,140,47,10,-1
21991,140,47,10,-1
21992,140,47,10,-1
21993,140,47,10,-1
21994,140,47,10,-1
21995,140,47,10,-1
21996,140,47,10,-1
21997,140,47,10,-1
21998,140,47,10,-1
21999,140,47,10,-1
22000,139,47,10,-1
22001,140,47,10,-1
22002,139,47,10,-1
22003,140,47,10,-1
22004,140,47,10,-1
22005,140,47,10,-1
22006,140,47,10,-1
22007,140,47,10,-1
22008,140,47,10,-1
22009,140,47,10,-1
22010,140,47,10,-1
22011,140,47,10,-1
22012,140,47,10,-1
22013,140,47,10,-1
22014,140,47,10,-1
22015,140,47,10,-1
22016,140,47,10,-1
22017,140,47,10,-1
22018,139,47,10,-1
22019,140,47,10,-1
22020,140,47,10,-1
22021,139,47,10,-1
22022,140,47,10,-1
22023,140,47,10,-1
22024,140,47,10,-1
22025,140,47,10,-1
22026,140,47,10,-1
22027,140,47,10,-1
22028,140,47,10,-1
22029,139,47,10,-1
22030,139,47,10,-1
22031,140,47,10,-1
22032,140,47,10,-1
22033,140,47,10,-1
22034,140,47,10,-1
22035,140,47,10,-1
22036,140,47,10,-1
22037,140,47,10,-1
22038,140,47,10,-1
22039,140,47,10,-1
22040,140,47,10,-1
22041,140,47,10,-1
22042,140,47,10,-1
22043,140,47,10,-1
22044,140,47,10,-1
22045,140,47,10,-1
22046,140,47,10,-1
22047,140,47,10,-1
22048,140,47,10,-1
22049,140,47,10,-1
22050,140,47,10,-1
22051,140,47,10,-1
22052,140,47,10,-1
22053,140,47,10,-1
22054,140,47,10,-1
22055,140,47,10,-1
22056,140,47,10,-1
22057,140,47,10,-1
22058,140,47,10,-1
22059,140,47,10,-1
22060,140,47,10,-1
22061,140,47,10,-1
22062,140,47,10,-1
22063,140,47,10,-1
22064,140,47,10,-1
22065,140,47,10,-1
22066,140,47,10,-1
22067,140,47,10,-1
22068,140,47,10,-1
22069,140,47,10,-1
22070,140,47,10,-1
22071,140,47,10,-1
22072,140,47,10,-1
22073,140,47,10,-1
22074,140,47,10,-1
22075,140,47,10,-1
22076,140,47,10,-1
22077,140,47,10,-1
22078,140,47,10,-1
22079,140,47,10,-1
22080,140,47,10,-1
22081,140,47,10,-1
22082,140,47,10,-1
22083,140,47,10,-1
22084,140,47,10,-1
22085,140,47,10,-1
22086,140,47,10,-1
22087,140,47,10,-1
22088,140,47,10,-1
22089,140,47,10,-1
22090,140,47,10,-1
22091,140,47,10,-1
22092,140,47,10,-1
22093,140,47,10,-1
22094,140,47,10,-1
22095,140,47,10,-1
22096,140,47,10,-1
22097,140,47,10,-1
22098,140,47,10,-1
22099,140,47,10,-1
22100,140,47,10,-1
22101,140,47,10,-1
22102,140,47,10,-1
22103,140,47,10,-1
22104,140,47,10,-1
22105,140,47,10,-1
22106,140,47,10,-1
22107,140,47,10,-1
22108,140,47,10,-1
22109,140,47,10,-1
22110,140,47,10,-1
22111,140,47,10,-1
22112,140,47,10,-1
22113,139,47,10,-1
22114,140,47,10,-1
22115,140,47,10,-1
22116,140,47,10,-1
22117,140,47,10,-1
22118,140,47,10,-1
22119,140,47,10,-1
22120,140,47,10,-1
22121,140,47,10,-1
22122,140,47,10,-1
22123,140,47,10,-1
22124,140,47,10,-1
22125,140,47,10,-1
22126,140,47,10,-1
22127,140,47,10,-1
22128,140,47,10,-1
22129,140,47,10,-1
22130,140,47,10,-1
22131,140,47,10,-1
22132,140,47,10,-1
22133,140,47,10,-1
22134,140,47,10,-1
22135,140,47,10,-1
22136,140,47,10,-1
22137,140,47,10,-1
22138,140,47,10,-1
22139,140,47,10,-1
22140,139,47,10,-1
22141,140,47,10,-1
22142,140,47,10,-1
22143,140,47,10,-1
22144,140,47,10,-1
22145,140,47,10,-1
22146,140,47,10,-1
22147,140,47,10,-1
22148,140,47,10,-1
22149,140,47,10,-1
22150,140,47,10,-1
22151,140,47,10,-1
22152,140,47,10,-1
22153,140,47,10,-1
22154,140,47,10,-1
22155,140,47,10,-1
22156,140,47,10,-1
22157,140,47,10,-1
22158,140,47,10,-1
22159,140,47,10,-1
22160,140,47,10,-1
22161,140,47,10,-1
22162,140,47,10,-1
22163,140,47,10,-1
22164,140,47,10,-1
22165,140,47,10,-1
22166,140,47,10,-1
22167,140,47,10,-1
22168,140,47,10,-1
22169,140,47,10,-1
22170,139,47,10,-1
22171,140,47,10,-1
22172,139,47,10,-1
22173,140,47,10,-1
22174,140,47,10,-1
22175,140,47,10,-1
22176,140,47,10,-1
22177,140,47,10,-1
22178,140,47,10,-1
22179,140,47,10,-1
22180,140,47,10,-1
22181,139,47,10,-1
22182,139,47,10,-1
22183,140,47,10,-1
22184,140,47,10,-1
22185,140,47,10,-1
22186,140,47,10,-1
22187,140,47,10,-1
22188,140,47,10,-1
22189,140,47,10,-1
22190,140,47,10,-1
22191,140,47,10,-1
22192,140,47,10,-1
22193,140,47,10,-1
22194,140,47,10,-1
22195,140,47,10,-1
22196,140,47,10,-1
22197,140,47,10,-1
22198,140,47,10,-1
22199,140,47,10,-1
22200,140,47,10,-1
22201,140,47,10,-1
22202,140,47,10,-1
22203,140,47,10,-1
22204,140,47,10,-1
22205,140,47,10,-1
22206,140,47,10,-1
22207,140,47,10,-1
22208,140,47,10,-1
22209,140,47,10,-1
22210,140,47,10,-1
22211,140,47,10,-1
22212,140,47,10,-1
22213,140,47,10,-1
22214,140,47,10,-1
22215,140,47,10,-1
22216,140,47,10,-1
22217,140,47,10,-1
22218,140,47,10,-1
22219,140,47,10,-1
22220,140,47,10,-1
22221,140,47,10,-1
22222,140,47,10,-1
22223,140,47,10,-1
22224,140,47,10,-1
22225,140,47,10,-1
22226,140,47,10,-1
22227,140,47,10,-1
22228,140,47,10,-1
22229,140,47,10,-1
22230,140,47,10,-1
22231,140,47,10,-1
22232,140,47,10,-1
22233,140,47,10,-1
22234,140,47,10,-1
22235,140,47,10,-1
22236,140,47,10,-1
22237,140,47,10,-1
22238,140,47,10,-1
22239,140,47,10,-1
22240,140,47,10,-1
22241,140,47,10,-1
22242,139,47,10,-1
22243,140,47,10,-1
22244,140,47,10,-1
22245,140,47,10,-1
22246,140,47,10,-1
22247,140,46,10,-1
22248,140,47,10,-1
22249,140,47,10,-1
22250,140,47,10,-1
22251,140,47,10,-1
22252,140,47,10,-1
22253,140,47,10,-1
22254,140,47,10,-1
22255,140,47,10,-1
22256,140,47,10,-1
22257,140,47,10,-1
22258,140,47,10,-1
22259,140,47,10,-1
22260,140,47,10,-1
22261,140,47,10,-1
22262,140,47,10,-1
22263,140,47,10,-1
22264,140,47,10,-1
22265,140,47,10,-1
22266,140,47,10,-1
22267,140,47,10,-1
22268,140,47,10,-1
22269,140,47,10,-1
22270,140,47,10,-1
22271,140,47,10,-1
22272,140,47,10,-1
22273,140,47,10,-1
22274,140,47,10,-1
22275,140,47,10,-1
22276,140,47,10,-1
22277,140,47,10,-1
22278,140,47,10,-1
22279,140,47,10,-1
22280,140,47,10,-1
22281,140,47,10,-1
22282,140,47,10,-1
22283,140,47,10,-1
22284,140,47,10,-1
22285,140,47,10,-1
22286,140,47,10,-1
22287,140,47,10,-1
22288,140,47,10,-1
22289,140,47,10,-1
22290,140,47,10,-1
22291,140,47,10,-1
22292,140,47,10,-1
22293,140,47,10,-1
22294,140,47,10,-1
22295,140,47,10,-1
22296,140,47,10,-1
22297,140,47,10,-1
22298,140,47,10,-1
22299,140,47,10,-1
22300,140,47,10,-1
22301,140,47,10,-1
22302,140,47,10,-1
22303,140,47,10,-1
22304,140,47,10,-1
22305,140,47,10,-1
22306,140,47,10,-1
22307,140,47,10,-1
22308,140,47,10,-1
22309,140,47,10,-1
22310,140,47,10,-1
22311,140,47,10,-1
22312,140,47,10,-1
22313,140,47,10,-1
22314,140,47,10,-1
22315,140,47,10,-1
22316,140,47,10,-1
22317,140,47,10,-1
22318,140,47,10,-1
22319,140,47,10,-1
22320,140,47,10,-1
22321,140,47,10,-1
22322,140,47,10,-1
22323,140,47,10,-1
22324,140,47,10,-1
22325,140,47,10,-1
22326,140,47,10,-1
22327,139,47,10,-1
22328,140,47,10,-1
22329,140,47,10,-1
22330,140,47,10,-1
22331,140,47,10,-1
22332,140,47,10,-1
22333,140,47,10,-1
22334,140,47,10,-1
22335,140,47,10,-1
22336,140,47,10,-1
22337,140,47,10,-1
22338,140,47,10,-1
22339,140,47,10,-1
22340,140,47,10,-1
22341,140,47,10,-1
22342,140,47,10,-1
22343,140,47,10,-1
22344,140,47,10,-1
22345,140,47,10,-1
22346,140,47,10,-1
22347,140,47,10,-1
22348,140,47,10,-1
22349,140,47,10,-1
22350,140,47,10,-1
22351,140,47,10,-1
22352,140,47,10,-1
22353,140,47,10,-1
22354,140,47,10,-1
22355,140,47,10,-1
22356,140,47,10,-1
22357,139,47,10,-1
22358,140,47,10,-1
22359,140,47,10,-1
22360,140,47,10,-1
22361,140,47,10,-1
22362,140,47,10,-1
22363,139,47,10,-1
22364,140,47,10,-1
22365,140,47,10,-1
22366,140,47,10,-1
22367,140,47,10,-1
22368,140,47,10,-1
22369,139,47,10,-1
22370,140,47,10,-1
22371,140,47,10,-1
22372,140,47,10,-1
22373,140,47,10,-1
22374,140,47,10,-1
22375,140,47,10,-1
22376,140,47,10,-1
22377,140,47,10,-1
22378,140,47,10,-1
22379,140,47,10,-1
22380,140,47,10,-1
22381,140,47,10,1
22382,140,47,10,-1
22383,140,47,10,-1
22384,140,47,10,-1
22385,140,47,10,-1
22386,140,47,10,-1
22387,140,47,10,-1
22388,140,47,10,-1
22389,140,47,10,-1
22390,140,47,10,-1
22391,140,47,10,-1
22392,140,47,10,-1
22393,140,47,10,-1
22394,140,47,10,-1
22395,140,47,10,-1
22396,140,47,10,-1
22397,140,47,10,-1
22398,140,47,10,-1
22399,140,47,10,-1
22400,140,47,10,-1
22401,140,47,10,-1
22402,140,47,10,-1
22403,140,47,10,-1
22404,140,47,10,-1
22405,140,47,10,-1
22406,140,47,10,-1
22407,140,47,10,-1
22408,140,47,10,-1
22409,140,47,10,-1
22410,140,47,10,-1
22411,140,47,10,-1
22412,140,47,10,-1
22413,140,47,10,-1
22414,140,47,10,-1
22415,140,47,10,-1
22416,140,47,10,-1
22417,140,47,10,-1
22418,140,47,10,-1
22419,140,47,10,-1
22420,140,47,10,-1
22421,140,47,10,-1
22422,140,47,10,-1
22423,140,47,10,-1
22424,140,47,10,-1
22425,140,47,10,-1
22426,140,47,10,-1
22427,140,47,10,-1
22428,140,47,10,-1
22429,140,47,10,-1
22430,140,47,10,-1
22431,140,47,10,-1
22432,140,47,10,-1
22433,140,47,10,-1
22434,140,47,10,-1
22435,140,47,10,-1
22436,140,47,10,-1
22437,140,47,10,-1
22438,140,47,10,-1
22439,140,47,10,-1
22440,140,47,10,-1
22441,140,47,10,-1
22442,140,47,10,-1
22443,140,47,10,-1
22444,140,47,10,-1
22445,140,47,10,-1
22446,140,47,10,-1
22447,140,47,10,-1
22448,140,47,10,-1
22449,140,47,10,-1
22450,140,47,10,-1
22451,140,47,10,-1
22452,140,47,10,-1
22453,140,47,10,-1
22454,140,47,10,-1
22455,139,47,10,-1
22456,140,47,10,-1
22457,140,47,10,-1
22458,140,47,10,-1
22459,140,47,10,-1
22460,140,47,10,-1
22461,140,47,10,-1
22462,140,47,10,-1
22463,140,47,10,-1
22464,140,47,10,-1
22465,138,47,10,-1
22466,140,47,10,-1
22467,140,47,10,-1
22468,140,47,10,-1
22469,139,47,10,-1
22470,140,47,10,-1
22471,140,47,10,-1
22472,140,47,10,-1
22473,140,47,10,-1
22474,140,47,10,-1
22475,140,47,10,-1
22476,140,47,10,-1
22477,140,47,10,-1
22478,140,47,10,-1
22479,140,47,10,-1
22480,140,47,10,-1
22481,140,47,10,-1
22482,140,47,10,-1
22483,140,47,10,-1
22484,140,47,10,-1
22485,140,47,10,-1
22486,140,47,10,-1
22487,140,47,10,-1
22488,140,47,10,-1
22489,140,47,10,-1
22490,140,47,10,-1
22491,140,47,10,-1
22492,140,47,10,-1
22493,140,47,10,-1
22494,140,47,10,-1
22495,140,47,10,-1
22496,140,47,10,-1
22497,140,47,10,-1
22498,140,47,10,-1
22499,140,47,10,-1
22500,140,47,10,-1
22501,140,47,10,-1
22502,140,47,10,-1
22503,140,47,10,-1
22504,140,47,10,-1
22505,140,47,10,-1
22506,140,47,10,-1
22507,140,47,10,-1
22508,140,47,10,-1
22509,140,47,10,-1
22510,140,47,10,-1
22511,140,47,10,-1
22512,140,47,10,-1
22513,140,47,10,-1
22514,140,47,10,-1
22515,140,47,10,-1
22516,139,47,10,-1
22517,139,47,10,-1
22518,140,47,10,-1
22519,140,47,10,-1
22520,140,47,10,-1
22521,140,47,10,-1
22522,139,47,10,-1
22523,140,47,10,-1
22524,140,47,10,-1
22525,140,47,10,-1
22526,140,47,10,-1
22527,140,47,10,-1
22528,140,47,10,-1
22529,140,47,10,-1
22530,140,47,10,-1
22531,140,47,10,-1
22532,140,47,10,-1
22533,140,47,10,-1
22534,140,47,10,-1
22535,140,47,10,-1
22536,140,47,10,-1
22537,140,47,10,-1
22538,140,47,10,-1
22539,140,47,10,-1
22540,140,47,10,-1
22541,140,47,10,-1
22542,140,47,10,-1
22543,140,47,10,-1
22544,140,47,10,-1
22545,140,47,10,-1
22546,140,47,10,-1
22547,139,47,10,-1
22548,140,47,10,-1
22549,140,47,10,-1
22550,140,47,10,-1
22551,140,47,10,-1
22552,140,47,10,-1
22553,140,47,10,-1
22554,139,47,10,-1
22555,140,47,10,-1
22556,140,47,10,-1
22557,140,47,10,-1
22558,139,47,10,-1
22559,140,47,10,-1
22560,140,47,10,-1
22561,140,47,10,-1
22562,140,47,10,-1
22563,140,47,10,-1
22564,140,47,10,-1
22565,140,47,10,-1
22566,140,47,10,-1
22567,140,47,10,-1
22568,140,47,10,-1
22569,140,47,10,-1
22570,140,47,10,-1
22571,140,47,10,-1
22572,140,47,10,-1
22573,140,47,10,-1
22574,140,47,10,-1
22575,140,47,10,-1
22576,139,47,10,-1
22577,140,47,10,-1
22578,140,47,10,-1
22579,140,47,10,-1
22580,140,47,10,-1
22581,140,47,10,-1
22582,140,47,10,-1
22583,140,47,10,-1
22584,140,47,10,-1
22585,140,47,10,-1
22586,140,47,10,-1
22587,140,47,10,-1
22588,140,47,10,-1
22589,140,47,10,-1
22590,140,47,10,-1
22591,140,47,10,-1
22592,140,47,10,-1
22593,140,47,10,-1
22594,140,47,10,-1
22595,140,47,10,-1
22596,140,47,10,-1
22597,140,47,10,-1
22598,140,47,10,-1
22599,140,47,10,-1
22600,140,47,10,-1
22601,140,47,10,-1
22602,140,47,10,-1
22603,140,47,10,-1
22604,140,47,10,-1
22605,140,47,10,-1
22606,140,47,10,-1
22607,140,47,10,-1
22608,140,47,10,-1
22609,140,47,10,-1
22610,140,47,10,-1
22611,140,47,10,-1
22612,140,47,10,-1
22613,139,47,10,-1
22614,140,47,10,-1
22615,140,47,10,-1
22616,140,47,10,-1
22617,140,47,10,-1
22618,139,47,10,-1
22619,140,47,10,-1
22620,140,47,10,-1
22621,140,47,10,-1
22622,140,47,10,-1
22623,140,47,10,-1
22624,140,47,10,-1
22625,140,47,10,-1
22626,140,47,10,-1
22627,140,47,10,-1
22628,140,47,10,-1
22629,140,47,10,-1
22630,140,47,10,-1
22631,140,47,10,-1
22632,140,47,10,-1
22633,140,47,10,-1
22634,140,47,10,-1
22635,140,47,10,-1
22636,140,47,10,-1
22637,140,47,10,-1
22638,140,47,10,-1
22639,140,47,10,-1
22640,140,47,10,-1
22641,140,47,10,-1
22642,139,47,10,-1
22643,139,47,10,-1
22644,140,47,10,-1
22645,140,47,10,-1
22646,140,47,10,-1
22647,140,47,10,-1
22648,140,47,10,-1
22649,140,47,10,-1
22650,140,47,10,-1
22651,140,47,10,-1
22652,140,47,10,-1
22653,140,47,10,-1
22654,140,47,10,-1
22655,140,47,10,-1
22656,140,47,10,-1
22657,140,47,10,-1
22658,140,47,10,-1
22659,139,47,10,-1
22660,140,47,10,-1
22661,140,47,10,-1
22662,140,47,10,-1
22663,140,47,10,-1
22664,140,47,10,-1
22665,140,47,10,-1
22666,140,47,10,-1
22667,140,47,10,-1
22668,140,47,10,-1
22669,140,47,10,-1
22670,140,47,10,-1
22671,140,47,10,-1
22672,140,47,10,-1
22673,140,47,10,-1
22674,140,47,10,-1
22675,140,47,10,-1
22676,140,47,10,-1
22677,140,47,10,-1
22678,140,47,10,-1
22679,140,47,10,-1
22680,140,47,10,-1
22681,140,47,10,-1
22682,140,47,10,-1
22683,140,47,10,-1
22684,140,47,10,-1
22685,140,47,10,-1
22686,140,47,10,-1
22687,140,47,10,-1
22688,140,47,10,-1
22689,140,47,10,-1
22690,140,47,10,-1
22691,140,47,10,-1
22692,140,47,10,-1
22693,140,47,10,-1
22694,140,47,10,-1
22695,140,47,10,-1
22696,140,47,10,-1
22697,140,47,10,-1
22698,140,47,10,-1
22699,140,47,10,-1
22700,140,47,10,-1
22701,140,47,10,-1
22702,140,47,10,-1
22703,140,47,10,-1
22704,140,47,10,-1
22705,140,47,10,-1
22706,140,47,10,-1
22707,139,47,10,-1
22708,140,47,10,-1
22709,140,47,10,-1
22710,140,47,10,-1
22711,140,47,10,-1
22712,140,47,10,-1
22713,140,47,10,-1
22714,140,47,10,-1
22715,140,47,10,-1
22716,140,47,10,-1
22717,140,47,10,-1
22718,140,47,10,-1
22719,140,47,10,-1
22720,140,47,10,-1
22721,140,47,10,-1
22722,140,47,10,-1
22723,140,47,10,-1
22724,140,47,10,-1
22725,140,47,10,-1
22726,140,47,10,-1
22727,140,47,10,-1
22728,140,47,10,-1
22729,140,47,10,-1
22730,140,47,10,-1
22731,140,47,10,-1
22732,140,47,10,-1
22733,140,47,10,-1
22734,140,47,10,-1
22735,140,47,10,-1
22736,140,47,10,-1
22737,140,47,10,-1
22738,140,47,10,-1
22739,140,47,10,-1
22740,140,47,10,-1
22741,140,47,10,-1
22742,140,47,10,-1
22743,140,47,10,-1
22744,140,47,10,-1
22745,140,47,10,-1
22746,139,47,10,-1
22747,140,47,10,-1
22748,140,47,10,-1
22749,140,47,10,-1
22750,139,47,10,-1
22751,140,47,10,-1
22752,140,47,10,-1
22753,140,47,10,-1
22754,140,47,10,-1
22755,140,47,10,-1
22756,140,47,10,-1
22757,140,47,10,-1
22758,140,47,10,-1
22759,140,47,10,-1
22760,140,47,10,-1
22761,140,47,10,-1
22762,140,47,10,-1
22763,140,47,10,-1
22764,140,47,10,-1
22765,140,47,10,-1
22766,140,47,10,-1
22767,140,47,10,-1
22768,140,47,10,-1
22769,140,47,10,-1
22770,140,47,10,-1
22771,140,47,10,-1
22772,140,47,10,-1
22773,140,47,10,-1
22774,139,47,10,-1
22775,140,47,10,-1
22776,140,47,10,-1
22777,140,47,10,-1
22778,140,47,10,-1
22779,140,47,10,-1
22780,140,47,10,-1
22781,140,47,10,-1
22782,140,47,10,-1
22783,140,47,10,-1
22784,140,47,10,-1
22785,140,47,10,-1
22786,140,47,10,-1
22787,140,47,10,-1
22788,140,47,10,-1
22789,140,47,10,-1
22790,140,47,10,-1
22791,140,47,10,-1
22792,140,47,10,-1
22793,140,47,10,-1
22794,140,47,10,-1
22795,140,47,10,-1
22796,140,47,10,-1
22797,140,47,10,-1
22798,140,47,10,-1
22799,140,47,10,-1
22800,140,47,10,-1
22801,140,47,10,-1
22802,140,47,10,-1
22803,140,47,10,-1
22804,140,47,10,-1
22805,140,47,10,-1
22806,140,47,10,-1
22807,140,47,10,-1
22808,140,47,10,-1
22809,140,47,10,-1
22810,140,47,10,-1
22811,140,47,10,-1
22812,139,47,10,-1
22813,140,47,10,-1
22814,140,47,10,-1
22815,140,47,10,-1
22816,140,47,10,-1
22817,140,47,10,-1
22818,140,47,10,-1
22819,140,47,10,-1
22820,140,47,10,-1
22821,140,47,10,-1
22822,140,47,10,-1
22823,140,47,10,-1
22824,140,47,10,-1
22825,140,47,10,-1
22826,140,47,10,-1
22827,140,47,10,-1
22828,140,47,10,-1
22829,140,47,10,-1
22830,140,47,10,-1
22831,140,47,10,-1
22832,140,47,10,-1
22833,140,47,10,-1
22834,140,47,10,-1
22835,140,47,10,-1
22836,140,47,10,-1
22837,140,47,10,-1
22838,140,47,10,-1
22839,140,47,10,-1
22840,140,47,10,-1
22841,140,47,10,-1
22842,140,47,10,-1
22843,140,47,10,-1
22844,140,47,10,-1
22845,140,47,10,-1
22846,140,47,10,-1
22847,140,47,10,-1
22848,140,47,10,-1
22849,140,47,10,-1
22850,140,47,10,-1
22851,140,47,10,-1
22852,140,47,9,-1
22853,139,47,10,-1
22854,140,47,10,-1
22855,140,47,10,-1
22856,140,47,10,-1
22857,140,47,10,-1
22858,140,47,10,-1
22859,140,47,10,-1
22860,139,47,10,-1
22861,140,47,10,-1
22862,140,47,10,-1
22863,140,47,10,-1
22864,140,47,10,-1
22865,140,47,10,-1
22866,140,47,10,-1
22867,140,47,10,-1
22868,140,47,10,-1
22869,140,47,10,-1
22870,140,47,10,-1
22871,140,47,10,-1
22872,140,47,10,-1
22873,140,47,10,-1
22874,140,47,10,-1
22875,140,47,10,-1
22876,140,47,10,-1
22877,140,47,10,-1
22878,140,47,10,-1
22879,140,47,10,-1
22880,140,47,10,-1
22881,140,47,10,-1
22882,140,47,10,-1
22883,140,47,10,-1
22884,140,47,10,-1
22885,140,47,10,-1
22886,140,47,10,-1
22887,140,47,10,-1
22888,140,47,10,-1
22889,140,47,10,-1
22890,140,47,10,-1
22891,140,47,10,-1
22892,140,47,10,-1
22893,140,47,10,-1
22894,140,47,10,-1
22895,140,47,10,-1
22896,140,47,10,-1
22897,140,47,10,-1
22898,140,47,10,-1
22899,140,47,10,-1
22900,140,47,10,-1
22901,140,47,10,-1
22902,140,47,10,-1
22903,140,47,10,-1
22904,140,47,10,-1
22905,140,47,10,-1
22906,140,47,10,-1
22907,140,47,10,-1
22908,140,47,10,-1
22909,140,46,10,-1
22910,140,47,10,-1
22911,140,47,10,-1
22912,140,47,10,-1
22913,140,47,10,-1
22914,140,47,10,-1
22915,140,47,10,-1
22916,140,47,10,-1
22917,140,47,10,-1
22918,140,47,10,-1
22919,140,47,10,-1
22920,140,47,10,-1
22921,140,47,10,-1
22922,140,47,10,-1
22923,140,47,10,-1
22924,140,47,10,-1
22925,140,47,10,-1
22926,140,47,10,-1
22927,140,47,10,-1
22928,140,47,10,-1
22929,140,47,10,-1
22930,140,47,10,-1
22931,140,47,10,-1
22932,140,47,10,-1
22933,140,47,10,-1
22934,140,47,10,-1
22935,139,47,10,-1
22936,140,47,10,-1
22937,140,47,10,-1
22938,140,47,10,-1
22939,140,47,10,-1
22940,140,47,10,-1
22941,140,47,10,-1
22942,140,47,10,-1
22943,140,47,10,-1
22944,139,47,10,-1
22945,140,47,10,-1
22946,140,47,10,-1
22947,140,47,10,-1
22948,140,47,10,-1
22949,140,47,10,-1
22950,140,47,10,-1
22951,140,47,10,-1
22952,140,47,10,-1
22953,140,47,10,-1
22954,140,47,10,-1
22955,140,47,10,-1
22956,140,47,10,-1
22957,140,47,10,-1
22958,140,47,10,-1
22959,140,47,10,-1
22960,139,47,10,-1
22961,140,47,10,-1
22962,140,47,10,-1
22963,140,47,10,-1
22964,140,47,10,-1
22965,140,47,10,-1
22966,140,47,10,-1
22967,140,47,10,-1
22968,140,47,10,-1
22969,140,47,10,-1
22970,139,47,10,-1
22971,140,47,10,-1
22972,140,47,10,-1
22973,140,47,10,-1
22974,140,47,10,-1
22975,140,47,10,-1
22976,140,47,10,-1
22977,140,47,10,-1
22978,140,47,10,-1
22979,140,47,10,-1
22980,140,47,10,-1
22981,140,47,10,-1
22982,140,47,10,-1
22983,140,47,10,-1
22984,140,47,10,-1
22985,140,47,10,-1
22986,140,47,10,-1
22987,140,47,10,-1
22988,140,47,10,-1
22989,140,47,10,-1
22990,140,47,10,-1
22991,140,47,10,-1
22992,140,47,10,-1
22993,140,47,10,-1
22994,140,47,10,-1
22995,140,47,10,-1
22996,140,47,10,-1
22997,140,47,10,-1
22998,140,47,10,-1
22999,140,47,10,-1
23000,140,47,10,-1
23001,140,47,10,-1
23002,140,47,10,-1
23003,140,47,10,-1
23004,140,47,10,-1
23005,140,47,10,1
23006,139,47,10,-1
23007,140,47,10,-1
23008,140,47,10,-1
23009,140,47,10,-1
23010,140,47,10,-1
23011,140,47,10,-1
23012,140,47,10,-1
23013,140,47,10,-1
23014,140,47,10,-1
23015,140,47,10,-1
23016,140,47,10,-1
23017,140,47,10,-1
23018,140,47,10,-1
23019,140,46,10,-1
23020,140,47,10,-1
23021,140,47,10,-1
23022,140,47,10,-1
23023,140,47,10,-1
23024,140,47,10,-1
23025,140,47,10,-1
23026,140,47,10,-1
23027,140,47,10,-1
23028,140,47,10,-1
23029,140,47,10,-1
23030,140,47,10,-1
23031,140,47,10,-1
23032,140,47,10,-1
23033,140,47,10,-1
23034,140,47,10,-1
23035,140,47,10,-1
23036,140,47,10,-1
23037,140,47,10,-1
23038,140,47,10,-1
23039,140,47,10,-1
23040,140,47,10,-1
23041,140,47,10,-1
23042,140,47,10,-1
23043,140,47,10,-1
23044,140,47,10,-1
23045,140,47,10,-1
23046,140,47,10,-1
23047,140,47,10,-1
23048,140,47,10,-1
23049,140,47,10,-1
23050,140,47,10,-1
23051,140,47,10,-1
23052,140,47,10,-1
23053,140,47,10,-1
23054,140,47,10,-1
23055,140,47,10,-1
23056,140,47,10,-1
23057,140,47,10,-1
23058,140,47,10,-1
23059,140,47,10,-1
23060,139,47,10,-1
23061,140,47,10,-1
23062,140,47,10,-1
23063,140,47,10,-1
23064,140,47,10,-1
23065,140,47,10,-1
23066,140,47,10,-1
23067,140,47,10,-1
23068,140,47,10,-1
23069,140,47,10,-1
23070,140,47,10,-1
23071,140,47,10,-1
23072,140,47,10,-1
23073,140,47,10,-1
23074,140,47,10,-1
23075,140,47,10,-1
23076,140,47,10,-1
23077,140,47,10,-1
23078,140,47,10,-1
23079,139,47,10,-1
23080,140,47,10,-1
23081,140,47,10,-1
23082,140,47,10,-1
23083,140,47,10,-1
23084,140,47,10,-1
23085,140,47,10,-1
23086,140,47,10,-1
23087,140,47,10,-1
23088,140,47,10,-1
23089,140,47,10,-1
23090,140,47,10,-1
23091,140,47,10,-1
23092,140,47,10,-1
23093,140,47,10,-1
23094,140,47,10,-1
23095,140,47,10,-1
23096,140,47,10,-1
23097,140,47,10,-1
23098,140,47,10,-1
23099,140,47,10,-1
23100,140,47,10,-1
23101,140,47,10,-1
23102,140,47,10,-1
23103,140,47,10,-1
23104,140,47,10,-1
23105,140,47,10,-1
23106,140,47,10,-1
23107,140,47,10,-1
23108,140,47,10,-1
23109,140,47,10,-1
23110,140,47,10,-1
23111,140,47,10,-1
23112,140,47,10,-1
23113,140,47,10,-1
23114,140,47,10,-1
23115,140,47,10,-1
23116,140,47,10,-1
23117,140,47,10,-1
23118,140,47,10,-1
23119,140,47,10,-1
23120,140,47,10,-1
23121,140,47,10,-1
23122,140,47,10,-1
23123,140,47,10,-1
23124,140,47,10,-1
23125,140,47,10,-1
23126,140,47,10,-1
23127,140,47,10,-1
23128,140,47,10,-1
23129,140,47,10,-1
23130,140,47,10,-1
23131,140,47,10,-1
23132,140,47,10,-1
23133,140,47,10,-1
23134,139,47,10,-1
23135,140,47,10,-1
23136,140,47,10,-1
23137,140,47,10,-1
23138,140,47,10,-1
23139,140,47,10,-1
23140,140,47,10,-1
23141,140,47,10,-1
23142,140,47,10,-1
23143,140,47,10,-1
23144,140,47,10,-1
23145,140,47,10,-1
23146,140,47,10,-1
23147,140,47,10,-1
23148,139,47,10,-1
23149,140,47,10,-1
23150,140,47,10,-1
23151,140,47,10,-1
23152,140,47,10,-1
23153,140,47,10,-1
23154,140,47,10,-1
23155,140,47,10,-1
23156,140,47,10,-1
23157,140,47,10,-1
23158,140,47,10,-1
23159,140,47,10,-1
23160,140,47,10,-1
23161,140,47,10,-1
23162,139,47,10,-1
23163,140,47,10,-1
23164,140,47,10,-1
23165,140,47,10,-1
23166,140,47,10,-1
23167,140,47,10,-1
23168,140,47,10,-1
23169,140,47,10,-1
23170,140,47,10,-1
23171,140,47,10,-1
23172,140,47,10,-1
23173,140,47,10,-1
23174,140,47,10,-1
23175,140,47,10,-1
23176,140,47,10,-1
23177,140,47,10,-1
23178,140,47,10,-1
23179,140,47,10,-1
23180,140,47,10,-1
23181,140,47,10,-1
23182,140,47,10,-1
23183,140,47,10,-1
23184,140,47,10,-1
23185,140,47,10,-1
23186,140,47,10,-1
23187,140,47,10,-1
23188,140,47,9,-1
23189,140,47,10,-1
23190,140,47,10,-1
23191,140,47,10,-1
23192,140,47,10,-1
23193,140,47,10,-1
23194,140,47,10,-1
23195,140,47,10,-1
23196,140,47,10,-1
23197,140,47,10,-1
23198,140,47,10,-1
23199,140,47,10,-1
23200,140,47,10,-1
23201,140,47,10,-1
23202,140,47,10,-1
23203,140,47,10,-1
23204,140,47,10,-1
23205,140,47,10,-1
23206,140,47,10,-1
23207,140,47,10,-1
23208,140,47,10,-1
23209,140,47,10,-1
23210,140,47,10,-1
23211,140,47,10,-1
23212,140,47,10,-1
23213,140,47,10,-1
23214,140,47,10,-1
23215,140,47,10,-1
23216,140,47,10,-1
23217,140,47,10,-1
23218,140,47,10,-1
23219,140,47,10,-1
23220,140,47,10,-1
23221,139,47,10,-1
23222,140,47,10,-1
23223,140,47,10,-1
23224,140,47,10,-1
23225,140,47,10,-1
23226,140,47,10,-1
23227,140,47,10,-1
23228,140,47,10,-1
23229,140,47,10,-1
23230,139,47,10,-1
23231,140,47,10,-1
23232,140,47,10,-1
23233,140,47,10,-1
23234,140,47,10,-1
23235,140,47,10,-1
23236,140,47,10,-1
23237,140,47,10,-1
23238,140,47,10,-1
23239,140,47,10,-1
23240,140,47,10,-1
23241,140,47,10,-1
23242,140,47,10,-1
23243,140,47,10,-1
23244,140,47,10,-1
23245,140,47,10,-1
23246,140,47,10,-1
23247,140,47,10,-1
23248,140,47,10,-1
23249,140,47,10,-1
23250,140,47,10,-1
23251,140,47,10,-1
23252,140,47,10,-1
23253,140,47,10,-1
23254,140,47,10,-1
23255,140,47,10,-1
23256,140,47,10,-1
23257,140,47,10,-1
23258,140,47,10,-1
23259,140,47,10,-1
23260,140,47,10,-1
23261,140,47,10,-1
23262,140,47,10,-1
23263,140,47,10,-1
23264,140,47,10,-1
23265,140,47,10,-1
23266,140,47,10,-1
23267,140,47,10,-1
23268,140,47,10,-1
23269,140,47,10,-1
23270,140,47,10,-1
23271,140,47,10,-1
23272,140,47,10,-1
23273,140,47,10,-1
23274,140,47,10,-1
23275,140,47,10,-1
23276,140,47,10,-1
23277,140,47,10,-1
23278,140,47,10,-1
23279,140,47,10,-1
23280,140,47,10,-1
23281,140,47,10,-1
23282,140,47,10,-1
23283,140,47,10,-1
23284,140,47,10,-1
23285,140,47,10,-1
23286,140,47,10,-1
23287,140,47,10,-1
23288,140,47,10,-1
23289,140,47,10,-1
23290,140,47,10,-1
23291,140,47,10,-1
23292,140,47,10,-1
23293,140,47,10,-1
23294,140,47,10,-1
23295,140,47,10,-1
23296,140,47,10,-1
23297,140,47,10,-1
23298,140,47,10,-1
23299,140,47,10,-1
23300,140,47,10,-1
23301,140,47,10,-1
23302,140,47,10,-1
23303,140,47,10,-1
23304,140,47,10,-1
23305,140,47,10,-1
23306,140,47,10,-1
23307,140,47,10,-1
23308,140,47,10,-1
23309,140,47,10,-1
23310,140,47,10,-1
23311,140,47,10,-1
23312,140,47,10,-1
23313,140,47,10,-1
23314,140,47,10,-1
23315,140,47,10,-1
23316,140,47,10,-1
23317,140,47,10,-1
23318,140,47,10,-1
23319,140,47,10,-1
23320,140,47,10,-1
23321,140,47,10,-1
23322,140,47,10,-1
23323,139,47,10,-1
23324,140,47,10,-1
23325,140,47,10,-1
23326,140,47,10,-1
23327,140,47,10,-1
23328,140,47,10,-1
23329,140,47,10,-1
23330,140,47,10,-1
23331,140,47,10,-1
23332,140,47,10,-1
23333,140,47,10,-1
23334,140,47,10,-1
23335,140,47,10,-1
23336,140,47,10,-1
23337,140,47,10,-1
23338,140,47,10,-1
23339,140,47,10,-1
23340,140,47,10,-1
23341,140,47,10,-1
23342,140,47,10,-1
23343,140,47,10,-1
23344,140,47,10,-1
23345,140,47,10,-1
23346,140,47,10,-1
23347,140,47,10,-1
23348,140,47,10,-1
23349,140,47,10,-1
23350,140,47,10,-1
23351,140,47,10,-1
23352,140,47,10,-1
23353,140,47,10,-1
23354,140,47,10,-1
23355,140,47,10,-1
23356,140,47,10,-1
23357,140,47,10,-1
23358,140,47,10,-1
23359,140,47,10,-1
23360,140,47,10,-1
23361,140,47,10,-1
23362,140,47,10,-1
23363,140,47,10,-1
23364,140,47,10,-1
23365,140,47,10,-1
23366,140,47,10,-1
23367,140,47,10,-1
23368,140,47,10,-1
23369,140,47,10,-1
23370,140,47,10,-1
23371,140,47,10,-1
23372,140,47,10,-1
23373,140,47,10,-1
23374,140,47,10,-1
23375,140,47,10,-1
23376,140,47,10,-1
23377,140,47,10,-1
23378,140,47,10,-1
23379,140,47,10,-1
23380,140,47,10,-1
23381,140,47,10,-1
23382,140,47,10,-1
23383,140,47,10,-1
23384,140,47,10,-1
23385,140,47,10,-1
23386,140,47,10,-1
23387,140,47,10,-1
23388,140,47,10,-1
23389,140,47,10,-1
23390,140,47,10,-1
23391,140,47,10,-1
23392,140,47,10,-1
23393,140,47,10,-1
23394,140,47,10,-1
23395,140,47,10,-1
23396,140,47,10,-1
23397,140,47,10,-1
23398,140,47,10,-1
23399,140,47,10,-1
23400,140,47,10,-1
23401,3,3,3,-1
23402,9,9,6,-1
23403,27,27,10,-1
23404,79,46,10,-1
23405,140,47,10,-1
23406,140,47,10,-1
23407,140,47,10,-1
23408,140,47,10,-1
23409,140,47,10,-1
23410,140,47,10,-1
23411,140,47,10,-1
23412,140,47,10,-1
23413,140,47,10,-1
23414,140,47,10,-1
23415,140,47,10,-1
23416,140,47,10,-1
23417,140,47,10,-1
23418,140,47,10,-1
23419,140,47,10,-1
23420,140,47,10,-1
23421,140,47,10,-1
23422,140,47,10,-1
23423,140,47,10,-1
23424,140,47,10,-1
23425,140,47,10,-1
23426,140,47,10,-1
23427,140,47,10,-1
23428,140,47,10,-1
23429,140,47,10,-1
23430,140,47,10,-1
23431,140,47,10,-1
23432,140,47,10,-1
23433,140,47,10,-1
23434,140,47,10,-1
23435,140,47,10,-1
23436,140,47,10,-1
23437,140,47,10,-1
23438,140,47,10,-1
23439,140,47,10,-1
23440,140,47,10,-1
23441,140,47,10,-1
23442,140,47,10,-1
23443,140,47,10,-1
23444,140,47,10,-1
23445,139,47,10,-1
23446,139,47,10,-1
23447,140,47,10,-1
23448,140,47,10,-1
23449,140,47,10,-1
23450,140,47,10,-1
23451,140,47,10,-1
23452,140,47,10,-1
23453,140,47,10,-1
23454,140,47,10,-1
23455,140,47,10,-1
23456,140,47,10,-1
23457,140,47,10,-1
23458,140,47,10,-1
23459,140,47,10,-1
23460,140,47,10,-1
23461,140,47,10,-1
23462,140,47,10,-1
23463,140,47,10,-1
23464,140,47,10,-1
23465,140,47,10,-1
23466,140,47,10,-1
23467,140,47,10,-1
23468,140,47,10,-1
23469,140,47,10,-1
23470,140,47,10,-1
23471,140,47,10,-1
23472,140,47,10,-1
23473,140,47,10,-1
23474,140,47,10,-1
23475,140,47,10,-1
23476,140,47,10,-1
23477,140,47,10,-1
23478,140,47,10,-1
23479,140,47,10,-1
23480,140,47,10,-1
23481,140,47,10,-1
23482,140,47,10,-1
23483,140,47,10,-1
23484,140,47,10,-1
23485,140,47,10,-1
23486,140,47,10,-1
23487,140,47,10,-1
23488,140,47,10,-1
23489,140,47,10,-1
23490,140,47,10,-1
23491,140,47,10,-1
23492,140,47,10,-1
23493,140,47,10,-1
23494,140,47,10,-1
23495,140,47,10,-1
23496,140,47,10,-1
23497,140,47,10,-1
23498,140,47,10,-1
23499,140,47,10,-1
23500,140,47,10,-1
23501,140,47,10,-1
23502,140,47,10,-1
23503,140,47,10,-1
23504,140,47,10,-1
23505,140,47,10,-1
23506,140,47,10,-1
23507,140,47,10,-1
23508,140,47,10,-1
23509,140,47,10,-1
23510,140,47,10,-1
23511,140,47,10,-1
23512,140,47,10,-1
23513,140,47,10,-1
23514,140,47,10,-1
23515,140,47,10,-1
23516,140,47,10,-1
23517,140,47,10,-1
23518,140,47,10,-1
23519,140,47,10,-1
23520,140,47,10,-1
23521,140,47,10,-1
23522,140,47,10,-1
23523,140,47,10,-1
23524,140,47,10,-1
23525,140,47,10,-1
23526,140,47,10,-1
23527,140,47,10,-1
23528,140,47,10,-1
23529,140,47,10,-1
23530,140,47,10,-1
23531,140,47,10,-1
23532,140,47,10,-1
23533,140,47,10,-1
23534,140,47,10,-1
23535,140,47,10,-1
23536,140,47,10,-1
23537,140,47,10,-1
23538,139,47,10,-1
23539,140,47,10,-1
23540,140,47,10,-1
23541,140,47,10,-1
23542,140,47,10,-1
23543,140,47,10,-1
23544,140,47,10,-1
23545,140,47,10,-1
23546,140,47,10,-1
23547,140,47,10,-1
23548,140,47,10,-1
23549,140,47,10,-1
23550,140,47,10,-1
23551,140,47,10,-1
23552,140,47,10,-1
23553,140,47,10,-1
23554,140,47,10,-1
23555,140,47,10,-1
23556,140,47,10,-1
23557,140,47,10,-1
23558,140,47,10,-1
23559,140,47,10,-1
23560,140,47,10,-1
23561,140,47,10,-1
23562,140,47,10,-1
23563,140,47,10,-1
23564,140,47,10,-1
23565,140,47,10,-1
23566,140,47,10,-1
23567,140,47,10,-1
23568,140,47,10,-1
23569,140,47,10,-1
23570,140,47,10,-1
23571,140,47,10,-1
23572,140,47,10,-1
23573,140,47,10,-1
23574,140,47,10,-1
23575,140,47,10,-1
23576,140,47,10,-1
23577,140,47,10,-1
23578,140,47,10,-1
23579,140,47,10,-1
23580,140,47,10,-1
23581,140,47,10,-1
23582,140,47,10,-1
23583,140,47,10,-1
23584,140,47,10,-1
23585,140,47,10,-1
23586,140,47,10,-1
23587,140,47,10,-1
23588,139,47,10,-1
23589,140,47,10,-1
23590,140,47,10,-1
23591,140,47,10,-1
23592,140,47,10,-1
23593,140,47,10,-1
23594,140,47,10,-1
23595,140,47,10,-1
23596,140,47,10,-1
23597,140,47,10,-1
23598,140,47,10,-1
23599,140,47,10,-1
23600,140,47,10,-1
23601,140,47,10,-1
23602,140,47,10,-1
23603,140,47,10,-1
23604,140,47,10,-1
23605,140,47,10,-1
23606,140,47,10,-1
23607,140,47,10,-1
23608,140,47,10,-1
23609,140,47,10,-1
23610,140,47,10,-1
23611,140,47,10,-1
23612,140,47,10,-1
23613,140,47,10,-1
23614,140,47,10,-1
23615,139,47,10,-1
23616,140,47,10,-1
23617,140,47,10,-1
23618,140,47,10,-1
23619,140,47,10,-1
23620,140,47,10,-1
23621,140,47,10,-1
23622,140,47,10,-1
23623,140,47,10,-1
23624,140,47,10,-1
23625,140,47,10,-1
23626,140,47,10,-1
23627,140,47,10,-1
23628,140,47,10,-1
23629,140,47,10,1
23630,140,47,10,-1
23631,140,47,10,-1
23632,140,47,10,-1
23633,140,47,10,-1
23634,140,47,10,-1
23635,140,47,10,-1
23636,140,47,10,-1
23637,140,47,10,-1
23638,140,47,10,-1
23639,140,47,10,-1
23640,140,47,10,-1
23641,140,47,10,-1
23642,140,47,10,-1
23643,140,47,10,-1
23644,140,47,10,-1
23645,140,47,10,-1
23646,140,47,10,-1
23647,140,47,10,-1
23648,140,47,10,-1
23649,140,47,10,-1
23650,140,47,10,-1
23651,140,47,10,-1
23652,140,47,10,-1
23653,140,47,10,-1
23654,140,47,10,-1
23655,140,47,10,-1
23656,140,47,10,-1
23657,140,47,10,-1
23658,140,47,10,-1
23659,140,47,10,-1
23660,139,47,10,-1
23661,140,47,10,-1
23662,139,47,10,-1
23663,140,47,10,-1
23664,140,47,10,-1
23665,140,47,10,-1
23666,140,47,10,-1
23667,140,47,10,-1
23668,140,47,10,-1
23669,140,47,10,-1
23670,140,47,10,-1
23671,140,47,10,-1
23672,140,47,10,-1
23673,139,47,10,-1
23674,140,47,10,-1
23675,140,47,10,-1
23676,140,47,10,-1
23677,140,47,10,-1
23678,140,47,10,-1
23679,140,47,10,-1
23680,140,47,10,-1
23681,140,47,10,-1
23682,140,47,10,-1
23683,140,47,10,-1
23684,140,47,10,-1
23685,140,47,10,-1
23686,140,47,10,-1
23687,140,47,10,-1
23688,139,47,10,-1
23689,140,47,10,-1
23690,140,47,10,-1
23691,140,47,10,-1
23692,140,47,10,-1
23693,140,47,10,-1
23694,140,47,10,-1
23695,140,47,10,-1
23696,140,47,10,-1
23697,140,47,10,-1
23698,140,47,10,-1
23699,140,47,10,-1
23700,140,47,10,-1
23701,140,47,10,-1
23702,140,47,10,-1
23703,140,47,10,-1
23704,140,47,10,-1
23705,140,47,10,-1
23706,140,47,10,-1
23707,140,47,10,-1
23708,139,47,10,-1
23709,140,47,10,-1
23710,140,47,10,-1
23711,139,47,10,-1
23712,140,47,10,-1
23713,140,47,10,-1
23714,140,47,10,-1
23715,140,47,10,-1
23716,140,47,10,-1
23717,140,47,10,-1
23718,140,47,10,-1
23719,140,47,10,-1
23720,140,47,10,-1
23721,140,47,10,-1
23722,140,47,10,-1
23723,140,47,10,-1
23724,140,47,10,-1
23725,140,47,10,-1
23726,140,47,10,-1
23727,140,47,10,-1
23728,140,47,10,-1
23729,140,47,10,-1
23730,140,47,10,-1
23731,140,47,10,-1
23732,140,47,10,-1
23733,140,47,10,-1
23734,140,47,10,-1
23735,140,47,10,-1
23736,140,47,10,-1
23737,140,47,10,-1
23738,140,47,10,-1
23739,140,47,10,-1
23740,140,47,10,-1
23741,140,47,10,-1
23742,140,47,10,-1
23743,140,47,10,-1
23744,140,47,10,-1
23745,140,47,10,-1
23746,140,47,10,-1
23747,140,47,10,-1
23748,140,47,10,-1
23749,140,47,10,-1
23750,140,47,10,-1
23751,140,47,10,-1
23752,140,47,10,-1
23753,140,47,10,-1
23754,140,47,10,-1
23755,140,47,10,-1
23756,140,47,10,-1
23757,140,47,10,-1
23758,140,47,10,-1
23759,140,47,10,-1
23760,140,47,10,-1
23761,140,47,10,-1
23762,140,47,10,-1
23763,140,47,10,-1
23764,140,47,10,-1
23765,140,47,10,-1
23766,140,47,10,-1
23767,140,47,10,-1
23768,140,47,10,-1
23769,140,47,10,-1
23770,140,47,10,-1
23771,140,47,10,-1
23772,140,47,10,-1
23773,140,47,10,-1
23774,140,47,10,-1
23775,140,47,10,-1
23776,140,47,10,-1
23777,140,47,10,-1
23778,140,47,10,-1
23779,140,47,10,-1
23780,140,47,10,-1
23781,140,47,10,-1
23782,140,47,10,-1
23783,140,47,10,-1
23784,140,47,10,-1
23785,140,47,10,-1
23786,140,47,10,-1
23787,140,47,10,-1
23788,140,47,10,-1
23789,140,47,10,-1
23790,140,47,10,-1
23791,140,47,10,-1
23792,140,47,10,-1
23793,140,47,10,-1
23794,140,47,10,-1
23795,140,47,10,-1
23796,139,47,10,-1
23797,140,47,10,-1
23798,140,47,10,-1
23799,140,47,10,-1
23800,140,47,10,-1
23801,139,47,10,-1
23802,140,47,10,-1
23803,140,47,10,-1
23804,140,47,10,-1
23805,140,47,10,-1
23806,140,47,10,-1
23807,139,47,10,-1
23808,140,47,10,-1
23809,140,47,10,-1
23810,140,47,10,-1
23811,140,47,10,-1
23812,140,47,10,-1
23813,140,47,10,-1
23814,139,47,10,-1
23815,140,47,10,-1
23816,140,47,10,-1
23817,140,47,10,-1
23818,140,47,10,-1
23819,140,47,10,-1
23820,140,47,10,-1
23821,140,47,10,-1
23822,140,47,10,-1
23823,140,47,10,-1
23824,140,47,10,-1
23825,140,47,10,-1
23826,140,47,10,-1
23827,140,47,10,-1
23828,140,47,10,-1
23829,140,47,10,-1
23830,140,47,10,-1
23831,140,47,10,-1
23832,140,47,10,-1
23833,140,47,10,-1
23834,140,47,10,-1
23835,139,47,10,-1
23836,140,47,10,-1
23837,140,47,10,-1
23838,140,47,10,-1
23839,140,47,10,-1
23840,140,47,10,-1
23841,140,47,10,-1
23842,140,47,10,-1
23843,140,47,10,-1
23844,140,47,10,-1
23845,140,47,10,-1
23846,140,47,10,-1
23847,140,47,10,-1
23848,140,47,10,-1
23849,140,47,10,-1
23850,140,47,10,-1
23851,140,47,10,-1
23852,140,47,10,-1
23853,140,47,10,-1
23854,140,47,10,-1
23855,140,47,10,-1
23856,140,47,10,-1
23857,140,47,10,-1
23858,140,47,10,-1
23859,140,47,10,-1
23860,140,47,10,-1
23861,140,47,10,-1
23862,140,47,10,-1
23863,140,47,10,-1
23864,140,47,10,-1
23865,140,47,10,-1
23866,140,47,10,-1
23867,140,47,10,-1
23868,140,47,10,-1
23869,140,47,10,-1
23870,140,47,10,-1
23871,140,47,10,-1
23872,140,47,10,-1
23873,140,47,10,-1
23874,140,47,10,-1
23875,140,47,10,-1
23876,140,47,10,-1
23877,140,47,10,-1
23878,139,47,10,-1
23879,140,47,10,-1
23880,140,47,10,-1
23881,140,47,10,-1
23882,140,47,10,-1
23883,140,47,10,-1
23884,140,47,10,-1
23885,140,47,10,-1
23886,140,47,10,-1
23887,140,47,10,-1
23888,140,47,10,-1
23889,140,47,10,-1
23890,139,47,10,-1
23891,140,47,10,-1
23892,140,47,10,-1
23893,140,47,10,-1
23894,140,47,10,-1
23895,140,47,10,-1
23896,140,47,10,-1
23897,140,47,10,-1
23898,140,47,10,-1
23899,140,47,10,-1
23900,140,47,10,-1
23901,140,47,10,-1
23902,139,47,10,-1
23903,140,47,10,-1
23904,140,47,10,-1
23905,140,47,10,-1
23906,140,47,10,-1
23907,140,47,10,-1
23908,140,47,10,-1
23909,140,47,10,-1
23910,140,47,10,-1
23911,140,47,10,-1
23912,140,47,10,-1
23913,140,47,10,-1
23914,140,47,10,-1
23915,140,47,10,-1
23916,140,47,10,-1
23917,140,47,10,-1
23918,140,47,10,-1
23919,140,47,10,-1
23920,140,47,10,-1
23921,140,47,10,-1
23922,140,47,10,-1
23923,140,47,10,-1
23924,140,47,10,-1
23925,140,47,10,-1
23926,140,47,10,-1
23927,140,47,10,-1
23928,140,47,10,-1
23929,140,47,10,-1
23930,140,47,10,-1
23931,140,47,10,-1
23932,140,47,10,-1
23933,140,47,10,-1
23934,140,47,10,-1
23935,140,47,10,-1
23936,140,47,10,-1
23937,140,47,10,-1
23938,140,47,10,-1
23939,140,47,10,-1
23940,140,47,10,-1
23941,140,47,10,-1
23942,140,47,10,-1
23943,140,47,10,-1
23944,140,47,10,-1
23945,140,47,10,-1
23946,140,47,10,-1
23947,140,47,10,-1
23948,140,47,10,-1
23949,140,47,10,-1
23950,140,47,10,-1
23951,140,47,10,-1
23952,140,47,10,-1
23953,139,47,10,-1
23954,140,47,10,-1
23955,140,47,10,-1
23956,140,47,10,-1
23957,140,47,10,-1
23958,140,47,10,-1
23959,140,47,10,-1
23960,140,47,10,-1
23961,140,47,10,-1
23962,140,47,10,-1
23963,140,47,10,-1
23964,139,47,10,-1
23965,140,47,10,-1
23966,140,47,10,-1
23967,140,47,10,-1
23968,140,47,10,-1
23969,140,47,10,-1
23970,140,47,10,-1
23971,140,47,10,-1
23972,140,47,10,-1
23973,140,47,10,-1
23974,140,47,10,-1
23975,140,47,10,-1
23976,140,47,10,-1
23977,140,47,10,-1
23978,140,47,10,-1
23979,140,47,10,-1
23980,140,47,10,-1
23981,140,47,10,-1
23982,140,47,10,-1
23983,140,47,10,-1
23984,140,47,10,-1
23985,140,47,10,-1
23986,140,47,10,-1
23987,140,47,10,-1
23988,140,47,10,-1
23989,140,47,10,-1
23990,140,47,10,-1
23991,140,47,10,-1
23992,140,47,10,-1
23993,140,47,10,-1
23994,140,47,10,-1
23995,140,47,10,-1
23996,140,47,10,-1
23997,140,47,10,-1
23998,140,47,10,-1
23999,140,47,10,-1
24000,140,47,10,-1
24001,140,47,10,-1
24002,140,47,10,-1
24003,140,47,10,-1
24004,140,47,10,-1
24005,140,47,10,-1
24006,140,47,10,-1
24007,140,47,10,-1
24008,140,47,10,-1
24009,140,47,10,-1
24010,140,47,10,-1
24011,140,47,10,-1
24012,140,47,10,-1
24013,140,47,9,-1
24014,140,47,10,-1
24015,140,47,10,-1
24016,140,47,10,-1
24017,140,47,10,-1
24018,140,47,10,-1
24019,140,47,10,-1
24020,140,47,10,-1
24021,140,47,10,-1
24022,140,47,10,-1
24023,140,47,10,-1
24024,140,47,10,-1
24025,140,47,10,-1
24026,140,47,10,-1
24027,140,47,10,-1
24028,140,47,10,-1
24029,140,47,10,-1
24030,140,47,10,-1
24031,140,47,10,-1
24032,140,47,10,-1
24033,140,47,10,-1
24034,140,47,10,-1
24035,140,47,10,-1
24036,140,47,10,-1
24037,140,47,10,-1
24038,140,47,10,-1
24039,140,47,10,-1
24040,140,47,10,-1
24041,140,47,10,-1
24042,140,47,10,-1
24043,140,47,10,-1
24044,140,47,10,-1
24045,140,47,10,-1
24046,140,47,10,-1
24047,140,47,10,-1
24048,140,47,10,-1
24049,139,47,10,-1
24050,140,47,10,-1
24051,140,47,10,-1
24052,140,47,10,-1
24053,140,47,10,-1
24054,140,47,10,-1
24055,140,47,10,-1
24056,140,47,10,-1
24057,140,47,10,-1
24058,140,47,10,-1
24059,140,47,10,-1
24060,140,47,10,-1
24061,140,47,10,-1
24062,140,47,10,-1
24063,140,47,10,-1
24064,140,47,10,-1
24065,140,47,10,-1
24066,140,47,10,-1
24067,140,47,10,-1
24068,140,47,10,-1
24069,140,47,10,-1
24070,139,47,10,-1
24071,140,47,10,-1
24072,140,47,10,-1
24073,140,47,10,-1
24074,140,47,10,-1
24075,140,47,10,-1
24076,140,47,10,-1
24077,140,47,10,-1
24078,140,47,10,-1
24079,139,47,10,-1
24080,140,47,10,-1
24081,140,47,10,-1
24082,140,47,10,-1
24083,140,47,10,-1
24084,140,47,10,-1
24085,140,47,10,-1
24086,140,47,10,-1
24087,140,47,10,-1
24088,140,47,10,-1
24089,140,47,10,-1
24090,140,47,10,-1
24091,140,47,10,-1
24092,140,47,10,-1
24093,140,47,10,-1
24094,140,47,10,-1
24095,139,47,10,-1
24096,140,47,10,-1
24097,140,47,10,-1
24098,140,47,10,-1
24099,140,47,10,-1
24100,140,47,10,-1
24101,140,47,10,-1
24102,140,47,10,-1
24103,140,47,10,-1
24104,140,47,10,-1
24105,140,47,10,-1
24106,140,47,10,-1
24107,140,47,10,-1
24108,140,47,10,-1
24109,140,47,10,-1
24110,140,47,10,-1
24111,140,47,10,-1
24112,139,47,10,-1
24113,140,47,10,-1
24114,140,47,10,-1
24115,140,47,10,-1
24116,139,47,10,-1
24117,140,47,10,-1
24118,140,47,10,-1
24119,140,47,10,-1
24120,140,47,10,-1
24121,140,47,10,-1
24122,140,47,10,-1
24123,140,47,10,-1
24124,140,47,10,-1
24125,140,47,10,-1
24126,140,47,10,-1
24127,140,47,10,-1
24128,140,47,10,-1
24129,140,47,10,-1
24130,140,47,10,-1
24131,140,47,10,-1
24132,140,47,10,-1
24133,140,47,10,-1
24134,140,47,10,-1
24135,140,47,10,-1
24136,140,47,10,-1
24137,140,47,10,-1
24138,140,47,10,-1
24139,140,47,10,-1
24140,140,47,10,-1
24141,140,47,10,-1
24142,140,47,10,-1
24143,140,47,10,-1
24144,140,47,10,-1
24145,140,47,10,-1
24146,140,47,10,-1
24147,139,47,10,-1
24148,140,47,10,-1
24149,140,47,10,-1
24150,140,47,10,-1
24151,140,47,10,-1
24152,140,47,10,-1
24153,140,47,10,-1
24154,140,47,10,-1
24155,140,47,10,-1
24156,140,47,10,-1
24157,140,47,10,-1
24158,140,47,10,-1
24159,140,47,10,-1
24160,140,47,10,-1
24161,140,47,10,-1
24162,140,47,10,-1
24163,140,47,10,-1
24164,140,47,10,-1
24165,139,47,10,-1
24166,140,47,10,-1
24167,140,47,10,-1
24168,140,47,10,-1
24169,140,47,10,-1
24170,140,47,10,-1
24171,140,47,10,-1
24172,140,47,10,-1
24173,140,47,10,-1
24174,140,47,10,-1
24175,139,47,10,-1
24176,140,47,10,-1
24177,140,47,10,-1
24178,140,47,10,-1
24179,140,47,10,-1
24180,140,47,10,-1
24181,140,47,10,-1
24182,140,47,10,-1
24183,140,47,10,-1
24184,140,47,10,-1
24185,140,47,10,-1
24186,140,47,10,-1
24187,140,47,10,-1
24188,140,47,10,-1
24189,140,47,10,-1
24190,140,47,10,-1
24191,140,47,10,-1
24192,140,47,10,-1
24193,140,47,10,-1
24194,140,47,10,-1
24195,140,47,10,-1
24196,140,47,10,-1
24197,140,47,10,-1
24198,140,47,10,-1
24199,139,47,10,-1
24200,139,47,10,-1
24201,140,47,10,-1
24202,140,47,10,-1
24203,140,47,10,-1
24204,140,47,10,-1
24205,140,47,10,-1
24206,140,47,10,-1
24207,140,47,10,-1
24208,140,47,10,-1
24209,140,47,10,-1
24210,140,47,10,-1
24211,140,47,10,-1
24212,140,47,10,-1
24213,140,47,10,-1
24214,140,47,10,-1
24215,140,47,10,-1
24216,140,47,10,-1
24217,140,47,10,-1
24218,140,47,10,-1
24219,140,47,10,-1
24220,140,47,10,-1
24221,140,47,10,-1
24222,140,47,10,-1
24223,140,47,10,-1
24224,140,47,10,-1
24225,140,47,10,-1
24226,140,47,10,-1
24227,140,47,10,-1
24228,140,47,10,-1
24229,140,47,10,-1
24230,140,47,10,-1
24231,140,47,10,-1
24232,140,47,10,-1
24233,140,47,10,-1
24234,140,47,10,-1
24235,140,47,10,-1
24236,140,47,10,-1
24237,140,47,10,-1
24238,140,47,10,-1
24239,140,47,10,-1
24240,140,47,10,-1
24241,140,47,10,-1
24242,140,47,10,-1
24243,140,47,10,-1
24244,140,47,10,-1
24245,140,47,10,-1
24246,140,47,10,-1
24247,140,47,10,-1
24248,140,47,10,-1
24249,140,47,10,-1
24250,139,47,10,-1
24251,140,47,10,-1
24252,140,47,10,-1
24253,140,47,10,1
24254,140,47,10,-1
24255,140,47,10,-1
24256,139,47,10,-1
24257,140,47,10,-1
24258,140,47,10,-1
24259,140,47,10,-1
24260,140,47,10,-1
24261,140,47,10,-1
24262,140,47,10,-1
24263,140,47,10,-1
24264,140,47,10,-1
24265,140,47,10,-1
24266,140,47,10,-1
24267,140,47,10,-1
24268,140,47,10,-1
24269,140,47,10,-1
24270,140,47,10,-1
24271,140,47,10,-1
24272,140,47,10,-1
24273,140,46,10,-1
24274,140,47,10,-1
24275,140,47,10,-1
24276,140,47,10,-1
24277,140,47,10,-1
24278,140,47,10,-1
24279,140,47,10,-1
24280,140,47,10,-1
24281,140,47,10,-1
24282,140,47,10,-1
24283,140,47,10,-1
24284,140,47,10,-1
24285,140,47,10,-1
24286,140,47,10,-1
24287,140,47,10,-1
24288,140,47,10,-1
24289,140,47,10,-1
24290,140,47,10,-1
24291,140,47,10,-1
24292,140,47,10,-1
24293,140,47,10,-1
24294,140,47,10,-1
24295,140,47,10,-1
24296,140,47,10,-1
24297,140,47,10,-1
24298,140,47,10,-1
24299,140,47,10,-1
24300,140,47,10,-1
24301,140,47,10,-1
24302,140,47,10,-1
24303,140,47,10,-1
24304,140,47,10,-1
24305,140,47,10,-1
24306,140,47,10,-1
24307,140,47,10,-1
24308,140,47,10,-1
24309,140,47,10,-1
24310,140,47,10,-1
24311,140,47,10,-1
24312,140,47,10,-1
24313,140,47,10,-1
24314,140,47,10,-1
24315,140,47,10,-1
24316,140,47,10,-1
24317,140,47,10,-1
24318,140,47,10,-1
24319,140,47,10,-1
24320,140,47,10,-1
24321,140,47,10,-1
24322,140,47,10,-1
24323,140,47,10,-1
24324,140,47,10,-1
24325,140,47,10,-1
24326,140,47,10,-1
24327,139,47,10,-1
24328,140,47,10,-1
24329,140,47,10,-1
24330,140,47,10,-1
24331,140,47,10,-1
24332,140,47,10,-1
24333,140,47,10,-1
24334,140,47,10,-1
24335,140,47,10,-1
24336,140,47,10,-1
24337,139,47,10,-1
24338,140,47,10,-1
24339,140,47,10,-1
24340,140,47,10,-1
24341,140,47,10,-1
24342,140,47,10,-1
24343,140,47,10,-1
24344,140,47,10,-1
24345,140,47,10,-1
24346,140,47,10,-1
24347,140,47,10,-1
24348,140,47,10,-1
24349,140,47,10,-1
24350,140,47,10,-1
24351,140,47,10,-1
24352,140,47,10,-1
24353,140,47,10,-1
24354,140,47,10,-1
24355,140,47,10,-1
24356,140,47,10,-1
24357,140,47,10,-1
24358,139,47,10,-1
24359,140,47,10,-1
24360,140,47,10,-1
24361,140,47,10,-1
24362,140,47,10,-1
24363,139,47,10,-1
24364,140,47,10,-1
24365,140,47,10,-1
24366,140,47,10,-1
24367,140,47,10,-1
24368,140,47,10,-1
24369,140,47,10,-1
24370,140,47,10,-1
24371,140,47,10,-1
24372,139,47,10,-1
24373,140,47,10,-1
24374,140,47,10,-1
24375,140,47,10,-1
24376,140,47,10,-1
24377,140,47,10,-1
24378,140,47,10,-1
24379,140,47,10,-1
24380,140,47,10,-1
24381,140,47,10,-1
24382,140,47,10,-1
24383,140,47,10,-1
24384,140,47,10,-1
24385,140,47,10,-1
24386,140,47,10,-1
24387,140,47,10,-1
24388,139,47,10,-1
24389,140,47,10,-1
24390,140,47,10,-1
24391,140,47,10,-1
24392,140,47,10,-1
24393,140,47,10,-1
24394,140,47,10,-1
24395,140,47,10,-1
24396,140,47,10,-1
24397,140,47,10,-1
24398,140,47,10,-1
24399,140,47,10,-1
24400,140,47,10,-1
24401,140,47,10,-1
24402,140,47,10,-1
24403,140,47,10,-1
24404,140,47,10,-1
24405,139,47,10,-1
24406,140,47,10,-1
24407,140,47,10,-1
24408,140,47,10,-1
24409,140,47,10,-1
24410,140,47,10,-1
24411,140,47,10,-1
24412,140,47,10,-1
24413,140,47,10,-1
24414,140,47,10,-1
24415,140,47,10,-1
24416,140,47,10,-1
24417,140,47,10,-1
24418,140,47,10,-1
24419,140,47,10,-1
24420,140,47,10,-1
24421,139,47,10,-1
24422,140,47,10,-1
24423,140,47,10,-1
24424,140,47,10,-1
24425,140,47,10,-1
24426,140,47,10,-1
24427,140,47,10,-1
24428,139,47,10,-1
24429,140,47,10,-1
24430,140,47,10,-1
24431,140,47,10,-1
24432,140,47,10,-1
24433,140,47,10,-1
24434,140,47,10,-1
24435,140,47,10,-1
24436,139,47,10,-1
24437,140,47,10,-1
24438,140,47,10,-1
24439,140,47,10,-1
24440,140,47,10,-1
24441,140,47,10,-1
24442,140,47,10,-1
24443,140,47,10,-1
24444,140,47,10,-1
24445,140,47,10,-1
24446,140,47,10,-1
24447,140,47,10,-1
24448,140,47,10,-1
24449,140,47,10,-1
24450,140,47,10,-1
24451,140,47,10,-1
24452,140,47,10,-1
24453,140,47,10,-1
24454,140,47,10,-1
24455,140,47,10,-1
24456,140,47,10,-1
24457,140,47,10,-1
24458,140,47,10,-1
24459,140,47,10,-1
24460,140,47,10,-1
24461,140,47,10,-1
24462,140,47,10,-1
24463,140,47,10,-1
24464,140,47,10,-1
24465,140,47,10,-1
24466,140,47,10,-1
24467,140,47,10,-1
24468,140,47,10,-1
24469,140,47,10,-1
24470,140,47,10,-1
24471,140,47,10,-1
24472,140,47,10,-1
24473,140,47,10,-1
24474,140,47,10,-1
24475,140,47,10,-1
24476,140,47,10,-1
24477,140,47,10,-1
24478,140,47,10,-1
24479,140,47,10,-1
24480,140,47,10,-1
24481,140,47,10,-1
24482,140,47,10,-1
24483,140,47,10,-1
24484,140,47,10,-1
24485,140,47,10,-1
24486,140,47,10,-1
24487,140,47,10,-1
24488,140,47,10,-1
24489,140,47,10,-1
24490,140,47,10,-1
24491,139,47,10,-1
24492,140,47,10,-1
24493,140,47,10,-1
24494,140,47,10,-1
24495,140,47,10,-1
24496,140,47,10,-1
24497,140,47,10,-1
24498,140,47,10,-1
24499,140,47,10,-1
24500,140,47,10,-1
24501,140,47,10,-1
24502,140,47,10,-1
24503,140,47,10,-1
24504,140,47,10,-1
24505,140,47,10,-1
24506,140,47,10,-1
24507,140,47,10,-1
24508,140,47,10,-1
24509,140,47,10,-1
24510,140,47,10,-1
24511,140,47,10,-1
24512,140,47,10,-1
24513,140,47,10,-1
24514,140,47,10,-1
24515,140,47,10,-1
24516,140,47,10,-1
24517,140,47,10,-1
24518,140,47,10,-1
24519,140,47,10,-1
24520,140,47,10,-1
24521,140,47,10,-1
24522,140,47,10,-1
24523,140,47,10,-1
24524,140,47,10,-1
24525,140,47,10,-1
24526,140,47,10,-1
24527,140,47,10,-1
24528,140,47,10,-1
24529,140,47,10,-1
24530,140,47,10,-1
24531,140,47,10,-1
24532,140,47,10,-1
24533,140,47,10,-1
24534,140,47,10,-1
24535,140,47,10,-1
24536,140,47,10,-1
24537,140,47,10,-1
24538,140,47,10,-1
24539,140,47,10,-1
24540,140,47,10,-1
24541,140,47,10,-1
24542,140,47,10,-1
24543,140,47,10,-1
24544,140,47,10,-1
24545,140,47,10,-1
24546,140,47,10,-1
24547,140,47,10,-1
24548,139,47,10,-1
24549,140,47,10,-1
24550,140,47,10,-1
24551,140,47,10,-1
24552,140,47,10,-1
24553,140,47,10,-1
24554,140,47,10,-1
24555,140,47,10,-1
24556,140,47,10,-1
24557,140,47,10,-1
24558,140,47,10,-1
24559,140,47,10,-1
24560,140,47,10,-1
24561,140,47,10,-1
24562,140,47,10,-1
24563,140,47,10,-1
24564,140,47,10,-1
24565,140,47,10,-1
24566,140,47,10,-1
24567,140,47,10,-1
24568,140,47,10,-1
24569,140,47,10,-1
24570,140,47,10,-1
24571,140,47,10,-1
24572,140,47,10,-1
24573,140,47,10,-1
24574,140,47,10,-1
24575,139,47,10,-1
24576,140,47,10,-1
24577,140,47,10,-1
24578,140,47,10,-1
24579,140,47,10,-1
24580,140,47,10,-1
24581,140,47,10,-1
24582,140,47,10,-1
24583,140,47,10,-1
24584,140,47,10,-1
24585,140,47,10,-1
24586,140,47,10,-1
24587,140,47,10,-1
24588,140,47,10,-1
24589,140,47,10,-1
24590,140,47,10,-1
24591,140,47,10,-1
24592,140,47,10,-1
24593,140,47,10,-1
24594,140,47,10,-1
24595,140,47,10,-1
24596,140,47,10,-1
24597,140,47,10,-1
24598,140,47,10,-1
24599,140,47,10,-1
24600,140,47,10,-1
24601,140,47,10,-1
24602,140,47,10,-1
24603,140,47,10,-1
24604,140,47,10,-1
24605,140,47,10,-1
24606,140,47,10,-1
24607,140,47,10,-1
24608,140,47,10,-1
24609,140,47,10,-1
24610,140,47,10,-1
24611,140,47,10,-1
24612,140,47,10,-1
24613,140,47,10,-1
24614,140,47,10,-1
24615,140,47,10,-1
24616,140,47,10,-1
24617,140,47,10,-1
24618,140,47,10,-1
24619,140,47,10,-1
24620,140,47,10,-1
24621,140,47,10,-1
24622,140,47,10,-1
24623,140,47,10,-1
24624,140,47,10,-1
24625,140,47,10,-1
24626,140,47,10,-1
24627,140,47,10,-1
24628,140,47,10,-1
24629,140,47,10,-1
24630,140,47,10,-1
24631,140,47,10,-1
24632,140,47,10,-1
24633,140,47,10,-1
24634,140,47,10,-1
24635,140,47,10,-1
24636,140,47,10,-1
24637,140,47,10,-1
24638,140,47,10,-1
24639,140,47,10,-1
24640,140,47,10,-1
24641,140,47,10,-1
24642,140,47,10,-1
24643,140,47,10,-1
24644,139,47,10,-1
24645,140,47,10,-1
24646,140,47,10,-1
24647,140,47,10,-1
24648,140,47,10,-1
24649,140,47,10,-1
24650,140,47,10,-1
24651,140,47,10,-1
24652,140,47,10,-1
24653,140,47,10,-1
24654,140,47,10,-1
24655,140,47,10,-1
24656,140,47,10,-1
24657,139,47,10,-1
24658,140,47,10,-1
24659,140,47,10,-1
24660,140,47,10,-1
24661,140,47,10,-1
24662,140,47,10,-1
24663,140,47,10,-1
24664,140,47,10,-1
24665,140,47,10,-1
24666,140,47,10,-1
24667,140,47,10,-1
24668,140,47,10,-1
24669,140,47,10,-1
24670,140,47,10,-1
24671,140,47,10,-1
24672,140,47,10,-1
24673,140,47,10,-1
24674,140,47,10,-1
24675,140,47,10,-1
24676,140,47,10,-1
24677,140,47,10,-1
24678,140,47,10,-1
24679,140,47,10,-1
24680,140,47,10,-1
24681,140,47,10,-1
24682,140,47,10,-1
24683,140,47,10,-1
24684,140,47,10,-1
24685,140,47,10,-1
24686,140,47,10,-1
24687,140,47,10,-1
24688,140,47,10,-1
24689,140,47,10,-1
24690,140,47,10,-1
24691,140,47,10,-1
24692,140,47,10,-1
24693,140,47,10,-1
24694,140,47,10,-1
24695,140,47,10,-1
24696,140,47,10,-1
24697,140,47,10,-1
24698,140,47,10,-1
24699,140,47,10,-1
24700,140,47,10,-1
24701,140,47,10,-1
24702,140,47,10,-1
24703,139,47,10,-1
24704,140,47,10,-1
24705,140,47,10,-1
24706,140,47,10,-1
24707,140,47,10,-1
24708,140,47,10,-1
24709,140,47,10,-1
24710,140,47,10,-1
24711,140,47,10,-1
24712,140,47,10,-1
24713,140,47,10,-1
24714,140,47,10,-1
24715,140,47,10,-1
24716,140,47,10,-1
24717,140,47,10,-1
24718,140,47,10,-1
24719,140,47,10,-1
24720,140,47,10,-1
24721,140,47,10,-1
24722,140,47,10,-1
24723,139,47,10,-1
24724,140,47,10,-1
24725,139,47,10,-1
24726,140,47,10,-1
24727,140,47,10,-1
24728,140,47,10,-1
24729,140,47,10,-1
24730,140,47,10,-1
24731,140,47,10,-1
24732,140,47,10,-1
24733,140,47,10,-1
24734,140,47,10,-1
24735,140,47,10,-1
24736,140,47,10,-1
24737,140,47,10,-1
24738,140,47,10,-1
24739,139,47,10,-1
24740,140,47,10,-1
24741,140,47,10,-1
24742,140,47,10,-1
24743,140,47,10,-1
24744,140,47,10,-1
24745,140,47,10,-1
24746,140,47,10,-1
24747,140,47,10,-1
24748,140,47,10,-1
24749,140,47,10,-1
24750,140,47,10,-1
24751,140,47,10,-1
24752,140,47,10,-1
24753,140,47,10,-1
24754,140,47,10,-1
24755,140,47,10,-1
24756,140,47,10,-1
24757,140,47,10,-1
24758,140,47,10,-1
24759,140,47,10,-1
24760,140,47,10,-1
24761,140,47,10,-1
24762,140,47,10,-1
24763,140,47,10,-1
24764,140,47,10,-1
24765,140,47,10,-1
24766,140,47,10,-1
24767,140,47,10,-1
24768,140,47,10,-1
24769,140,47,10,-1
24770,140,47,10,-1
24771,140,47,10,-1
24772,140,47,10,-1
24773,140,47,10,-1
24774,140,47,10,-1
24775,140,47,10,-1
24776,140,47,10,-1
24777,140,47,10,-1
24778,140,47,10,-1
24779,140,47,10,-1
24780,140,47,10,-1
24781,140,47,10,-1
24782,140,47,10,-1
24783,140,47,10,-1
24784,140,47,10,-1
24785,140,47,10,-1
24786,140,47,10,-1
24787,140,47,10,-1
24788,140,47,10,-1
24789,139,47,10,-1
24790,140,47,10,-1
24791,140,47,10,-1
24792,140,47,10,-1
24793,140,47,10,-1
24794,140,47,10,-1
24795,140,47,10,-1
24796,140,47,10,-1
24797,140,47,10,-1
24798,140,47,10,-1
24799,140,47,10,-1
24800,140,47,10,-1
24801,140,47,10,-1
24802,140,47,10,-1
24803,140,47,10,-1
24804,140,47,10,-1
24805,140,47,10,-1
24806,140,47,10,-1
24807,140,47,10,-1
24808,140,47,10,-1
24809,140,47,10,-1
24810,140,47,10,-1
24811,140,47,10,-1
24812,140,47,10,-1
24813,139,47,10,-1
24814,140,47,10,-1
24815,140,47,10,-1
24816,140,47,10,-1
24817,140,47,10,-1
24818,140,47,10,-1
24819,140,47,10,-1
24820,140,47,10,-1
24821,140,47,10,-1
24822,140,47,10,-1
24823,140,47,10,-1
24824,140,47,10,-1
24825,140,47,10,-1
24826,140,47,10,-1
24827,140,47,10,-1
24828,140,47,10,-1
24829,140,47,10,-1
24830,140,47,10,-1
24831,140,47,10,-1
24832,140,47,10,-1
24833,140,47,10,-1
24834,140,47,10,-1
24835,140,47,10,-1
24836,140,47,10,-1
24837,140,47,10,-1
24838,140,47,10,-1
24839,140,47,10,-1
24840,139,47,10,-1
24841,140,47,10,-1
24842,140,47,10,-1
24843,140,47,10,-1
24844,140,47,10,-1
24845,140,47,10,-1
24846,140,47,10,-1
24847,140,47,10,-1
24848,140,47,10,-1
24849,140,47,10,-1
24850,140,47,10,-1
24851,139,47,10,-1
24852,140,47,10,-1
24853,140,47,10,-1
24854,140,47,10,-1
24855,140,47,10,-1
24856,140,47,10,-1
24857,140,47,10,-1
24858,140,47,10,-1
24859,140,47,10,-1
24860,140,47,10,-1
24861,140,47,10,-1
24862,140,47,10,-1
24863,140,47,10,-1
24864,140,47,10,-1
24865,140,47,10,-1
24866,140,47,10,-1
24867,140,47,10,-1
24868,140,47,10,-1
24869,140,47,10,-1
24870,140,47,10,-1
24871,140,47,10,-1
24872,140,47,10,-1
24873,140,47,10,-1
24874,140,47,10,-1
24875,140,47,10,-1
24876,140,47,10,-1
24877,140,47,10,1
24878,140,47,10,-1
24879,140,47,10,-1
24880,140,47,10,-1
24881,140,47,10,-1
24882,140,47,10,-1
24883,140,47,10,-1
24884,140,47,10,-1
24885,140,47,10,-1
24886,140,47,10,-1
24887,140,47,10,-1
24888,140,47,10,-1
24889,140,47,10,-1
24890,140,47,10,-1
24891,140,47,10,-1
24892,140,47,10,-1
24893,140,47,10,-1
24894,140,47,10,-1
24895,140,47,10,-1
24896,140,47,10,-1
24897,140,47,10,-1
24898,140,47,10,-1
24899,139,47,10,-1
24900,140,47,10,-1
24901,140,47,10,-1
24902,140,47,10,-1
24903,140,47,10,-1
24904,140,47,10,-1
24905,140,47,10,-1
24906,140,47,10,-1
24907,140,47,10,-1
24908,140,47,10,-1
24909,140,47,10,-1
24910,140,47,10,-1
24911,140,47,10,-1
24912,140,47,10,-1
24913,140,47,10,-1
24914,140,47,10,-1
24915,140,47,10,-1
24916,140,47,10,-1
24917,140,47,10,-1
24918,139,47,10,-1
24919,140,47,10,-1
24920,140,47,10,-1
24921,140,47,10,-1
24922,140,47,10,-1
24923,140,47,10,-1
24924,140,47,10,-1
24925,140,47,10,-1
24926,140,47,10,-1
24927,140,47,10,-1
24928,140,47,10,-1
24929,140,47,10,-1
24930,140,47,10,-1
24931,140,47,10,-1
24932,140,47,10,-1
24933,140,47,10,-1
24934,140,47,10,-1
24935,140,47,10,-1
24936,140,47,10,-1
24937,140,47,10,-1
24938,140,47,10,-1
24939,140,47,10,-1
24940,140,47,10,-1
24941,140,47,10,-1
24942,140,47,10,-1
24943,140,47,10,-1
24944,140,47,10,-1
24945,139,47,10,-1
24946,140,47,9,-1
24947,140,47,10,-1
24948,140,47,10,-1
24949,140,47,10,-1
24950,140,47,10,-1
24951,140,47,10,-1
24952,140,47,10,-1
24953,140,47,10,-1
24954,140,47,10,-1
24955,140,47,10,-1
24956,140,47,10,-1
24957,140,47,10,-1
24958,140,47,10,-1
24959,140,47,10,-1
24960,140,47,10,-1
24961,140,47,10,-1
24962,140,47,10,-1
24963,140,47,10,-1
24964,140,47,10,-1
24965,140,47,10,-1
24966,139,47,10,-1
24967,140,47,10,-1
24968,140,47,10,-1
24969,140,47,10,-1
24970,140,47,10,-1
24971,140,47,10,-1
24972,140,47,10,-1
24973,140,47,10,-1
24974,140,47,10,-1
24975,140,47,10,-1
24976,140,47,10,-1
24977,140,47,10,-1
24978,140,47,10,-1
24979,140,47,10,-1
24980,140,47,10,-1
24981,140,47,10,-1
24982,140,47,10,-1
24983,140,47,10,-1
24984,139,47,10,-1
24985,140,47,10,-1
24986,140,47,10,-1
24987,140,47,10,-1
24988,140,47,10,-1
24989,140,47,10,-1
24990,140,47,10,-1
24991,140,47,10,-1
24992,140,47,10,-1
24993,140,47,10,-1
24994,140,47,10,-1
24995,140,47,10,-1
24996,140,47,10,-1
24997,140,47,10,-1
24998,140,47,10,-1
24999,140,47,10,-1
25000,140,47,10,-1
25001,140,47,10,-1
25002,140,47,10,-1
25003,140,47,10,-1
25004,140,47,10,-1
25005,140,47,10,-1
25006,140,47,10,-1
25007,140,47,10,-1
25008,139,47,10,-1
25009,140,47,10,-1
25010,140,47,10,-1
25011,140,47,10,-1
25012,140,47,10,-1
25013,140,47,10,-1
25014,140,47,10,-1
25015,140,47,10,-1
25016,140,47,10,-1
25017,140,47,10,-1
25018,140,47,10,-1
25019,140,47,10,-1
25020,140,47,10,-1
25021,140,47,10,-1
25022,140,47,10,-1
25023,140,47,10,-1
25024,140,47,10,-1
25025,140,47,10,-1
25026,139,47,10,-1
25027,140,47,10,-1
25028,140,47,10,-1
25029,140,47,10,-1
25030,140,47,10,-1
25031,140,47,10,-1
25032,140,47,10,-1
25033,140,47,10,-1
25034,140,47,10,-1
25035,140,47,10,-1
25036,140,47,10,-1
25037,140,47,10,-1
25038,139,47,10,-1
25039,140,47,10,-1
25040,140,47,10,-1
25041,140,47,10,-1
25042,140,47,10,-1
25043,140,47,10,-1
25044,140,47,10,-1
25045,140,47,10,-1
25046,140,47,10,-1
25047,140,47,10,-1
25048,140,47,10,-1
25049,140,47,10,-1
25050,140,47,10,-1
25051,140,47,10,-1
25052,140,47,10,-1
25053,140,47,10,-1
25054,140,47,10,-1
25055,140,47,10,-1
25056,140,47,10,-1
25057,140,47,10,-1
25058,140,47,10,-1
25059,140,47,10,-1
25060,140,47,10,-1
25061,140,47,10,-1
25062,140,47,10,-1
25063,140,47,10,-1
25064,140,47,10,-1
25065,140,47,10,-1
25066,139,47,10,-1
25067,140,47,10,-1
25068,140,47,10,-1
25069,140,47,10,-1
25070,140,47,10,-1
25071,140,47,10,-1
25072,140,47,10,-1
25073,140,47,10,-1
25074,140,47,10,-1
25075,140,47,10,-1
25076,140,47,10,-1
25077,140,47,10,-1
25078,140,47,10,-1
25079,140,47,10,-1
25080,140,47,10,-1
25081,140,47,10,-1
25082,140,47,10,-1
25083,140,47,10,-1
25084,140,47,10,-1
25085,140,47,10,-1
25086,140,47,10,-1
25087,139,47,10,-1
25088,140,47,10,-1
25089,140,47,10,-1
25090,140,47,10,-1
25091,140,47,10,-1
25092,139,47,10,-1
25093,140,47,10,-1
25094,140,47,10,-1
25095,140,47,10,-1
25096,140,47,10,-1
25097,140,47,10,-1
25098,140,47,10,-1
25099,140,47,10,-1
25100,140,47,10,-1
25101,140,47,10,-1
25102,140,47,10,-1
25103,140,47,10,-1
25104,139,47,10,-1
25105,140,47,10,-1
25106,140,47,10,-1
25107,140,47,10,-1
25108,140,47,10,-1
25109,140,47,10,-1
25110,140,47,10,-1
25111,140,47,10,-1
25112,140,47,10,-1
25113,140,47,10,-1
25114,139,47,10,-1
25115,140,47,10,-1
25116,140,47,10,-1
25117,140,47,10,-1
25118,140,47,10,-1
25119,140,47,10,-1
25120,139,47,10,-1
25121,140,47,10,-1
25122,140,47,10,-1
25123,139,47,10,-1
25124,140,47,10,-1
25125,140,47,10,-1
25126,140,47,10,-1
25127,140,47,10,-1
25128,140,47,10,-1
25129,140,47,10,-1
25130,140,47,10,-1
25131,139,47,10,-1
25132,140,47,10,-1
25133,140,47,10,-1
25134,140,47,10,-1
25135,140,47,10,-1
25136,140,47,10,-1
25137,140,47,10,-1
25138,140,47,10,-1
25139,140,47,10,-1
25140,140,47,10,-1
25141,140,47,10,-1
25142,140,47,10,-1
25143,140,47,10,-1
25144,140,47,10,-1
25145,140,47,10,-1
25146,140,47,10,-1
25147,140,47,10,-1
25148,139,47,10,-1
25149,140,47,10,-1
25150,140,47,10,-1
25151,140,47,10,-1
25152,139,47,10,-1
25153,140,47,10,-1
25154,140,47,10,-1
25155,140,47,10,-1
25156,140,47,10,-1
25157,140,47,10,-1
25158,140,47,10,-1
25159,140,47,10,-1
25160,140,47,10,-1
25161,140,47,10,-1
25162,140,47,10,-1
25163,140,47,10,-1
25164,140,47,10,-1
25165,140,47,10,-1
25166,140,47,10,-1
25167,140,47,10,-1
25168,140,47,10,-1
25169,140,47,10,-1
25170,140,47,10,-1
25171,140,47,10,-1
25172,140,47,10,-1
25173,140,47,10,-1
25174,140,47,10,-1
25175,140,47,10,-1
25176,140,47,10,-1
25177,140,47,10,-1
25178,140,47,10,-1
25179,140,47,10,-1
25180,140,47,10,-1
25181,140,47,10,-1
25182,140,47,10,-1
25183,140,47,10,-1
25184,140,47,10,-1
25185,140,47,10,-1
25186,140,47,10,-1
25187,140,47,10,-1
25188,140,47,10,-1
25189,140,47,10,-1
25190,140,47,10,-1
25191,140,47,10,-1
25192,139,47,10,-1
25193,139,47,10,-1
25194,140,47,10,-1
25195,140,47,10,-1
25196,140,47,10,-1
25197,140,47,10,-1
25198,140,47,10,-1
25199,140,47,10,-1
25200,140,47,10,-1
25201,140,47,10,-1
25202,140,47,10,-1
25203,140,47,10,-1
25204,140,47,10,-1
25205,139,47,10,-1
25206,140,47,10,-1
25207,139,47,10,-1
25208,140,47,10,-1
25209,140,47,10,-1
25210,140,47,10,-1
25211,140,47,10,-1
25212,140,47,10,-1
25213,140,47,10,-1
25214,140,47,10,-1
25215,140,47,10,-1
25216,140,47,10,-1
25217,140,47,9,-1
25218,140,47,10,-1
25219,140,47,10,-1
25220,140,47,10,-1
25221,140,47,10,-1
25222,140,47,10,-1
25223,140,47,10,-1
25224,140,47,10,-1
25225,140,47,10,-1
25226,140,47,10,-1
25227,140,47,10,-1
25228,140,47,10,-1
25229,140,47,10,-1
25230,140,47,10,-1
25231,140,47,10,-1
25232,140,47,10,-1
25233,140,47,10,-1
25234,140,47,10,-1
25235,140,47,10,-1
25236,140,47,10,-1
25237,140,47,10,-1
25238,140,47,10,-1
25239,140,47,10,-1
25240,139,47,10,-1
25241,140,47,10,-1
25242,140,47,10,-1
25243,140,47,10,-1
25244,140,47,10,-1
25245,140,47,10,-1
25246,140,47,10,-1
25247,140,47,10,-1
25248,140,47,10,-1
25249,140,47,10,-1
25250,140,47,10,-1
25251,139,47,10,-1
25252,140,47,10,-1
25253,140,47,10,-1
25254,140,47,10,-1
25255,140,47,10,-1
25256,140,47,10,-1
25257,140,47,10,-1
25258,140,47,10,-1
25259,140,47,10,-1
25260,140,47,10,-1
25261,140,47,10,-1
25262,140,47,10,-1
25263,140,47,10,-1
25264,140,47,10,-1
25265,140,47,10,-1
25266,140,47,10,-1
25267,140,47,10,-1
25268,139,47,10,-1
25269,140,47,10,-1
25270,140,47,10,-1
25271,140,47,10,-1
25272,140,47,10,-1
25273,140,47,10,-1
25274,140,47,10,-1
25275,140,47,10,-1
25276,140,47,10,-1
25277,140,47,10,-1
25278,140,47,10,-1
25279,140,47,10,-1
25280,139,47,10,-1
25281,140,47,10,-1
25282,140,47,10,-1
25283,140,47,10,-1
25284,140,47,10,-1
25285,140,47,10,-1
25286,140,47,10,-1
25287,140,47,10,-1
25288,140,47,10,-1
25289,140,47,10,-1
25290,140,47,10,-1
25291,140,47,10,-1
25292,140,47,10,-1
25293,140,47,10,-1
25294,140,47,10,-1
25295,140,47,10,-1
25296,140,47,10,-1
25297,140,47,10,-1
25298,140,47,10,-1
25299,140,47,10,-1
25300,140,47,10,-1
25301,140,47,10,-1
25302,140,47,10,-1
25303,140,47,10,-1
25304,140,47,10,-1
25305,140,47,10,-1
25306,140,47,10,-1
25307,140,47,10,-1
25308,140,47,10,-1
25309,140,47,10,-1
25310,140,47,10,-1
25311,140,47,10,-1
25312,140,47,10,-1
25313,140,47,10,-1
25314,140,47,10,-1
25315,140,47,10,-1
25316,140,47,10,-1
25317,140,47,10,-1
25318,140,47,10,-1
25319,140,47,10,-1
25320,140,47,10,-1
25321,140,47,10,-1
25322,140,47,10,-1
25323,140,47,10,-1
25324,140,47,10,-1
25325,140,47,10,-1
25326,140,47,10,-1
25327,140,47,10,-1
25328,140,47,10,-1
25329,140,47,10,-1
25330,140,47,10,-1
25331,140,47,10,-1
25332,140,47,10,-1
25333,140,47,10,-1
25334,140,47,10,-1
25335,140,47,10,-1
25336,140,47,10,-1
25337,140,47,10,-1
25338,140,47,10,-1
25339,140,47,10,-1
25340,140,47,10,-1
25341,140,47,10,-1
25342,140,47,10,-1
25343,140,47,10,-1
25344,140,47,10,-1
25345,140,47,10,-1
25346,140,47,10,-1
25347,140,47,10,-1
25348,140,47,10,-1
25349,140,47,10,-1
25350,140,47,10,-1
25351,140,47,10,-1
25352,140,47,10,-1
25353,140,47,10,-1
25354,140,47,10,-1
25355,140,47,10,-1
25356,140,47,10,-1
25357,140,47,10,-1
25358,140,47,10,-1
25359,140,47,10,-1
25360,140,47,10,-1
25361,140,47,10,-1
25362,140,47,10,-1
25363,139,47,10,-1
25364,139,46,10,-1
25365,140,47,10,-1
25366,140,47,10,-1
25367,140,47,10,-1
25368,140,47,10,-1
25369,140,47,10,-1
25370,140,47,10,-1
25371,140,47,10,-1
25372,140,47,10,-1
25373,140,47,10,-1
25374,140,47,10,-1
25375,140,47,10,-1
25376,140,47,10,-1
25377,140,47,10,-1
25378,140,47,10,-1
25379,140,47,10,-1
25380,140,47,10,-1
25381,140,47,10,-1
25382,140,47,10,-1
25383,140,47,10,-1
25384,140,47,10,-1
25385,140,47,10,-1
25386,140,47,10,-1
25387,140,47,10,-1
25388,140,47,10,-1
25389,140,47,10,-1
25390,140,47,10,-1
25391,140,47,10,-1
25392,140,47,10,-1
25393,140,47,10,-1
25394,140,47,10,-1
25395,140,47,10,-1
25396,140,47,10,-1
25397,140,47,10,-1
25398,140,47,10,-1
25399,140,47,10,-1
25400,140,47,10,-1
25401,140,47,10,-1
25402,140,47,10,-1
25403,140,47,10,-1
25404,140,47,10,-1
25405,140,47,10,-1
25406,140,47,10,-1
25407,140,47,10,-1
25408,140,47,10,-1
25409,140,47,10,-1
25410,140,47,10,-1
25411,140,47,10,-1
25412,140,47,10,-1
25413,140,47,10,-1
25414,140,47,10,-1
25415,140,47,10,-1
25416,140,47,10,-1
25417,140,47,10,-1
25418,140,47,10,-1
25419,140,47,10,-1
25420,140,47,10,-1
25421,140,47,10,-1
25422,140,47,10,-1
25423,140,47,10,-1
25424,140,47,10,-1
25425,140,47,10,-1
25426,140,47,10,-1
25427,140,47,10,-1
25428,140,47,10,-1
25429,140,47,10,-1
25430,140,47,10,-1
25431,140,47,10,-1
25432,140,47,10,-1
25433,140,47,10,-1
25434,140,47,10,-1
25435,140,47,10,-1
25436,140,47,10,-1
25437,140,47,10,-1
25438,140,47,10,-1
25439,140,47,10,-1
25440,140,47,10,-1
25441,140,47,10,-1
25442,140,47,10,-1
25443,140,47,10,-1
25444,140,47,10,-1
25445,140,47,10,-1
25446,140,47,10,-1
25447,140,47,10,-1
25448,140,47,10,-1
25449,140,47,10,-1
25450,140,47,10,-1
25451,140,47,10,-1
25452,140,47,10,-1
25453,140,47,10,-1
25454,140,47,10,-1
25455,140,47,10,-1
25456,140,47,10,-1
25457,140,47,10,-1
25458,140,47,10,-1
25459,140,47,10,-1
25460,140,47,10,-1
25461,140,47,10,-1
25462,140,47,10,-1
25463,140,47,10,-1
25464,140,47,10,-1
25465,140,47,10,-1
25466,140,47,10,-1
25467,140,47,10,-1
25468,140,47,10,-1
25469,140,47,10,-1
25470,140,47,10,-1
25471,140,47,10,-1
25472,140,47,10,-1
25473,140,47,10,-1
25474,140,47,10,-1
25475,140,47,10,-1
25476,140,47,10,-1
25477,140,47,10,-1
25478,140,47,10,-1
25479,140,47,10,-1
25480,140,47,10,-1
25481,140,47,10,-1
25482,140,47,10,-1
25483,140,47,10,-1
25484,140,47,10,-1
25485,140,47,10,-1
25486,140,47,10,-1
25487,140,47,10,-1
25488,140,47,10,-1
25489,140,47,10,-1
25490,140,47,10,-1
25491,140,47,10,-1
25492,140,47,10,-1
25493,140,47,10,-1
25494,140,47,10,-1
25495,140,47,10,-1
25496,140,47,10,-1
25497,140,47,10,-1
25498,140,47,10,-1
25499,139,47,10,-1
25500,140,47,10,-1
25501,140,47,10,1
25502,140,47,10,-1
25503,140,47,10,-1
25504,140,47,10,-1
25505,140,47,10,-1
25506,140,47,10,-1
25507,140,47,10,-1
25508,140,47,10,-1
25509,140,47,10,-1
25510,140,47,10,-1
25511,140,47,10,-1
25512,140,47,10,-1
25513,140,47,10,-1
25514,140,47,10,-1
25515,140,47,10,-1
25516,140,47,10,-1
25517,140,47,10,-1
25518,140,47,10,-1
25519,140,47,10,-1
25520,140,47,10,-1
25521,140,47,10,-1
25522,140,47,10,-1
25523,140,47,10,-1
25524,140,47,10,-1
25525,140,47,10,-1
25526,140,47,10,-1
25527,140,47,10,-1
25528,140,47,10,-1
25529,139,47,10,-1
25530,140,47,10,-1
25531,140,47,10,-1
25532,140,47,10,-1
25533,140,47,10,-1
25534,140,47,10,-1
25535,140,47,10,-1
25536,140,47,10,-1
25537,140,47,10,-1
25538,140,47,10,-1
25539,140,47,10,-1
25540,140,47,10,-1
25541,140,47,10,-1
25542,140,47,10,-1
25543,140,47,10,-1
25544,140,47,10,-1
25545,140,47,10,-1
25546,140,47,10,-1
25547,140,47,10,-1
25548,140,47,10,-1
25549,140,47,10,-1
25550,140,47,10,-1
25551,140,47,10,-1
25552,140,47,10,-1
25553,140,47,10,-1
25554,140,47,10,-1
25555,140,47,10,-1
25556,140,47,10,-1
25557,140,47,10,-1
25558,140,47,10,-1
25559,140,47,10,-1
25560,140,47,10,-1
25561,140,47,10,-1
25562,140,47,10,-1
25563,140,47,10,-1
25564,139,47,10,-1
25565,140,47,10,-1
25566,140,47,10,-1
25567,140,47,10,-1
25568,140,47,10,-1
25569,140,47,10,-1
25570,140,47,10,-1
25571,140,47,10,-1
25572,140,47,10,-1
25573,140,47,10,-1
25574,140,47,10,-1
25575,140,47,10,-1
25576,140,47,10,-1
25577,140,47,10,-1
25578,140,47,10,-1
25579,140,47,10,-1
25580,140,47,10,-1
25581,140,47,10,-1
25582,140,47,10,-1
25583,139,47,10,-1
25584,140,47,10,-1
25585,140,47,10,-1
25586,140,47,10,-1
25587,140,47,10,-1
25588,140,47,10,-1
25589,140,47,10,-1
25590,140,47,10,-1
25591,140,47,10,-1
25592,140,47,10,-1
25593,140,47,10,-1
25594,140,47,10,-1
25595,140,47,10,-1
25596,140,47,10,-1
25597,140,47,10,-1
25598,140,47,10,-1
25599,140,47,10,-1
25600,140,47,10,-1
25601,140,47,10,-1
25602,140,47,10,-1
25603,140,47,10,-1
25604,140,47,10,-1
25605,139,47,10,-1
25606,140,47,10,-1
25607,140,47,10,-1
25608,140,47,10,-1
25609,140,47,10,-1
25610,140,47,10,-1
25611,140,47,10,-1
25612,140,47,10,-1
25613,140,47,10,-1
25614,140,47,10,-1
25615,140,47,10,-1
25616,140,47,10,-1
25617,140,47,10,-1
25618,140,47,10,-1
25619,140,47,10,-1
25620,140,47,10,-1
25621,140,47,10,-1
25622,140,47,10,-1
25623,140,47,10,-1
25624,140,47,10,-1
25625,140,47,10,-1
25626,140,47,10,-1
25627,140,47,10,-1
25628,140,47,10,-1
25629,140,47,10,-1
25630,140,47,10,-1
25631,140,47,10,-1
25632,140,47,10,-1
25633,140,47,10,-1
25634,140,47,10,-1
25635,140,47,10,-1
25636,140,47,10,-1
25637,140,47,10,-1
25638,140,47,10,-1
25639,140,47,10,-1
25640,140,47,10,-1
25641,140,47,10,-1
25642,140,47,10,-1
25643,140,47,10,-1
25644,140,47,10,-1
25645,140,47,10,-1
25646,140,47,10,-1
25647,140,47,10,-1
25648,140,47,10,-1
25649,140,47,10,-1
25650,140,47,10,-1
25651,140,47,10,-1
25652,140,47,10,-1
25653,140,47,10,-1
25654,140,47,10,-1
25655,140,47,10,-1
25656,139,47,10,-1
25657,139,47,10,-1
25658,140,47,10,-1
25659,140,47,10,-1
25660,140,47,10,-1
25661,140,47,10,-1
25662,140,47,10,-1
25663,140,47,10,-1
25664,140,47,10,-1
25665,140,47,10,-1
25666,140,47,10,-1
25667,140,47,10,-1
25668,140,47,10,-1
25669,140,47,10,-1
25670,140,47,10,-1
25671,140,47,10,-1
25672,140,47,10,-1
25673,140,47,10,-1
25674,140,47,10,-1
25675,140,47,10,-1
25676,140,47,10,-1
25677,140,47,10,-1
25678,140,47,10,-1
25679,140,47,10,-1
25680,140,47,10,-1
25681,140,47,10,-1
25682,140,47,10,-1
25683,140,47,10,-1
25684,139,47,10,-1
25685,140,47,10,-1
25686,140,47,10,-1
25687,140,47,10,-1
25688,140,47,10,-1
25689,140,47,10,-1
25690,140,47,10,-1
25691,140,47,10,-1
25692,140,47,10,-1
25693,140,47,10,-1
25694,140,47,10,-1
25695,140,47,10,-1
25696,140,47,10,-1
25697,140,47,10,-1
25698,140,47,10,-1
25699,140,47,10,-1
25700,140,47,10,-1
25701,140,47,10,-1
25702,140,47,10,-1
25703,140,47,10,-1
25704,140,47,10,-1
25705,140,47,10,-1
25706,140,47,10,-1
25707,140,47,10,-1
25708,140,47,10,-1
25709,140,47,10,-1
25710,140,47,10,-1
25711,140,47,10,-1
25712,140,47,10,-1
25713,140,47,10,-1
25714,140,47,10,-1
25715,140,47,10,-1
25716,140,47,10,-1
25717,140,47,10,-1
25718,140,47,10,-1
25719,140,47,10,-1
25720,139,47,10,-1
25721,139,47,10,-1
25722,140,47,10,-1
25723,140,47,10,-1
25724,140,47,10,-1
25725,140,47,10,-1
25726,140,47,10,-1
25727,140,47,10,-1
25728,140,47,10,-1
25729,140,47,10,-1
25730,140,47,10,-1
25731,140,47,10,-1
25732,140,47,10,-1
25733,140,47,10,-1
25734,140,47,10,-1
25735,140,47,10,-1
25736,140,47,10,-1
25737,140,47,10,-1
25738,140,47,10,-1
25739,140,47,10,-1
25740,140,47,10,-1
25741,140,47,10,-1
25742,140,47,10,-1
25743,140,47,10,-1
25744,140,47,10,-1
25745,140,47,10,-1
25746,140,47,10,-1
25747,140,47,10,-1
25748,140,47,10,-1
25749,140,47,10,-1
25750,140,47,10,-1
25751,140,47,10,-1
25752,140,47,10,-1
25753,140,47,10,-1
25754,140,47,10,-1
25755,140,47,10,-1
25756,140,47,10,-1
25757,139,47,10,-1
25758,140,47,10,-1
25759,140,47,10,-1
25760,140,47,10,-1
25761,140,47,10,-1
25762,140,47,10,-1
25763,140,47,10,-1
25764,140,47,10,-1
25765,140,47,10,-1
25766,140,47,10,-1
25767,140,47,10,-1
25768,140,47,10,-1
25769,140,47,10,-1
25770,140,47,10,-1
25771,140,47,10,-1
25772,140,47,10,-1
25773,140,47,10,-1
25774,140,47,10,-1
25775,140,47,10,-1
25776,140,47,10,-1
25777,140,47,10,-1
25778,140,47,10,-1
25779,140,47,10,-1
25780,140,47,10,-1
25781,140,47,10,-1
25782,140,47,10,-1
25783,140,47,10,-1
25784,140,47,10,-1
25785,140,47,10,-1
25786,140,47,10,-1
25787,140,47,10,-1
25788,140,47,10,-1
25789,140,47,10,-1
25790,140,47,10,-1
25791,140,47,10,-1
25792,140,47,10,-1
25793,140,47,10,-1
25794,140,47,10,-1
25795,140,47,10,-1
25796,140,47,10,-1
25797,140,47,10,-1
25798,140,47,10,-1
25799,140,47,10,-1
25800,140,47,10,-1
25801,139,47,10,-1
25802,140,47,10,-1
25803,140,47,10,-1
25804,140,47,10,-1
25805,140,47,10,-1
25806,140,47,10,-1
25807,140,47,10,-1
25808,140,47,10,-1
25809,140,47,10,-1
25810,140,47,10,-1
25811,140,47,10,-1
25812,140,47,10,-1
25813,140,47,10,-1
25814,140,47,10,-1
25815,140,47,10,-1
25816,140,47,10,-1
25817,140,47,10,-1
25818,140,47,10,-1
25819,140,47,10,-1
25820,140,47,10,-1
25821,140,47,10,-1
25822,140,47,10,-1
25823,140,47,10,-1
25824,140,47,10,-1
25825,140,47,10,-1
25826,140,47,10,-1
25827,140,47,10,-1
25828,139,47,10,-1
25829,140,47,10,-1
25830,140,47,10,-1
25831,140,47,10,-1
25832,140,47,10,-1
25833,140,47,10,-1
25834,140,47,10,-1
25835,140,47,10,-1
25836,140,47,10,-1
25837,140,47,10,-1
25838,140,47,10,-1
25839,140,47,10,-1
25840,140,47,10,-1
25841,140,47,10,-1
25842,140,47,10,-1
25843,140,47,10,-1
25844,140,47,10,-1
25845,140,47,10,-1
25846,140,47,10,-1
25847,140,47,10,-1
25848,140,47,10,-1
25849,140,47,10,-1
25850,140,47,10,-1
25851,140,47,10,-1
25852,140,47,10,-1
25853,140,47,10,-1
25854,140,47,10,-1
25855,140,47,10,-1
25856,140,47,10,-1
25857,140,47,10,-1
25858,140,47,10,-1
25859,140,47,10,-1
25860,140,47,10,-1
25861,140,47,10,-1
25862,140,47,10,-1
25863,140,47,10,-1
25864,140,47,10,-1
25865,140,47,10,-1
25866,140,47,10,-1
25867,140,47,10,-1
25868,140,47,10,-1
25869,140,47,10,-1
25870,140,47,10,-1
25871,140,47,10,-1
25872,140,47,10,-1
25873,140,47,10,-1
25874,140,47,10,-1
25875,140,47,10,-1
25876,140,47,10,-1
25877,140,47,10,-1
25878,140,47,10,-1
25879,140,47,10,-1
25880,140,47,10,-1
25881,139,47,10,-1
25882,140,47,10,-1
25883,140,47,10,-1
25884,139,47,10,-1
25885,140,47,10,-1
25886,140,47,10,-1
25887,140,47,10,-1
25888,140,47,10,-1
25889,140,47,10,-1
25890,140,47,10,-1
25891,140,47,10,-1
25892,140,47,10,-1
25893,140,47,10,-1
25894,140,47,10,-1
25895,140,47,10,-1
25896,140,47,10,-1
25897,140,47,10,-1
25898,140,47,10,-1
25899,140,47,10,-1
25900,140,47,10,-1
25901,140,47,10,-1
25902,140,47,10,-1
25903,140,47,10,-1
25904,140,47,10,-1
25905,140,47,10,-1
25906,140,47,10,-1
25907,139,47,10,-1
25908,140,47,10,-1
25909,140,47,10,-1
25910,140,47,10,-1
25911,140,47,10,-1
25912,140,47,10,-1
25913,140,47,10,-1
25914,140,47,10,-1
25915,140,47,10,-1
25916,140,47,10,-1
25917,140,47,10,-1
25918,140,47,10,-1
25919,139,47,10,-1
25920,140,47,10,-1
25921,140,47,10,-1
25922,140,47,10,-1
25923,140,47,10,-1
25924,140,47,10,-1
25925,140,47,10,-1
25926,140,47,10,-1
25927,140,47,10,-1
25928,140,47,10,-1
25929,140,47,10,-1
25930,140,47,10,-1
25931,140,47,10,-1
25932,140,47,10,-1
25933,140,47,10,-1
25934,140,47,10,-1
25935,139,47,10,-1
25936,140,47,10,-1
25937,139,47,10,-1
25938,140,47,10,-1
25939,140,47,10,-1
25940,140,47,10,-1
25941,140,47,10,-1
25942,139,47,10,-1
25943,140,47,10,-1
25944,140,47,10,-1
25945,140,47,10,-1
25946,140,47,10,-1
25947,140,47,10,-1
25948,140,47,10,-1
25949,140,47,10,-1
25950,140,47,10,-1
25951,140,47,10,-1
25952,140,47,10,-1
25953,140,47,10,-1
25954,140,47,10,-1
25955,140,47,10,-1
25956,140,47,10,-1
25957,140,47,10,-1
25958,140,47,10,-1
25959,140,47,10,-1
25960,140,47,10,-1
25961,140,47,10,-1
25962,140,47,10,-1
25963,140,47,10,-1
25964,140,47,10,-1
25965,140,47,10,-1
25966,140,47,10,-1
25967,140,47,10,-1
25968,140,47,10,-1
25969,140,47,10,-1
25970,140,47,10,-1
25971,140,47,10,-1
25972,140,47,10,-1
25973,140,47,10,-1
25974,140,47,10,-1
25975,140,47,10,-1
25976,140,47,10,-1
25977,140,47,10,-1
25978,140,47,10,-1
25979,140,47,10,-1
25980,140,47,10,-1
25981,140,47,10,-1
25982,140,47,10,-1
25983,140,47,10,-1
25984,140,47,10,-1
25985,140,47,10,-1
25986,140,47,10,-1
25987,140,47,10,-1
25988,140,47,10,-1
25989,140,47,10,-1
25990,140,47,10,-1
25991,140,47,10,-1
25992,140,47,10,-1
25993,140,47,10,-1
25994,140,47,10,-1
25995,140,47,10,-1
25996,140,47,10,-1
25997,140,47,10,-1
25998,140,47,10,-1
25999,140,47,10,-1
26000,140,47,10,-1
26001,140,47,10,-1
26002,140,47,10,-1
26003,140,47,10,-1
26004,140,47,10,-1
26005,140,47,10,-1
26006,140,47,10,-1
26007,140,47,10,-1
26008,140,47,10,-1
26009,140,47,10,-1
26010,140,47,10,-1
26011,140,47,10,-1
26012,139,47,10,-1
26013,140,47,10,-1
26014,140,47,10,-1
26015,140,47,10,-1
26016,140,47,10,-1
26017,140,47,10,-1
26018,140,47,10,-1
26019,140,47,10,-1
26020,140,47,10,-1
26021,140,47,10,-1
26022,139,47,10,-1
26023,140,47,10,-1
26024,140,47,10,-1
26025,140,47,10,-1
26026,140,47,10,-1
26027,140,47,10,-1
26028,140,47,10,-1
26029,140,47,10,-1
26030,140,47,10,-1
26031,140,47,10,-1
26032,140,47,10,-1
26033,140,47,10,-1
26034,140,47,10,-1
26035,140,47,10,-1
26036,140,47,10,-1
26037,140,47,10,-1
26038,140,47,10,-1
26039,139,47,10,-1
26040,140,47,10,-1
26041,140,47,10,-1
26042,140,47,10,-1
26043,140,47,10,-1
26044,140,47,10,-1
26045,140,47,10,-1
26046,140,47,10,-1
26047,140,47,10,-1
26048,140,47,10,-1
26049,140,47,10,-1
26050,140,47,10,-1
26051,140,47,10,-1
26052,140,47,10,-1
26053,140,47,10,-1
26054,140,47,10,-1
26055,140,47,10,-1
26056,140,47,10,-1
26057,140,47,10,-1
26058,140,47,10,-1
26059,140,47,10,-1
26060,140,47,10,-1
26061,140,47,10,-1
26062,140,47,10,-1
26063,140,47,10,-1
26064,140,47,10,-1
26065,140,47,10,-1
26066,140,47,10,-1
26067,140,47,10,-1
26068,140,47,10,-1
26069,140,47,10,-1
26070,140,47,10,-1
26071,140,47,10,-1
26072,140,47,10,-1
26073,140,47,10,-1
26074,140,47,10,-1
26075,140,47,10,-1
26076,140,47,10,-1
26077,140,47,10,-1
26078,140,47,10,-1
26079,140,47,10,-1
26080,140,47,10,-1
26081,140,47,10,-1
26082,140,47,10,-1
26083,140,47,10,-1
26084,140,47,10,-1
26085,140,47,10,-1
26086,140,47,10,-1
26087,140,47,10,-1
26088,140,47,10,-1
26089,140,47,10,-1
26090,140,47,10,-1
26091,140,47,10,-1
26092,140,47,10,-1
26093,140,47,10,-1
26094,140,47,10,-1
26095,140,47,10,-1
26096,140,47,10,-1
26097,140,47,10,-1
26098,140,47,10,-1
26099,140,47,10,-1
26100,140,47,10,-1
26101,140,47,10,-1
26102,140,47,10,-1
26103,140,47,10,-1
26104,139,47,10,-1
26105,140,47,10,-1
26106,140,47,10,-1
26107,140,47,10,-1
26108,140,47,10,-1
26109,140,47,10,-1
26110,140,47,10,-1
26111,140,47,10,-1
26112,140,47,10,-1
26113,140,47,10,-1
26114,140,47,10,-1
26115,140,47,10,-1
26116,140,47,10,-1
26117,140,47,10,-1
26118,140,47,10,-1
26119,140,47,10,-1
26120,140,47,10,-1
26121,140,47,10,-1
26122,140,47,10,-1
26123,140,47,10,-1
26124,140,47,10,-1
26125,140,47,10,1
26126,140,47,10,-1
26127,140,47,10,-1
26128,140,47,10,-1
26129,140,47,10,-1
26130,140,47,10,-1
26131,140,47,10,-1
26132,140,47,10,-1
26133,140,47,10,-1
26134,140,47,10,-1
26135,140,47,10,-1
26136,140,47,10,-1
26137,140,47,10,-1
26138,140,47,10,-1
26139,140,47,10,-1
26140,140,47,10,-1
26141,140,47,10,-1
26142,140,47,10,-1
26143,140,47,10,-1
26144,139,47,10,-1
26145,140,47,10,-1
26146,140,47,10,-1
26147,140,47,10,-1
26148,140,47,10,-1
26149,140,47,10,-1
26150,140,47,10,-1
26151,140,47,10,-1
26152,140,47,10,-1
26153,140,47,10,-1
26154,140,47,10,-1
26155,140,47,10,-1
26156,140,47,10,-1
26157,140,47,10,-1
26158,140,47,10,-1
26159,140,47,10,-1
26160,140,47,10,-1
26161,140,47,10,-1
26162,140,47,10,-1
26163,140,47,10,-1
26164,139,47,10,-1
26165,140,47,10,-1
26166,140,47,10,-1
26167,140,47,10,-1
26168,140,47,10,-1
26169,140,47,10,-1
26170,140,47,10,-1
26171,140,47,10,-1
26172,140,47,10,-1
26173,140,47,10,-1
26174,139,47,10,-1
26175,140,47,10,-1
26176,140,47,10,-1
26177,140,47,10,-1
26178,140,47,10,-1
26179,140,47,10,-1
26180,140,47,10,-1
26181,140,47,10,-1
26182,140,47,10,-1
26183,140,47,10,-1
26184,140,47,10,-1
26185,140,47,10,-1
26186,140,47,10,-1
26187,140,47,10,-1
26188,140,47,10,-1
26189,140,47,10,-1
26190,140,47,10,-1
26191,140,47,10,-1
26192,140,47,10,-1
26193,140,47,10,-1
26194,140,47,10,-1
26195,140,47,10,-1
26196,140,47,10,-1
26197,140,47,10,-1
26198,140,47,10,-1
26199,140,47,10,-1
26200,140,47,10,-1
26201,140,47,10,-1
26202,140,47,10,-1
26203,140,47,10,-1
26204,140,47,10,-1
26205,140,47,10,-1
26206,139,47,10,-1
26207,140,47,10,-1
26208,140,47,10,-1
26209,138,47,10,-1
26210,140,47,10,-1
26211,140,47,10,-1
26212,140,47,10,-1
26213,140,47,10,-1
26214,140,47,10,-1
26215,140,47,10,-1
26216,140,47,10,-1
26217,140,47,10,-1
26218,140,47,10,-1
26219,140,47,10,-1
26220,140,47,10,-1
26221,140,47,10,-1
26222,140,47,10,-1
26223,140,47,10,-1
26224,140,47,10,-1
26225,140,47,10,-1
26226,139,47,10,-1
26227,140,47,10,-1
26228,140,47,10,-1
26229,140,47,10,-1
26230,140,47,10,-1
26231,140,47,10,-1
26232,140,47,10,-1
26233,140,47,10,-1
26234,140,47,10,-1
26235,140,47,10,-1
26236,140,47,10,-1
26237,140,47,10,-1
26238,140,47,10,-1
26239,140,47,10,-1
26240,140,47,10,-1
26241,140,47,10,-1
26242,140,47,10,-1
26243,140,47,10,-1
26244,140,47,10,-1
26245,140,47,10,-1
26246,140,47,10,-1
26247,140,47,10,-1
26248,140,47,10,-1
26249,140,47,10,-1
26250,140,47,10,-1
26251,140,47,10,-1
26252,140,47,10,-1
26253,140,47,10,-1
26254,140,47,10,-1
26255,140,47,10,-1
26256,140,47,10,-1
26257,140,47,10,-1
26258,140,47,10,-1
26259,140,47,10,-1
26260,140,47,10,-1
26261,140,47,10,-1
26262,140,47,10,-1
26263,140,47,10,-1
26264,140,47,10,-1
26265,140,47,10,-1
26266,140,47,10,-1
26267,140,47,10,-1
26268,140,47,10,-1
26269,140,47,10,-1
26270,140,47,10,-1
26271,140,47,10,-1
26272,140,47,10,-1
26273,140,47,10,-1
26274,140,47,10,-1
26275,140,47,10,-1
26276,140,47,10,-1
26277,140,47,10,-1
26278,140,47,10,-1
26279,140,47,10,-1
26280,140,47,10,-1
26281,140,47,10,-1
26282,139,47,10,-1
26283,140,47,10,-1
26284,140,47,10,-1
26285,140,47,10,-1
26286,140,47,10,-1
26287,140,47,10,-1
26288,140,47,10,-1
26289,140,47,10,-1
26290,140,47,10,-1
26291,140,47,10,-1
26292,140,47,10,-1
26293,140,47,10,-1
26294,140,47,10,-1
26295,140,47,10,-1
26296,140,47,10,-1
26297,140,47,10,-1
26298,140,47,10,-1
26299,140,47,10,-1
26300,140,47,10,-1
26301,140,47,10,-1
26302,140,47,10,-1
26303,140,47,10,-1
26304,140,47,10,-1
26305,140,47,10,-1
26306,140,47,10,-1
26307,140,47,10,-1
26308,140,47,10,-1
26309,140,47,10,-1
26310,140,47,10,-1
26311,140,47,10,-1
26312,140,47,10,-1
26313,140,47,10,-1
26314,140,47,10,-1
26315,140,47,10,-1
26316,140,47,10,-1
26317,140,47,10,-1
26318,140,47,10,-1
26319,140,47,10,-1
26320,140,47,10,-1
26321,140,47,10,-1
26322,140,47,10,-1
26323,140,47,10,-1
26324,140,47,10,-1
26325,140,47,10,-1
26326,140,47,10,-1
26327,140,47,10,-1
26328,140,47,10,-1
26329,140,47,10,-1
26330,140,47,10,-1
26331,140,47,10,-1
26332,140,47,10,-1
26333,140,47,10,-1
26334,140,47,10,-1
26335,139,47,10,-1
26336,140,47,10,-1
26337,140,47,10,-1
26338,140,47,10,-1
26339,140,47,10,-1
26340,140,47,10,-1
26341,140,47,10,-1
26342,140,47,10,-1
26343,139,47,10,-1
26344,140,47,10,-1
26345,140,47,10,-1
26346,140,47,10,-1
26347,140,47,10,-1
26348,140,47,10,-1
26349,140,47,10,-1
26350,140,47,10,-1
26351,140,47,10,-1
26352,140,47,10,-1
26353,140,47,10,-1
26354,140,47,10,-1
26355,140,47,10,-1
26356,140,47,10,-1
26357,140,47,10,-1
26358,140,47,10,-1
26359,140,47,10,-1
26360,140,47,10,-1
26361,140,47,10,-1
26362,140,47,10,-1
26363,140,47,10,-1
26364,140,47,10,-1
26365,140,47,10,-1
26366,140,47,10,-1
26367,140,47,10,-1
26368,140,47,10,-1
26369,140,47,10,-1
26370,140,47,10,-1
26371,140,47,10,-1
26372,140,47,10,-1
26373,140,47,10,-1
26374,140,47,10,-1
26375,140,47,10,-1
26376,140,47,10,-1
26377,140,47,10,-1
26378,140,47,10,-1
26379,140,47,10,-1
26380,140,47,10,-1
26381,140,47,10,-1
26382,140,47,10,-1
26383,140,47,10,-1
26384,140,47,10,-1
26385,140,47,10,-1
26386,140,47,10,-1
26387,140,47,10,-1
26388,140,47,10,-1
26389,140,47,10,-1
26390,140,47,10,-1
26391,140,47,10,-1
26392,140,47,10,-1
26393,140,47,10,-1
26394,140,47,10,-1
26395,140,47,10,-1
26396,140,47,10,-1
26397,140,47,10,-1
26398,140,47,10,-1
26399,140,47,10,-1
26400,140,47,10,-1
26401,140,47,10,-1
26402,140,47,10,-1
26403,140,47,10,-1
26404,140,47,10,-1
26405,140,47,10,-1
26406,140,47,10,-1
26407,140,47,10,-1
26408,140,47,10,-1
26409,140,47,10,-1
26410,140,47,10,-1
26411,140,47,10,-1
26412,140,47,10,-1
26413,140,47,10,-1
26414,140,47,10,-1
26415,139,47,10,-1
26416,140,47,10,-1
26417,140,47,10,-1
26418,140,47,10,-1
26419,140,47,10,-1
26420,140,47,10,-1
26421,140,47,10,-1
26422,140,47,10,-1
26423,140,47,10,-1
26424,140,47,10,-1
26425,140,47,10,-1
26426,140,47,10,-1
26427,139,47,10,-1
26428,140,47,10,-1
26429,140,47,10,-1
26430,140,47,10,-1
26431,139,47,10,-1
26432,140,47,10,-1
26433,140,47,10,-1
26434,140,47,10,-1
26435,140,47,10,-1
26436,140,47,10,-1
26437,140,47,10,-1
26438,140,47,10,-1
26439,140,47,10,-1
26440,140,47,10,-1
26441,140,47,10,-1
26442,140,47,10,-1
26443,140,47,10,-1
26444,140,47,10,-1
26445,140,47,10,-1
26446,140,47,10,-1
26447,140,47,10,-1
26448,140,47,10,-1
26449,139,47,10,-1
26450,140,47,10,-1
26451,140,47,10,-1
26452,139,47,10,-1
26453,140,47,10,-1
26454,140,47,10,-1
26455,140,47,10,-1
26456,140,47,10,-1
26457,140,47,10,-1
26458,140,47,10,-1
26459,140,47,10,-1
26460,140,47,10,-1
26461,140,47,10,-1
26462,140,47,10,-1
26463,140,47,10,-1
26464,140,47,10,-1
26465,140,47,10,-1
26466,140,47,10,-1
26467,140,47,10,-1
26468,140,47,10,-1
26469,140,47,10,-1
26470,140,47,10,-1
26471,140,47,10,-1
26472,140,47,10,-1
26473,140,47,10,-1
26474,140,47,10,-1
26475,140,47,10,-1
26476,140,47,10,-1
26477,140,47,10,-1
26478,140,47,10,-1
26479,140,47,10,-1
26480,140,47,10,-1
26481,140,47,10,-1
26482,140,47,10,-1
26483,140,47,10,-1
26484,140,47,10,-1
26485,140,47,10,-1
26486,140,47,10,-1
26487,140,47,10,-1
26488,140,47,10,-1
26489,140,47,10,-1
26490,140,47,10,-1
26491,140,47,10,-1
26492,140,47,10,-1
26493,140,47,10,-1
26494,140,47,10,-1
26495,140,47,10,-1
26496,140,47,10,-1
26497,140,47,10,-1
26498,140,47,10,-1
26499,140,47,10,-1
26500,140,47,10,-1
26501,139,47,10,-1
26502,140,47,10,-1
26503,140,47,10,-1
26504,140,47,10,-1
26505,140,47,10,-1
26506,140,47,10,-1
26507,140,47,10,-1
26508,139,47,10,-1
26509,140,47,10,-1
26510,140,47,10,-1
26511,140,47,10,-1
26512,140,47,10,-1
26513,140,47,10,-1
26514,140,47,10,-1
26515,140,47,10,-1
26516,140,47,10,-1
26517,140,47,10,-1
26518,140,47,10,-1
26519,140,47,10,-1
26520,140,47,10,-1
26521,140,47,10,-1
26522,140,47,10,-1
26523,140,47,10,-1
26524,140,47,10,-1
26525,140,47,10,-1
26526,140,47,10,-1
26527,140,47,10,-1
26528,140,47,10,-1
26529,140,47,10,-1
26530,140,47,10,-1
26531,140,47,10,-1
26532,140,47,10,-1
26533,140,47,10,-1
26534,139,47,10,-1
26535,140,47,10,-1
26536,140,47,10,-1
26537,140,47,10,-1
26538,140,47,10,-1
26539,140,47,10,-1
26540,140,47,10,-1
26541,140,47,10,-1
26542,140,47,10,-1
26543,140,47,10,-1
26544,140,47,10,-1
26545,140,47,10,-1
26546,140,47,10,-1
26547,140,47,10,-1
26548,140,47,10,-1
26549,140,47,10,-1
26550,139,47,10,-1
26551,140,47,10,-1
26552,140,47,10,-1
26553,140,47,10,-1
26554,140,47,10,-1
26555,140,47,10,-1
26556,140,47,10,-1
26557,140,47,10,-1
26558,140,47,10,-1
26559,140,47,10,-1
26560,140,47,10,-1
26561,140,47,10,-1
26562,140,47,10,-1
26563,140,47,10,-1
26564,140,47,10,-1
26565,140,47,10,-1
26566,139,47,10,-1
26567,140,47,10,-1
26568,140,47,10,-1
26569,140,47,10,-1
26570,140,47,10,-1
26571,140,47,10,-1
26572,140,47,10,-1
26573,140,47,10,-1
26574,140,47,10,-1
26575,140,47,10,-1
26576,140,47,10,-1
26577,140,47,10,-1
26578,140,47,10,-1
26579,140,47,10,-1
26580,139,47,10,-1
26581,140,47,10,-1
26582,140,47,10,-1
26583,140,47,10,-1
26584,140,47,10,-1
26585,140,47,10,-1
26586,140,47,10,-1
26587,140,47,10,-1
26588,140,47,10,-1
26589,140,47,10,-1
26590,140,47,10,-1
26591,140,47,10,-1
26592,139,47,10,-1
26593,139,47,10,-1
26594,140,47,10,-1
26595,140,47,10,-1
26596,140,47,10,-1
26597,140,47,10,-1
26598,140,47,10,-1
26599,140,47,10,-1
26600,140,47,10,-1
26601,140,47,10,-1
26602,140,47,10,-1
26603,140,47,10,-1
26604,140,47,10,-1
26605,140,47,10,-1
26606,140,47,10,-1
26607,140,47,10,-1
26608,140,47,10,-1
26609,140,47,10,-1
26610,140,47,10,-1
26611,140,47,10,-1
26612,140,47,10,-1
26613,140,47,10,-1
26614,140,47,10,-1
26615,140,47,10,-1
26616,140,47,10,-1
26617,140,47,10,-1
26618,140,47,10,-1
26619,140,47,10,-1
26620,140,47,10,-1
26621,140,47,10,-1
26622,140,47,10,-1
26623,140,47,10,-1
26624,140,47,10,-1
26625,140,47,10,-1
26626,140,47,10,-1
26627,140,47,10,-1
26628,140,47,10,-1
26629,140,47,10,-1
26630,140,47,10,-1
26631,140,47,10,-1
26632,139,47,10,-1
26633,140,47,10,-1
26634,140,47,10,-1
26635,140,47,10,-1
26636,140,47,10,-1
26637,140,47,10,-1
26638,140,47,10,-1
26639,140,47,10,-1
26640,140,47,10,-1
26641,140,47,10,-1
26642,140,47,10,-1
26643,140,47,10,-1
26644,140,47,10,-1
26645,140,47,10,-1
26646,140,47,10,-1
26647,140,47,10,-1
26648,140,47,10,-1
26649,140,47,10,-1
26650,140,47,10,-1
26651,140,47,10,-1
26652,140,47,10,-1
26653,140,47,10,-1
26654,140,47,10,-1
26655,140,47,10,-1
26656,140,47,10,-1
26657,140,47,10,-1
26658,140,47,10,-1
26659,140,47,10,-1
26660,140,47,10,-1
26661,140,47,10,-1
26662,140,47,10,-1
26663,140,47,10,-1
26664,140,47,10,-1
26665,140,47,10,-1
26666,139,47,10,-1
26667,140,47,10,-1
26668,140,47,10,-1
26669,140,47,10,-1
26670,140,47,10,-1
26671,140,47,10,-1
26672,140,47,10,-1
26673,140,47,10,-1
26674,140,47,10,-1
26675,140,47,10,-1
26676,140,47,10,-1
26677,140,47,10,-1
26678,140,47,10,-1
26679,140,47,10,-1
26680,139,47,10,-1
26681,140,47,10,-1
26682,139,47,10,-1
26683,140,47,10,-1
26684,140,47,10,-1
26685,140,47,10,-1
26686,140,47,10,-1
26687,140,47,10,-1
26688,140,47,10,-1
26689,140,47,10,-1
26690,140,47,10,-1
26691,140,47,10,-1
26692,140,47,10,-1
26693,140,47,10,-1
26694,140,47,10,-1
26695,140,47,10,-1
26696,140,47,10,-1
26697,140,47,10,-1
26698,139,47,10,-1
26699,140,47,10,-1
26700,140,47,10,-1
26701,139,47,10,-1
26702,140,47,10,-1
26703,140,47,10,-1
26704,140,47,10,-1
26705,140,47,10,-1
26706,140,47,10,-1
26707,140,47,10,-1
26708,140,47,10,-1
26709,139,47,10,-1
26710,139,47,10,-1
26711,140,47,10,-1
26712,140,47,10,-1
26713,140,47,10,-1
26714,140,47,10,-1
26715,140,47,10,-1
26716,140,47,10,-1
26717,140,47,10,-1
26718,140,47,10,-1
26719,140,47,10,-1
26720,140,47,10,-1
26721,140,47,10,-1
26722,140,47,10,-1
26723,140,47,10,-1
26724,140,47,10,-1
26725,140,47,10,-1
26726,140,47,10,-1
26727,140,47,10,-1
26728,140,47,10,-1
26729,140,47,10,-1
26730,140,47,10,-1
26731,140,47,10,-1
26732,140,47,10,-1
26733,140,47,10,-1
26734,140,47,10,-1
26735,140,47,10,-1
26736,140,47,10,-1
26737,140,47,10,-1
26738,140,47,10,-1
26739,140,47,10,-1
26740,140,47,10,-1
26741,140,47,10,-1
26742,140,47,10,-1
26743,140,47,10,-1
26744,140,47,10,-1
26745,140,47,10,-1
26746,140,47,10,-1
26747,140,47,10,-1
26748,140,47,10,-1
26749,140,47,10,1
26750,140,47,10,-1
26751,140,47,10,-1
26752,140,47,10,-1
26753,140,47,10,-1
26754,140,47,10,-1
26755,140,47,10,-1
26756,140,47,10,-1
26757,140,47,10,-1
26758,140,47,10,-1
26759,140,47,10,-1
26760,140,47,10,-1
26761,140,47,10,-1
26762,140,47,10,-1
26763,140,47,10,-1
26764,140,47,10,-1
26765,140,47,10,-1
26766,140,47,10,-1
26767,140,47,10,-1
26768,140,47,10,-1
26769,140,47,10,-1
26770,140,47,10,-1
26771,140,47,10,-1
26772,140,47,10,-1
26773,140,47,10,-1
26774,140,47,10,-1
26775,140,47,10,-1
26776,140,47,10,-1
26777,140,47,10,-1
26778,140,47,10,-1
26779,140,47,10,-1
26780,140,47,10,-1
26781,140,47,10,-1
26782,140,47,10,-1
26783,140,47,10,-1
26784,140,47,10,-1
26785,140,47,10,-1
26786,140,47,10,-1
26787,140,47,10,-1
26788,140,47,10,-1
26789,140,47,10,-1
26790,140,47,10,-1
26791,140,47,10,-1
26792,140,47,10,-1
26793,139,47,10,-1
26794,140,47,10,-1
26795,140,47,10,-1
26796,140,47,10,-1
26797,140,47,10,-1
26798,140,47,10,-1
26799,140,47,10,-1
26800,140,47,10,-1
26801,140,47,10,-1
26802,140,47,10,-1
26803,140,47,10,-1
26804,140,47,10,-1
26805,140,47,10,-1
26806,140,47,10,-1
26807,140,47,10,-1
26808,140,47,10,-1
26809,140,47,10,-1
26810,140,47,10,-1
26811,140,47,10,-1
26812,140,47,10,-1
26813,140,47,10,-1
26814,140,47,10,-1
26815,140,47,10,-1
26816,140,47,10,-1
26817,140,47,10,-1
26818,140,47,10,-1
26819,140,47,10,-1
26820,139,47,10,-1
26821,140,47,10,-1
26822,140,47,10,-1
26823,140,47,10,-1
26824,140,47,10,-1
26825,140,47,10,-1
26826,140,47,10,-1
26827,140,47,10,-1
26828,140,47,10,-1
26829,140,47,10,-1
26830,140,47,10,-1
26831,140,47,10,-1
26832,140,47,10,-1
26833,140,47,10,-1
26834,140,47,10,-1
26835,140,47,10,-1
26836,140,47,10,-1
26837,140,47,10,-1
26838,140,47,10,-1
26839,140,47,10,-1
26840,140,47,10,-1
26841,140,47,10,-1
26842,140,47,10,-1
26843,140,47,10,-1
26844,140,47,10,-1
26845,140,47,10,-1
26846,140,47,10,-1
26847,140,47,10,-1
26848,140,47,10,-1
26849,140,47,10,-1
26850,139,47,10,-1
26851,140,47,10,-1
26852,139,47,10,-1
26853,140,47,10,-1
26854,140,47,10,-1
26855,140,47,10,-1
26856,140,47,10,-1
26857,140,47,10,-1
26858,140,47,10,-1
26859,140,47,10,-1
26860,140,47,10,-1
26861,139,47,10,-1
26862,139,47,10,-1
26863,140,47,10,-1
26864,140,47,10,-1
26865,140,47,10,-1
26866,140,47,10,-1
26867,140,47,10,-1
26868,140,47,10,-1
26869,140,47,10,-1
26870,140,47,10,-1
26871,140,47,10,-1
26872,140,47,10,-1
26873,140,47,10,-1
26874,140,47,10,-1
26875,140,47,10,-1
26876,140,47,10,-1
26877,140,47,10,-1
26878,140,47,10,-1
26879,140,47,10,-1
26880,140,47,10,-1
26881,140,47,10,-1
26882,140,47,10,-1
26883,140,47,10,-1
26884,140,47,10,-1
26885,140,47,10,-1
26886,140,47,10,-1
26887,140,47,10,-1
26888,140,47,10,-1
26889,140,47,10,-1
26890,140,47,10,-1
26891,140,47,10,-1
26892,140,47,10,-1
26893,140,47,10,-1
26894,140,47,10,-1
26895,140,47,10,-1
26896,140,47,10,-1
26897,140,47,10,-1
26898,140,47,10,-1
26899,140,47,10,-1
26900,140,47,10,-1
26901,140,47,10,-1
26902,140,47,10,-1
26903,140,47,10,-1
26904,140,47,10,-1
26905,140,47,10,-1
26906,140,47,10,-1
26907,140,47,10,-1
26908,140,47,10,-1
26909,140,47,10,-1
26910,140,47,10,-1
26911,140,47,10,-1
26912,140,47,10,-1
26913,140,47,10,-1
26914,140,47,10,-1
26915,140,47,10,-1
26916,140,47,10,-1
26917,140,47,10,-1
26918,140,47,10,-1
26919,140,47,10,-1
26920,140,47,10,-1
26921,140,47,10,-1
26922,139,47,10,-1
26923,140,47,10,-1
26924,140,47,10,-1
26925,140,47,10,-1
26926,140,47,10,-1
26927,140,46,10,-1
26928,140,47,10,-1
26929,140,47,10,-1
26930,140,47,10,-1
26931,140,47,10,-1
26932,140,47,10,-1
26933,140,47,10,-1
26934,140,47,10,-1
26935,140,47,10,-1
26936,140,47,10,-1
26937,140,47,10,-1
26938,140,47,10,-1
26939,140,47,10,-1
26940,140,47,10,-1
26941,140,47,10,-1
26942,140,47,10,-1
26943,140,47,10,-1
26944,140,47,10,-1
26945,140,47,10,-1
26946,140,47,10,-1
26947,140,47,10,-1
26948,140,47,10,-1
26949,140,47,10,-1
26950,140,47,10,-1
26951,140,47,10,-1
26952,140,47,10,-1
26953,140,47,10,-1
26954,140,47,10,-1
26955,140,47,10,-1
26956,140,47,10,-1
26957,140,47,10,-1
26958,140,47,10,-1
26959,140,47,10,-1
26960,140,47,10,-1
26961,140,47,10,-1
26962,140,47,10,-1
26963,140,47,10,-1
26964,140,47,10,-1
26965,140,47,10,-1
26966,140,47,10,-1
26967,140,47,10,-1
26968,140,47,10,-1
26969,140,47,10,-1
26970,140,47,10,-1
26971,140,47,10,-1
26972,140,47,10,-1
26973,140,47,10,-1
26974,140,47,10,-1
26975,140,47,10,-1
26976,140,47,10,-1
26977,140,47,10,-1
26978,140,47,10,-1
26979,140,47,10,-1
26980,140,47,10,-1
26981,140,47,10,-1
26982,140,47,10,-1
26983,140,47,10,-1
26984,140,47,10,-1
26985,140,47,10,-1
26986,140,47,10,-1
26987,140,47,10,-1
26988,140,47,10,-1
26989,140,47,10,-1
26990,140,47,10,-1
26991,140,47,10,-1
26992,140,47,10,-1
26993,140,47,10,-1
26994,140,47,10,-1
26995,140,47,10,-1
26996,140,47,10,-1
26997,140,47,10,-1
26998,140,47,10,-1
26999,140,47,10,-1
27000,140,47,10,-1
27001,140,47,10,-1
27002,140,47,10,-1
27003,140,47,10,-1
27004,140,47,10,-1
27005,140,47,10,-1
27006,140,47,10,-1
27007,139,47,10,-1
27008,140,47,10,-1
27009,140,47,10,-1
27010,140,47,10,-1
27011,140,47,10,-1
27012,140,47,10,-1
27013,140,47,10,-1
27014,140,47,10,-1
27015,140,47,10,-1
27016,140,47,10,-1
27017,140,47,10,-1
27018,140,47,10,-1
27019,140,47,10,-1
27020,140,47,10,-1
27021,140,47,10,-1
27022,140,47,10,-1
27023,140,47,10,-1
27024,140,47,10,-1
27025,140,47,10,-1
27026,140,47,10,-1
27027,140,47,10,-1
27028,140,47,10,-1
27029,140,47,10,-1
27030,140,47,10,-1
27031,140,47,10,-1
27032,140,47,10,-1
27033,140,47,10,-1
27034,140,47,10,-1
27035,140,47,10,-1
27036,140,47,10,-1
27037,139,47,10,-1
27038,140,47,10,-1
27039,140,47,10,-1
27040,140,47,10,-1
27041,140,47,10,-1
27042,140,47,10,-1
27043,139,47,10,-1
27044,140,47,10,-1
27045,140,47,10,-1
27046,140,47,10,-1
27047,140,47,10,-1
27048,140,47,10,-1
27049,139,47,10,-1
27050,140,47,10,-1
27051,140,47,10,-1
27052,140,47,10,-1
27053,140,47,10,-1
27054,140,47,10,-1
27055,140,47,10,-1
27056,140,47,10,-1
27057,140,47,10,-1
27058,140,47,10,-1
27059,140,47,10,-1
27060,140,47,10,-1
27061,140,47,10,-1
27062,140,47,10,-1
27063,140,47,10,-1
27064,140,47,10,-1
27065,140,47,10,-1
27066,140,47,10,-1
27067,140,47,10,-1
27068,140,47,10,-1
27069,140,47,10,-1
27070,140,47,10,-1
27071,140,47,10,-1
27072,140,47,10,-1
27073,140,47,10,-1
27074,140,47,10,-1
27075,140,47,10,-1
27076,140,47,10,-1
27077,140,47,10,-1
27078,140,47,10,-1
27079,140,47,10,-1
27080,140,47,10,-1
27081,140,47,10,-1
27082,140,47,10,-1
27083,140,47,10,-1
27084,140,47,10,-1
27085,140,47,10,-1
27086,140,47,10,-1
27087,140,47,10,-1
27088,140,47,10,-1
27089,140,47,10,-1
27090,140,47,10,-1
27091,140,47,10,-1
27092,140,47,10,-1
27093,140,47,10,-1
27094,140,47,10,-1
27095,140,47,10,-1
27096,140,47,10,-1
27097,140,47,10,-1
27098,140,47,10,-1
27099,140,47,10,-1
27100,140,47,10,-1
27101,140,47,10,-1
27102,140,47,10,-1
27103,140,47,10,-1
27104,140,47,10,-1
27105,140,47,10,-1
27106,140,47,10,-1
27107,140,47,10,-1
27108,140,47,10,-1
27109,140,47,10,-1
27110,140,47,10,-1
27111,140,47,10,-1
27112,140,47,10,-1
27113,140,47,10,-1
27114,140,47,10,-1
27115,140,47,10,-1
27116,140,47,10,-1
27117,140,47,10,-1
27118,140,47,10,-1
27119,140,47,10,-1
27120,140,47,10,-1
27121,140,47,10,-1
27122,140,47,10,-1
27123,140,47,10,-1
27124,140,47,10,-1
27125,140,47,10,-1
27126,140,47,10,-1
27127,140,47,10,-1
27128,140,47,10,-1
27129,140,47,10,-1
27130,140,47,10,-1
27131,140,47,10,-1
27132,140,47,10,-1
27133,140,47,10,-1
27134,140,47,10,-1
27135,139,47,10,-1
27136,140,47,10,-1
27137,140,47,10,-1
27138,140,47,10,-1
27139,140,47,10,-1
27140,140,47,10,-1
27141,140,47,10,-1
27142,140,47,10,-1
27143,140,47,10,-1
27144,140,47,10,-1
27145,138,47,10,-1
27146,140,47,10,-1
27147,140,47,10,-1
27148,140,47,10,-1
27149,139,47,10,-1
27150,140,47,10,-1
27151,140,47,10,-1
27152,140,47,10,-1
27153,140,47,10,-1
27154,140,47,10,-1
27155,140,47,10,-1
27156,140,47,10,-1
27157,140,47,10,-1
27158,140,47,10,-1
27159,140,47,10,-1
27160,140,47,10,-1
27161,140,47,10,-1
27162,140,47,10,-1
27163,140,47,10,-1
27164,140,47,10,-1
27165,140,47,10,-1
27166,140,47,10,-1
27167,140,47,10,-1
27168,140,47,10,-1
27169,140,47,10,-1
27170,140,47,10,-1
27171,140,47,10,-1
27172,140,47,10,-1
27173,140,47,10,-1
27174,140,47,10,-1
27175,140,47,10,-1
27176,140,47,10,-1
27177,140,47,10,-1
27178,140,47,10,-1
27179,140,47,10,-1
27180,140,47,10,-1
27181,140,47,10,-1
27182,140,47,10,-1
27183,140,47,10,-1
27184,140,47,10,-1
27185,140,47,10,-1
27186,140,47,10,-1
27187,140,47,10,-1
27188,140,47,10,-1
27189,140,47,10,-1
27190,140,47,10,-1
27191,140,47,10,-1
27192,140,47,10,-1
27193,140,47,10,-1
27194,140,47,10,-1
27195,140,47,10,-1
27196,139,47,10,-1
27197,139,47,10,-1
27198,140,47,10,-1
27199,140,47,10,-1
27200,140,47,10,-1
27201,140,47,10,-1
27202,139,47,10,-1
27203,140,47,10,-1
27204,140,47,10,-1
27205,140,47,10,-1
27206,140,47,10,-1
27207,140,47,10,-1
27208,140,47,10,-1
27209,140,47,10,-1
27210,140,47,10,-1
27211,140,47,10,-1
27212,140,47,10,-1
27213,140,47,10,-1
27214,140,47,10,-1
27215,140,47,10,-1
27216,140,47,10,-1
27217,140,47,10,-1
27218,140,47,10,-1
27219,140,47,10,-1
27220,140,47,10,-1
27221,140,47,10,-1
27222,140,47,10,-1
27223,140,47,10,-1
27224,140,47,10,-1
27225,140,47,10,-1
27226,140,47,10,-1
27227,139,47,10,-1
27228,140,47,10,-1
27229,140,47,10,-1
27230,140,47,10,-1
27231,140,47,10,-1
27232,140,47,10,-1
27233,140,47,10,-1
27234,139,47,10,-1
27235,140,47,10,-1
27236,140,47,10,-1
27237,140,47,10,-1
27238,139,47,10,-1
27239,140,47,10,-1
27240,140,47,10,-1
27241,140,47,10,-1
27242,140,47,10,-1
27243,140,47,10,-1
27244,140,47,10,-1
27245,140,47,10,-1
27246,140,47,10,-1
27247,140,47,10,-1
27248,140,47,10,-1
27249,140,47,10,-1
27250,140,47,10,-1
27251,140,47,10,-1
27252,140,47,10,-1
27253,140,47,10,-1
27254,140,47,10,-1
27255,140,47,10,-1
27256,139,47,10,-1
27257,140,47,10,-1
27258,140,47,10,-1
27259,140,47,10,-1
27260,140,47,10,-1
27261,140,47,10,-1
27262,140,47,10,-1
27263,140,47,10,-1
27264,140,47,10,-1
27265,140,47,10,-1
27266,140,47,10,-1
27267,140,47,10,-1
27268,140,47,10,-1
27269,140,47,10,-1
27270,140,47,10,-1
27271,140,47,10,-1
27272,140,47,10,-1
27273,140,47,10,-1
27274,140,47,10,-1
27275,140,47,10,-1
27276,140,47,10,-1
27277,140,47,10,-1
27278,140,47,10,-1
27279,140,47,10,-1
27280,140,47,10,-1
27281,140,47,10,-1
27282,140,47,10,-1
27283,140,47,10,-1
27284,140,47,10,-1
27285,140,47,10,-1
27286,140,47,10,-1
27287,140,47,10,-1
27288,140,47,10,-1
27289,140,47,10,-1
27290,140,47,10,-1
27291,140,47,10,-1
27292,140,47,10,-1
27293,139,47,10,-1
27294,140,47,10,-1
27295,140,47,10,-1
27296,140,47,10,-1
27297,140,47,10,-1
27298,139,47,10,-1
27299,140,47,10,-1
27300,140,47,10,-1
27301,140,47,10,-1
27302,140,47,10,-1
27303,140,47,10,-1
27304,140,47,10,-1
27305,140,47,10,-1
27306,140,47,10,-1
27307,140,47,10,-1
27308,140,47,10,-1
27309,140,47,10,-1
27310,140,47,10,-1
27311,140,47,10,-1
27312,140,47,10,-1
27313,140,47,10,-1
27314,140,47,10,-1
27315,140,47,10,-1
27316,140,47,10,-1
27317,140,47,10,-1
27318,140,47,10,-1
27319,140,47,10,-1
27320,140,47,10,-1
27321,140,47,10,-1
27322,139,47,10,-1
27323,139,47,10,-1
27324,140,47,10,-1
27325,140,47,10,-1
27326,140,47,10,-1
27327,140,47,10,-1
27328,140,47,10,-1
27329,140,47,10,-1
27330,140,47,10,-1
27331,140,47,10,-1
27332,140,47,10,-1
27333,140,47,10,-1
27334,140,47,10,-1
27335,140,47,10,-1
27336,140,47,10,-1
27337,140,47,10,-1
27338,140,47,10,-1
27339,139,47,10,-1
27340,140,47,10,-1
27341,140,47,10,-1
27342,140,47,10,-1
27343,140,47,10,-1
27344,140,47,10,-1
27345,140,47,10,-1
27346,140,47,10,-1
27347,140,47,10,-1
27348,140,47,10,-1
27349,140,47,10,-1
27350,140,47,10,-1
27351,140,47,10,-1
27352,140,47,10,-1
27353,140,47,10,-1
27354,140,47,10,-1
27355,140,47,10,-1
27356,140,47,10,-1
27357,140,47,10,-1
27358,140,47,10,-1
27359,140,47,10,-1
27360,140,47,10,-1
27361,140,47,10,-1
27362,140,47,10,-1
27363,140,47,10,-1
27364,140,47,10,-1
27365,140,47,10,-1
27366,140,47,10,-1
27367,140,47,10,-1
27368,140,47,10,-1
27369,140,47,10,-1
27370,140,47,10,-1
27371,140,47,10,-1
27372,140,47,10,-1
27373,140,47,10,1
27374,140,47,10,-1
27375,140,47,10,-1
27376,140,47,10,-1
27377,140,47,10,-1
27378,140,47,10,-1
27379,140,47,10,-1
27380,140,47,10,-1
27381,140,47,10,-1
27382,140,47,10,-1
27383,140,47,10,-1
27384,140,47,10,-1
27385,140,47,10,-1
27386,140,47,10,-1
27387,139,47,10,-1
27388,140,47,10,-1
27389,140,47,10,-1
27390,140,47,10,-1
27391,140,47,10,-1
27392,140,47,10,-1
27393,140,47,10,-1
27394,140,47,10,-1
27395,140,47,10,-1
27396,140,47,10,-1
27397,140,47,10,-1
27398,140,47,10,-1
27399,140,47,10,-1
27400,140,47,10,-1
27401,140,47,10,-1
27402,140,47,10,-1
27403,140,47,10,-1
27404,140,47,10,-1
27405,140,47,10,-1
27406,140,47,10,-1
27407,140,47,10,-1
27408,140,47,10,-1
27409,140,47,10,-1
27410,140,47,10,-1
27411,140,47,10,-1
27412,140,47,10,-1
27413,140,47,10,-1
27414,140,47,10,-1
27415,140,47,10,-1
27416,140,47,10,-1
27417,140,47,10,-1
27418,140,47,10,-1
27419,140,47,10,-1
27420,140,47,10,-1
27421,140,47,10,-1
27422,140,47,10,-1
27423,140,47,10,-1
27424,140,47,10,-1
27425,140,47,10,-1
27426,139,47,10,-1
27427,140,47,10,-1
27428,140,47,10,-1
27429,140,47,10,-1
27430,139,47,10,-1
27431,140,47,10,-1
27432,140,47,10,-1
27433,140,47,10,-1
27434,140,47,10,-1
27435,140,47,10,-1
27436,140,47,10,-1
27437,140,47,10,-1
27438,140,47,10,-1
27439,140,47,10,-1
27440,140,47,10,-1
27441,140,47,10,-1
27442,140,47,10,-1
27443,140,47,10,-1
27444,140,47,10,-1
27445,140,47,10,-1
27446,140,47,10,-1
27447,140,47,10,-1
27448,140,47,10,-1
27449,140,47,10,-1
27450,140,47,10,-1
27451,140,47,10,-1
27452,140,47,10,-1
27453,140,47,10,-1
27454,139,47,10,-1
27455,140,47,10,-1
27456,140,47,10,-1
27457,140,47,10,-1
27458,140,47,10,-1
27459,140,47,10,-1
27460,140,47,10,-1
27461,140,47,10,-1
27462,140,47,10,-1
27463,140,47,10,-1
27464,140,47,10,-1
27465,140,47,10,-1
27466,140,47,10,-1
27467,140,47,10,-1
27468,140,47,10,-1
27469,140,47,10,-1
27470,140,47,10,-1
27471,140,47,10,-1
27472,140,47,10,-1
27473,140,47,10,-1
27474,140,47,10,-1
27475,140,47,10,-1
27476,140,47,10,-1
27477,140,47,10,-1
27478,140,47,10,-1
27479,140,47,10,-1
27480,140,47,10,-1
27481,140,47,10,-1
27482,140,47,10,-1
27483,140,47,10,-1
27484,140,47,10,-1
27485,140,47,10,-1
27486,140,47,10,-1
27487,140,47,10,-1
27488,140,47,10,-1
27489,140,47,10,-1
27490,140,47,10,-1
27491,140,47,10,-1
27492,139,47,10,-1
27493,140,47,10,-1
27494,140,47,10,-1
27495,140,47,10,-1
27496,140,47,10,-1
27497,140,47,10,-1
27498,140,47,10,-1
27499,140,47,10,-1
27500,140,47,10,-1
27501,140,47,10,-1
27502,140,47,10,-1
27503,140,47,10,-1
27504,140,47,10,-1
27505,140,47,10,-1
27506,140,47,10,-1
27507,140,47,10,-1
27508,140,47,10,-1
27509,140,47,10,-1
27510,140,47,10,-1
27511,140,47,10,-1
27512,140,47,10,-1
27513,140,47,10,-1
27514,140,47,10,-1
27515,140,47,10,-1
27516,140,47,10,-1
27517,140,47,10,-1
27518,140,47,10,-1
27519,140,47,10,-1
27520,140,47,10,-1
27521,140,47,10,-1
27522,140,47,10,-1
27523,140,47,10,-1
27524,140,47,10,-1
27525,140,47,10,-1
27526,140,47,10,-1
27527,140,47,10,-1
27528,140,47,10,-1
27529,140,47,10,-1
27530,140,47,10,-1
27531,140,47,10,-1
27532,140,47,9,-1
27533,139,47,10,-1
27534,140,47,10,-1
27535,140,47,10,-1
27536,140,47,10,-1
27537,140,47,10,-1
27538,140,47,10,-1
27539,140,47,10,-1
27540,139,47,10,-1
27541,140,47,10,-1
27542,140,47,10,-1
27543,140,47,10,-1
27544,140,47,10,-1
27545,140,47,10,-1
27546,140,47,10,-1
27547,140,47,10,-1
27548,140,47,10,-1
27549,140,47,10,-1
27550,140,47,10,-1
27551,140,47,10,-1
27552,140,47,10,-1
27553,140,47,10,-1
27554,140,47,10,-1
27555,140,47,10,-1
27556,140,47,10,-1
27557,140,47,10,-1
27558,140,47,10,-1
27559,140,47,10,-1
27560,140,47,10,-1
27561,140,47,10,-1
27562,140,47,10,-1
27563,140,47,10,-1
27564,140,47,10,-1
27565,140,47,10,-1
27566,140,47,10,-1
27567,140,47,10,-1
27568,140,47,10,-1
27569,140,47,10,-1
27570,140,47,10,-1
27571,140,47,10,-1
27572,140,47,10,-1
27573,140,47,10,-1
27574,140,47,10,-1
27575,140,47,10,-1
27576,140,47,10,-1
27577,140,47,10,-1
27578,140,47,10,-1
27579,140,47,10,-1
27580,140,47,10,-1
27581,140,47,10,-1
27582,140,47,10,-1
27583,140,47,10,-1
27584,140,47,10,-1
27585,140,47,10,-1
27586,140,47,10,-1
27587,140,47,10,-1
27588,140,47,10,-1
27589,140,46,10,-1
27590,140,47,10,-1
27591,140,47,10,-1
27592,140,47,10,-1
27593,140,47,10,-1
27594,140,47,10,-1
27595,140,47,10,-1
27596,140,47,10,-1
27597,140,47,10,-1
27598,140,47,10,-1
27599,140,47,10,-1
27600,140,47,10,-1
27601,140,47,10,-1
27602,140,47,10,-1
27603,140,47,10,-1
27604,140,47,10,-1
27605,140,47,10,-1
27606,140,47,10,-1
27607,140,47,10,-1
27608,140,47,10,-1
27609,140,47,10,-1
27610,140,47,10,-1
27611,140,47,10,-1
27612,140,47,10,-1
27613,140,47,10,-1
27614,140,47,10,-1
27615,139,47,10,-1
27616,140,47,10,-1
27617,140,47,10,-1
27618,140,47,10,-1
27619,140,47,10,-1
27620,140,47,10,-1
27621,140,47,10,-1
27622,140,47,10,-1
27623,140,47,10,-1
27624,139,47,10,-1
27625,140,47,10,-1
27626,140,47,10,-1
27627,140,47,10,-1
27628,140,47,10,-1
27629,140,47,10,-1
27630,140,47,10,-1
27631,140,47,10,-1
27632,140,47,10,-1
27633,140,47,10,-1
27634,140,47,10,-1
27635,140,47,10,-1
27636,140,47,10,-1
27637,140,47,10,-1
27638,140,47,10,-1
27639,140,47,10,-1
27640,139,47,10,-1
27641,140,47,10,-1
27642,140,47,10,-1
27643,140,47,10,-1
27644,140,47,10,-1
27645,140,47,10,-1
27646,140,47,10,-1
27647,140,47,10,-1
27648,140,47,10,-1
27649,140,47,10,-1
27650,139,47,10,-1
27651,140,47,10,-1
27652,140,47,10,-1
27653,140,47,10,-1
27654,140,47,10,-1
27655,140,47,10,-1
27656,140,47,10,-1
27657,140,47,10,-1
27658,140,47,10,-1
27659,140,47,10,-1
27660,140,47,10,-1
27661,140,47,10,-1
27662,140,47,10,-1
27663,140,47,10,-1
27664,140,47,10,-1
27665,140,47,10,-1
27666,140,47,10,-1
27667,140,47,10,-1
27668,140,47,10,-1
27669,140,47,10,-1
27670,140,47,10,-1
27671,140,47,10,-1
27672,140,47,10,-1
27673,140,47,10,-1
27674,140,47,10,-1
27675,140,47,10,-1
27676,140,47,10,-1
27677,140,47,10,-1
27678,140,47,10,-1
27679,140,47,10,-1
27680,140,47,10,-1
27681,140,47,10,-1
27682,140,47,10,-1
27683,140,47,10,-1
27684,140,47,10,-1
27685,140,47,10,-1
27686,139,47,10,-1
27687,140,47,10,-1
27688,140,47,10,-1
27689,140,47,10,-1
27690,140,47,10,-1
27691,140,47,10,-1
27692,140,47,10,-1
27693,140,47,10,-1
27694,140,47,10,-1
27695,140,47,10,-1
27696,140,47,10,-1
27697,140,47,10,-1
27698,140,47,10,-1
27699,140,46,10,-1
27700,140,47,10,-1
27701,140,47,10,-1
27702,140,47,10,-1
27703,140,47,10,-1
27704,140,47,10,-1
27705,140,47,10,-1
27706,140,47,10,-1
27707,140,47,10,-1
27708,140,47,10,-1
27709,140,47,10,-1
27710,140,47,10,-1
27711,140,47,10,-1
27712,140,47,10,-1
27713,140,47,10,-1
27714,140,47,10,-1
27715,140,47,10,-1
27716,140,47,10,-1
27717,140,47,10,-1
27718,140,47,10,-1
27719,140,47,10,-1
27720,140,47,10,-1
27721,140,47,10,-1
27722,140,47,10,-1
27723,140,47,10,-1
27724,140,47,10,-1
27725,140,47,10,-1
27726,140,47,10,-1
27727,140,47,10,-1
27728,140,47,10,-1
27729,140,47,10,-1
27730,140,47,10,-1
27731,140,47,10,-1
27732,140,47,10,-1
27733,140,47,10,-1
27734,140,47,10,-1
27735,140,47,10,-1
27736,140,47,10,-1
27737,140,47,10,-1
27738,140,47,10,-1
27739,140,47,10,-1
27740,139,47,10,-1
27741,140,47,10,-1
27742,140,47,10,-1
27743,140,47,10,-1
27744,140,47,10,-1
27745,140,47,10,-1
27746,140,47,10,-1
27747,140,47,10,-1
27748,140,47,10,-1
27749,140,47,10,-1
27750,140,47,10,-1
27751,140,47,10,-1
27752,140,47,10,-1
27753,140,47,10,-1
27754,140,47,10,-1
27755,140,47,10,-1
27756,140,47,10,-1
27757,140,47,10,-1
27758,140,47,10,-1
27759,139,47,10,-1
27760,140,47,10,-1
27761,140,47,10,-1
27762,140,47,10,-1
27763,140,47,10,-1
27764,140,47,10,-1
27765,140,47,10,-1
27766,140,47,10,-1
27767,140,47,10,-1
27768,140,47,10,-1
27769,140,47,10,-1
27770,140,47,10,-1
27771,140,47,10,-1
27772,140,47,10,-1
27773,140,47,10,-1
27774,140,47,10,-1
27775,140,47,10,-1
27776,140,47,10,-1
27777,140,47,10,-1
27778,140,47,10,-1
27779,140,47,10,-1
27780,140,47,10,-1
27781,140,47,10,-1
27782,140,47,10,-1
27783,140,47,10,-1
27784,140,47,10,-1
27785,140,47,10,-1
27786,140,47,10,-1
27787,140,47,10,-1
27788,140,47,10,-1
27789,140,47,10,-1
27790,140,47,10,-1
27791,140,47,10,-1
27792,140,47,10,-1
27793,140,47,10,-1
27794,140,47,10,-1
27795,140,47,10,-1
27796,140,47,10,-1
27797,140,47,10,-1
27798,140,47,10,-1
27799,140,47,10,-1
27800,140,47,10,-1
27801,140,47,10,-1
27802,140,47,10,-1
27803,140,47,10,-1
27804,140,47,10,-1
27805,140,47,10,-1
27806,140,47,10,-1
27807,140,47,10,-1
27808,140,47,10,-1
27809,140,47,10,-1
27810,140,47,10,-1
27811,140,47,10,-1
27812,140,47,10,-1
27813,140,47,10,-1
27814,139,47,10,-1
27815,140,47,10,-1
27816,140,47,10,-1
27817,140,47,10,-1
27818,140,47,10,-1
27819,140,47,10,-1
27820,140,47,10,-1
27821,140,47,10,-1
27822,140,47,10,-1
27823,140,47,10,-1
27824,140,47,10,-1
27825,140,47,10,-1
27826,140,47,10,-1
27827,140,47,10,-1
27828,139,47,10,-1
27829,140,47,10,-1
27830,140,47,10,-1
27831,140,47,10,-1
27832,140,47,10,-1
27833,140,47,10,-1
27834,140,47,10,-1
27835,140,47,10,-1
27836,140,47,10,-1
27837,140,47,10,-1
27838,140,47,10,-1
27839,140,47,10,-1
27840,140,47,10,-1
27841,140,47,10,-1
27842,139,47,10,-1
27843,140,47,10,-1
27844,140,47,10,-1
27845,140,47,10,-1
27846,140,47,10,-1
27847,140,47,10,-1
27848,140,47,10,-1
27849,140,47,10,-1
27850,140,47,10,-1
27851,140,47,10,-1
27852,140,47,10,-1
27853,140,47,10,-1
27854,140,47,10,-1
27855,140,47,10,-1
27856,140,47,10,-1
27857,140,47,10,-1
27858,140,47,10,-1
27859,140,47,10,-1
27860,140,47,10,-1
27861,140,47,10,-1
27862,140,47,10,-1
27863,140,47,10,-1
27864,140,47,10,-1
27865,140,47,10,-1
27866,140,47,10,-1
27867,140,47,10,-1
27868,140,47,9,-1
27869,140,47,10,-1
27870,140,47,10,-1
27871,140,47,10,-1
27872,140,47,10,-1
27873,140,47,10,-1
27874,140,47,10,-1
27875,140,47,10,-1
27876,140,47,10,-1
27877,140,47,10,-1
27878,140,47,10,-1
27879,140,47,10,-1
27880,140,47,10,-1
27881,140,47,10,-1
27882,140,47,10,-1
27883,140,47,10,-1
27884,140,47,10,-1
27885,140,47,10,-1
27886,140,47,10,-1
27887,140,47,10,-1
27888,140,47,10,-1
27889,140,47,10,-1
27890,140,47,10,-1
27891,140,47,10,-1
27892,140,47,10,-1
27893,140,47,10,-1
27894,140,47,10,-1
27895,140,47,10,-1
27896,140,47,10,-1
27897,140,47,10,-1
27898,140,47,10,-1
27899,140,47,10,-1
27900,140,47,10,-1
27901,139,47,10,-1
27902,140,47,10,-1
27903,140,47,10,-1
27904,140,47,10,-1
27905,140,47,10,-1
27906,140,47,10,-1
27907,140,47,10,-1
27908,140,47,10,-1
27909,140,47,10,-1
27910,139,47,10,-1
27911,140,47,10,-1
27912,140,47,10,-1
27913,140,47,10,-1
27914,140,47,10,-1
27915,140,47,10,-1
27916,140,47,10,-1
27917,140,47,10,-1
27918,140,47,10,-1
27919,140,47,10,-1
27920,140,47,10,-1
27921,140,47,10,-1
27922,140,47,10,-1
27923,140,47,10,-1
27924,140,47,10,-1
27925,140,47,10,-1
27926,140,47,10,-1
27927,140,47,10,-1
27928,140,47,10,-1
27929,140,47,10,-1
27930,140,47,10,-1
27931,140,47,10,-1
27932,140,47,10,-1
27933,140,47,10,-1
27934,140,47,10,-1
27935,140,47,10,-1
27936,140,47,10,-1
27937,140,47,10,-1
27938,140,47,10,-1
27939,140,47,10,-1
27940,140,47,10,-1
27941,140,47,10,-1
27942,140,47,10,-1
27943,140,47,10,-1
27944,140,47,10,-1
27945,140,47,10,-1
27946,140,47,10,-1
27947,140,47,10,-1
27948,140,47,10,-1
27949,140,47,10,-1
27950,140,47,10,-1
27951,140,47,10,-1
27952,140,47,10,-1
27953,140,47,10,-1
27954,140,47,10,-1
27955,140,47,10,-1
27956,140,47,10,-1
27957,140,47,10,-1
27958,140,47,10,-1
27959,140,47,10,-1
27960,140,47,10,-1
27961,140,47,10,-1
27962,140,47,10,-1
27963,140,47,10,-1
27964,140,47,10,-1
27965,140,47,10,-1
27966,140,47,10,-1
27967,140,47,10,-1
27968,140,47,10,-1
27969,140,47,10,-1
27970,140,47,10,-1
27971,140,47,10,-1
27972,140,47,10,-1
27973,140,47,10,-1
27974,140,47,10,-1
27975,140,47,10,-1
27976,140,47,10,-1
27977,140,47,10,-1
27978,140,47,10,-1
27979,140,47,10,-1
27980,140,47,10,-1
27981,140,47,10,-1
27982,140,47,10,-1
27983,140,47,10,-1
27984,140,47,10,-1
27985,140,47,10,-1
27986,140,47,10,-1
27987,140,47,10,-1
27988,140,47,10,-1
27989,140,47,10,-1
27990,140,47,10,-1
27991,140,47,10,-1
27992,140,47,10,-1
27993,140,47,10,-1
27994,140,47,10,-1
27995,140,47,10,-1
27996,140,47,10,-1
27997,140,47,10,1
27998,140,47,10,-1
27999,140,47,10,-1
28000,140,47,10,-1
28001,140,47,10,-1
28002,140,47,10,-1
28003,139,47,10,-1
28004,140,47,10,-1
28005,140,47,10,-1
28006,140,47,10,-1
28007,140,47,10,-1
28008,140,47,10,-1
28009,140,47,10,-1
28010,140,47,10,-1
28011,140,47,10,-1
28012,140,47,10,-1
28013,140,47,10,-1
28014,140,47,10,-1
28015,140,47,10,-1
28016,140,47,10,-1
28017,140,47,10,-1
28018,140,47,10,-1
28019,140,47,10,-1
28020,140,47,10,-1
28021,140,47,10,-1
28022,140,47,10,-1
28023,140,47,10,-1
28024,140,47,10,-1
28025,140,47,10,-1
28026,140,47,10,-1
28027,140,47,10,-1
28028,140,47,10,-1
28029,140,47,10,-1
28030,140,47,10,-1
28031,140,47,10,-1
28032,140,47,10,-1
28033,140,47,10,-1
28034,140,47,10,-1
28035,140,47,10,-1
28036,140,47,10,-1
28037,140,47,10,-1
28038,140,47,10,-1
28039,140,47,10,-1
28040,140,47,10,-1
28041,140,47,10,-1
28042,140,47,10,-1
28043,140,47,10,-1
28044,140,47,10,-1
28045,140,47,10,-1
28046,140,47,10,-1
28047,140,47,10,-1
28048,140,47,10,-1
28049,140,47,10,-1
28050,140,47,10,-1
28051,140,47,10,-1
28052,140,47,10,-1
28053,140,47,10,-1
28054,140,47,10,-1
28055,140,47,10,-1
28056,140,47,10,-1
28057,140,47,10,-1
28058,140,47,10,-1
28059,140,47,10,-1
28060,140,47,10,-1
28061,140,47,10,-1
28062,140,47,10,-1
28063,140,47,10,-1
28064,140,47,10,-1
28065,140,47,10,-1
28066,140,47,10,-1
28067,140,47,10,-1
28068,140,47,10,-1
28069,140,47,10,-1
28070,140,47,10,-1
28071,140,47,10,-1
28072,140,47,10,-1
28073,140,47,10,-1
28074,140,47,10,-1
28075,140,47,10,-1
28076,140,47,10,-1
28077,140,47,10,-1
28078,140,47,10,-1
28079,140,47,10,-1
