coefficient_residue,rank
0,61
1,0
2,0
3,0
4,0
5,61
6,61
7,61
8,61
9,61
10,61
11,61
12,61
13,61
14,61
15,61
16,61
17,61
18,61
19,61
20,61
21,61
22,61
23,61
24,61
25,61
26,61
27,61
28,61
29,61
30,61
31,61
32,61
33,61
34,61
35,61
36,61
37,61
38,61
39,61
40,61
41,60
42,61
43,61
44,61
45,61
46,61
47,61
48,61
49,61
50,61
51,61
52,61
53,61
54,61
55,60
56,61
57,61
58,61
59,61
60,61
61,61
62,61
63,61
64,61
65,61
66,61
67,61
68,61
69,61
70,61
71,61
72,61
73,61
74,61
75,61
76,61
77,61
78,61
79,61
80,61
81,60
82,61
83,61
84,61
85,61
86,61
87,61
88,61
89,60
90,61
91,61
92,61
93,61
94,61
95,61
96,61
97,61
98,61
99,61
100,61
101,61
102,61
103,61
104,61
105,61
106,61
107,61
108,61
109,61
110,61
111,61
112,61
113,61
114,61
115,61
116,61
117,61
118,61
119,61
120,61
121,61
122,61
123,61
124,61
125,61
126,61
127,61
128,61
129,61
130,61
131,61
132,61
133,61
134,61
135,61
136,61
137,61
138,61
139,61
140,61
141,61
142,61
143,61
144,61
145,61
146,61
147,61
148,61
149,61
150,61
151,61
152,61
153,61
154,61
155,61
156,61
157,61
158,61
159,61
160,60
161,61
162,61
163,61
164,61
165,61
166,61
167,61
168,61
169,60
170,61
171,61
172,61
173,61
174,61
175,60
176,61
177,61
178,61
179,61
180,61
181,61
182,61
183,61
184,61
185,61
186,61
187,61
188,61
189,61
190,61
191,61
192,61
193,61
194,61
195,61
196,61
197,61
198,61
199,61
200,61
201,60
202,61
203,61
204,61
205,61
206,61
207,61
208,60
209,61
210,61
211,61
212,61
213,61
214,61
215,61
216,61
217,61
218,61
219,61
220,61
221,61
222,61
223,61
224,61
225,61
226,61
227,61
228,61
229,61
230,61
231,61
232,61
233,61
234,61
235,61
236,61
237,61
238,61
239,61
240,61
241,61
242,61
243,61
244,61
245,61
246,61
247,61
248,61
249,61
250,61
251,61
252,61
253,61
254,61
255,60
256,61
257,61
258,61
259,61
260,61
261,61
262,61
263,61
264,61
265,61
266,61
267,61
268,61
269,61
270,61
271,61
272,61
273,61
274,61
275,61
276,61
277,61
278,61
279,61
280,61
281,61
282,61
283,61
284,61
285,61
286,61
287,61
288,61
289,61
290,61
291,61
292,61
293,61
294,61
295,61
296,61
297,61
298,60
299,61
300,61
301,61
302,61
303,61
304,61
305,61
306,61
307,61
308,61
309,61
310,61
311,61
312,61
313,61
314,61
315,61
316,61
317,61
318,61
319,61
320,61
321,61
322,61
323,61
324,61
325,61
326,61
327,61
328,61
329,61
330,61
331,61
332,61
333,61
334,61
335,61
336,61
337,61
338,61
339,61
340,61
341,61
342,61
343,61
344,61
345,61
346,61
347,61
348,61
349,61
350,61
351,61
352,61
353,60
354,61
355,61
356,61
357,61
358,61
359,61
360,61
361,61
362,61
363,61
364,61
365,61
366,61
367,61
368,61
369,61
370,61
371,61
372,61
373,61
374,61
375,61
376,61
377,61
378,61
379,61
380,61
381,60
382,60
383,61
384,61
385,61
386,61
387,61
388,61
389,61
390,60
391,61
392,61
393,61
394,61
395,61
396,61
397,61
398,61
399,61
400,61
401,61
402,61
403,61
404,61
405,61
406,61
407,61
408,61
409,61
410,61
411,61
412,61
413,61
414,61
415,61
416,61
417,61
418,61
419,61
420,61
421,61
422,60
423,61
424,61
425,61
426,61
427,61
428,61
429,61
430,61
431,61
432,61
433,61
434,61
435,61
436,61
437,61
438,61
439,61
440,61
441,61
442,61
443,61
444,61
445,61
446,61
447,61
448,61
449,61
450,61
451,61
452,60
453,61
454,61
455,61
456,61
457,61
458,61
459,61
460,61
461,61
462,61
463,61
464,61
465,61
466,61
467,61
468,61
469,61
470,61
471,61
472,61
473,60
474,61
475,60
476,61
477,61
478,61
479,61
480,61
481,61
482,61
483,61
484,61
485,61
486,61
487,60
488,61
489,61
490,61
491,61
492,61
493,61
494,61
495,61
496,61
497,61
498,61
499,61
500,61
501,61
502,61
503,61
504,61
505,61
506,61
507,61
508,61
509,61
510,61
511,61
512,61
513,61
514,61
515,61
516,61
517,61
518,61
519,61
520,61
521,61
522,61
523,61
524,61
525,61
526,61
527,61
528,61
529,61
530,61
531,61
532,61
533,61
534,61
535,61
536,61
537,61
538,61
539,61
540,61
541,61
542,61
543,61
544,61
545,60
546,61
547,61
548,61
549,61
550,61
551,60
552,61
553,61
554,61
555,61
556,61
557,61
558,61
559,61
560,61
561,61
562,61
563,61
564,61
565,61
566,61
567,61
568,60
569,61
570,61
571,61
572,61
573,61
574,61
575,61
576,61
577,61
578,61
579,61
580,61
581,61
582,61
583,61
584,61
585,61
586,61
587,61
588,61
589,61
590,61
591,61
592,61
593,61
594,61
595,61
596,61
597,61
598,61
599,61
600,61
601,61
602,61
603,61
604,61
605,61
606,61
607,61
608,61
609,61
610,61
611,61
612,61
613,61
614,61
615,61
616,61
617,61
618,61
619,61
620,61
621,61
622,61
623,61
624,61
625,61
626,61
627,61
628,61
629,61
630,61
631,61
632,61
633,61
634,61
635,61
636,61
637,61
638,61
639,61
640,61
641,61
642,61
643,61
644,61
645,61
646,61
647,61
648,61
649,61
650,61
651,61
652,61
653,61
654,60
655,61
656,61
657,61
658,61
659,61
660,61
661,61
662,61
663,61
664,61
665,61
666,61
667,61
668,61
669,61
670,61
671,61
672,61
673,61
674,61
675,61
676,61
677,61
678,61
679,61
680,61
681,61
682,61
683,61
684,61
685,61
686,61
687,61
688,61
689,61
690,61
691,61
692,61
693,60
694,61
695,61
696,61
697,61
698,61
699,61
700,61
701,61
702,61
703,61
704,61
705,61
706,60
707,61
708,61
709,61
710,61
711,61
712,61
713,61
714,61
715,60
716,61
717,61
718,60
719,61
720,61
721,60
722,61
723,61
724,61
725,61
726,61
727,61
728,61
729,61
730,61
731,61
732,61
733,61
734,61
735,60
736,61
737,61
738,61
739,61
740,61
741,61
742,61
743,61
744,60
745,61
746,61
747,61
748,61
749,61
750,61
751,61
752,61
753,61
754,61
755,61
756,61
757,61
758,61
759,61
760,61
761,61
762,61
763,61
764,61
765,61
766,61
767,61
768,61
769,61
770,61
771,61
772,61
773,61
774,61
775,61
776,61
777,60
778,61
779,61
780,60
781,61
782,61
783,61
784,61
785,61
786,61
787,61
788,61
789,61
790,61
791,61
792,61
793,61
794,61
795,61
796,61
797,61
798,61
799,61
800,61
801,61
802,61
803,61
804,61
805,61
806,61
807,61
808,61
809,61
810,61
811,61
812,61
813,61
814,61
815,61
816,61
817,61
818,61
819,61
820,61
821,61
822,61
823,61
824,61
825,61
826,61
827,61
828,61
829,61
830,61
831,61
832,61
833,61
834,61
835,61
836,61
837,61
838,61
839,61
840,61
841,61
842,60
843,61
844,61
845,61
846,61
847,61
848,61
849,61
850,61
851,61
852,61
853,61
854,61
855,61
856,61
857,61
858,61
859,61
860,61
861,61
862,61
863,61
864,61
865,61
866,61
867,61
868,61
869,61
870,61
871,61
872,61
873,61
874,61
875,61
876,61
877,61
878,61
879,61
880,61
881,61
882,61
883,61
884,61
885,61
886,61
887,61
888,61
889,61
890,61
891,61
892,61
893,61
894,61
895,61
896,61
897,61
898,61
899,61
900,61
901,61
902,61
903,61
904,61
905,61
906,61
907,61
908,61
909,61
910,61
911,61
912,61
913,61
914,61
915,61
916,61
917,61
918,61
919,61
920,61
921,61
922,61
923,60
924,60
925,61
926,61
927,61
928,60
929,61
930,61
931,61
932,61
933,61
934,61
935,61
936,61
937,61
938,61
939,61
940,61
941,61
942,61
943,61
944,61
945,61
946,61
947,61
948,61
949,61
950,61
951,61
952,61
953,61
954,61
955,61
956,61
957,60
958,61
959,61
960,61
961,61
962,61
963,61
964,61
965,61
966,61
967,60
968,61
969,61
970,61
971,61
972,61
973,61
974,61
975,61
976,61
977,61
978,61
979,61
980,61
981,61
982,61
983,61
984,61
985,61
986,61
987,61
988,61
989,61
990,61
991,61
992,61
993,61
994,61
995,61
996,61
997,61
998,61
999,61
1000,61
1001,61
1002,61
1003,61
1004,61
1005,61
1006,61
1007,61
1008,61
1009,61
1010,61
1011,61
1012,61
1013,61
1014,61
1015,61
1016,60
1017,61
1018,61
1019,61
1020,61
1021,61
1022,61
1023,61
1024,61
1025,61
1026,61
1027,61
1028,61
1029,61
1030,61
1031,61
1032,61
1033,61
1034,61
1035,61
1036,61
1037,61
1038,61
1039,61
1040,61
1041,61
1042,61
1043,61
1044,61
1045,61
1046,61
1047,61
1048,61
1049,61
1050,61
1051,61
1052,61
1053,61
1054,61
1055,61
1056,61
1057,61
1058,61
1059,61
1060,61
1061,61
1062,61
1063,61
1064,61
1065,61
1066,61
1067,61
1068,61
1069,61
1070,61
1071,61
1072,61
1073,61
1074,61
1075,61
1076,61
1077,61
1078,61
1079,61
1080,61
1081,61
1082,61
1083,61
1084,61
1085,61
1086,61
1087,61
1088,61
1089,61
1090,61
1091,61
1092,61
1093,61
1094,61
1095,60
1096,61
1097,61
1098,61
1099,60
1100,61
1101,61
1102,61
1103,61
1104,61
1105,61
1106,61
1107,61
1108,61
1109,61
1110,61
1111,61
1112,61
1113,60
1114,61
1115,61
1116,61
1117,61
1118,60
1119,61
1120,61
1121,61
1122,61
1123,61
1124,61
1125,61
1126,61
1127,61
1128,61
1129,61
1130,61
1131,61
1132,61
1133,61
1134,61
1135,61
1136,61
1137,61
1138,61
1139,61
1140,61
1141,61
1142,61
1143,61
1144,61
1145,61
1146,61
1147,61
1148,61
1149,61
1150,61
1151,61
1152,61
1153,61
1154,61
1155,61
1156,61
1157,61
1158,61
1159,61
1160,61
1161,61
1162,61
1163,61
1164,61
1165,61
1166,61
1167,61
1168,61
1169,61
1170,61
1171,61
1172,61
1173,61
1174,60
1175,61
1176,61
1177,61
1178,61
1179,61
1180,61
1181,61
1182,61
1183,61
1184,61
1185,61
1186,61
1187,61
1188,61
1189,61
1190,61
1191,61
1192,61
1193,61
1194,61
1195,61
1196,61
1197,61
1198,61
1199,61
1200,61
1201,61
1202,61
1203,61
1204,61
1205,61
1206,61
1207,61
1208,61
1209,61
1210,61
1211,61
1212,61
1213,61
1214,61
1215,61
1216,61
1217,61
1218,61
1219,61
1220,61
1221,61
1222,61
1223,61
1224,61
1225,61
1226,61
1227,61
1228,61
1229,61
1230,61
1231,61
1232,61
1233,61
1234,61
1235,61
1236,61
1237,61
1238,61
1239,61
1240,61
1241,61
1242,61
1243,61
1244,61
1245,61
1246,61
1247,61
1248,61
1249,61
1250,61
1251,61
1252,61
1253,61
1254,61
1255,61
1256,61
1257,61
1258,61
1259,61
1260,61
1261,61
1262,61
1263,60
1264,61
1265,61
1266,61
1267,61
1268,61
1269,61
1270,61
1271,61
1272,61
1273,61
1274,61
1275,61
1276,61
1277,61
1278,61
1279,61
1280,61
1281,61
1282,61
1283,61
1284,61
1285,61
1286,61
1287,61
1288,61
1289,61
1290,61
1291,61
1292,61
1293,61
1294,61
1295,61
1296,61
1297,61
1298,61
1299,61
1300,61
1301,61
1302,61
1303,61
1304,61
1305,61
1306,61
1307,61
1308,61
1309,60
1310,61
1311,61
1312,61
1313,61
1314,61
1315,61
1316,61
1317,61
1318,61
1319,61
1320,61
1321,60
1322,61
1323,61
1324,61
1325,61
1326,61
1327,61
1328,61
1329,61
1330,61
1331,60
1332,61
1333,61
1334,61
1335,61
1336,61
1337,61
1338,61
1339,61
1340,61
1341,61
1342,61
1343,61
1344,61
1345,61
1346,61
1347,61
1348,61
1349,61
1350,61
1351,61
1352,61
1353,61
1354,61
1355,61
1356,61
1357,61
1358,61
1359,61
1360,61
1361,61
1362,61
1363,61
1364,61
1365,61
1366,61
1367,61
1368,61
1369,61
1370,61
1371,61
1372,61
1373,61
1374,61
1375,61
1376,61
1377,61
1378,61
1379,61
1380,61
1381,61
1382,61
1383,61
1384,61
1385,61
1386,61
1387,61
1388,61
1389,61
1390,61
1391,61
1392,61
1393,61
1394,61
1395,60
1396,61
1397,61
1398,61
1399,61
1400,61
1401,61
1402,61
1403,61
1404,61
1405,61
1406,61
1407,61
1408,61
1409,61
1410,61
1411,61
1412,61
1413,61
1414,61
1415,61
1416,61
1417,61
1418,61
1419,61
1420,61
1421,61
1422,61
1423,61
1424,61
1425,61
1426,61
1427,61
1428,61
1429,61
1430,61
1431,61
1432,61
1433,61
1434,61
1435,61
1436,61
1437,61
1438,61
1439,61
1440,61
1441,61
1442,61
1443,61
1444,61
1445,60
1446,61
1447,61
1448,61
1449,61
1450,61
1451,61
1452,61
1453,61
1454,61
1455,61
1456,61
1457,61
1458,61
1459,61
1460,61
1461,61
1462,61
1463,61
1464,61
1465,61
1466,61
1467,61
1468,61
1469,61
1470,61
1471,61
1472,61
1473,61
1474,61
1475,61
1476,61
1477,61
1478,61
1479,61
1480,61
1481,61
1482,61
1483,61
1484,61
1485,61
1486,61
1487,61
1488,61
1489,61
1490,61
1491,61
1492,61
1493,61
1494,61
1495,61
1496,61
1497,61
1498,61
1499,61
1500,61
1501,61
1502,61
1503,61
1504,61
1505,61
1506,61
1507,60
1508,61
1509,61
1510,61
1511,61
1512,61
1513,61
1514,61
1515,61
1516,61
1517,61
1518,61
1519,61
1520,61
1521,61
1522,61
1523,61
1524,61
1525,61
1526,61
1527,61
1528,61
1529,61
1530,61
1531,61
1532,61
1533,61
1534,61
1535,61
1536,61
1537,61
1538,61
1539,61
1540,61
1541,61
1542,61
1543,61
1544,61
1545,61
1546,61
1547,61
1548,61
1549,61
1550,61
1551,61
1552,61
1553,61
1554,61
1555,61
1556,61
1557,61
1558,61
1559,61
1560,61
1561,61
1562,61
1563,61
1564,61
1565,61
1566,61
1567,61
1568,61
1569,61
1570,61
1571,61
1572,61
1573,61
1574,61
1575,61
1576,61
1577,61
1578,61
1579,61
1580,61
1581,61
1582,61
1583,61
1584,61
1585,61
1586,61
1587,61
1588,61
1589,61
1590,61
1591,61
1592,61
1593,61
1594,61
1595,61
1596,61
1597,61
1598,61
1599,61
1600,61
1601,61
1602,61
1603,61
1604,61
1605,61
1606,61
1607,61
1608,61
1609,60
1610,61
1611,61
1612,61
1613,61
1614,61
1615,61
1616,61
1617,61
1618,61
1619,61
1620,61
1621,61
1622,61
1623,60
1624,61
1625,61
1626,61
1627,61
1628,61
1629,61
1630,61
1631,61
1632,61
1633,61
1634,61
1635,61
1636,61
1637,61
1638,61
1639,61
1640,61
1641,61
1642,61
1643,61
1644,61
1645,61
1646,61
1647,61
1648,61
1649,61
1650,61
1651,61
1652,61
1653,61
1654,61
1655,61
1656,61
1657,61
1658,61
1659,61
1660,61
1661,61
1662,61
1663,61
1664,60
1665,61
1666,61
1667,61
1668,61
1669,61
1670,61
1671,60
1672,61
1673,61
1674,61
1675,61
1676,61
1677,61
1678,61
1679,61
1680,61
1681,61
1682,61
1683,61
1684,61
1685,61
1686,61
1687,61
1688,61
1689,61
1690,61
1691,61
1692,61
1693,61
1694,61
1695,61
1696,61
1697,61
1698,61
1699,61
1700,61
1701,61
1702,61
1703,61
1704,61
1705,60
1706,61
1707,61
1708,61
1709,60
1710,61
1711,61
1712,61
1713,61
1714,61
1715,61
1716,61
1717,61
1718,61
1719,61
1720,61
1721,61
1722,61
1723,61
1724,61
1725,61
1726,61
1727,61
1728,61
1729,61
1730,61
1731,61
1732,61
1733,61
1734,61
1735,61
1736,61
1737,61
1738,61
1739,61
1740,61
1741,61
1742,61
1743,61
1744,61
1745,61
1746,61
1747,61
1748,61
1749,61
1750,61
1751,61
1752,61
1753,61
1754,61
1755,61
1756,61
1757,61
1758,61
1759,61
1760,61
1761,61
1762,61
1763,61
1764,61
1765,61
1766,61
1767,60
1768,61
1769,61
1770,61
1771,61
1772,61
1773,61
1774,61
1775,61
1776,61
1777,61
1778,61
1779,61
1780,61
1781,61
1782,61
1783,61
1784,61
1785,61
1786,61
1787,61
1788,61
1789,61
1790,61
1791,61
1792,61
1793,61
1794,61
1795,61
1796,61
1797,61
1798,61
1799,61
1800,61
1801,61
1802,61
1803,60
1804,61
1805,61
1806,61
1807,61
1808,61
1809,61
1810,61
1811,61
1812,61
1813,61
1814,61
1815,61
1816,61
1817,61
1818,61
1819,61
1820,61
1821,61
1822,61
1823,61
1824,61
1825,61
1826,61
1827,61
1828,61
1829,61
1830,61
1831,61
1832,61
1833,61
1834,60
1835,61
1836,61
1837,61
1838,61
1839,61
1840,61
1841,61
1842,61
1843,61
1844,61
1845,61
1846,61
1847,61
1848,61
1849,61
1850,61
1851,61
1852,61
1853,61
1854,61
1855,61
1856,61
1857,61
1858,61
1859,61
1860,61
1861,60
1862,61
1863,61
1864,61
1865,61
1866,61
1867,61
1868,61
1869,61
1870,60
1871,61
1872,60
1873,61
1874,61
1875,61
1876,61
1877,61
1878,61
1879,60
1880,61
1881,61
1882,61
1883,61
1884,61
1885,61
1886,61
1887,61
1888,61
1889,61
1890,61
1891,61
1892,60
1893,61
1894,61
1895,61
1896,61
1897,61
1898,60
1899,61
1900,61
1901,61
1902,61
1903,61
1904,61
1905,61
1906,61
1907,61
1908,61
1909,61
1910,61
1911,61
1912,61
1913,61
1914,61
1915,61
1916,61
1917,61
1918,61
1919,61
1920,61
1921,61
1922,61
1923,61
1924,61
1925,61
1926,61
1927,61
1928,60
1929,61
1930,61
1931,61
1932,61
1933,60
1934,61
1935,61
1936,61
1937,61
1938,61
1939,61
1940,61
1941,61
1942,61
1943,61
1944,61
1945,61
1946,61
1947,61
1948,61
1949,61
1950,61
1951,60
1952,61
1953,61
1954,61
1955,61
1956,61
1957,61
1958,61
1959,61
1960,61
1961,61
1962,61
1963,61
1964,61
1965,61
1966,61
1967,61
1968,61
1969,61
1970,61
1971,61
1972,61
1973,61
1974,61
1975,61
1976,61
1977,61
1978,61
1979,61
1980,61
1981,61
1982,61
1983,61
1984,61
1985,61
1986,61
1987,61
1988,61
1989,61
1990,61
1991,61
1992,61
1993,61
1994,61
1995,61
1996,61
1997,60
1998,61
1999,61
2000,61
2001,61
2002,61
2003,61
2004,61
2005,60
2006,61
2007,61
2008,60
2009,61
2010,61
2011,61
2012,61
2013,61
2014,61
2015,61
2016,61
2017,60
2018,61
2019,61
2020,61
2021,61
2022,61
2023,61
2024,61
2025,61
2026,61
2027,61
2028,61
2029,61
2030,61
2031,61
2032,61
2033,61
2034,61
2035,61
2036,61
2037,61
2038,61
2039,61
2040,61
2041,61
2042,61
2043,60
2044,61
2045,61
2046,61
2047,61
2048,61
2049,61
2050,61
2051,61
2052,61
2053,61
2054,61
2055,61
2056,60
2057,61
2058,61
2059,61
2060,61
2061,61
2062,61
2063,61
2064,61
2065,61
2066,61
2067,61
2068,61
2069,61
2070,61
2071,61
2072,61
2073,61
2074,61
2075,61
2076,61
2077,61
2078,61
2079,61
2080,61
2081,61
2082,61
2083,61
2084,61
2085,60
2086,61
2087,61
2088,61
2089,61
2090,61
2091,61
2092,61
2093,61
2094,61
2095,61
2096,61
2097,61
2098,61
2099,61
2100,60
2101,61
2102,61
2103,61
2104,61
2105,61
2106,61
2107,61
2108,61
2109,61
2110,61
2111,61
2112,61
2113,61
2114,61
2115,61
2116,61
2117,61
2118,61
2119,61
2120,61
2121,61
2122,61
2123,61
2124,61
2125,61
2126,61
2127,61
2128,61
2129,61
2130,61
2131,61
2132,61
2133,61
2134,61
2135,61
2136,61
2137,61
2138,61
2139,61
2140,61
2141,61
2142,61
2143,61
2144,61
2145,61
2146,61
2147,61
2148,61
2149,61
2150,61
2151,61
2152,61
2153,61
2154,61
2155,61
2156,61
2157,61
2158,61
2159,61
2160,61
2161,61
2162,60
2163,61
2164,61
2165,61
2166,61
2167,61
2168,61
2169,61
2170,61
2171,61
2172,61
2173,61
2174,61
2175,61
2176,61
2177,61
2178,61
2179,61
2180,61
2181,61
2182,61
2183,61
2184,61
2185,61
2186,61
2187,61
2188,61
2189,61
2190,61
2191,61
2192,61
2193,61
2194,61
2195,61
2196,61
2197,61
2198,61
2199,61
2200,61
2201,61
2202,61
2203,61
2204,61
2205,61
2206,61
2207,61
2208,61
2209,61
2210,61
2211,61
2212,61
2213,61
2214,61
2215,61
2216,61
2217,61
2218,61
2219,61
2220,61
2221,61
2222,61
2223,61
2224,61
2225,61
2226,61
2227,61
2228,61
2229,61
2230,61
2231,61
2232,61
2233,61
2234,61
2235,61
2236,61
2237,61
2238,61
2239,61
2240,61
2241,61
2242,61
2243,61
2244,61
2245,61
2246,61
2247,61
2248,61
2249,61
2250,61
2251,61
2252,61
2253,61
2254,60
2255,61
2256,61
2257,61
2258,61
2259,61
2260,61
2261,61
2262,61
2263,61
2264,61
2265,61
2266,61
2267,60
2268,61
2269,61
2270,61
2271,61
2272,61
2273,60
2274,61
2275,60
2276,61
2277,61
2278,61
2279,61
2280,61
2281,61
2282,61
2283,61
2284,61
2285,61
2286,61
2287,61
2288,61
2289,61
2290,61
2291,61
2292,61
2293,61
2294,60
2295,61
2296,60
2297,61
2298,60
2299,61
2300,61
2301,61
2302,61
2303,61
2304,61
2305,61
2306,61
2307,61
2308,61
2309,61
2310,61
2311,61
2312,61
2313,61
2314,61
2315,61
2316,61
2317,61
2318,61
2319,61
2320,61
2321,61
2322,61
2323,61
2324,61
2325,61
2326,61
2327,61
2328,60
2329,61
2330,61
2331,61
2332,61
2333,61
2334,61
2335,61
2336,61
2337,61
2338,61
2339,61
2340,61
2341,61
2342,61
2343,61
2344,61
2345,61
2346,60
2347,61
2348,61
2349,61
2350,61
2351,61
2352,61
2353,61
2354,61
2355,61
2356,61
2357,61
2358,61
2359,61
2360,61
2361,61
2362,61
2363,61
2364,61
2365,61
2366,61
2367,61
2368,61
2369,61
2370,61
2371,61
2372,61
2373,61
2374,61
2375,61
2376,61
2377,61
2378,61
2379,61
2380,61
2381,61
2382,61
2383,61
2384,61
2385,61
2386,61
2387,61
2388,61
2389,60
2390,61
2391,61
2392,61
2393,61
2394,61
2395,61
2396,61
2397,61
2398,61
2399,61
2400,61
2401,61
2402,61
2403,61
2404,61
2405,61
2406,61
2407,61
2408,61
2409,61
2410,61
2411,61
2412,60
2413,61
2414,61
2415,61
2416,61
2417,61
2418,61
2419,61
2420,61
2421,61
2422,61
2423,61
2424,61
2425,61
2426,61
2427,61
2428,61
2429,61
2430,61
2431,61
2432,61
2433,61
2434,61
2435,61
2436,61
2437,61
2438,61
2439,61
2440,61
2441,61
2442,61
2443,61
2444,61
2445,61
2446,61
2447,61
2448,61
2449,61
2450,61
2451,61
2452,61
2453,61
2454,61
2455,61
2456,61
2457,61
2458,61
2459,60
2460,61
2461,61
2462,61
2463,61
2464,61
2465,61
2466,61
2467,61
2468,61
2469,61
2470,61
2471,61
2472,61
2473,61
2474,61
2475,61
2476,61
2477,61
2478,61
2479,61
2480,61
2481,61
2482,61
2483,61
2484,61
2485,61
2486,61
2487,61
2488,61
2489,61
2490,61
2491,61
2492,61
2493,61
2494,61
2495,61
2496,61
2497,61
2498,61
2499,61
2500,61
2501,61
2502,61
2503,61
2504,61
2505,61
2506,61
2507,61
2508,61
2509,61
2510,61
2511,61
2512,61
2513,61
2514,61
2515,61
2516,61
2517,61
2518,61
2519,61
2520,60
2521,61
2522,61
2523,61
2524,61
2525,61
2526,61
2527,61
2528,61
2529,61
2530,61
2531,61
2532,61
2533,61
2534,61
2535,61
2536,61
2537,61
2538,61
2539,61
2540,61
2541,61
2542,61
2543,61
2544,61
2545,61
2546,61
2547,61
2548,61
2549,61
2550,61
2551,61
2552,61
2553,61
2554,61
2555,61
2556,61
2557,60
2558,61
2559,61
2560,61
2561,61
2562,61
2563,61
2564,61
2565,61
2566,61
2567,61
2568,61
2569,61
2570,61
2571,61
2572,61
2573,61
2574,61
2575,61
2576,61
2577,61
2578,61
2579,61
2580,60
2581,61
2582,61
2583,61
2584,61
2585,61
2586,61
2587,61
2588,61
2589,61
2590,61
2591,61
2592,61
2593,61
2594,61
2595,61
2596,61
2597,61
2598,60
2599,61
2600,61
2601,61
2602,61
2603,61
2604,61
2605,61
2606,61
2607,61
2608,61
2609,60
2610,61
2611,61
2612,61
2613,61
2614,61
2615,61
2616,60
2617,61
2618,61
2619,61
2620,61
2621,61
2622,61
2623,61
2624,61
2625,61
2626,61
2627,61
2628,61
2629,61
2630,61
2631,61
2632,60
2633,61
2634,60
2635,61
2636,61
2637,61
2638,61
2639,61
2640,61
2641,61
2642,61
2643,61
2644,61
2645,61
2646,61
2647,61
2648,61
2649,61
2650,61
2651,61
2652,61
2653,61
2654,61
2655,61
2656,61
2657,61
2658,61
2659,61
2660,61
2661,61
2662,61
2663,61
2664,61
2665,61
2666,61
2667,61
2668,61
2669,61
2670,61
2671,61
2672,61
2673,61
2674,61
2675,61
2676,61
2677,61
2678,61
2679,61
2680,61
2681,61
2682,61
2683,61
2684,61
2685,61
2686,61
2687,61
2688,61
2689,61
2690,61
2691,61
2692,61
2693,61
2694,61
2695,61
2696,61
2697,61
2698,61
2699,61
2700,61
2701,61
2702,61
2703,61
2704,61
2705,61
2706,61
2707,61
2708,61
2709,61
2710,61
2711,61
2712,61
2713,61
2714,61
2715,61
2716,61
2717,61
2718,61
2719,61
2720,61
2721,61
2722,61
2723,61
2724,61
2725,61
2726,61
2727,61
2728,61
2729,61
2730,61
2731,61
2732,61
2733,60
2734,61
2735,61
2736,61
2737,61
2738,61
2739,61
2740,61
2741,61
2742,60
2743,61
2744,61
2745,61
2746,61
2747,61
2748,61
2749,61
2750,61
2751,61
2752,61
2753,61
2754,61
2755,60
2756,61
2757,61
2758,61
2759,61
2760,61
2761,61
2762,61
2763,61
2764,61
2765,61
2766,61
2767,61
2768,61
2769,61
2770,61
2771,61
2772,61
2773,61
2774,61
2775,61
2776,61
2777,61
2778,61
2779,61
2780,61
2781,61
2782,61
2783,60
2784,61
2785,61
2786,61
2787,61
2788,61
2789,61
2790,61
2791,61
2792,61
2793,61
2794,61
2795,61
2796,61
2797,61
2798,61
2799,61
2800,61
2801,61
2802,61
2803,61
2804,61
2805,61
2806,61
2807,61
2808,61
2809,61
2810,61
2811,61
2812,61
2813,61
2814,60
2815,61
2816,61
2817,61
2818,61
2819,61
2820,61
2821,61
2822,61
2823,60
2824,61
2825,61
2826,61
2827,61
2828,61
2829,61
2830,61
2831,61
2832,61
2833,60
2834,61
2835,61
2836,61
2837,61
2838,61
2839,61
2840,61
2841,61
2842,61
2843,61
2844,61
2845,61
2846,61
2847,61
2848,61
2849,61
2850,60
2851,61
2852,61
2853,61
2854,61
2855,61
2856,61
2857,61
2858,61
2859,60
2860,61
2861,61
2862,61
2863,61
2864,61
2865,60
2866,61
2867,61
2868,61
2869,61
2870,61
2871,61
2872,61
2873,61
2874,61
2875,61
2876,61
2877,61
2878,60
2879,60
2880,61
2881,61
2882,61
2883,61
2884,61
2885,61
2886,61
2887,61
2888,61
2889,61
2890,61
2891,61
2892,61
2893,61
2894,61
2895,61
2896,61
2897,61
2898,61
2899,61
2900,61
2901,61
2902,61
2903,61
2904,61
2905,61
2906,61
2907,61
2908,61
2909,60
2910,61
2911,61
2912,61
2913,61
2914,61
2915,61
2916,61
2917,61
2918,61
2919,61
2920,61
2921,61
2922,61
2923,61
2924,61
2925,61
2926,61
2927,61
2928,61
2929,61
2930,61
2931,61
2932,61
2933,61
2934,61
2935,61
2936,61
2937,61
2938,61
2939,61
2940,61
2941,61
2942,61
2943,61
2944,61
2945,61
2946,61
2947,61
2948,61
2949,61
2950,61
2951,61
2952,61
2953,61
2954,61
2955,61
2956,61
2957,61
2958,61
2959,61
2960,61
2961,61
2962,61
2963,61
2964,61
2965,61
2966,61
2967,61
2968,61
2969,61
2970,61
2971,61
2972,61
2973,61
2974,61
2975,61
2976,61
2977,61
2978,61
2979,61
2980,61
2981,61
2982,61
2983,60
2984,61
2985,61
2986,61
2987,61
2988,61
2989,61
2990,61
2991,60
2992,61
2993,61
2994,61
2995,61
2996,61
2997,61
2998,61
2999,61
3000,61
3001,61
3002,61
3003,61
3004,61
3005,61
3006,61
3007,61
3008,61
3009,61
3010,61
3011,61
3012,61
3013,61
3014,61
3015,61
3016,61
3017,61
3018,61
3019,61
3020,61
3021,61
3022,61
3023,61
3024,61
3025,61
3026,61
3027,61
3028,61
3029,61
3030,61
3031,61
3032,61
3033,61
3034,61
3035,61
3036,61
3037,61
3038,61
3039,61
3040,61
3041,61
3042,61
3043,61
3044,61
3045,61
3046,61
3047,60
3048,61
3049,61
3050,61
3051,61
3052,61
3053,61
3054,61
3055,61
3056,61
3057,61
3058,61
3059,61
3060,61
3061,61
3062,61
3063,61
3064,61
3065,61
3066,61
3067,61
3068,61
3069,61
3070,61
3071,61
3072,61
3073,61
3074,61
3075,61
3076,61
3077,61
3078,61
3079,61
3080,61
3081,61
3082,61
3083,61
3084,61
3085,61
3086,61
3087,61
3088,61
3089,61
3090,61
3091,61
3092,61
3093,61
3094,61
3095,61
3096,61
3097,61
3098,61
3099,61
3100,61
3101,61
3102,61
3103,61
3104,61
3105,61
3106,60
3107,61
3108,61
3109,61
3110,61
3111,61
3112,61
3113,61
3114,61
3115,61
3116,61
3117,61
3118,61
3119,61
3120,61
3121,61
3122,60
3123,61
3124,61
3125,61
3126,61
3127,61
3128,61
3129,61
3130,61
3131,61
3132,61
3133,61
3134,61
3135,60
3136,61
3137,61
3138,61
3139,61
3140,61
3141,61
3142,61
3143,61
3144,61
3145,61
3146,61
3147,61
3148,61
3149,61
3150,61
3151,61
3152,61
3153,61
3154,61
3155,61
3156,61
3157,61
3158,61
3159,61
3160,61
3161,61
3162,61
3163,61
3164,61
3165,61
3166,61
3167,61
3168,61
3169,61
3170,61
3171,61
3172,61
3173,61
3174,61
3175,61
3176,61
3177,61
3178,61
3179,61
3180,61
3181,61
3182,61
3183,61
3184,61
3185,61
3186,61
3187,61
3188,61
3189,61
3190,61
3191,61
3192,61
3193,61
3194,61
3195,61
3196,61
3197,61
3198,61
3199,61
3200,61
3201,61
3202,61
3203,61
3204,61
3205,61
3206,61
3207,61
3208,61
3209,61
3210,61
3211,61
3212,61
3213,61
3214,61
3215,61
3216,61
3217,61
3218,61
3219,61
3220,61
3221,61
3222,61
3223,61
3224,61
3225,61
3226,61
3227,61
3228,61
3229,61
3230,61
3231,61
3232,61
3233,61
3234,61
3235,61
3236,60
3237,61
3238,61
3239,61
3240,61
3241,61
3242,61
3243,61
3244,61
3245,61
3246,60
3247,61
3248,61
3249,61
3250,61
3251,61
3252,61
3253,61
3254,61
3255,61
3256,61
3257,61
3258,61
3259,61
3260,61
3261,61
3262,61
3263,61
3264,61
3265,61
3266,61
3267,61
3268,61
3269,61
3270,61
3271,61
3272,61
3273,61
3274,61
3275,61
3276,61
3277,61
3278,61
3279,61
3280,61
3281,61
3282,61
3283,61
3284,61
3285,61
3286,61
3287,61
3288,61
3289,61
3290,61
3291,61
3292,61
3293,61
3294,61
3295,61
3296,61
3297,61
3298,61
3299,61
3300,61
3301,61
3302,61
3303,61
3304,61
3305,61
3306,61
3307,61
3308,61
3309,61
3310,61
3311,61
3312,61
3313,61
3314,61
3315,61
3316,61
3317,61
3318,61
3319,61
3320,61
3321,61
3322,61
3323,61
3324,61
3325,61
3326,61
3327,61
3328,61
3329,61
3330,61
3331,61
3332,61
3333,61
3334,61
3335,61
3336,61
3337,61
3338,61
3339,61
3340,61
3341,61
3342,61
3343,61
3344,61
3345,61
3346,61
3347,61
3348,61
3349,61
3350,61
3351,61
3352,61
3353,61
3354,61
3355,61
3356,61
3357,61
3358,61
3359,61
3360,61
3361,60
3362,61
3363,61
3364,61
3365,61
3366,61
3367,61
3368,61
3369,61
3370,61
3371,61
3372,61
3373,61
3374,61
3375,61
3376,61
3377,61
3378,61
3379,61
3380,61
3381,61
3382,61
3383,61
3384,61
3385,61
3386,61
3387,61
3388,61
3389,61
3390,61
3391,61
3392,61
3393,61
3394,61
3395,61
3396,61
3397,61
3398,61
3399,61
3400,61
3401,61
3402,61
3403,61
3404,61
3405,61
3406,61
3407,61
3408,61
3409,61
3410,61
3411,61
3412,61
3413,61
3414,61
3415,61
3416,61
3417,61
3418,61
3419,61
3420,61
3421,61
3422,61
3423,61
3424,61
3425,61
3426,61
3427,61
3428,61
3429,61
3430,61
3431,61
3432,61
3433,61
3434,61
3435,61
3436,61
3437,61
3438,61
3439,61
3440,61
3441,61
3442,61
3443,61
3444,61
3445,61
3446,61
3447,61
3448,61
3449,61
3450,61
3451,61
3452,61
3453,61
3454,61
3455,61
3456,61
3457,61
3458,61
3459,61
3460,61
3461,61
3462,61
3463,61
3464,61
3465,61
3466,61
3467,61
3468,61
3469,61
3470,61
3471,61
3472,61
3473,61
3474,60
3475,61
3476,61
3477,61
3478,61
3479,61
3480,61
3481,60
3482,61
3483,61
3484,61
3485,61
3486,61
3487,61
3488,61
3489,61
3490,61
3491,61
3492,61
3493,61
3494,61
3495,61
3496,61
3497,61
3498,61
3499,61
3500,61
3501,60
3502,61
3503,61
3504,61
3505,61
3506,61
3507,61
3508,60
3509,61
3510,61
3511,61
3512,61
3513,61
3514,61
3515,61
3516,61
3517,61
3518,61
3519,61
3520,61
3521,61
3522,61
3523,61
3524,61
3525,61
3526,61
3527,61
3528,61
3529,61
3530,61
3531,61
3532,61
3533,61
3534,61
3535,61
3536,61
3537,61
3538,61
3539,61
3540,61
3541,61
3542,61
3543,61
3544,61
3545,61
3546,61
3547,61
3548,61
3549,61
3550,61
3551,61
3552,61
3553,61
3554,61
3555,61
3556,61
3557,61
3558,61
3559,61
3560,61
3561,61
3562,61
3563,61
3564,61
3565,61
3566,61
3567,61
3568,61
3569,61
3570,61
3571,61
3572,61
3573,61
3574,61
3575,61
3576,61
3577,61
3578,61
3579,61
3580,61
3581,61
3582,61
3583,61
3584,61
3585,61
3586,61
3587,61
3588,61
3589,61
3590,61
3591,61
3592,61
3593,61
3594,61
3595,61
3596,61
3597,61
3598,61
3599,61
3600,61
3601,61
3602,60
3603,61
3604,61
3605,61
3606,61
3607,61
3608,61
3609,61
3610,61
3611,61
3612,61
3613,61
3614,61
3615,61
3616,61
3617,61
3618,61
3619,61
3620,60
3621,61
3622,61
3623,61
3624,61
3625,60
3626,61
3627,61
3628,61
3629,61
3630,61
3631,60
3632,61
3633,61
3634,61
3635,61
3636,61
3637,61
3638,61
3639,61
3640,61
3641,61
3642,61
3643,61
3644,61
3645,61
3646,61
3647,61
3648,61
3649,61
3650,61
3651,61
3652,61
3653,61
3654,61
3655,61
3656,61
3657,61
3658,61
3659,61
3660,61
3661,61
3662,61
3663,61
3664,61
3665,61
3666,61
3667,61
3668,61
3669,61
3670,61
3671,61
3672,61
3673,61
3674,61
3675,61
3676,61
3677,61
3678,61
3679,61
3680,61
3681,61
3682,61
3683,61
3684,61
3685,61
3686,61
3687,61
3688,61
3689,60
3690,61
3691,61
3692,61
3693,61
3694,61
3695,60
3696,61
3697,61
3698,61
3699,61
3700,61
3701,61
3702,61
3703,61
3704,61
3705,61
3706,61
3707,61
3708,60
3709,61
3710,61
3711,61
3712,60
3713,61
3714,61
3715,61
3716,61
3717,61
3718,61
3719,61
3720,61
3721,61
3722,61
3723,61
3724,61
3725,61
3726,61
3727,61
3728,61
3729,61
3730,61
3731,60
3732,61
3733,61
3734,60
3735,61
3736,61
3737,61
3738,61
3739,61
3740,61
3741,61
3742,61
3743,61
3744,61
3745,61
3746,61
3747,61
3748,61
3749,61
3750,61
3751,61
3752,61
3753,61
3754,61
3755,61
3756,61
3757,61
3758,61
3759,61
3760,61
3761,61
3762,61
3763,61
3764,61
3765,61
3766,61
3767,61
3768,61
3769,61
3770,61
3771,61
3772,61
3773,61
3774,61
3775,61
3776,61
3777,61
3778,61
3779,61
3780,61
3781,61
3782,61
3783,61
3784,61
3785,61
3786,61
3787,61
3788,61
3789,61
3790,61
3791,61
3792,61
3793,61
3794,61
3795,61
3796,61
3797,61
3798,61
3799,61
3800,61
3801,61
3802,61
3803,61
3804,61
3805,61
3806,61
3807,61
3808,61
3809,61
3810,61
3811,61
3812,61
3813,61
3814,61
3815,61
3816,61
3817,61
3818,61
3819,61
3820,61
3821,61
3822,61
3823,61
3824,61
3825,61
3826,60
3827,61
3828,61
3829,61
3830,61
3831,61
3832,61
3833,61
3834,60
3835,61
3836,61
3837,61
3838,61
3839,61
3840,61
3841,61
3842,60
3843,60
3844,61
3845,61
3846,61
3847,61
3848,61
3849,61
3850,61
3851,61
3852,61
3853,61
3854,61
3855,61
3856,61
3857,61
3858,61
3859,61
3860,61
3861,61
3862,61
3863,61
3864,61
3865,61
3866,61
3867,60
3868,60
3869,61
3870,61
3871,61
3872,61
3873,61
3874,61
3875,61
3876,61
3877,61
3878,60
3879,61
3880,61
3881,61
3882,61
3883,61
3884,61
3885,61
3886,61
3887,61
3888,61
3889,61
3890,61
3891,61
3892,61
3893,61
3894,61
3895,61
3896,61
3897,61
3898,61
3899,61
3900,61
3901,61
3902,61
3903,61
3904,61
3905,61
3906,61
3907,61
3908,61
3909,61
3910,61
3911,61
3912,61
3913,61
3914,61
3915,61
3916,61
3917,61
3918,61
3919,61
3920,61
3921,60
3922,61
3923,61
3924,61
3925,61
3926,61
3927,61
3928,61
3929,60
3930,61
3931,61
3932,61
3933,61
3934,61
3935,61
3936,61
3937,61
3938,60
3939,61
3940,61
3941,61
3942,61
3943,61
3944,61
3945,61
3946,61
3947,61
3948,61
3949,61
3950,61
3951,61
3952,61
3953,61
3954,61
3955,61
3956,61
3957,61
3958,61
3959,61
3960,61
3961,61
3962,61
3963,61
3964,61
3965,61
3966,61
3967,61
3968,60
3969,61
3970,61
3971,61
3972,61
3973,61
3974,61
3975,60
3976,61
3977,61
3978,61
3979,61
3980,61
3981,61
3982,61
3983,61
3984,61
3985,61
3986,61
3987,61
3988,61
3989,61
3990,61
3991,61
3992,61
3993,61
3994,60
3995,61
3996,60
3997,61
3998,61
3999,61
4000,61
4001,61
4002,61
4003,61
4004,61
4005,61
4006,61
4007,61
4008,61
4009,61
4010,61
4011,61
4012,61
4013,61
4014,61
4015,61
4016,61
4017,61
4018,61
4019,61
4020,61
4021,61
4022,61
4023,61
4024,61
4025,61
4026,61
4027,61
4028,61
4029,61
4030,61
4031,61
4032,61
4033,61
4034,61
4035,61
4036,61
4037,61
4038,61
4039,61
4040,61
4041,61
4042,61
4043,61
4044,61
4045,61
4046,61
4047,61
4048,61
4049,61
4050,61
4051,61
4052,61
4053,61
4054,61
4055,61
4056,61
4057,60
4058,61
4059,61
4060,61
4061,61
4062,61
4063,61
4064,61
4065,60
4066,61
4067,61
4068,61
4069,60
4070,61
4071,61
4072,61
4073,61
4074,61
4075,61
4076,61
4077,61
4078,61
4079,61
4080,61
4081,61
4082,61
4083,61
4084,61
4085,61
4086,61
4087,61
4088,61
4089,61
4090,61
4091,61
4092,61
4093,61
4094,61
4095,61
4096,61
4097,61
4098,61
4099,61
4100,61
4101,61
4102,61
4103,61
4104,61
4105,61
4106,61
4107,61
4108,61
4109,61
4110,61
4111,61
4112,61
4113,61
4114,61
4115,61
4116,61
4117,61
4118,61
4119,61
4120,61
4121,61
4122,61
4123,61
4124,60
4125,61
4126,61
4127,61
4128,61
4129,61
4130,61
4131,61
4132,61
4133,61
4134,61
4135,61
4136,61
4137,61
4138,61
4139,61
4140,61
4141,61
4142,61
4143,61
4144,61
4145,61
4146,61
4147,61
4148,61
4149,61
4150,61
4151,61
4152,61
4153,61
4154,61
4155,61
4156,61
4157,61
4158,61
4159,61
4160,61
4161,61
4162,61
4163,61
4164,60
4165,61
4166,61
4167,61
4168,61
4169,61
4170,61
4171,61
4172,61
4173,61
4174,61
4175,61
4176,61
4177,61
4178,61
4179,61
4180,61
4181,61
4182,61
4183,61
4184,61
4185,61
4186,61
4187,61
4188,61
4189,61
4190,61
4191,61
4192,60
4193,61
4194,61
4195,61
4196,61
4197,61
4198,61
4199,61
4200,61
4201,61
4202,61
4203,61
4204,61
4205,61
4206,61
4207,61
4208,61
4209,61
4210,61
4211,61
4212,61
4213,60
4214,61
4215,61
4216,61
4217,61
4218,61
4219,61
4220,61
4221,61
4222,61
4223,61
4224,61
4225,61
4226,61
4227,61
4228,61
4229,61
4230,61
4231,61
4232,61
4233,61
4234,61
4235,61
4236,61
4237,60
4238,61
4239,61
4240,61
4241,61
4242,61
4243,61
4244,61
4245,61
4246,61
4247,61
4248,61
4249,61
4250,61
4251,61
4252,61
4253,61
4254,61
4255,61
4256,61
4257,61
4258,61
4259,61
4260,61
4261,61
4262,61
4263,61
4264,61
4265,61
4266,61
4267,61
4268,61
4269,61
4270,61
4271,61
4272,61
4273,61
4274,61
4275,61
4276,61
4277,61
4278,61
4279,61
4280,61
4281,61
4282,61
4283,61
4284,61
4285,61
4286,61
4287,61
4288,61
4289,61
4290,61
4291,61
4292,61
4293,61
4294,61
4295,61
4296,61
4297,61
4298,61
4299,60
4300,61
4301,61
4302,61
4303,61
4304,61
4305,61
4306,61
4307,61
4308,61
4309,61
4310,61
4311,61
4312,61
4313,61
4314,61
4315,61
4316,61
4317,61
4318,61
4319,61
4320,61
4321,61
4322,61
4323,61
4324,61
4325,61
4326,61
4327,61
4328,61
4329,61
4330,61
4331,61
4332,61
4333,61
4334,61
4335,61
4336,61
4337,61
4338,61
4339,61
4340,61
4341,61
4342,61
4343,61
4344,61
4345,60
4346,61
4347,61
4348,61
4349,60
4350,61
4351,61
4352,60
4353,61
4354,61
4355,61
4356,61
4357,61
4358,61
4359,61
4360,61
4361,61
4362,61
4363,61
4364,61
4365,61
4366,61
4367,61
4368,61
4369,61
4370,61
4371,61
4372,61
4373,61
4374,61
4375,61
4376,61
4377,61
4378,61
4379,61
4380,61
4381,61
4382,61
4383,61
4384,61
4385,61
4386,61
4387,61
4388,61
4389,61
4390,61
4391,61
4392,61
4393,61
4394,61
4395,61
4396,61
4397,61
4398,61
4399,61
4400,61
4401,61
4402,61
4403,61
4404,61
4405,61
4406,61
4407,61
4408,61
4409,61
4410,61
4411,60
4412,61
4413,61
4414,61
4415,61
4416,61
4417,61
4418,61
4419,61
4420,61
4421,61
4422,61
4423,61
4424,61
4425,61
4426,61
4427,61
4428,61
4429,61
4430,61
4431,61
4432,61
4433,61
4434,61
4435,61
4436,61
4437,61
4438,61
4439,61
4440,61
4441,61
4442,61
4443,61
4444,61
4445,61
4446,61
4447,61
4448,61
4449,61
4450,61
4451,61
4452,61
4453,61
4454,61
4455,61
4456,61
4457,61
4458,61
4459,61
4460,61
4461,60
4462,61
4463,61
4464,61
4465,61
4466,61
4467,61
4468,61
4469,61
4470,61
4471,61
4472,61
4473,61
4474,61
4475,61
4476,60
4477,61
4478,61
4479,61
4480,60
4481,61
4482,61
4483,61
4484,61
4485,61
4486,61
4487,61
4488,61
4489,61
4490,61
4491,61
4492,61
4493,61
4494,61
4495,61
4496,61
4497,61
4498,61
4499,61
4500,61
4501,61
4502,61
4503,61
4504,61
4505,61
4506,61
4507,61
4508,61
4509,61
4510,61
4511,61
4512,61
4513,61
4514,61
4515,61
4516,60
4517,61
4518,61
4519,61
4520,61
4521,61
4522,61
4523,61
4524,61
4525,61
4526,61
4527,61
4528,61
4529,61
4530,61
4531,61
4532,60
4533,60
4534,61
4535,61
4536,61
4537,61
4538,60
4539,61
4540,61
4541,60
4542,61
4543,61
4544,61
4545,61
4546,61
4547,61
4548,61
4549,61
4550,61
4551,61
4552,61
4553,61
4554,61
4555,61
4556,61
4557,61
4558,61
4559,61
4560,61
4561,61
4562,61
4563,61
4564,61
4565,61
4566,61
4567,61
4568,61
4569,61
4570,61
4571,61
4572,61
4573,61
4574,61
4575,61
4576,61
4577,60
4578,61
4579,61
4580,61
4581,61
4582,61
4583,61
4584,61
4585,61
4586,61
4587,61
4588,61
4589,61
4590,61
4591,60
4592,61
4593,61
4594,61
4595,61
4596,61
4597,61
4598,61
4599,61
4600,61
4601,61
4602,61
4603,61
4604,61
4605,61
4606,61
4607,61
4608,61
4609,61
4610,61
4611,61
4612,61
4613,61
4614,61
4615,61
4616,61
4617,61
4618,61
4619,60
4620,61
4621,61
4622,61
4623,61
4624,61
4625,61
4626,61
4627,61
4628,61
4629,61
4630,61
4631,61
4632,61
4633,61
4634,61
4635,61
4636,60
4637,61
4638,61
4639,60
4640,61
4641,61
4642,61
4643,61
4644,61
4645,60
4646,61
4647,61
4648,61
4649,61
4650,61
4651,61
4652,61
4653,61
4654,61
4655,61
4656,61
4657,61
4658,61
4659,61
4660,61
4661,60
4662,61
4663,61
4664,61
4665,61
4666,61
4667,61
4668,61
4669,61
4670,61
4671,61
4672,61
4673,61
4674,61
4675,61
4676,61
4677,61
4678,61
4679,61
4680,61
4681,0
4682,0
4683,0
4684,0
4685,61
4686,61
4687,61
4688,61
4689,61
4690,61
4691,61
4692,61
4693,61
4694,61
4695,61
4696,61
4697,61
4698,61
4699,61
4700,61
4701,61
4702,61
4703,61
4704,61
4705,61
4706,61
4707,61
4708,61
4709,61
4710,61
4711,61
4712,61
4713,61
4714,61
4715,61
4716,61
4717,61
4718,61
4719,61
4720,61
4721,60
4722,61
4723,61
4724,61
4725,61
4726,61
4727,61
4728,61
4729,61
4730,61
4731,61
4732,61
4733,61
4734,61
4735,60
4736,61
4737,61
4738,61
4739,61
4740,61
4741,61
4742,61
4743,61
4744,61
4745,61
4746,61
4747,61
4748,61
4749,61
4750,61
4751,61
4752,61
4753,61
4754,61
4755,61
4756,61
4757,61
4758,61
4759,61
4760,61
4761,60
4762,61
4763,61
4764,61
4765,61
4766,61
4767,61
4768,61
4769,60
4770,61
4771,61
4772,61
4773,61
4774,61
4775,61
4776,61
4777,61
4778,61
4779,61
4780,61
4781,61
4782,61
4783,61
4784,61
4785,61
4786,61
4787,61
4788,61
4789,61
4790,61
4791,61
4792,61
4793,61
4794,61
4795,61
4796,61
4797,61
4798,61
4799,61
4800,61
4801,61
4802,61
4803,61
4804,61
4805,61
4806,61
4807,61
4808,61
4809,61
4810,61
4811,61
4812,61
4813,61
4814,61
4815,61
4816,61
4817,61
4818,61
4819,61
4820,61
4821,61
4822,61
4823,61
4824,61
4825,61
4826,61
4827,61
4828,61
4829,61
4830,61
4831,61
4832,61
4833,61
4834,61
4835,61
4836,61
4837,61
4838,61
4839,61
4840,60
4841,61
4842,61
4843,61
4844,61
4845,61
4846,61
4847,61
4848,61
4849,60
4850,61
4851,61
4852,61
4853,61
4854,61
4855,60
4856,61
4857,61
4858,61
4859,61
4860,61
4861,61
4862,61
4863,61
4864,61
4865,61
4866,61
4867,61
4868,61
4869,61
4870,61
4871,61
4872,61
4873,61
4874,61
4875,61
4876,61
4877,61
4878,61
4879,61
4880,61
4881,60
4882,61
4883,61
4884,61
4885,61
4886,61
4887,61
4888,60
4889,61
4890,61
4891,61
4892,61
4893,61
4894,61
4895,61
4896,61
4897,61
4898,61
4899,61
4900,61
4901,61
4902,61
4903,61
4904,61
4905,61
4906,61
4907,61
4908,61
4909,61
4910,61
4911,61
4912,61
4913,61
4914,61
4915,61
4916,61
4917,61
4918,61
4919,61
4920,61
4921,61
4922,61
4923,61
4924,61
4925,61
4926,61
4927,61
4928,61
4929,61
4930,61
4931,61
4932,61
4933,61
4934,61
4935,60
4936,61
4937,61
4938,61
4939,61
4940,61
4941,61
4942,61
4943,61
4944,61
4945,61
4946,61
4947,61
4948,61
4949,61
4950,61
4951,61
4952,61
4953,61
4954,61
4955,61
4956,61
4957,61
4958,61
4959,61
4960,61
4961,61
4962,61
4963,61
4964,61
4965,61
4966,61
4967,61
4968,61
4969,61
4970,61
4971,61
4972,61
4973,61
4974,61
4975,61
4976,61
4977,61
4978,60
4979,61
4980,61
4981,61
4982,61
4983,61
4984,61
4985,61
4986,61
4987,61
4988,61
4989,61
4990,61
4991,61
4992,61
4993,61
4994,61
4995,61
4996,61
4997,61
4998,61
4999,61
5000,61
5001,61
5002,61
5003,61
5004,61
5005,61
5006,61
5007,61
5008,61
5009,61
5010,61
5011,61
5012,61
5013,61
5014,61
5015,61
5016,61
5017,61
5018,61
5019,61
5020,61
5021,61
5022,61
5023,61
5024,61
5025,61
5026,61
5027,61
5028,61
5029,61
5030,61
5031,61
5032,61
5033,60
5034,61
5035,61
5036,61
5037,61
5038,61
5039,61
5040,61
5041,61
5042,61
5043,61
5044,61
5045,61
5046,61
5047,61
5048,61
5049,61
5050,61
5051,61
5052,61
5053,61
5054,61
5055,61
5056,61
5057,61
5058,61
5059,61
5060,61
5061,60
5062,60
5063,61
5064,61
5065,61
5066,61
5067,61
5068,61
5069,61
5070,60
5071,61
5072,61
5073,61
5074,61
5075,61
5076,61
5077,61
5078,61
5079,61
5080,61
5081,61
5082,61
5083,61
5084,61
5085,61
5086,61
5087,61
5088,61
5089,61
5090,61
5091,61
5092,61
5093,61
5094,61
5095,61
5096,61
5097,61
5098,61
5099,61
5100,61
5101,61
5102,60
5103,61
5104,61
5105,61
5106,61
5107,61
5108,61
5109,61
5110,61
5111,61
5112,61
5113,61
5114,61
5115,61
5116,61
5117,61
5118,61
5119,61
5120,61
5121,61
5122,61
5123,61
5124,61
5125,61
5126,61
5127,61
5128,61
5129,61
5130,61
5131,61
5132,60
5133,61
5134,61
5135,61
5136,61
5137,61
5138,61
5139,61
5140,61
5141,61
5142,61
5143,61
5144,61
5145,61
5146,61
5147,61
5148,61
5149,61
5150,61
5151,61
5152,61
5153,60
5154,61
5155,60
5156,61
5157,61
5158,61
5159,61
5160,61
5161,61
5162,61
5163,61
5164,61
5165,61
5166,61
5167,60
5168,61
5169,61
5170,61
5171,61
5172,61
5173,61
5174,61
5175,61
5176,61
5177,61
5178,61
5179,61
5180,61
5181,61
5182,61
5183,61
5184,61
5185,61
5186,61
5187,61
5188,61
5189,61
5190,61
5191,61
5192,61
5193,61
5194,61
5195,61
5196,61
5197,61
5198,61
5199,61
5200,61
5201,61
5202,61
5203,61
5204,61
5205,61
5206,61
5207,61
5208,61
5209,61
5210,61
5211,61
5212,61
5213,61
5214,61
5215,61
5216,61
5217,61
5218,61
5219,61
5220,61
5221,61
5222,61
5223,61
5224,61
5225,60
5226,61
5227,61
5228,61
5229,61
5230,61
5231,60
5232,61
5233,61
5234,61
5235,61
5236,61
5237,61
5238,61
5239,61
5240,61
5241,61
5242,61
5243,61
5244,61
5245,61
5246,61
5247,61
5248,60
5249,61
5250,61
5251,61
5252,61
5253,61
5254,61
5255,61
5256,61
5257,61
5258,61
5259,61
5260,61
5261,61
5262,61
5263,61
5264,61
5265,61
5266,61
5267,61
5268,61
5269,61
5270,61
5271,61
5272,61
5273,61
5274,61
5275,61
5276,61
5277,61
5278,61
5279,61
5280,61
5281,61
5282,61
5283,61
5284,61
5285,61
5286,61
5287,61
5288,61
5289,61
5290,61
5291,61
5292,61
5293,61
5294,61
5295,61
5296,61
5297,61
5298,61
5299,61
5300,61
5301,61
5302,61
5303,61
5304,61
5305,61
5306,61
5307,61
5308,61
5309,61
5310,61
5311,61
5312,61
5313,61
5314,61
5315,61
5316,61
5317,61
5318,61
5319,61
5320,61
5321,61
5322,61
5323,61
5324,61
5325,61
5326,61
5327,61
5328,61
5329,61
5330,61
5331,61
5332,61
5333,61
5334,60
5335,61
5336,61
5337,61
5338,61
5339,61
5340,61
5341,61
5342,61
5343,61
5344,61
5345,61
5346,61
5347,61
5348,61
5349,61
5350,61
5351,61
5352,61
5353,61
5354,61
5355,61
5356,61
5357,61
5358,61
5359,61
5360,61
5361,61
5362,61
5363,61
5364,61
5365,61
5366,61
5367,61
5368,61
5369,61
5370,61
5371,61
5372,61
5373,60
5374,61
5375,61
5376,61
5377,61
5378,61
5379,61
5380,61
5381,61
5382,61
5383,61
5384,61
5385,61
5386,60
5387,61
5388,61
5389,61
5390,61
5391,61
5392,61
5393,61
5394,61
5395,60
5396,61
5397,61
5398,60
5399,61
5400,61
5401,60
5402,61
5403,61
5404,61
5405,61
5406,61
5407,61
5408,61
5409,61
5410,61
5411,61
5412,61
5413,61
5414,61
5415,60
5416,61
5417,61
5418,61
5419,61
5420,61
5421,61
5422,61
5423,61
5424,60
5425,61
5426,61
5427,61
5428,61
5429,61
5430,61
5431,61
5432,61
5433,61
5434,61
5435,61
5436,61
5437,61
5438,61
5439,61
5440,61
5441,61
5442,61
5443,61
5444,61
5445,61
5446,61
5447,61
5448,61
5449,61
5450,61
5451,61
5452,61
5453,61
5454,61
5455,61
5456,61
5457,60
5458,61
5459,61
5460,60
5461,61
5462,61
5463,61
5464,61
5465,61
5466,61
5467,61
5468,61
5469,61
5470,61
5471,61
5472,61
5473,61
5474,61
5475,61
5476,61
5477,61
5478,61
5479,61
5480,61
5481,61
5482,61
5483,61
5484,61
5485,61
5486,61
5487,61
5488,61
5489,61
5490,61
5491,61
5492,61
5493,61
5494,61
5495,61
5496,61
5497,61
5498,61
5499,61
5500,61
5501,61
5502,61
5503,61
5504,61
5505,61
5506,61
5507,61
5508,61
5509,61
5510,61
5511,61
5512,61
5513,61
5514,61
5515,61
5516,61
5517,61
5518,61
5519,61
5520,61
5521,61
5522,60
5523,61
5524,61
5525,61
5526,61
5527,61
5528,61
5529,61
5530,61
5531,61
5532,61
5533,61
5534,61
5535,61
5536,61
5537,61
5538,61
5539,61
5540,61
5541,61
5542,61
5543,61
5544,61
5545,61
5546,61
5547,61
5548,61
5549,61
5550,61
5551,61
5552,61
5553,61
5554,61
5555,61
5556,61
5557,61
5558,61
5559,61
5560,61
5561,61
5562,61
5563,61
5564,61
5565,61
5566,61
5567,61
5568,61
5569,61
5570,61
5571,61
5572,61
5573,61
5574,61
5575,61
5576,61
5577,61
5578,61
5579,61
5580,61
5581,61
5582,61
5583,61
5584,61
5585,61
5586,61
5587,61
5588,61
5589,61
5590,61
5591,61
5592,61
5593,61
5594,61
5595,61
5596,61
5597,61
5598,61
5599,61
5600,61
5601,61
5602,61
5603,60
5604,60
5605,61
5606,61
5607,61
5608,60
5609,61
5610,61
5611,61
5612,61
5613,61
5614,61
5615,61
5616,61
5617,61
5618,61
5619,61
5620,61
5621,61
5622,61
5623,61
5624,61
5625,61
5626,61
5627,61
5628,61
5629,61
5630,61
5631,61
5632,61
5633,61
5634,61
5635,61
5636,61
5637,60
5638,61
5639,61
5640,61
5641,61
5642,61
5643,61
5644,61
5645,61
5646,61
5647,60
5648,61
5649,61
5650,61
5651,61
5652,61
5653,61
5654,61
5655,61
5656,61
5657,61
5658,61
5659,61
5660,61
5661,61
5662,61
5663,61
5664,61
5665,61
5666,61
5667,61
5668,61
5669,61
5670,61
5671,61
5672,61
5673,61
5674,61
5675,61
5676,61
5677,61
5678,61
5679,61
5680,61
5681,61
5682,61
5683,61
5684,61
5685,61
5686,61
5687,61
5688,61
5689,61
5690,61
5691,61
5692,61
5693,61
5694,61
5695,61
5696,60
5697,61
5698,61
5699,61
5700,61
5701,61
5702,61
5703,61
5704,61
5705,61
5706,61
5707,61
5708,61
5709,61
5710,61
5711,61
5712,61
5713,61
5714,61
5715,61
5716,61
5717,61
5718,61
5719,61
5720,61
5721,61
5722,61
5723,61
5724,61
5725,61
5726,61
5727,61
5728,61
5729,61
5730,61
5731,61
5732,61
5733,61
5734,61
5735,61
5736,61
5737,61
5738,61
5739,61
5740,61
5741,61
5742,61
5743,61
5744,61
5745,61
5746,61
5747,61
5748,61
5749,61
5750,61
5751,61
5752,61
5753,61
5754,61
5755,61
5756,61
5757,61
5758,61
5759,61
5760,61
5761,61
5762,61
5763,61
5764,61
5765,61
5766,61
5767,61
5768,61
5769,61
5770,61
5771,61
5772,61
5773,61
5774,61
5775,60
5776,61
5777,61
5778,61
5779,60
5780,61
5781,61
5782,61
5783,61
5784,61
5785,61
5786,61
5787,61
5788,61
5789,61
5790,61
5791,61
5792,61
5793,60
5794,61
5795,61
5796,61
5797,61
5798,60
5799,61
5800,61
5801,61
5802,61
5803,61
5804,61
5805,61
5806,61
5807,61
5808,61
5809,61
5810,61
5811,61
5812,61
5813,61
5814,61
5815,61
5816,61
5817,61
5818,61
5819,61
5820,61
5821,61
5822,61
5823,61
5824,61
5825,61
5826,61
5827,61
5828,61
5829,61
5830,61
5831,61
5832,61
5833,61
5834,61
5835,61
5836,61
5837,61
5838,61
5839,61
5840,61
5841,61
5842,61
5843,61
5844,61
5845,61
5846,61
5847,61
5848,61
5849,61
5850,61
5851,61
5852,61
5853,61
5854,60
5855,61
5856,61
5857,61
5858,61
5859,61
5860,61
5861,61
5862,61
5863,61
5864,61
5865,61
5866,61
5867,61
5868,61
5869,61
5870,61
5871,61
5872,61
5873,61
5874,61
5875,61
5876,61
5877,61
5878,61
5879,61
5880,61
5881,61
5882,61
5883,61
5884,61
5885,61
5886,61
5887,61
5888,61
5889,61
5890,61
5891,61
5892,61
5893,61
5894,61
5895,61
5896,61
5897,61
5898,61
5899,61
5900,61
5901,61
5902,61
5903,61
5904,61
5905,61
5906,61
5907,61
5908,61
5909,61
5910,61
5911,61
5912,61
5913,61
5914,61
5915,61
5916,61
5917,61
5918,61
5919,61
5920,61
5921,61
5922,61
5923,61
5924,61
5925,61
5926,61
5927,61
5928,61
5929,61
5930,61
5931,61
5932,61
5933,61
5934,61
5935,61
5936,61
5937,61
5938,61
5939,61
5940,61
5941,61
5942,61
5943,60
5944,61
5945,61
5946,61
5947,61
5948,61
5949,61
5950,61
5951,61
5952,61
5953,61
5954,61
5955,61
5956,61
5957,61
5958,61
5959,61
5960,61
5961,61
5962,61
5963,61
5964,61
5965,61
5966,61
5967,61
5968,61
5969,61
5970,61
5971,61
5972,61
5973,61
5974,61
5975,61
5976,61
5977,61
5978,61
5979,61
5980,61
5981,61
5982,61
5983,61
5984,61
5985,61
5986,61
5987,61
5988,61
5989,60
5990,61
5991,61
5992,61
5993,61
5994,61
5995,61
5996,61
5997,61
5998,61
5999,61
6000,61
6001,60
6002,61
6003,61
6004,61
6005,61
6006,61
6007,61
6008,61
6009,61
6010,61
6011,60
6012,61
6013,61
6014,61
6015,61
6016,61
6017,61
6018,61
6019,61
6020,61
6021,61
6022,61
6023,61
6024,61
6025,61
6026,61
6027,61
6028,61
6029,61
6030,61
6031,61
6032,61
6033,61
6034,61
6035,61
6036,61
6037,61
6038,61
6039,61
6040,61
6041,61
6042,61
6043,61
6044,61
6045,61
6046,61
6047,61
6048,61
6049,61
6050,61
6051,61
6052,61
6053,61
6054,61
6055,61
6056,61
6057,61
6058,61
6059,61
6060,61
6061,61
6062,61
6063,61
6064,61
6065,61
6066,61
6067,61
6068,61
6069,61
6070,61
6071,61
6072,61
6073,61
6074,61
6075,60
6076,61
6077,61
6078,61
6079,61
6080,61
6081,61
6082,61
6083,61
6084,61
6085,61
6086,61
6087,61
6088,61
6089,61
6090,61
6091,61
6092,61
6093,61
6094,61
6095,61
6096,61
6097,61
6098,61
6099,61
6100,61
6101,61
6102,61
6103,61
6104,61
6105,61
6106,61
6107,61
6108,61
6109,61
6110,61
6111,61
6112,61
6113,61
6114,61
6115,61
6116,61
6117,61
6118,61
6119,61
6120,61
6121,61
6122,61
6123,61
6124,61
6125,60
6126,61
6127,61
6128,61
6129,61
6130,61
6131,61
6132,61
6133,61
6134,61
6135,61
6136,61
6137,61
6138,61
6139,61
6140,61
6141,61
6142,61
6143,61
6144,61
6145,61
6146,61
6147,61
6148,61
6149,61
6150,61
6151,61
6152,61
6153,61
6154,61
6155,61
6156,61
6157,61
6158,61
6159,61
6160,61
6161,61
6162,61
6163,61
6164,61
6165,61
6166,61
6167,61
6168,61
6169,61
6170,61
6171,61
6172,61
6173,61
6174,61
6175,61
6176,61
6177,61
6178,61
6179,61
6180,61
6181,61
6182,61
6183,61
6184,61
6185,61
6186,61
6187,60
6188,61
6189,61
6190,61
6191,61
6192,61
6193,61
6194,61
6195,61
6196,61
6197,61
6198,61
6199,61
6200,61
6201,61
6202,61
6203,61
6204,61
6205,61
6206,61
6207,61
6208,61
6209,61
6210,61
6211,61
6212,61
6213,61
6214,61
6215,61
6216,61
6217,61
6218,61
6219,61
6220,61
6221,61
6222,61
6223,61
6224,61
6225,61
6226,61
6227,61
6228,61
6229,61
6230,61
6231,61
6232,61
6233,61
6234,61
6235,61
6236,61
6237,61
6238,61
6239,61
6240,61
6241,61
6242,61
6243,61
6244,61
6245,61
6246,61
6247,61
6248,61
6249,61
6250,61
6251,61
6252,61
6253,61
6254,61
6255,61
6256,61
6257,61
6258,61
6259,61
6260,61
6261,61
6262,61
6263,61
6264,61
6265,61
6266,61
6267,61
6268,61
6269,61
6270,61
6271,61
6272,61
6273,61
6274,61
6275,61
6276,61
6277,61
6278,61
6279,61
6280,61
6281,61
6282,61
6283,61
6284,61
6285,61
6286,61
6287,61
6288,61
6289,60
6290,61
6291,61
6292,61
6293,61
6294,61
6295,61
6296,61
6297,61
6298,61
6299,61
6300,61
6301,61
6302,61
6303,60
6304,61
6305,61
6306,61
6307,61
6308,61
6309,61
6310,61
6311,61
6312,61
6313,61
6314,61
6315,61
6316,61
6317,61
6318,61
6319,61
6320,61
6321,61
6322,61
6323,61
6324,61
6325,61
6326,61
6327,61
6328,61
6329,61
6330,61
6331,61
6332,61
6333,61
6334,61
6335,61
6336,61
6337,61
6338,61
6339,61
6340,61
6341,61
6342,61
6343,61
6344,60
6345,61
6346,61
6347,61
6348,61
6349,61
6350,61
6351,60
6352,61
6353,61
6354,61
6355,61
6356,61
6357,61
6358,61
6359,61
6360,61
6361,61
6362,61
6363,61
6364,61
6365,61
6366,61
6367,61
6368,61
6369,61
6370,61
6371,61
6372,61
6373,61
6374,61
6375,61
6376,61
6377,61
6378,61
6379,61
6380,61
6381,61
6382,61
6383,61
6384,61
6385,60
6386,61
6387,61
6388,61
6389,60
6390,61
6391,61
6392,61
6393,61
6394,61
6395,61
6396,61
6397,61
6398,61
6399,61
6400,61
6401,61
6402,61
6403,61
6404,61
6405,61
6406,61
6407,61
6408,61
6409,61
6410,61
6411,61
6412,61
6413,61
6414,61
6415,61
6416,61
6417,61
6418,61
6419,61
6420,61
6421,61
6422,61
6423,61
6424,61
6425,61
6426,61
6427,61
6428,61
6429,61
6430,61
6431,61
6432,61
6433,61
6434,61
6435,61
6436,61
6437,61
6438,61
6439,61
6440,61
6441,61
6442,61
6443,61
6444,61
6445,61
6446,61
6447,60
6448,61
6449,61
6450,61
6451,61
6452,61
6453,61
6454,61
6455,61
6456,61
6457,61
6458,61
6459,61
6460,61
6461,61
6462,61
6463,61
6464,61
6465,61
6466,61
6467,61
6468,61
6469,61
6470,61
6471,61
6472,61
6473,61
6474,61
6475,61
6476,61
6477,61
6478,61
6479,61
6480,61
6481,61
6482,61
6483,60
6484,61
6485,61
6486,61
6487,61
6488,61
6489,61
6490,61
6491,61
6492,61
6493,61
6494,61
6495,61
6496,61
6497,61
6498,61
6499,61
6500,61
6501,61
6502,61
6503,61
6504,61
6505,61
6506,61
6507,61
6508,61
6509,61
6510,61
6511,61
6512,61
6513,61
6514,60
6515,61
6516,61
6517,61
6518,61
6519,61
6520,61
6521,61
6522,61
6523,61
6524,61
6525,61
6526,61
6527,61
6528,61
6529,61
6530,61
6531,61
6532,61
6533,61
6534,61
6535,61
6536,61
6537,61
6538,61
6539,61
6540,61
6541,60
6542,61
6543,61
6544,61
6545,61
6546,61
6547,61
6548,61
6549,61
6550,60
6551,61
6552,60
6553,61
6554,61
6555,61
6556,61
6557,61
6558,61
6559,60
6560,61
6561,61
6562,61
6563,61
6564,61
6565,61
6566,61
6567,61
6568,61
6569,61
6570,61
6571,61
6572,60
6573,61
6574,61
6575,61
6576,61
6577,61
6578,60
6579,61
6580,61
6581,61
6582,61
6583,61
6584,61
6585,61
6586,61
6587,61
6588,61
6589,61
6590,61
6591,61
6592,61
6593,61
6594,61
6595,61
6596,61
6597,61
6598,61
6599,61
6600,61
6601,61
6602,61
6603,61
6604,61
6605,61
6606,61
6607,61
6608,60
6609,61
6610,61
6611,61
6612,61
6613,60
6614,61
6615,61
6616,61
6617,61
6618,61
6619,61
6620,61
6621,61
6622,61
6623,61
6624,61
6625,61
6626,61
6627,61
6628,61
6629,61
6630,61
6631,60
6632,61
6633,61
6634,61
6635,61
6636,61
6637,61
6638,61
6639,61
6640,61
6641,61
6642,61
6643,61
6644,61
6645,61
6646,61
6647,61
6648,61
6649,61
6650,61
6651,61
6652,61
6653,61
6654,61
6655,61
6656,61
6657,61
6658,61
6659,61
6660,61
6661,61
6662,61
6663,61
6664,61
6665,61
6666,61
6667,61
6668,61
6669,61
6670,61
6671,61
6672,61
6673,61
6674,61
6675,61
6676,61
6677,60
6678,61
6679,61
6680,61
6681,61
6682,61
6683,61
6684,61
6685,60
6686,61
6687,61
6688,60
6689,61
6690,61
6691,61
6692,61
6693,61
6694,61
6695,61
6696,61
6697,60
6698,61
6699,61
6700,61
6701,61
6702,61
6703,61
6704,61
6705,61
6706,61
6707,61
6708,61
6709,61
6710,61
6711,61
6712,61
6713,61
6714,61
6715,61
6716,61
6717,61
6718,61
6719,61
6720,61
6721,61
6722,61
6723,60
6724,61
6725,61
6726,61
6727,61
6728,61
6729,61
6730,61
6731,61
6732,61
6733,61
6734,61
6735,61
6736,60
6737,61
6738,61
6739,61
6740,61
6741,61
6742,61
6743,61
6744,61
6745,61
6746,61
6747,61
6748,61
6749,61
6750,61
6751,61
6752,61
6753,61
6754,61
6755,61
6756,61
6757,61
6758,61
6759,61
6760,61
6761,61
6762,61
6763,61
6764,61
6765,60
6766,61
6767,61
6768,61
6769,61
6770,61
6771,61
6772,61
6773,61
6774,61
6775,61
6776,61
6777,61
6778,61
6779,61
6780,60
6781,61
6782,61
6783,61
6784,61
6785,61
6786,61
6787,61
6788,61
6789,61
6790,61
6791,61
6792,61
6793,61
6794,61
6795,61
6796,61
6797,61
6798,61
6799,61
6800,61
6801,61
6802,61
6803,61
6804,61
6805,61
6806,61
6807,61
6808,61
6809,61
6810,61
6811,61
6812,61
6813,61
6814,61
6815,61
6816,61
6817,61
6818,61
6819,61
6820,61
6821,61
6822,61
6823,61
6824,61
6825,61
6826,61
6827,61
6828,61
6829,61
6830,61
6831,61
6832,61
6833,61
6834,61
6835,61
6836,61
6837,61
6838,61
6839,61
6840,61
6841,61
6842,60
6843,61
6844,61
6845,61
6846,61
6847,61
6848,61
6849,61
6850,61
6851,61
6852,61
6853,61
6854,61
6855,61
6856,61
6857,61
6858,61
6859,61
6860,61
6861,61
6862,61
6863,61
6864,61
6865,61
6866,61
6867,61
6868,61
6869,61
6870,61
6871,61
6872,61
6873,61
6874,61
6875,61
6876,61
6877,61
6878,61
6879,61
6880,61
6881,61
6882,61
6883,61
6884,61
6885,61
6886,61
6887,61
6888,61
6889,61
6890,61
6891,61
6892,61
6893,61
6894,61
6895,61
6896,61
6897,61
6898,61
6899,61
6900,61
6901,61
6902,61
6903,61
6904,61
6905,61
6906,61
6907,61
6908,61
6909,61
6910,61
6911,61
6912,61
6913,61
6914,61
6915,61
6916,61
6917,61
6918,61
6919,61
6920,61
6921,61
6922,61
6923,61
6924,61
6925,61
6926,61
6927,61
6928,61
6929,61
6930,61
6931,61
6932,61
6933,61
6934,60
6935,61
6936,61
6937,61
6938,61
6939,61
6940,61
6941,61
6942,61
6943,61
6944,61
6945,61
6946,61
6947,60
6948,61
6949,61
6950,61
6951,61
6952,61
6953,60
6954,61
6955,60
6956,61
6957,61
6958,61
6959,61
6960,61
6961,61
6962,61
6963,61
6964,61
6965,61
6966,61
6967,61
6968,61
6969,61
6970,61
6971,61
6972,61
6973,61
6974,60
6975,61
6976,60
6977,61
6978,60
6979,61
6980,61
6981,61
6982,61
6983,61
6984,61
6985,61
6986,61
6987,61
6988,61
6989,61
6990,61
6991,61
6992,61
6993,61
6994,61
6995,61
6996,61
6997,61
6998,61
6999,61
7000,61
7001,61
7002,61
7003,61
7004,61
7005,61
7006,61
7007,61
7008,60
7009,61
7010,61
7011,61
7012,61
7013,61
7014,61
7015,61
7016,61
7017,61
7018,61
7019,61
7020,61
7021,61
7022,61
7023,61
7024,61
7025,61
7026,60
7027,61
7028,61
7029,61
7030,61
7031,61
7032,61
7033,61
7034,61
7035,61
7036,61
7037,61
7038,61
7039,61
7040,61
7041,61
7042,61
7043,61
7044,61
7045,61
7046,61
7047,61
7048,61
7049,61
7050,61
7051,61
7052,61
7053,61
7054,61
7055,61
7056,61
7057,61
7058,61
7059,61
7060,61
7061,61
7062,61
7063,61
7064,61
7065,61
7066,61
7067,61
7068,61
7069,60
7070,61
7071,61
7072,61
7073,61
7074,61
7075,61
7076,61
7077,61
7078,61
7079,61
7080,61
7081,61
7082,61
7083,61
7084,61
7085,61
7086,61
7087,61
7088,61
7089,61
7090,61
7091,61
7092,60
7093,61
7094,61
7095,61
7096,61
7097,61
7098,61
7099,61
7100,61
7101,61
7102,61
7103,61
7104,61
7105,61
7106,61
7107,61
7108,61
7109,61
7110,61
7111,61
7112,61
7113,61
7114,61
7115,61
7116,61
7117,61
7118,61
7119,61
7120,61
7121,61
7122,61
7123,61
7124,61
7125,61
7126,61
7127,61
7128,61
7129,61
7130,61
7131,61
7132,61
7133,61
7134,61
7135,61
7136,61
7137,61
7138,61
7139,60
7140,61
7141,61
7142,61
7143,61
7144,61
7145,61
7146,61
7147,61
7148,61
7149,61
7150,61
7151,61
7152,61
7153,61
7154,61
7155,61
7156,61
7157,61
7158,61
7159,61
7160,61
7161,61
7162,61
7163,61
7164,61
7165,61
7166,61
7167,61
7168,61
7169,61
7170,61
7171,61
7172,61
7173,61
7174,61
7175,61
7176,61
7177,61
7178,61
7179,61
7180,61
7181,61
7182,61
7183,61
7184,61
7185,61
7186,61
7187,61
7188,61
7189,61
7190,61
7191,61
7192,61
7193,61
7194,61
7195,61
7196,61
7197,61
7198,61
7199,61
7200,60
7201,61
7202,61
7203,61
7204,61
7205,61
7206,61
7207,61
7208,61
7209,61
7210,61
7211,61
7212,61
7213,61
7214,61
7215,61
7216,61
7217,61
7218,61
7219,61
7220,61
7221,61
7222,61
7223,61
7224,61
7225,61
7226,61
7227,61
7228,61
7229,61
7230,61
7231,61
7232,61
7233,61
7234,61
7235,61
7236,61
7237,60
7238,61
7239,61
7240,61
7241,61
7242,61
7243,61
7244,61
7245,61
7246,61
7247,61
7248,61
7249,61
7250,61
7251,61
7252,61
7253,61
7254,61
7255,61
7256,61
7257,61
7258,61
7259,61
7260,60
7261,61
7262,61
7263,61
7264,61
7265,61
7266,61
7267,61
7268,61
7269,61
7270,61
7271,61
7272,61
7273,61
7274,61
7275,61
7276,61
7277,61
7278,60
7279,61
7280,61
7281,61
7282,61
7283,61
7284,61
7285,61
7286,61
7287,61
7288,61
7289,60
7290,61
7291,61
7292,61
7293,61
7294,61
7295,61
7296,60
7297,61
7298,61
7299,61
7300,61
7301,61
7302,61
7303,61
7304,61
7305,61
7306,61
7307,61
7308,61
7309,61
7310,61
7311,61
7312,60
7313,61
7314,60
7315,61
7316,61
7317,61
7318,61
7319,61
7320,61
7321,61
7322,61
7323,61
7324,61
7325,61
7326,61
7327,61
7328,61
7329,61
7330,61
7331,61
7332,61
7333,61
7334,61
7335,61
7336,61
7337,61
7338,61
7339,61
7340,61
7341,61
7342,61
7343,61
7344,61
7345,61
7346,61
7347,61
7348,61
7349,61
7350,61
7351,61
7352,61
7353,61
7354,61
7355,61
7356,61
7357,61
7358,61
7359,61
7360,61
7361,61
7362,61
7363,61
7364,61
7365,61
7366,61
7367,61
7368,61
7369,61
7370,61
7371,61
7372,61
7373,61
7374,61
7375,61
7376,61
7377,61
7378,61
7379,61
7380,61
7381,61
7382,61
7383,61
7384,61
7385,61
7386,61
7387,61
7388,61
7389,61
7390,61
7391,61
7392,61
7393,61
7394,61
7395,61
7396,61
7397,61
7398,61
7399,61
7400,61
7401,61
7402,61
7403,61
7404,61
7405,61
7406,61
7407,61
7408,61
7409,61
7410,61
7411,61
7412,61
7413,60
7414,61
7415,61
7416,61
7417,61
7418,61
7419,61
7420,61
7421,61
7422,60
7423,61
7424,61
7425,61
7426,61
7427,61
7428,61
7429,61
7430,61
7431,61
7432,61
7433,61
7434,61
7435,60
7436,61
7437,61
7438,61
7439,61
7440,61
7441,61
7442,61
7443,61
7444,61
7445,61
7446,61
7447,61
7448,61
7449,61
7450,61
7451,61
7452,61
7453,61
7454,61
7455,61
7456,61
7457,61
7458,61
7459,61
7460,61
7461,61
7462,61
7463,60
7464,61
7465,61
7466,61
7467,61
7468,61
7469,61
7470,61
7471,61
7472,61
7473,61
7474,61
7475,61
7476,61
7477,61
7478,61
7479,61
7480,61
7481,61
7482,61
7483,61
7484,61
7485,61
7486,61
7487,61
7488,61
7489,61
7490,61
7491,61
7492,61
7493,61
7494,60
7495,61
7496,61
7497,61
7498,61
7499,61
7500,61
7501,61
7502,61
7503,60
7504,61
7505,61
7506,61
7507,61
7508,61
7509,61
7510,61
7511,61
7512,61
7513,60
7514,61
7515,61
7516,61
7517,61
7518,61
7519,61
7520,61
7521,61
7522,61
7523,61
7524,61
7525,61
7526,61
7527,61
7528,61
7529,61
7530,60
7531,61
7532,61
7533,61
7534,61
7535,61
7536,61
7537,61
7538,61
7539,60
7540,61
7541,61
7542,61
7543,61
7544,61
7545,60
7546,61
7547,61
7548,61
7549,61
7550,61
7551,61
7552,61
7553,61
7554,61
7555,61
7556,61
7557,61
7558,60
7559,60
7560,61
7561,61
7562,61
7563,61
7564,61
7565,61
7566,61
7567,61
7568,61
7569,61
7570,61
7571,61
7572,61
7573,61
7574,61
7575,61
7576,61
7577,61
7578,61
7579,61
7580,61
7581,61
7582,61
7583,61
7584,61
7585,61
7586,61
7587,61
7588,61
7589,60
7590,61
7591,61
7592,61
7593,61
7594,61
7595,61
7596,61
7597,61
7598,61
7599,61
7600,61
7601,61
7602,61
7603,61
7604,61
7605,61
7606,61
7607,61
7608,61
7609,61
7610,61
7611,61
7612,61
7613,61
7614,61
7615,61
7616,61
7617,61
7618,61
7619,61
7620,61
7621,61
7622,61
7623,61
7624,61
7625,61
7626,61
7627,61
7628,61
7629,61
7630,61
7631,61
7632,61
7633,61
7634,61
7635,61
7636,61
7637,61
7638,61
7639,61
7640,61
7641,61
7642,61
7643,61
7644,61
7645,61
7646,61
7647,61
7648,61
7649,61
7650,61
7651,61
7652,61
7653,61
7654,61
7655,61
7656,61
7657,61
7658,61
7659,61
7660,61
7661,61
7662,61
7663,60
7664,61
7665,61
7666,61
7667,61
7668,61
7669,61
7670,61
7671,60
7672,61
7673,61
7674,61
7675,61
7676,61
7677,61
7678,61
7679,61
7680,61
7681,61
7682,61
7683,61
7684,61
7685,61
7686,61
7687,61
7688,61
7689,61
7690,61
7691,61
7692,61
7693,61
7694,61
7695,61
7696,61
7697,61
7698,61
7699,61
7700,61
7701,61
7702,61
7703,61
7704,61
7705,61
7706,61
7707,61
7708,61
7709,61
7710,61
7711,61
7712,61
7713,61
7714,61
7715,61
7716,61
7717,61
7718,61
7719,61
7720,61
7721,61
7722,61
7723,61
7724,61
7725,61
7726,61
7727,60
7728,61
7729,61
7730,61
7731,61
7732,61
7733,61
7734,61
7735,61
7736,61
7737,61
7738,61
7739,61
7740,61
7741,61
7742,61
7743,61
7744,61
7745,61
7746,61
7747,61
7748,61
7749,61
7750,61
7751,61
7752,61
7753,61
7754,61
7755,61
7756,61
7757,61
7758,61
7759,61
7760,61
7761,61
7762,61
7763,61
7764,61
7765,61
7766,61
7767,61
7768,61
7769,61
7770,61
7771,61
7772,61
7773,61
7774,61
7775,61
7776,61
7777,61
7778,61
7779,61
7780,61
7781,61
7782,61
7783,61
7784,61
7785,61
7786,60
7787,61
7788,61
7789,61
7790,61
7791,61
7792,61
7793,61
7794,61
7795,61
7796,61
7797,61
7798,61
7799,61
7800,61
7801,61
7802,60
7803,61
7804,61
7805,61
7806,61
7807,61
7808,61
7809,61
7810,61
7811,61
7812,61
7813,61
7814,61
7815,60
7816,61
7817,61
7818,61
7819,61
7820,61
7821,61
7822,61
7823,61
7824,61
7825,61
7826,61
7827,61
7828,61
7829,61
7830,61
7831,61
7832,61
7833,61
7834,61
7835,61
7836,61
7837,61
7838,61
7839,61
7840,61
7841,61
7842,61
7843,61
7844,61
7845,61
7846,61
7847,61
7848,61
7849,61
7850,61
7851,61
7852,61
7853,61
7854,61
7855,61
7856,61
7857,61
7858,61
7859,61
7860,61
7861,61
7862,61
7863,61
7864,61
7865,61
7866,61
7867,61
7868,61
7869,61
7870,61
7871,61
7872,61
7873,61
7874,61
7875,61
7876,61
7877,61
7878,61
7879,61
7880,61
7881,61
7882,61
7883,61
7884,61
7885,61
7886,61
7887,61
7888,61
7889,61
7890,61
7891,61
7892,61
7893,61
7894,61
7895,61
7896,61
7897,61
7898,61
7899,61
7900,61
7901,61
7902,61
7903,61
7904,61
7905,61
7906,61
7907,61
7908,61
7909,61
7910,61
7911,61
7912,61
7913,61
7914,61
7915,61
7916,60
7917,61
7918,61
7919,61
7920,61
7921,61
7922,61
7923,61
7924,61
7925,61
7926,60
7927,61
7928,61
7929,61
7930,61
7931,61
7932,61
7933,61
7934,61
7935,61
7936,61
7937,61
7938,61
7939,61
7940,61
7941,61
7942,61
7943,61
7944,61
7945,61
7946,61
7947,61
7948,61
7949,61
7950,61
7951,61
7952,61
7953,61
7954,61
7955,61
7956,61
7957,61
7958,61
7959,61
7960,61
7961,61
7962,61
7963,61
7964,61
7965,61
7966,61
7967,61
7968,61
7969,61
7970,61
7971,61
7972,61
7973,61
7974,61
7975,61
7976,61
7977,61
7978,61
7979,61
7980,61
7981,61
7982,61
7983,61
7984,61
7985,61
7986,61
7987,61
7988,61
7989,61
7990,61
7991,61
7992,61
7993,61
7994,61
7995,61
7996,61
7997,61
7998,61
7999,61
8000,61
8001,61
8002,61
8003,61
8004,61
8005,61
8006,61
8007,61
8008,61
8009,61
8010,61
8011,61
8012,61
8013,61
8014,61
8015,61
8016,61
8017,61
8018,61
8019,61
8020,61
8021,61
8022,61
8023,61
8024,61
8025,61
8026,61
8027,61
8028,61
8029,61
8030,61
8031,61
8032,61
8033,61
8034,61
8035,61
8036,61
8037,61
8038,61
8039,61
8040,61
8041,60
8042,61
8043,61
8044,61
8045,61
8046,61
8047,61
8048,61
8049,61
8050,61
8051,61
8052,61
8053,61
8054,61
8055,61
8056,61
8057,61
8058,61
8059,61
8060,61
8061,61
8062,61
8063,61
8064,61
8065,61
8066,61
8067,61
8068,61
8069,61
8070,61
8071,61
8072,61
8073,61
8074,61
8075,61
8076,61
8077,61
8078,61
8079,61
8080,61
8081,61
8082,61
8083,61
8084,61
8085,61
8086,61
8087,61
8088,61
8089,61
8090,61
8091,61
8092,61
8093,61
8094,61
8095,61
8096,61
8097,61
8098,61
8099,61
8100,61
8101,61
8102,61
8103,61
8104,61
8105,61
8106,61
8107,61
8108,61
8109,61
8110,61
8111,61
8112,61
8113,61
8114,61
8115,61
8116,61
8117,61
8118,61
8119,61
8120,61
8121,61
8122,61
8123,61
8124,61
8125,61
8126,61
8127,61
8128,61
8129,61
8130,61
8131,61
8132,61
8133,61
8134,61
8135,61
8136,61
8137,61
8138,61
8139,61
8140,61
8141,61
8142,61
8143,61
8144,61
8145,61
8146,61
8147,61
8148,61
8149,61
8150,61
8151,61
8152,61
8153,61
8154,60
8155,61
8156,61
8157,61
8158,61
8159,61
8160,61
8161,60
8162,61
8163,61
8164,61
8165,61
8166,61
8167,61
8168,61
8169,61
8170,61
8171,61
8172,61
8173,61
8174,61
8175,61
8176,61
8177,61
8178,61
8179,61
8180,61
8181,60
8182,61
8183,61
8184,61
8185,61
8186,61
8187,61
8188,60
8189,61
8190,61
8191,61
8192,61
8193,61
8194,61
8195,61
8196,61
8197,61
8198,61
8199,61
8200,61
8201,61
8202,61
8203,61
8204,61
8205,61
8206,61
8207,61
8208,61
8209,61
8210,61
8211,61
8212,61
8213,61
8214,61
8215,61
8216,61
8217,61
8218,61
8219,61
8220,61
8221,61
8222,61
8223,61
8224,61
8225,61
8226,61
8227,61
8228,61
8229,61
8230,61
8231,61
8232,61
8233,61
8234,61
8235,61
8236,61
8237,61
8238,61
8239,61
8240,61
8241,61
8242,61
8243,61
8244,61
8245,61
8246,61
8247,61
8248,61
8249,61
8250,61
8251,61
8252,61
8253,61
8254,61
8255,61
8256,61
8257,61
8258,61
8259,61
8260,61
8261,61
8262,61
8263,61
8264,61
8265,61
8266,61
8267,61
8268,61
8269,61
8270,61
8271,61
8272,61
8273,61
8274,61
8275,61
8276,61
8277,61
8278,61
8279,61
8280,61
8281,61
8282,60
8283,61
8284,61
8285,61
8286,61
8287,61
8288,61
8289,61
8290,61
8291,61
8292,61
8293,61
8294,61
8295,61
8296,61
8297,61
8298,61
8299,61
8300,60
8301,61
8302,61
8303,61
8304,61
8305,60
8306,61
8307,61
8308,61
8309,61
8310,61
8311,60
8312,61
8313,61
8314,61
8315,61
8316,61
8317,61
8318,61
8319,61
8320,61
8321,61
8322,61
8323,61
8324,61
8325,61
8326,61
8327,61
8328,61
8329,61
8330,61
8331,61
8332,61
8333,61
8334,61
8335,61
8336,61
8337,61
8338,61
8339,61
8340,61
8341,61
8342,61
8343,61
8344,61
8345,61
8346,61
8347,61
8348,61
8349,61
8350,61
8351,61
8352,61
8353,61
8354,61
8355,61
8356,61
8357,61
8358,61
8359,61
8360,61
8361,61
8362,61
8363,61
8364,61
8365,61
8366,61
8367,61
8368,61
8369,60
8370,61
8371,61
8372,61
8373,61
8374,61
8375,60
8376,61
8377,61
8378,61
8379,61
8380,61
8381,61
8382,61
8383,61
8384,61
8385,61
8386,61
8387,61
8388,60
8389,61
8390,61
8391,61
8392,60
8393,61
8394,61
8395,61
8396,61
8397,61
8398,61
8399,61
8400,61
8401,61
8402,61
8403,61
8404,61
8405,61
8406,61
8407,61
8408,61
8409,61
8410,61
8411,60
8412,61
8413,61
8414,60
8415,61
8416,61
8417,61
8418,61
8419,61
8420,61
8421,61
8422,61
8423,61
8424,61
8425,61
8426,61
8427,61
8428,61
8429,61
8430,61
8431,61
8432,61
8433,61
8434,61
8435,61
8436,61
8437,61
8438,61
8439,61
8440,61
8441,61
8442,61
8443,61
8444,61
8445,61
8446,61
8447,61
8448,61
8449,61
8450,61
8451,61
8452,61
8453,61
8454,61
8455,61
8456,61
8457,61
8458,61
8459,61
8460,61
8461,61
8462,61
8463,61
8464,61
8465,61
8466,61
8467,61
8468,61
8469,61
8470,61
8471,61
8472,61
8473,61
8474,61
8475,61
8476,61
8477,61
8478,61
8479,61
8480,61
8481,61
8482,61
8483,61
8484,61
8485,61
8486,61
8487,61
8488,61
8489,61
8490,61
8491,61
8492,61
8493,61
8494,61
8495,61
8496,61
8497,61
8498,61
8499,61
8500,61
8501,61
8502,61
8503,61
8504,61
8505,61
8506,60
8507,61
8508,61
8509,61
8510,61
8511,61
8512,61
8513,61
8514,60
8515,61
8516,61
8517,61
8518,61
8519,61
8520,61
8521,61
8522,60
8523,60
8524,61
8525,61
8526,61
8527,61
8528,61
8529,61
8530,61
8531,61
8532,61
8533,61
8534,61
8535,61
8536,61
8537,61
8538,61
8539,61
8540,61
8541,61
8542,61
8543,61
8544,61
8545,61
8546,61
8547,60
8548,60
8549,61
8550,61
8551,61
8552,61
8553,61
8554,61
8555,61
8556,61
8557,61
8558,60
8559,61
8560,61
8561,61
8562,61
8563,61
8564,61
8565,61
8566,61
8567,61
8568,61
8569,61
8570,61
8571,61
8572,61
8573,61
8574,61
8575,61
8576,61
8577,61
8578,61
8579,61
8580,61
8581,61
8582,61
8583,61
8584,61
8585,61
8586,61
8587,61
8588,61
8589,61
8590,61
8591,61
8592,61
8593,61
8594,61
8595,61
8596,61
8597,61
8598,61
8599,61
8600,61
8601,60
8602,61
8603,61
8604,61
8605,61
8606,61
8607,61
8608,61
8609,60
8610,61
8611,61
8612,61
8613,61
8614,61
8615,61
8616,61
8617,61
8618,60
8619,61
8620,61
8621,61
8622,61
8623,61
8624,61
8625,61
8626,61
8627,61
8628,61
8629,61
8630,61
8631,61
8632,61
8633,61
8634,61
8635,61
8636,61
8637,61
8638,61
8639,61
8640,61
8641,61
8642,61
8643,61
8644,61
8645,61
8646,61
8647,61
8648,60
8649,61
8650,61
8651,61
8652,61
8653,61
8654,61
8655,60
8656,61
8657,61
8658,61
8659,61
8660,61
8661,61
8662,61
8663,61
8664,61
8665,61
8666,61
8667,61
8668,61
8669,61
8670,61
8671,61
8672,61
8673,61
8674,60
8675,61
8676,60
8677,61
8678,61
8679,61
8680,61
8681,61
8682,61
8683,61
8684,61
8685,61
8686,61
8687,61
8688,61
8689,61
8690,61
8691,61
8692,61
8693,61
8694,61
8695,61
8696,61
8697,61
8698,61
8699,61
8700,61
8701,61
8702,61
8703,61
8704,61
8705,61
8706,61
8707,61
8708,61
8709,61
8710,61
8711,61
8712,61
8713,61
8714,61
8715,61
8716,61
8717,61
8718,61
8719,61
8720,61
8721,61
8722,61
8723,61
8724,61
8725,61
8726,61
8727,61
8728,61
8729,61
8730,61
8731,61
8732,61
8733,61
8734,61
8735,61
8736,61
8737,60
8738,61
8739,61
8740,61
8741,61
8742,61
8743,61
8744,61
8745,60
8746,61
8747,61
8748,61
8749,60
8750,61
8751,61
8752,61
8753,61
8754,61
8755,61
8756,61
8757,61
8758,61
8759,61
8760,61
8761,61
8762,61
8763,61
8764,61
8765,61
8766,61
8767,61
8768,61
8769,61
8770,61
8771,61
8772,61
8773,61
8774,61
8775,61
8776,61
8777,61
8778,61
8779,61
8780,61
8781,61
8782,61
8783,61
8784,61
8785,61
8786,61
8787,61
8788,61
8789,61
8790,61
8791,61
8792,61
8793,61
8794,61
8795,61
8796,61
8797,61
8798,61
8799,61
8800,61
8801,61
8802,61
8803,61
8804,60
8805,61
8806,61
8807,61
8808,61
8809,61
8810,61
8811,61
8812,61
8813,61
8814,61
8815,61
8816,61
8817,61
8818,61
8819,61
8820,61
8821,61
8822,61
8823,61
8824,61
8825,61
8826,61
8827,61
8828,61
8829,61
8830,61
8831,61
8832,61
8833,61
8834,61
8835,61
8836,61
8837,61
8838,61
8839,61
8840,61
8841,61
8842,61
8843,61
8844,60
8845,61
8846,61
8847,61
8848,61
8849,61
8850,61
8851,61
8852,61
8853,61
8854,61
8855,61
8856,61
8857,61
8858,61
8859,61
8860,61
8861,61
8862,61
8863,61
8864,61
8865,61
8866,61
8867,61
8868,61
8869,61
8870,61
8871,61
8872,60
8873,61
8874,61
8875,61
8876,61
8877,61
8878,61
8879,61
8880,61
8881,61
8882,61
8883,61
8884,61
8885,61
8886,61
8887,61
8888,61
8889,61
8890,61
8891,61
8892,61
8893,60
8894,61
8895,61
8896,61
8897,61
8898,61
8899,61
8900,61
8901,61
8902,61
8903,61
8904,61
8905,61
8906,61
8907,61
8908,61
8909,61
8910,61
8911,61
8912,61
8913,61
8914,61
8915,61
8916,61
8917,60
8918,61
8919,61
8920,61
8921,61
8922,61
8923,61
8924,61
8925,61
8926,61
8927,61
8928,61
8929,61
8930,61
8931,61
8932,61
8933,61
8934,61
8935,61
8936,61
8937,61
8938,61
8939,61
8940,61
8941,61
8942,61
8943,61
8944,61
8945,61
8946,61
8947,61
8948,61
8949,61
8950,61
8951,61
8952,61
8953,61
8954,61
8955,61
8956,61
8957,61
8958,61
8959,61
8960,61
8961,61
8962,61
8963,61
8964,61
8965,61
8966,61
8967,61
8968,61
8969,61
8970,61
8971,61
8972,61
8973,61
8974,61
8975,61
8976,61
8977,61
8978,61
8979,60
8980,61
8981,61
8982,61
8983,61
8984,61
8985,61
8986,61
8987,61
8988,61
8989,61
8990,61
8991,61
8992,61
8993,61
8994,61
8995,61
8996,61
8997,61
8998,61
8999,61
9000,61
9001,61
9002,61
9003,61
9004,61
9005,61
9006,61
9007,61
9008,61
9009,61
9010,61
9011,61
9012,61
9013,61
9014,61
9015,61
9016,61
9017,61
9018,61
9019,61
9020,61
9021,61
9022,61
9023,61
9024,61
9025,60
9026,61
9027,61
9028,61
9029,60
9030,61
9031,61
9032,60
9033,61
9034,61
9035,61
9036,61
9037,61
9038,61
9039,61
9040,61
9041,61
9042,61
9043,61
9044,61
9045,61
9046,61
9047,61
9048,61
9049,61
9050,61
9051,61
9052,61
9053,61
9054,61
9055,61
9056,61
9057,61
9058,61
9059,61
9060,61
9061,61
9062,61
9063,61
9064,61
9065,61
9066,61
9067,61
9068,61
9069,61
9070,61
9071,61
9072,61
9073,61
9074,61
9075,61
9076,61
9077,61
9078,61
9079,61
9080,61
9081,61
9082,61
9083,61
9084,61
9085,61
9086,61
9087,61
9088,61
9089,61
9090,61
9091,60
9092,61
9093,61
9094,61
9095,61
9096,61
9097,61
9098,61
9099,61
9100,61
9101,61
9102,61
9103,61
9104,61
9105,61
9106,61
9107,61
9108,61
9109,61
9110,61
9111,61
9112,61
9113,61
9114,61
9115,61
9116,61
9117,61
9118,61
9119,61
9120,61
9121,61
9122,61
9123,61
9124,61
9125,61
9126,61
9127,61
9128,61
9129,61
9130,61
9131,61
9132,61
9133,61
9134,61
9135,61
9136,61
9137,61
9138,61
9139,61
9140,61
9141,60
9142,61
9143,61
9144,61
9145,61
9146,61
9147,61
9148,61
9149,61
9150,61
9151,61
9152,61
9153,61
9154,61
9155,61
9156,60
9157,61
9158,61
9159,61
9160,60
9161,61
9162,61
9163,61
9164,61
9165,61
9166,61
9167,61
9168,61
9169,61
9170,61
9171,61
9172,61
9173,61
9174,61
9175,61
9176,61
9177,61
9178,61
9179,61
9180,61
9181,61
9182,61
9183,61
9184,61
9185,61
9186,61
9187,61
9188,61
9189,61
9190,61
9191,61
9192,61
9193,61
9194,61
9195,61
9196,60
9197,61
9198,61
9199,61
9200,61
9201,61
9202,61
9203,61
9204,61
9205,61
9206,61
9207,61
9208,61
9209,61
9210,61
9211,61
9212,60
9213,60
9214,61
9215,61
9216,61
9217,61
9218,60
9219,61
9220,61
9221,60
9222,61
9223,61
9224,61
9225,61
9226,61
9227,61
9228,61
9229,61
9230,61
9231,61
9232,61
9233,61
9234,61
9235,61
9236,61
9237,61
9238,61
9239,61
9240,61
9241,61
9242,61
9243,61
9244,61
9245,61
9246,61
9247,61
9248,61
9249,61
9250,61
9251,61
9252,61
9253,61
9254,61
9255,61
9256,61
9257,60
9258,61
9259,61
9260,61
9261,61
9262,61
9263,61
9264,61
9265,61
9266,61
9267,61
9268,61
9269,61
9270,61
9271,60
9272,61
9273,61
9274,61
9275,61
9276,61
9277,61
9278,61
9279,61
9280,61
9281,61
9282,61
9283,61
9284,61
9285,61
9286,61
9287,61
9288,61
9289,61
9290,61
9291,61
9292,61
9293,61
9294,61
9295,61
9296,61
9297,61
9298,61
9299,60
9300,61
9301,61
9302,61
9303,61
9304,61
9305,61
9306,61
9307,61
9308,61
9309,61
9310,61
9311,61
9312,61
9313,61
9314,61
9315,61
9316,60
9317,61
9318,61
9319,60
9320,61
9321,61
9322,61
9323,61
9324,61
9325,60
9326,61
9327,61
9328,61
9329,61
9330,61
9331,61
9332,61
9333,61
9334,61
9335,61
9336,61
9337,61
9338,61
9339,61
9340,61
9341,60
9342,61
9343,61
9344,61
9345,61
9346,61
9347,61
9348,61
9349,61
9350,61
9351,61
9352,61
9353,61
9354,61
9355,61
9356,61
9357,61
9358,61
9359,61
9360,61
9361,0
9362,0
9363,0
9364,0
9365,61
9366,61
9367,61
9368,61
9369,61
9370,61
9371,61
9372,61
9373,61
9374,61
9375,61
9376,61
9377,61
9378,61
9379,61
9380,61
9381,61
9382,61
9383,61
9384,61
9385,61
9386,61
9387,61
9388,61
9389,61
9390,61
9391,61
9392,61
9393,61
9394,61
9395,61
9396,61
9397,61
9398,61
9399,61
9400,61
9401,60
9402,61
9403,61
9404,61
9405,61
9406,61
9407,61
9408,61
9409,61
9410,61
9411,61
9412,61
9413,61
9414,61
9415,60
9416,61
9417,61
9418,61
9419,61
9420,61
9421,61
9422,61
9423,61
9424,61
9425,61
9426,61
9427,61
9428,61
9429,61
9430,61
9431,61
9432,61
9433,61
9434,61
9435,61
9436,61
9437,61
9438,61
9439,61
9440,61
9441,60
9442,61
9443,61
9444,61
9445,61
9446,61
9447,61
9448,61
9449,60
9450,61
9451,61
9452,61
9453,61
9454,61
9455,61
9456,61
9457,61
9458,61
9459,61
9460,61
9461,61
9462,61
9463,61
9464,61
9465,61
9466,61
9467,61
9468,61
9469,61
9470,61
9471,61
9472,61
9473,61
9474,61
9475,61
9476,61
9477,61
9478,61
9479,61
9480,61
9481,61
9482,61
9483,61
9484,61
9485,61
9486,61
9487,61
9488,61
9489,61
9490,61
9491,61
9492,61
9493,61
9494,61
9495,61
9496,61
9497,61
9498,61
9499,61
9500,61
9501,61
9502,61
9503,61
9504,61
9505,61
9506,61
9507,61
9508,61
9509,61
9510,61
9511,61
9512,61
9513,61
9514,61
9515,61
9516,61
9517,61
9518,61
9519,61
9520,60
9521,61
9522,61
9523,61
9524,61
9525,61
9526,61
9527,61
9528,61
9529,60
9530,61
9531,61
9532,61
9533,61
9534,61
9535,60
9536,61
9537,61
9538,61
9539,61
9540,61
9541,61
9542,61
9543,61
9544,61
9545,61
9546,61
9547,61
9548,61
9549,61
9550,61
9551,61
9552,61
9553,61
9554,61
9555,61
9556,61
9557,61
9558,61
9559,61
9560,61
9561,60
9562,61
9563,61
9564,61
9565,61
9566,61
9567,61
9568,60
9569,61
9570,61
9571,61
9572,61
9573,61
9574,61
9575,61
9576,61
9577,61
9578,61
9579,61
9580,61
9581,61
9582,61
9583,61
9584,61
9585,61
9586,61
9587,61
9588,61
9589,61
9590,61
9591,61
9592,61
9593,61
9594,61
9595,61
9596,61
9597,61
9598,61
9599,61
9600,61
9601,61
9602,61
9603,61
9604,61
9605,61
9606,61
9607,61
9608,61
9609,61
9610,61
9611,61
9612,61
9613,61
9614,61
9615,60
9616,61
9617,61
9618,61
9619,61
9620,61
9621,61
9622,61
9623,61
9624,61
9625,61
9626,61
9627,61
9628,61
9629,61
9630,61
9631,61
9632,61
9633,61
9634,61
9635,61
9636,61
9637,61
9638,61
9639,61
9640,61
9641,61
9642,61
9643,61
9644,61
9645,61
9646,61
9647,61
9648,61
9649,61
9650,61
9651,61
9652,61
9653,61
9654,61
9655,61
9656,61
9657,61
9658,60
9659,61
9660,61
9661,61
9662,61
9663,61
9664,61
9665,61
9666,61
9667,61
9668,61
9669,61
9670,61
9671,61
9672,61
9673,61
9674,61
9675,61
9676,61
9677,61
9678,61
9679,61
9680,61
9681,61
9682,61
9683,61
9684,61
9685,61
9686,61
9687,61
9688,61
9689,61
9690,61
9691,61
9692,61
9693,61
9694,61
9695,61
9696,61
9697,61
9698,61
9699,61
9700,61
9701,61
9702,61
9703,61
9704,61
9705,61
9706,61
9707,61
9708,61
9709,61
9710,61
9711,61
9712,61
9713,60
9714,61
9715,61
9716,61
9717,61
9718,61
9719,61
9720,61
9721,61
9722,61
9723,61
9724,61
9725,61
9726,61
9727,61
9728,61
9729,61
9730,61
9731,61
9732,61
9733,61
9734,61
9735,61
9736,61
9737,61
9738,61
9739,61
9740,61
9741,60
9742,60
9743,61
9744,61
9745,61
9746,61
9747,61
9748,61
9749,61
9750,60
9751,61
9752,61
9753,61
9754,61
9755,61
9756,61
9757,61
9758,61
9759,61
9760,61
9761,61
9762,61
9763,61
9764,61
9765,61
9766,61
9767,61
9768,61
9769,61
9770,61
9771,61
9772,61
9773,61
9774,61
9775,61
9776,61
9777,61
9778,61
9779,61
9780,61
9781,61
9782,60
9783,61
9784,61
9785,61
9786,61
9787,61
9788,61
9789,61
9790,61
9791,61
9792,61
9793,61
9794,61
9795,61
9796,61
9797,61
9798,61
9799,61
9800,61
9801,61
9802,61
9803,61
9804,61
9805,61
9806,61
9807,61
9808,61
9809,61
9810,61
9811,61
9812,60
9813,61
9814,61
9815,61
9816,61
9817,61
9818,61
9819,61
9820,61
9821,61
9822,61
9823,61
9824,61
9825,61
9826,61
9827,61
9828,61
9829,61
9830,61
9831,61
9832,61
9833,60
9834,61
9835,60
9836,61
9837,61
9838,61
9839,61
9840,61
9841,61
9842,61
9843,61
9844,61
9845,61
9846,61
9847,60
9848,61
9849,61
9850,61
9851,61
9852,61
9853,61
9854,61
9855,61
9856,61
9857,61
9858,61
9859,61
9860,61
9861,61
9862,61
9863,61
9864,61
9865,61
9866,61
9867,61
9868,61
9869,61
9870,61
9871,61
9872,61
9873,61
9874,61
9875,61
9876,61
9877,61
9878,61
9879,61
9880,61
9881,61
9882,61
9883,61
9884,61
9885,61
9886,61
9887,61
9888,61
9889,61
9890,61
9891,61
9892,61
9893,61
9894,61
9895,61
9896,61
9897,61
9898,61
9899,61
9900,61
9901,61
9902,61
9903,61
9904,61
9905,60
9906,61
9907,61
9908,61
9909,61
9910,61
9911,60
9912,61
9913,61
9914,61
9915,61
9916,61
9917,61
9918,61
9919,61
9920,61
9921,61
9922,61
9923,61
9924,61
9925,61
9926,61
9927,61
9928,60
9929,61
9930,61
9931,61
9932,61
9933,61
9934,61
9935,61
9936,61
9937,61
9938,61
9939,61
9940,61
9941,61
9942,61
9943,61
9944,61
9945,61
9946,61
9947,61
9948,61
9949,61
9950,61
9951,61
9952,61
9953,61
9954,61
9955,61
9956,61
9957,61
9958,61
9959,61
9960,61
9961,61
9962,61
9963,61
9964,61
9965,61
9966,61
9967,61
9968,61
9969,61
9970,61
9971,61
9972,61
9973,61
9974,61
9975,61
9976,61
9977,61
9978,61
9979,61
9980,61
9981,61
9982,61
9983,61
9984,61
9985,61
9986,61
9987,61
9988,61
9989,61
9990,61
9991,61
9992,61
9993,61
9994,61
9995,61
9996,61
9997,61
9998,61
9999,61
10000,61
10001,61
10002,61
10003,61
10004,61
10005,61
10006,61
10007,61
10008,61
10009,61
10010,61
10011,61
10012,61
10013,61
10014,60
10015,61
10016,61
10017,61
10018,61
10019,61
10020,61
10021,61
10022,61
10023,61
10024,61
10025,61
10026,61
10027,61
10028,61
10029,61
10030,61
10031,61
10032,61
10033,61
10034,61
10035,61
10036,61
10037,61
10038,61
10039,61
10040,61
10041,61
10042,61
10043,61
10044,61
10045,61
10046,61
10047,61
10048,61
10049,61
10050,61
10051,61
10052,61
10053,60
10054,61
10055,61
10056,61
10057,61
10058,61
10059,61
10060,61
10061,61
10062,61
10063,61
10064,61
10065,61
10066,60
10067,61
10068,61
10069,61
10070,61
10071,61
10072,61
10073,61
10074,61
10075,60
10076,61
10077,61
10078,60
10079,61
10080,61
10081,60
10082,61
10083,61
10084,61
10085,61
10086,61
10087,61
10088,61
10089,61
10090,61
10091,61
10092,61
10093,61
10094,61
10095,60
10096,61
10097,61
10098,61
10099,61
10100,61
10101,61
10102,61
10103,61
10104,60
10105,61
10106,61
10107,61
10108,61
10109,61
10110,61
10111,61
10112,61
10113,61
10114,61
10115,61
10116,61
10117,61
10118,61
10119,61
10120,61
10121,61
10122,61
10123,61
10124,61
10125,61
10126,61
10127,61
10128,61
10129,61
10130,61
10131,61
10132,61
10133,61
10134,61
10135,61
10136,61
10137,60
10138,61
10139,61
10140,60
10141,61
10142,61
10143,61
10144,61
10145,61
10146,61
10147,61
10148,61
10149,61
10150,61
10151,61
10152,61
10153,61
10154,61
10155,61
10156,61
10157,61
10158,61
10159,61
10160,61
10161,61
10162,61
10163,61
10164,61
10165,61
10166,61
10167,61
10168,61
10169,61
10170,61
10171,61
10172,61
10173,61
10174,61
10175,61
10176,61
10177,61
10178,61
10179,61
10180,61
10181,61
10182,61
10183,61
10184,61
10185,61
10186,61
10187,61
10188,61
10189,61
10190,61
10191,61
10192,61
10193,61
10194,61
10195,61
10196,61
10197,61
10198,61
10199,61
10200,61
10201,61
10202,60
10203,61
10204,61
10205,61
10206,61
10207,61
10208,61
10209,61
10210,61
10211,61
10212,61
10213,61
10214,61
10215,61
10216,61
10217,61
10218,61
10219,61
10220,61
10221,61
10222,61
10223,61
10224,61
10225,61
10226,61
10227,61
10228,61
10229,61
10230,61
10231,61
10232,61
10233,61
10234,61
10235,61
10236,61
10237,61
10238,61
10239,61
10240,61
10241,61
10242,61
10243,61
10244,61
10245,61
10246,61
10247,61
10248,61
10249,61
10250,61
10251,61
10252,61
10253,61
10254,61
10255,61
10256,61
10257,61
10258,61
10259,61
10260,61
10261,61
10262,61
10263,61
10264,61
10265,61
10266,61
10267,61
10268,61
10269,61
10270,61
10271,61
10272,61
10273,61
10274,61
10275,61
10276,61
10277,61
10278,61
10279,61
10280,61
10281,61
10282,61
10283,60
10284,60
10285,61
10286,61
10287,61
10288,60
10289,61
10290,61
10291,61
10292,61
10293,61
10294,61
10295,61
10296,61
10297,61
10298,61
10299,61
10300,61
10301,61
10302,61
10303,61
10304,61
10305,61
10306,61
10307,61
10308,61
10309,61
10310,61
10311,61
10312,61
10313,61
10314,61
10315,61
10316,61
10317,60
10318,61
10319,61
10320,61
10321,61
10322,61
10323,61
10324,61
10325,61
10326,61
10327,60
10328,61
10329,61
10330,61
10331,61
10332,61
10333,61
10334,61
10335,61
10336,61
10337,61
10338,61
10339,61
10340,61
10341,61
10342,61
10343,61
10344,61
10345,61
10346,61
10347,61
10348,61
10349,61
10350,61
10351,61
10352,61
10353,61
10354,61
10355,61
10356,61
10357,61
10358,61
10359,61
10360,61
10361,61
10362,61
10363,61
10364,61
10365,61
10366,61
10367,61
10368,61
10369,61
10370,61
10371,61
10372,61
10373,61
10374,61
10375,61
10376,60
10377,61
10378,61
10379,61
10380,61
10381,61
10382,61
10383,61
10384,61
10385,61
10386,61
10387,61
10388,61
10389,61
10390,61
10391,61
10392,61
10393,61
10394,61
10395,61
10396,61
10397,61
10398,61
10399,61
10400,61
10401,61
10402,61
10403,61
10404,61
10405,61
10406,61
10407,61
10408,61
10409,61
10410,61
10411,61
10412,61
10413,61
10414,61
10415,61
10416,61
10417,61
10418,61
10419,61
10420,61
10421,61
10422,61
10423,61
10424,61
10425,61
10426,61
10427,61
10428,61
10429,61
10430,61
10431,61
10432,61
10433,61
10434,61
10435,61
10436,61
10437,61
10438,61
10439,61
10440,61
10441,61
10442,61
10443,61
10444,61
10445,61
10446,61
10447,61
10448,61
10449,61
10450,61
10451,61
10452,61
10453,61
10454,61
10455,60
10456,61
10457,61
10458,61
10459,60
10460,61
10461,61
10462,61
10463,61
10464,61
10465,61
10466,61
10467,61
10468,61
10469,61
10470,61
10471,61
10472,61
10473,60
10474,61
10475,61
10476,61
10477,61
10478,60
10479,61
10480,61
10481,61
10482,61
10483,61
10484,61
10485,61
10486,61
10487,61
10488,61
10489,61
10490,61
10491,61
10492,61
10493,61
10494,61
10495,61
10496,61
10497,61
10498,61
10499,61
10500,61
10501,61
10502,61
10503,61
10504,61
10505,61
10506,61
10507,61
10508,61
10509,61
10510,61
10511,61
10512,61
10513,61
10514,61
10515,61
10516,61
10517,61
10518,61
10519,61
10520,61
10521,61
10522,61
10523,61
10524,61
10525,61
10526,61
10527,61
10528,61
10529,61
10530,61
10531,61
10532,61
10533,61
10534,60
10535,61
10536,61
10537,61
10538,61
10539,61
10540,61
10541,61
10542,61
10543,61
10544,61
10545,61
10546,61
10547,61
10548,61
10549,61
10550,61
10551,61
10552,61
10553,61
10554,61
10555,61
10556,61
10557,61
10558,61
10559,61
10560,61
10561,61
10562,61
10563,61
10564,61
10565,61
10566,61
10567,61
10568,61
10569,61
10570,61
10571,61
10572,61
10573,61
10574,61
10575,61
10576,61
10577,61
10578,61
10579,61
10580,61
10581,61
10582,61
10583,61
10584,61
10585,61
10586,61
10587,61
10588,61
10589,61
10590,61
10591,61
10592,61
10593,61
10594,61
10595,61
10596,61
10597,61
10598,61
10599,61
10600,61
10601,61
10602,61
10603,61
10604,61
10605,61
10606,61
10607,61
10608,61
10609,61
10610,61
10611,61
10612,61
10613,61
10614,61
10615,61
10616,61
10617,61
10618,61
10619,61
10620,61
10621,61
10622,61
10623,60
10624,61
10625,61
10626,61
10627,61
10628,61
10629,61
10630,61
10631,61
10632,61
10633,61
10634,61
10635,61
10636,61
10637,61
10638,61
10639,61
10640,61
10641,61
10642,61
10643,61
10644,61
10645,61
10646,61
10647,61
10648,61
10649,61
10650,61
10651,61
10652,61
10653,61
10654,61
10655,61
10656,61
10657,61
10658,61
10659,61
10660,61
10661,61
10662,61
10663,61
10664,61
10665,61
10666,61
10667,61
10668,61
10669,60
10670,61
10671,61
10672,61
10673,61
10674,61
10675,61
10676,61
10677,61
10678,61
10679,61
10680,61
10681,60
10682,61
10683,61
10684,61
10685,61
10686,61
10687,61
10688,61
10689,61
10690,61
10691,60
10692,61
10693,61
10694,61
10695,61
10696,61
10697,61
10698,61
10699,61
10700,61
10701,61
10702,61
10703,61
10704,61
10705,61
10706,61
10707,61
10708,61
10709,61
10710,61
10711,61
10712,61
10713,61
10714,61
10715,61
10716,61
10717,61
10718,61
10719,61
10720,61
10721,61
10722,61
10723,61
10724,61
10725,61
10726,61
10727,61
10728,61
10729,61
10730,61
10731,61
10732,61
10733,61
10734,61
10735,61
10736,61
10737,61
10738,61
10739,61
10740,61
10741,61
10742,61
10743,61
10744,61
10745,61
10746,61
10747,61
10748,61
10749,61
10750,61
10751,61
10752,61
10753,61
10754,61
10755,60
10756,61
10757,61
10758,61
10759,61
10760,61
10761,61
10762,61
10763,61
10764,61
10765,61
10766,61
10767,61
10768,61
10769,61
10770,61
10771,61
10772,61
10773,61
10774,61
10775,61
10776,61
10777,61
10778,61
10779,61
10780,61
10781,61
10782,61
10783,61
10784,61
10785,61
10786,61
10787,61
10788,61
10789,61
10790,61
10791,61
10792,61
10793,61
10794,61
10795,61
10796,61
10797,61
10798,61
10799,61
10800,61
10801,61
10802,61
10803,61
10804,61
10805,60
10806,61
10807,61
10808,61
10809,61
10810,61
10811,61
10812,61
10813,61
10814,61
10815,61
10816,61
10817,61
10818,61
10819,61
10820,61
10821,61
10822,61
10823,61
10824,61
10825,61
10826,61
10827,61
10828,61
10829,61
10830,61
10831,61
10832,61
10833,61
10834,61
10835,61
10836,61
10837,61
10838,61
10839,61
10840,61
10841,61
10842,61
10843,61
10844,61
10845,61
10846,61
10847,61
10848,61
10849,61
10850,61
10851,61
10852,61
10853,61
10854,61
10855,61
10856,61
10857,61
10858,61
10859,61
10860,61
10861,61
10862,61
10863,61
10864,61
10865,61
10866,61
10867,60
10868,61
10869,61
10870,61
10871,61
10872,61
10873,61
10874,61
10875,61
10876,61
10877,61
10878,61
10879,61
10880,61
10881,61
10882,61
10883,61
10884,61
10885,61
10886,61
10887,61
10888,61
10889,61
10890,61
10891,61
10892,61
10893,61
10894,61
10895,61
10896,61
10897,61
10898,61
10899,61
10900,61
10901,61
10902,61
10903,61
10904,61
10905,61
10906,61
10907,61
10908,61
10909,61
10910,61
10911,61
10912,61
10913,61
10914,61
10915,61
10916,61
10917,61
10918,61
10919,61
10920,61
10921,61
10922,61
10923,61
10924,61
10925,61
10926,61
10927,61
10928,61
10929,61
10930,61
10931,61
10932,61
10933,61
10934,61
10935,61
10936,61
10937,61
10938,61
10939,61
10940,61
10941,61
10942,61
10943,61
10944,61
10945,61
10946,61
10947,61
10948,61
10949,61
10950,61
10951,61
10952,61
10953,61
10954,61
10955,61
10956,61
10957,61
10958,61
10959,61
10960,61
10961,61
10962,61
10963,61
10964,61
10965,61
10966,61
10967,61
10968,61
10969,60
10970,61
10971,61
10972,61
10973,61
10974,61
10975,61
10976,61
10977,61
10978,61
10979,61
10980,61
10981,61
10982,61
10983,60
10984,61
10985,61
10986,61
10987,61
10988,61
10989,61
10990,61
10991,61
10992,61
10993,61
10994,61
10995,61
10996,61
10997,61
10998,61
10999,61
11000,61
11001,61
11002,61
11003,61
11004,61
11005,61
11006,61
11007,61
11008,61
11009,61
11010,61
11011,61
11012,61
11013,61
11014,61
11015,61
11016,61
11017,61
11018,61
11019,61
11020,61
11021,61
11022,61
11023,61
11024,60
11025,61
11026,61
11027,61
11028,61
11029,61
11030,61
11031,60
11032,61
11033,61
11034,61
11035,61
11036,61
11037,61
11038,61
11039,61
11040,61
11041,61
11042,61
11043,61
11044,61
11045,61
11046,61
11047,61
11048,61
11049,61
11050,61
11051,61
11052,61
11053,61
11054,61
11055,61
11056,61
11057,61
11058,61
11059,61
11060,61
11061,61
11062,61
11063,61
11064,61
11065,60
11066,61
11067,61
11068,61
11069,60
11070,61
11071,61
11072,61
11073,61
11074,61
11075,61
11076,61
11077,61
11078,61
11079,61
11080,61
11081,61
11082,61
11083,61
11084,61
11085,61
11086,61
11087,61
11088,61
11089,61
11090,61
11091,61
11092,61
11093,61
11094,61
11095,61
11096,61
11097,61
11098,61
11099,61
11100,61
11101,61
11102,61
11103,61
11104,61
11105,61
11106,61
11107,61
11108,61
11109,61
11110,61
11111,61
11112,61
11113,61
11114,61
11115,61
11116,61
11117,61
11118,61
11119,61
11120,61
11121,61
11122,61
11123,61
11124,61
11125,61
11126,61
11127,60
11128,61
11129,61
11130,61
11131,61
11132,61
11133,61
11134,61
11135,61
11136,61
11137,61
11138,61
11139,61
11140,61
11141,61
11142,61
11143,61
11144,61
11145,61
11146,61
11147,61
11148,61
11149,61
11150,61
11151,61
11152,61
11153,61
11154,61
11155,61
11156,61
11157,61
11158,61
11159,61
11160,61
11161,61
11162,61
11163,60
11164,61
11165,61
11166,61
11167,61
11168,61
11169,61
11170,61
11171,61
11172,61
11173,61
11174,61
11175,61
11176,61
11177,61
11178,61
11179,61
11180,61
11181,61
11182,61
11183,61
11184,61
11185,61
11186,61
11187,61
11188,61
11189,61
11190,61
11191,61
11192,61
11193,61
11194,60
11195,61
11196,61
11197,61
11198,61
11199,61
11200,61
11201,61
11202,61
11203,61
11204,61
11205,61
11206,61
11207,61
11208,61
11209,61
11210,61
11211,61
11212,61
11213,61
11214,61
11215,61
11216,61
11217,61
11218,61
11219,61
11220,61
11221,60
11222,61
11223,61
11224,61
11225,61
11226,61
11227,61
11228,61
11229,61
11230,60
11231,61
11232,60
11233,61
11234,61
11235,61
11236,61
11237,61
11238,61
11239,60
11240,61
11241,61
11242,61
11243,61
11244,61
11245,61
11246,61
11247,61
11248,61
11249,61
11250,61
11251,61
11252,60
11253,61
11254,61
11255,61
11256,61
11257,61
11258,60
11259,61
11260,61
11261,61
11262,61
11263,61
11264,61
11265,61
11266,61
11267,61
11268,61
11269,61
11270,61
11271,61
11272,61
11273,61
11274,61
11275,61
11276,61
11277,61
11278,61
11279,61
11280,61
11281,61
11282,61
11283,61
11284,61
11285,61
11286,61
11287,61
11288,60
11289,61
11290,61
11291,61
11292,61
11293,60
11294,61
11295,61
11296,61
11297,61
11298,61
11299,61
11300,61
11301,61
11302,61
11303,61
11304,61
11305,61
11306,61
11307,61
11308,61
11309,61
11310,61
11311,60
11312,61
11313,61
11314,61
11315,61
11316,61
11317,61
11318,61
11319,61
11320,61
11321,61
11322,61
11323,61
11324,61
11325,61
11326,61
11327,61
11328,61
11329,61
11330,61
11331,61
11332,61
11333,61
11334,61
11335,61
11336,61
11337,61
11338,61
11339,61
11340,61
11341,61
11342,61
11343,61
11344,61
11345,61
11346,61
11347,61
11348,61
11349,61
11350,61
11351,61
11352,61
11353,61
11354,61
11355,61
11356,61
11357,60
11358,61
11359,61
11360,61
11361,61
11362,61
11363,61
11364,61
11365,60
11366,61
11367,61
11368,60
11369,61
11370,61
11371,61
11372,61
11373,61
11374,61
11375,61
11376,61
11377,60
11378,61
11379,61
11380,61
11381,61
11382,61
11383,61
11384,61
11385,61
11386,61
11387,61
11388,61
11389,61
11390,61
11391,61
11392,61
11393,61
11394,61
11395,61
11396,61
11397,61
11398,61
11399,61
11400,61
11401,61
11402,61
11403,60
11404,61
11405,61
11406,61
11407,61
11408,61
11409,61
11410,61
11411,61
11412,61
11413,61
11414,61
11415,61
11416,60
11417,61
11418,61
11419,61
11420,61
11421,61
11422,61
11423,61
11424,61
11425,61
11426,61
11427,61
11428,61
11429,61
11430,61
11431,61
11432,61
11433,61
11434,61
11435,61
11436,61
11437,61
11438,61
11439,61
11440,61
11441,61
11442,61
11443,61
11444,61
11445,60
11446,61
11447,61
11448,61
11449,61
11450,61
11451,61
11452,61
11453,61
11454,61
11455,61
11456,61
11457,61
11458,61
11459,61
11460,60
11461,61
11462,61
11463,61
11464,61
11465,61
11466,61
11467,61
11468,61
11469,61
11470,61
11471,61
11472,61
11473,61
11474,61
11475,61
11476,61
11477,61
11478,61
11479,61
11480,61
11481,61
11482,61
11483,61
11484,61
11485,61
11486,61
11487,61
11488,61
11489,61
11490,61
11491,61
11492,61
11493,61
11494,61
11495,61
11496,61
11497,61
11498,61
11499,61
11500,61
11501,61
11502,61
11503,61
11504,61
11505,61
11506,61
11507,61
11508,61
11509,61
11510,61
11511,61
11512,61
11513,61
11514,61
11515,61
11516,61
11517,61
11518,61
11519,61
11520,61
11521,61
11522,60
11523,61
11524,61
11525,61
11526,61
11527,61
11528,61
11529,61
11530,61
11531,61
11532,61
11533,61
11534,61
11535,61
11536,61
11537,61
11538,61
11539,61
11540,61
11541,61
11542,61
11543,61
11544,61
11545,61
11546,61
11547,61
11548,61
11549,61
11550,61
11551,61
11552,61
11553,61
11554,61
11555,61
11556,61
11557,61
11558,61
11559,61
11560,61
11561,61
11562,61
11563,61
11564,61
11565,61
11566,61
11567,61
11568,61
11569,61
11570,61
11571,61
11572,61
11573,61
11574,61
11575,61
11576,61
11577,61
11578,61
11579,61
11580,61
11581,61
11582,61
11583,61
11584,61
11585,61
11586,61
11587,61
11588,61
11589,61
11590,61
11591,61
11592,61
11593,61
11594,61
11595,61
11596,61
11597,61
11598,61
11599,61
11600,61
11601,61
11602,61
11603,61
11604,61
11605,61
11606,61
11607,61
11608,61
11609,61
11610,61
11611,61
11612,61
11613,61
11614,60
11615,61
11616,61
11617,61
11618,61
11619,61
11620,61
11621,61
11622,61
11623,61
11624,61
11625,61
11626,61
11627,60
11628,61
11629,61
11630,61
11631,61
11632,61
11633,60
11634,61
11635,60
11636,61
11637,61
11638,61
11639,61
11640,61
11641,61
11642,61
11643,61
11644,61
11645,61
11646,61
11647,61
11648,61
11649,61
11650,61
11651,61
11652,61
11653,61
11654,60
11655,61
11656,60
11657,61
11658,60
11659,61
11660,61
11661,61
11662,61
11663,61
11664,61
11665,61
11666,61
11667,61
11668,61
11669,61
11670,61
11671,61
11672,61
11673,61
11674,61
11675,61
11676,61
11677,61
11678,61
11679,61
11680,61
11681,61
11682,61
11683,61
11684,61
11685,61
11686,61
11687,61
11688,60
11689,61
11690,61
11691,61
11692,61
11693,61
11694,61
11695,61
11696,61
11697,61
11698,61
11699,61
11700,61
11701,61
11702,61
11703,61
11704,61
11705,61
11706,60
11707,61
11708,61
11709,61
11710,61
11711,61
11712,61
11713,61
11714,61
11715,61
11716,61
11717,61
11718,61
11719,61
11720,61
11721,61
11722,61
11723,61
11724,61
11725,61
11726,61
11727,61
11728,61
11729,61
11730,61
11731,61
11732,61
11733,61
11734,61
11735,61
11736,61
11737,61
11738,61
11739,61
11740,61
11741,61
11742,61
11743,61
11744,61
11745,61
11746,61
11747,61
11748,61
11749,60
11750,61
11751,61
11752,61
11753,61
11754,61
11755,61
11756,61
11757,61
11758,61
11759,61
11760,61
11761,61
11762,61
11763,61
11764,61
11765,61
11766,61
11767,61
11768,61
11769,61
11770,61
11771,61
11772,60
11773,61
11774,61
11775,61
11776,61
11777,61
11778,61
11779,61
11780,61
11781,61
11782,61
11783,61
11784,61
11785,61
11786,61
11787,61
11788,61
11789,61
11790,61
11791,61
11792,61
11793,61
11794,61
11795,61
11796,61
11797,61
11798,61
11799,61
11800,61
11801,61
11802,61
11803,61
11804,61
11805,61
11806,61
11807,61
11808,61
11809,61
11810,61
11811,61
11812,61
11813,61
11814,61
11815,61
11816,61
11817,61
11818,61
11819,60
11820,61
11821,61
11822,61
11823,61
11824,61
11825,61
11826,61
11827,61
11828,61
11829,61
11830,61
11831,61
11832,61
11833,61
11834,61
11835,61
11836,61
11837,61
11838,61
11839,61
11840,61
11841,61
11842,61
11843,61
11844,61
11845,61
11846,61
11847,61
11848,61
11849,61
11850,61
11851,61
11852,61
11853,61
11854,61
11855,61
11856,61
11857,61
11858,61
11859,61
11860,61
11861,61
11862,61
11863,61
11864,61
11865,61
11866,61
11867,61
11868,61
11869,61
11870,61
11871,61
11872,61
11873,61
11874,61
11875,61
11876,61
11877,61
11878,61
11879,61
11880,60
11881,61
11882,61
11883,61
11884,61
11885,61
11886,61
11887,61
11888,61
11889,61
11890,61
11891,61
11892,61
11893,61
11894,61
11895,61
11896,61
11897,61
11898,61
11899,61
11900,61
11901,61
11902,61
11903,61
11904,61
11905,61
11906,61
11907,61
11908,61
11909,61
11910,61
11911,61
11912,61
11913,61
11914,61
11915,61
11916,61
11917,60
11918,61
11919,61
11920,61
11921,61
11922,61
11923,61
11924,61
11925,61
11926,61
11927,61
11928,61
11929,61
11930,61
11931,61
11932,61
11933,61
11934,61
11935,61
11936,61
11937,61
11938,61
11939,61
11940,60
11941,61
11942,61
11943,61
11944,61
11945,61
11946,61
11947,61
11948,61
11949,61
11950,61
11951,61
11952,61
11953,61
11954,61
11955,61
11956,61
11957,61
11958,60
11959,61
11960,61
11961,61
11962,61
11963,61
11964,61
11965,61
11966,61
11967,61
11968,61
11969,60
11970,61
11971,61
11972,61
11973,61
11974,61
11975,61
11976,60
11977,61
11978,61
11979,61
11980,61
11981,61
11982,61
11983,61
11984,61
11985,61
11986,61
11987,61
11988,61
11989,61
11990,61
11991,61
11992,60
11993,61
11994,60
11995,61
11996,61
11997,61
11998,61
11999,61
12000,61
12001,61
12002,61
12003,61
12004,61
12005,61
12006,61
12007,61
12008,61
12009,61
12010,61
12011,61
12012,61
12013,61
12014,61
12015,61
12016,61
12017,61
12018,61
12019,61
12020,61
12021,61
12022,61
12023,61
12024,61
12025,61
12026,61
12027,61
12028,61
12029,61
12030,61
12031,61
12032,61
12033,61
12034,61
12035,61
12036,61
12037,61
12038,61
12039,61
12040,61
12041,61
12042,61
12043,61
12044,61
12045,61
12046,61
12047,61
12048,61
12049,61
12050,61
12051,61
12052,61
12053,61
12054,61
12055,61
12056,61
12057,61
12058,61
12059,61
12060,61
12061,61
12062,61
12063,61
12064,61
12065,61
12066,61
12067,61
12068,61
12069,61
12070,61
12071,61
12072,61
12073,61
12074,61
12075,61
12076,61
12077,61
12078,61
12079,61
12080,61
12081,61
12082,61
12083,61
12084,61
12085,61
12086,61
12087,61
12088,61
12089,61
12090,61
12091,61
12092,61
12093,60
12094,61
12095,61
12096,61
12097,61
12098,61
12099,61
12100,61
12101,61
12102,60
12103,61
12104,61
12105,61
12106,61
12107,61
12108,61
12109,61
12110,61
12111,61
12112,61
12113,61
12114,61
12115,60
12116,61
12117,61
12118,61
12119,61
12120,61
12121,61
12122,61
12123,61
12124,61
12125,61
12126,61
12127,61
12128,61
12129,61
12130,61
12131,61
12132,61
12133,61
12134,61
12135,61
12136,61
12137,61
12138,61
12139,61
12140,61
12141,61
12142,61
12143,60
12144,61
12145,61
12146,61
12147,61
12148,61
12149,61
12150,61
12151,61
12152,61
12153,61
12154,61
12155,61
12156,61
12157,61
12158,61
12159,61
12160,61
12161,61
12162,61
12163,61
12164,61
12165,61
12166,61
12167,61
12168,61
12169,61
12170,61
12171,61
12172,61
12173,61
12174,60
12175,61
12176,61
12177,61
12178,61
12179,61
12180,61
12181,61
12182,61
12183,60
12184,61
12185,61
12186,61
12187,61
12188,61
12189,61
12190,61
12191,61
12192,61
12193,60
12194,61
12195,61
12196,61
12197,61
12198,61
12199,61
12200,61
12201,61
12202,61
12203,61
12204,61
12205,61
12206,61
12207,61
12208,61
12209,61
12210,60
12211,61
12212,61
12213,61
12214,61
12215,61
12216,61
12217,61
12218,61
12219,60
12220,61
12221,61
12222,61
12223,61
12224,61
12225,60
12226,61
12227,61
12228,61
12229,61
12230,61
12231,61
12232,61
12233,61
12234,61
12235,61
12236,61
12237,61
12238,60
12239,60
12240,61
12241,61
12242,61
12243,61
12244,61
12245,61
12246,61
12247,61
12248,61
12249,61
12250,61
12251,61
12252,61
12253,61
12254,61
12255,61
12256,61
12257,61
12258,61
12259,61
12260,61
12261,61
12262,61
12263,61
12264,61
12265,61
12266,61
12267,61
12268,61
12269,60
12270,61
12271,61
12272,61
12273,61
12274,61
12275,61
12276,61
12277,61
12278,61
12279,61
12280,61
12281,61
12282,61
12283,61
12284,61
12285,61
12286,61
12287,61
12288,61
12289,61
12290,61
12291,61
12292,61
12293,61
12294,61
12295,61
12296,61
12297,61
12298,61
12299,61
12300,61
12301,61
12302,61
12303,61
12304,61
12305,61
12306,61
12307,61
12308,61
12309,61
12310,61
12311,61
12312,61
12313,61
12314,61
12315,61
12316,61
12317,61
12318,61
12319,61
12320,61
12321,61
12322,61
12323,61
12324,61
12325,61
12326,61
12327,61
12328,61
12329,61
12330,61
12331,61
12332,61
12333,61
12334,61
12335,61
12336,61
12337,61
12338,61
12339,61
12340,61
12341,61
12342,61
12343,60
12344,61
12345,61
12346,61
12347,61
12348,61
12349,61
12350,61
12351,60
12352,61
12353,61
12354,61
12355,61
12356,61
12357,61
12358,61
12359,61
12360,61
12361,61
12362,61
12363,61
12364,61
12365,61
12366,61
12367,61
12368,61
12369,61
12370,61
12371,61
12372,61
12373,61
12374,61
12375,61
12376,61
12377,61
12378,61
12379,61
12380,61
12381,61
12382,61
12383,61
12384,61
12385,61
12386,61
12387,61
12388,61
12389,61
12390,61
12391,61
12392,61
12393,61
12394,61
12395,61
12396,61
12397,61
12398,61
12399,61
12400,61
12401,61
12402,61
12403,61
12404,61
12405,61
12406,61
12407,60
12408,61
12409,61
12410,61
12411,61
12412,61
12413,61
12414,61
12415,61
12416,61
12417,61
12418,61
12419,61
12420,61
12421,61
12422,61
12423,61
12424,61
12425,61
12426,61
12427,61
12428,61
12429,61
12430,61
12431,61
12432,61
12433,61
12434,61
12435,61
12436,61
12437,61
12438,61
12439,61
12440,61
12441,61
12442,61
12443,61
12444,61
12445,61
12446,61
12447,61
12448,61
12449,61
12450,61
12451,61
12452,61
12453,61
12454,61
12455,61
12456,61
12457,61
12458,61
12459,61
12460,61
12461,61
12462,61
12463,61
12464,61
12465,61
12466,60
12467,61
12468,61
12469,61
12470,61
12471,61
12472,61
12473,61
12474,61
12475,61
12476,61
12477,61
12478,61
12479,61
12480,61
12481,61
12482,60
12483,61
12484,61
12485,61
12486,61
12487,61
12488,61
12489,61
12490,61
12491,61
12492,61
12493,61
12494,61
12495,60
12496,61
12497,61
12498,61
12499,61
12500,61
12501,61
12502,61
12503,61
12504,61
12505,61
12506,61
12507,61
12508,61
12509,61
12510,61
12511,61
12512,61
12513,61
12514,61
12515,61
12516,61
12517,61
12518,61
12519,61
12520,61
12521,61
12522,61
12523,61
12524,61
12525,61
12526,61
12527,61
12528,61
12529,61
12530,61
12531,61
12532,61
12533,61
12534,61
12535,61
12536,61
12537,61
12538,61
12539,61
12540,61
12541,61
12542,61
12543,61
12544,61
12545,61
12546,61
12547,61
12548,61
12549,61
12550,61
12551,61
12552,61
12553,61
12554,61
12555,61
12556,61
12557,61
12558,61
12559,61
12560,61
12561,61
12562,61
12563,61
12564,61
12565,61
12566,61
12567,61
12568,61
12569,61
12570,61
12571,61
12572,61
12573,61
12574,61
12575,61
12576,61
12577,61
12578,61
12579,61
12580,61
12581,61
12582,61
12583,61
12584,61
12585,61
12586,61
12587,61
12588,61
12589,61
12590,61
12591,61
12592,61
12593,61
12594,61
12595,61
12596,60
12597,61
12598,61
12599,61
12600,61
12601,61
12602,61
12603,61
12604,61
12605,61
12606,60
12607,61
12608,61
12609,61
12610,61
12611,61
12612,61
12613,61
12614,61
12615,61
12616,61
12617,61
12618,61
12619,61
12620,61
12621,61
12622,61
12623,61
12624,61
12625,61
12626,61
12627,61
12628,61
12629,61
12630,61
12631,61
12632,61
12633,61
12634,61
12635,61
12636,61
12637,61
12638,61
12639,61
12640,61
12641,61
12642,61
12643,61
12644,61
12645,61
12646,61
12647,61
12648,61
12649,61
12650,61
12651,61
12652,61
12653,61
12654,61
12655,61
12656,61
12657,61
12658,61
12659,61
12660,61
12661,61
12662,61
12663,61
12664,61
12665,61
12666,61
12667,61
12668,61
12669,61
12670,61
12671,61
12672,61
12673,61
12674,61
12675,61
12676,61
12677,61
12678,61
12679,61
12680,61
12681,61
12682,61
12683,61
12684,61
12685,61
12686,61
12687,61
12688,61
12689,61
12690,61
12691,61
12692,61
12693,61
12694,61
12695,61
12696,61
12697,61
12698,61
12699,61
12700,61
12701,61
12702,61
12703,61
12704,61
12705,61
12706,61
12707,61
12708,61
12709,61
12710,61
12711,61
12712,61
12713,61
12714,61
12715,61
12716,61
12717,61
12718,61
12719,61
12720,61
12721,60
12722,61
12723,61
12724,61
12725,61
12726,61
12727,61
12728,61
12729,61
12730,61
12731,61
12732,61
12733,61
12734,61
12735,61
12736,61
12737,61
12738,61
12739,61
12740,61
12741,61
12742,61
12743,61
12744,61
12745,61
12746,61
12747,61
12748,61
12749,61
12750,61
12751,61
12752,61
12753,61
12754,61
12755,61
12756,61
12757,61
12758,61
12759,61
12760,61
12761,61
12762,61
12763,61
12764,61
12765,61
12766,61
12767,61
12768,61
12769,61
12770,61
12771,61
12772,61
12773,61
12774,61
12775,61
12776,61
12777,61
12778,61
12779,61
12780,61
12781,61
12782,61
12783,61
12784,61
12785,61
12786,61
12787,61
12788,61
12789,61
12790,61
12791,61
12792,61
12793,61
12794,61
12795,61
12796,61
12797,61
12798,61
12799,61
12800,61
12801,61
12802,61
12803,61
12804,61
12805,61
12806,61
12807,61
12808,61
12809,61
12810,61
12811,61
12812,61
12813,61
12814,61
12815,61
12816,61
12817,61
12818,61
12819,61
12820,61
12821,61
12822,61
12823,61
12824,61
12825,61
12826,61
12827,61
12828,61
12829,61
12830,61
12831,61
12832,61
12833,61
12834,60
12835,61
12836,61
12837,61
12838,61
12839,61
12840,61
12841,60
12842,61
12843,61
12844,61
12845,61
12846,61
12847,61
12848,61
12849,61
12850,61
12851,61
12852,61
12853,61
12854,61
12855,61
12856,61
12857,61
12858,61
12859,61
12860,61
12861,60
12862,61
12863,61
12864,61
12865,61
12866,61
12867,61
12868,60
12869,61
12870,61
12871,61
12872,61
12873,61
12874,61
12875,61
12876,61
12877,61
12878,61
12879,61
12880,61
12881,61
12882,61
12883,61
12884,61
12885,61
12886,61
12887,61
12888,61
12889,61
12890,61
12891,61
12892,61
12893,61
12894,61
12895,61
12896,61
12897,61
12898,61
12899,61
12900,61
12901,61
12902,61
12903,61
12904,61
12905,61
12906,61
12907,61
12908,61
12909,61
12910,61
12911,61
12912,61
12913,61
12914,61
12915,61
12916,61
12917,61
12918,61
12919,61
12920,61
12921,61
12922,61
12923,61
12924,61
12925,61
12926,61
12927,61
12928,61
12929,61
12930,61
12931,61
12932,61
12933,61
12934,61
12935,61
12936,61
12937,61
12938,61
12939,61
12940,61
12941,61
12942,61
12943,61
12944,61
12945,61
12946,61
12947,61
12948,61
12949,61
12950,61
12951,61
12952,61
12953,61
12954,61
12955,61
12956,61
12957,61
12958,61
12959,61
12960,61
12961,61
12962,60
12963,61
12964,61
12965,61
12966,61
12967,61
12968,61
12969,61
12970,61
12971,61
12972,61
12973,61
12974,61
12975,61
12976,61
12977,61
12978,61
12979,61
12980,60
12981,61
12982,61
12983,61
12984,61
12985,60
12986,61
12987,61
12988,61
12989,61
12990,61
12991,60
12992,61
12993,61
12994,61
12995,61
12996,61
12997,61
12998,61
12999,61
13000,61
13001,61
13002,61
13003,61
13004,61
13005,61
13006,61
13007,61
13008,61
13009,61
13010,61
13011,61
13012,61
13013,61
13014,61
13015,61
13016,61
13017,61
13018,61
13019,61
13020,61
13021,61
13022,61
13023,61
13024,61
13025,61
13026,61
13027,61
13028,61
13029,61
13030,61
13031,61
13032,61
13033,61
13034,61
13035,61
13036,61
13037,61
13038,61
13039,61
13040,61
13041,61
13042,61
13043,61
13044,61
13045,61
13046,61
13047,61
13048,61
13049,60
13050,61
13051,61
13052,61
13053,61
13054,61
13055,60
13056,61
13057,61
13058,61
13059,61
13060,61
13061,61
13062,61
13063,61
13064,61
13065,61
13066,61
13067,61
13068,60
13069,61
13070,61
13071,61
13072,60
13073,61
13074,61
13075,61
13076,61
13077,61
13078,61
13079,61
13080,61
13081,61
13082,61
13083,61
13084,61
13085,61
13086,61
13087,61
13088,61
13089,61
13090,61
13091,60
13092,61
13093,61
13094,60
13095,61
13096,61
13097,61
13098,61
13099,61
13100,61
13101,61
13102,61
13103,61
13104,61
13105,61
13106,61
13107,61
13108,61
13109,61
13110,61
13111,61
13112,61
13113,61
13114,61
13115,61
13116,61
13117,61
13118,61
13119,61
13120,61
13121,61
13122,61
13123,61
13124,61
13125,61
13126,61
13127,61
13128,61
13129,61
13130,61
13131,61
13132,61
13133,61
13134,61
13135,61
13136,61
13137,61
13138,61
13139,61
13140,61
13141,61
13142,61
13143,61
13144,61
13145,61
13146,61
13147,61
13148,61
13149,61
13150,61
13151,61
13152,61
13153,61
13154,61
13155,61
13156,61
13157,61
13158,61
13159,61
13160,61
13161,61
13162,61
13163,61
13164,61
13165,61
13166,61
13167,61
13168,61
13169,61
13170,61
13171,61
13172,61
13173,61
13174,61
13175,61
13176,61
13177,61
13178,61
13179,61
13180,61
13181,61
13182,61
13183,61
13184,61
13185,61
13186,60
13187,61
13188,61
13189,61
13190,61
13191,61
13192,61
13193,61
13194,60
13195,61
13196,61
13197,61
13198,61
13199,61
13200,61
13201,61
13202,60
13203,60
13204,61
13205,61
13206,61
13207,61
13208,61
13209,61
13210,61
13211,61
13212,61
13213,61
13214,61
13215,61
13216,61
13217,61
13218,61
13219,61
13220,61
13221,61
13222,61
13223,61
13224,61
13225,61
13226,61
13227,60
13228,60
13229,61
13230,61
13231,61
13232,61
13233,61
13234,61
13235,61
13236,61
13237,61
13238,60
13239,61
13240,61
13241,61
13242,61
13243,61
13244,61
13245,61
13246,61
13247,61
13248,61
13249,61
13250,61
13251,61
13252,61
13253,61
13254,61
13255,61
13256,61
13257,61
13258,61
13259,61
13260,61
13261,61
13262,61
13263,61
13264,61
13265,61
13266,61
13267,61
13268,61
13269,61
13270,61
13271,61
13272,61
13273,61
13274,61
13275,61
13276,61
13277,61
13278,61
13279,61
13280,61
13281,60
13282,61
13283,61
13284,61
13285,61
13286,61
13287,61
13288,61
13289,60
13290,61
13291,61
13292,61
13293,61
13294,61
13295,61
13296,61
13297,61
13298,60
13299,61
13300,61
13301,61
13302,61
13303,61
13304,61
13305,61
13306,61
13307,61
13308,61
13309,61
13310,61
13311,61
13312,61
13313,61
13314,61
13315,61
13316,61
13317,61
13318,61
13319,61
13320,61
13321,61
13322,61
13323,61
13324,61
13325,61
13326,61
13327,61
13328,60
13329,61
13330,61
13331,61
13332,61
13333,61
13334,61
13335,60
13336,61
13337,61
13338,61
13339,61
13340,61
13341,61
13342,61
13343,61
13344,61
13345,61
13346,61
13347,61
13348,61
13349,61
13350,61
13351,61
13352,61
13353,61
13354,60
13355,61
13356,60
13357,61
13358,61
13359,61
13360,61
13361,61
13362,61
13363,61
13364,61
13365,61
13366,61
13367,61
13368,61
13369,61
13370,61
13371,61
13372,61
13373,61
13374,61
13375,61
13376,61
13377,61
13378,61
13379,61
13380,61
13381,61
13382,61
13383,61
13384,61
13385,61
13386,61
13387,61
13388,61
13389,61
13390,61
13391,61
13392,61
13393,61
13394,61
13395,61
13396,61
13397,61
13398,61
13399,61
13400,61
13401,61
13402,61
13403,61
13404,61
13405,61
13406,61
13407,61
13408,61
13409,61
13410,61
13411,61
13412,61
13413,61
13414,61
13415,61
13416,61
13417,60
13418,61
13419,61
13420,61
13421,61
13422,61
13423,61
13424,61
13425,60
13426,61
13427,61
13428,61
13429,60
13430,61
13431,61
13432,61
13433,61
13434,61
13435,61
13436,61
13437,61
13438,61
13439,61
13440,61
13441,61
13442,61
13443,61
13444,61
13445,61
13446,61
13447,61
13448,61
13449,61
13450,61
13451,61
13452,61
13453,61
13454,61
13455,61
13456,61
13457,61
13458,61
13459,61
13460,61
13461,61
13462,61
13463,61
13464,61
13465,61
13466,61
13467,61
13468,61
13469,61
13470,61
13471,61
13472,61
13473,61
13474,61
13475,61
13476,61
13477,61
13478,61
13479,61
13480,61
13481,61
13482,61
13483,61
13484,60
13485,61
13486,61
13487,61
13488,61
13489,61
13490,61
13491,61
13492,61
13493,61
13494,61
13495,61
13496,61
13497,61
13498,61
13499,61
13500,61
13501,61
13502,61
13503,61
13504,61
13505,61
13506,61
13507,61
13508,61
13509,61
13510,61
13511,61
13512,61
13513,61
13514,61
13515,61
13516,61
13517,61
13518,61
13519,61
13520,61
13521,61
13522,61
13523,61
13524,60
13525,61
13526,61
13527,61
13528,61
13529,61
13530,61
13531,61
13532,61
13533,61
13534,61
13535,61
13536,61
13537,61
13538,61
13539,61
13540,61
13541,61
13542,61
13543,61
13544,61
13545,61
13546,61
13547,61
13548,61
13549,61
13550,61
13551,61
13552,60
13553,61
13554,61
13555,61
13556,61
13557,61
13558,61
13559,61
13560,61
13561,61
13562,61
13563,61
13564,61
13565,61
13566,61
13567,61
13568,61
13569,61
13570,61
13571,61
13572,61
13573,60
13574,61
13575,61
13576,61
13577,61
13578,61
13579,61
13580,61
13581,61
13582,61
13583,61
13584,61
13585,61
13586,61
13587,61
13588,61
13589,61
13590,61
13591,61
13592,61
13593,61
13594,61
13595,61
13596,61
13597,60
13598,61
13599,61
13600,61
13601,61
13602,61
13603,61
13604,61
13605,61
13606,61
13607,61
13608,61
13609,61
13610,61
13611,61
13612,61
13613,61
13614,61
13615,61
13616,61
13617,61
13618,61
13619,61
13620,61
13621,61
13622,61
13623,61
13624,61
13625,61
13626,61
13627,61
13628,61
13629,61
13630,61
13631,61
13632,61
13633,61
13634,61
13635,61
13636,61
13637,61
13638,61
13639,61
13640,61
13641,61
13642,61
13643,61
13644,61
13645,61
13646,61
13647,61
13648,61
13649,61
13650,61
13651,61
13652,61
13653,61
13654,61
13655,61
13656,61
13657,61
13658,61
13659,60
13660,61
13661,61
13662,61
13663,61
13664,61
13665,61
13666,61
13667,61
13668,61
13669,61
13670,61
13671,61
13672,61
13673,61
13674,61
13675,61
13676,61
13677,61
13678,61
13679,61
13680,61
13681,61
13682,61
13683,61
13684,61
13685,61
13686,61
13687,61
13688,61
13689,61
13690,61
13691,61
13692,61
13693,61
13694,61
13695,61
13696,61
13697,61
13698,61
13699,61
13700,61
13701,61
13702,61
13703,61
13704,61
13705,60
13706,61
13707,61
13708,61
13709,60
13710,61
13711,61
13712,60
13713,61
13714,61
13715,61
13716,61
13717,61
13718,61
13719,61
13720,61
13721,61
13722,61
13723,61
13724,61
13725,61
13726,61
13727,61
13728,61
13729,61
13730,61
13731,61
13732,61
13733,61
13734,61
13735,61
13736,61
13737,61
13738,61
13739,61
13740,61
13741,61
13742,61
13743,61
13744,61
13745,61
13746,61
13747,61
13748,61
13749,61
13750,61
13751,61
13752,61
13753,61
13754,61
13755,61
13756,61
13757,61
13758,61
13759,61
13760,61
13761,61
13762,61
13763,61
13764,61
13765,61
13766,61
13767,61
13768,61
13769,61
13770,61
13771,60
13772,61
13773,61
13774,61
13775,61
13776,61
13777,61
13778,61
13779,61
13780,61
13781,61
13782,61
13783,61
13784,61
13785,61
13786,61
13787,61
13788,61
13789,61
13790,61
13791,61
13792,61
13793,61
13794,61
13795,61
13796,61
13797,61
13798,61
13799,61
13800,61
13801,61
13802,61
13803,61
13804,61
13805,61
13806,61
13807,61
13808,61
13809,61
13810,61
13811,61
13812,61
13813,61
13814,61
13815,61
13816,61
13817,61
13818,61
13819,61
13820,61
13821,60
13822,61
13823,61
13824,61
13825,61
13826,61
13827,61
13828,61
13829,61
13830,61
13831,61
13832,61
13833,61
13834,61
13835,61
13836,60
13837,61
13838,61
13839,61
13840,60
13841,61
13842,61
13843,61
13844,61
13845,61
13846,61
13847,61
13848,61
13849,61
13850,61
13851,61
13852,61
13853,61
13854,61
13855,61
13856,61
13857,61
13858,61
13859,61
13860,61
13861,61
13862,61
13863,61
13864,61
13865,61
13866,61
13867,61
13868,61
13869,61
13870,61
13871,61
13872,61
13873,61
13874,61
13875,61
13876,60
13877,61
13878,61
13879,61
13880,61
13881,61
13882,61
13883,61
13884,61
13885,61
13886,61
13887,61
13888,61
13889,61
13890,61
13891,61
13892,60
13893,60
13894,61
13895,61
13896,61
13897,61
13898,60
13899,61
13900,61
13901,60
13902,61
13903,61
13904,61
13905,61
13906,61
13907,61
13908,61
13909,61
13910,61
13911,61
13912,61
13913,61
13914,61
13915,61
13916,61
13917,61
13918,61
13919,61
13920,61
13921,61
13922,61
13923,61
13924,61
13925,61
13926,61
13927,61
13928,61
13929,61
13930,61
13931,61
13932,61
13933,61
13934,61
13935,61
13936,61
13937,60
13938,61
13939,61
13940,61
13941,61
13942,61
13943,61
13944,61
13945,61
13946,61
13947,61
13948,61
13949,61
13950,61
13951,60
13952,61
13953,61
13954,61
13955,61
13956,61
13957,61
13958,61
13959,61
13960,61
13961,61
13962,61
13963,61
13964,61
13965,61
13966,61
13967,61
13968,61
13969,61
13970,61
13971,61
13972,61
13973,61
13974,61
13975,61
13976,61
13977,61
13978,61
13979,60
13980,61
13981,61
13982,61
13983,61
13984,61
13985,61
13986,61
13987,61
13988,61
13989,61
13990,61
13991,61
13992,61
13993,61
13994,61
13995,61
13996,60
13997,61
13998,61
13999,60
14000,61
14001,61
14002,61
14003,61
14004,61
14005,60
14006,61
14007,61
14008,61
14009,61
14010,61
14011,61
14012,61
14013,61
14014,61
14015,61
14016,61
14017,61
14018,61
14019,61
14020,61
14021,60
14022,61
14023,61
14024,61
14025,61
14026,61
14027,61
14028,61
14029,61
14030,61
14031,61
14032,61
14033,61
14034,61
14035,61
14036,61
14037,61
14038,61
14039,61
14040,61
14041,0
14042,0
14043,0
14044,0
14045,61
14046,61
14047,61
14048,61
14049,61
14050,61
14051,61
14052,61
14053,61
14054,61
14055,61
14056,61
14057,61
14058,61
14059,61
14060,61
14061,61
14062,61
14063,61
14064,61
14065,61
14066,61
14067,61
14068,61
14069,61
14070,61
14071,61
14072,61
14073,61
14074,61
14075,61
14076,61
14077,61
14078,61
14079,61
14080,61
14081,60
14082,61
14083,61
14084,61
14085,61
14086,61
14087,61
14088,61
14089,61
14090,61
14091,61
14092,61
14093,61
14094,61
14095,60
14096,61
14097,61
14098,61
14099,61
14100,61
14101,61
14102,61
14103,61
14104,61
14105,61
14106,61
14107,61
14108,61
14109,61
14110,61
14111,61
14112,61
14113,61
14114,61
14115,61
14116,61
14117,61
14118,61
14119,61
14120,61
14121,60
14122,61
14123,61
14124,61
14125,61
14126,61
14127,61
14128,61
14129,60
14130,61
14131,61
14132,61
14133,61
14134,61
14135,61
14136,61
14137,61
14138,61
14139,61
14140,61
14141,61
14142,61
14143,61
14144,61
14145,61
14146,61
14147,61
14148,61
14149,61
14150,61
14151,61
14152,61
14153,61
14154,61
14155,61
14156,61
14157,61
14158,61
14159,61
14160,61
14161,61
14162,61
14163,61
14164,61
14165,61
14166,61
14167,61
14168,61
14169,61
14170,61
14171,61
14172,61
14173,61
14174,61
14175,61
14176,61
14177,61
14178,61
14179,61
14180,61
14181,61
14182,61
14183,61
14184,61
14185,61
14186,61
14187,61
14188,61
14189,61
14190,61
14191,61
14192,61
14193,61
14194,61
14195,61
14196,61
14197,61
14198,61
14199,61
14200,60
14201,61
14202,61
14203,61
14204,61
14205,61
14206,61
14207,61
14208,61
14209,60
14210,61
14211,61
14212,61
14213,61
14214,61
14215,60
14216,61
14217,61
14218,61
14219,61
14220,61
14221,61
14222,61
14223,61
14224,61
14225,61
14226,61
14227,61
14228,61
14229,61
14230,61
14231,61
14232,61
14233,61
14234,61
14235,61
14236,61
14237,61
14238,61
14239,61
14240,61
14241,60
14242,61
14243,61
14244,61
14245,61
14246,61
14247,61
14248,60
14249,61
14250,61
14251,61
14252,61
14253,61
14254,61
14255,61
14256,61
14257,61
14258,61
14259,61
14260,61
14261,61
14262,61
14263,61
14264,61
14265,61
14266,61
14267,61
14268,61
14269,61
14270,61
14271,61
14272,61
14273,61
14274,61
14275,61
14276,61
14277,61
14278,61
14279,61
14280,61
14281,61
14282,61
14283,61
14284,61
14285,61
14286,61
14287,61
14288,61
14289,61
14290,61
14291,61
14292,61
14293,61
14294,61
14295,60
14296,61
14297,61
14298,61
14299,61
14300,61
14301,61
14302,61
14303,61
14304,61
14305,61
14306,61
14307,61
14308,61
14309,61
14310,61
14311,61
14312,61
14313,61
14314,61
14315,61
14316,61
14317,61
14318,61
14319,61
14320,61
14321,61
14322,61
14323,61
14324,61
14325,61
14326,61
14327,61
14328,61
14329,61
14330,61
14331,61
14332,61
14333,61
14334,61
14335,61
14336,61
14337,61
14338,60
14339,61
14340,61
14341,61
14342,61
14343,61
14344,61
14345,61
14346,61
14347,61
14348,61
14349,61
14350,61
14351,61
14352,61
14353,61
14354,61
14355,61
14356,61
14357,61
14358,61
14359,61
14360,61
14361,61
14362,61
14363,61
14364,61
14365,61
14366,61
14367,61
14368,61
14369,61
14370,61
14371,61
14372,61
14373,61
14374,61
14375,61
14376,61
14377,61
14378,61
14379,61
14380,61
14381,61
14382,61
14383,61
14384,61
14385,61
14386,61
14387,61
14388,61
14389,61
14390,61
14391,61
14392,61
14393,60
14394,61
14395,61
14396,61
14397,61
14398,61
14399,61
14400,61
14401,61
14402,61
14403,61
14404,61
14405,61
14406,61
14407,61
14408,61
14409,61
14410,61
14411,61
14412,61
14413,61
14414,61
14415,61
14416,61
14417,61
14418,61
14419,61
14420,61
14421,60
14422,60
14423,61
14424,61
14425,61
14426,61
14427,61
14428,61
14429,61
14430,60
14431,61
14432,61
14433,61
14434,61
14435,61
14436,61
14437,61
14438,61
14439,61
14440,61
14441,61
14442,61
14443,61
14444,61
14445,61
14446,61
14447,61
14448,61
14449,61
14450,61
14451,61
14452,61
14453,61
14454,61
14455,61
14456,61
14457,61
14458,61
14459,61
14460,61
14461,61
14462,60
14463,61
14464,61
14465,61
14466,61
14467,61
14468,61
14469,61
14470,61
14471,61
14472,61
14473,61
14474,61
14475,61
14476,61
14477,61
14478,61
14479,61
14480,61
14481,61
14482,61
14483,61
14484,61
14485,61
14486,61
14487,61
14488,61
14489,61
14490,61
14491,61
14492,60
14493,61
14494,61
14495,61
14496,61
14497,61
14498,61
14499,61
14500,61
14501,61
14502,61
14503,61
14504,61
14505,61
14506,61
14507,61
14508,61
14509,61
14510,61
14511,61
14512,61
14513,60
14514,61
14515,60
14516,61
14517,61
14518,61
14519,61
14520,61
14521,61
14522,61
14523,61
14524,61
14525,61
14526,61
14527,60
14528,61
14529,61
14530,61
14531,61
14532,61
14533,61
14534,61
14535,61
14536,61
14537,61
14538,61
14539,61
14540,61
14541,61
14542,61
14543,61
14544,61
14545,61
14546,61
14547,61
14548,61
14549,61
14550,61
14551,61
14552,61
14553,61
14554,61
14555,61
14556,61
14557,61
14558,61
14559,61
14560,61
14561,61
14562,61
14563,61
14564,61
14565,61
14566,61
14567,61
14568,61
14569,61
14570,61
14571,61
14572,61
14573,61
14574,61
14575,61
14576,61
14577,61
14578,61
14579,61
14580,61
14581,61
14582,61
14583,61
14584,61
14585,60
14586,61
14587,61
14588,61
14589,61
14590,61
14591,60
14592,61
14593,61
14594,61
14595,61
14596,61
14597,61
14598,61
14599,61
14600,61
14601,61
14602,61
14603,61
14604,61
14605,61
14606,61
14607,61
14608,60
14609,61
14610,61
14611,61
14612,61
14613,61
14614,61
14615,61
14616,61
14617,61
14618,61
14619,61
14620,61
14621,61
14622,61
14623,61
14624,61
14625,61
14626,61
14627,61
14628,61
14629,61
14630,61
14631,61
14632,61
14633,61
14634,61
14635,61
14636,61
14637,61
14638,61
14639,61
14640,61
14641,61
14642,61
14643,61
14644,61
14645,61
14646,61
14647,61
14648,61
14649,61
14650,61
14651,61
14652,61
14653,61
14654,61
14655,61
14656,61
14657,61
14658,61
14659,61
14660,61
14661,61
14662,61
14663,61
14664,61
14665,61
14666,61
14667,61
14668,61
14669,61
14670,61
14671,61
14672,61
14673,61
14674,61
14675,61
14676,61
14677,61
14678,61
14679,61
14680,61
14681,61
14682,61
14683,61
14684,61
14685,61
14686,61
14687,61
14688,61
14689,61
14690,61
14691,61
14692,61
14693,61
14694,60
14695,61
14696,61
14697,61
14698,61
14699,61
14700,61
14701,61
14702,61
14703,61
14704,61
14705,61
14706,61
14707,61
14708,61
14709,61
14710,61
14711,61
14712,61
14713,61
14714,61
14715,61
14716,61
14717,61
14718,61
14719,61
14720,61
14721,61
14722,61
14723,61
14724,61
14725,61
14726,61
14727,61
14728,61
14729,61
14730,61
14731,61
14732,61
14733,60
14734,61
14735,61
14736,61
14737,61
14738,61
14739,61
14740,61
14741,61
14742,61
14743,61
14744,61
14745,61
14746,60
14747,61
14748,61
14749,61
14750,61
14751,61
14752,61
14753,61
14754,61
14755,60
14756,61
14757,61
14758,60
14759,61
14760,61
14761,60
14762,61
14763,61
14764,61
14765,61
14766,61
14767,61
14768,61
14769,61
14770,61
14771,61
14772,61
14773,61
14774,61
14775,60
14776,61
14777,61
14778,61
14779,61
14780,61
14781,61
14782,61
14783,61
14784,60
14785,61
14786,61
14787,61
14788,61
14789,61
14790,61
14791,61
14792,61
14793,61
14794,61
14795,61
14796,61
14797,61
14798,61
14799,61
14800,61
14801,61
14802,61
14803,61
14804,61
14805,61
14806,61
14807,61
14808,61
14809,61
14810,61
14811,61
14812,61
14813,61
14814,61
14815,61
14816,61
14817,60
14818,61
14819,61
14820,60
14821,61
14822,61
14823,61
14824,61
14825,61
14826,61
14827,61
14828,61
14829,61
14830,61
14831,61
14832,61
14833,61
14834,61
14835,61
14836,61
14837,61
14838,61
14839,61
14840,61
14841,61
14842,61
14843,61
14844,61
14845,61
14846,61
14847,61
14848,61
14849,61
14850,61
14851,61
14852,61
14853,61
14854,61
14855,61
14856,61
14857,61
14858,61
14859,61
14860,61
14861,61
14862,61
14863,61
14864,61
14865,61
14866,61
14867,61
14868,61
14869,61
14870,61
14871,61
14872,61
14873,61
14874,61
14875,61
14876,61
14877,61
14878,61
14879,61
14880,61
14881,61
14882,60
14883,61
14884,61
14885,61
14886,61
14887,61
14888,61
14889,61
14890,61
14891,61
14892,61
14893,61
14894,61
14895,61
14896,61
14897,61
14898,61
14899,61
14900,61
14901,61
14902,61
14903,61
14904,61
14905,61
14906,61
14907,61
14908,61
14909,61
14910,61
14911,61
14912,61
14913,61
14914,61
14915,61
14916,61
14917,61
14918,61
14919,61
14920,61
14921,61
14922,61
14923,61
14924,61
14925,61
14926,61
14927,61
14928,61
14929,61
14930,61
14931,61
14932,61
14933,61
14934,61
14935,61
14936,61
14937,61
14938,61
14939,61
14940,61
14941,61
14942,61
14943,61
14944,61
14945,61
14946,61
14947,61
14948,61
14949,61
14950,61
14951,61
14952,61
14953,61
14954,61
14955,61
14956,61
14957,61
14958,61
14959,61
14960,61
14961,61
14962,61
14963,60
14964,60
14965,61
14966,61
14967,61
14968,60
14969,61
14970,61
14971,61
14972,61
14973,61
14974,61
14975,61
14976,61
14977,61
14978,61
14979,61
14980,61
14981,61
14982,61
14983,61
14984,61
14985,61
14986,61
14987,61
14988,61
14989,61
14990,61
14991,61
14992,61
14993,61
14994,61
14995,61
14996,61
14997,60
14998,61
14999,61
15000,61
15001,61
15002,61
15003,61
15004,61
15005,61
15006,61
15007,60
15008,61
15009,61
15010,61
15011,61
15012,61
15013,61
15014,61
15015,61
15016,61
15017,61
15018,61
15019,61
15020,61
15021,61
15022,61
15023,61
15024,61
15025,61
15026,61
15027,61
15028,61
15029,61
15030,61
15031,61
15032,61
15033,61
15034,61
15035,61
15036,61
15037,61
15038,61
15039,61
15040,61
15041,61
15042,61
15043,61
15044,61
15045,61
15046,61
15047,61
15048,61
15049,61
15050,61
15051,61
15052,61
15053,61
15054,61
15055,61
15056,60
15057,61
15058,61
15059,61
15060,61
15061,61
15062,61
15063,61
15064,61
15065,61
15066,61
15067,61
15068,61
15069,61
15070,61
15071,61
15072,61
15073,61
15074,61
15075,61
15076,61
15077,61
15078,61
15079,61
15080,61
15081,61
15082,61
15083,61
15084,61
15085,61
15086,61
15087,61
15088,61
15089,61
15090,61
15091,61
15092,61
15093,61
15094,61
15095,61
15096,61
15097,61
15098,61
15099,61
15100,61
15101,61
15102,61
15103,61
15104,61
15105,61
15106,61
15107,61
15108,61
15109,61
15110,61
15111,61
15112,61
15113,61
15114,61
15115,61
15116,61
15117,61
15118,61
15119,61
15120,61
15121,61
15122,61
15123,61
15124,61
15125,61
15126,61
15127,61
15128,61
15129,61
15130,61
15131,61
15132,61
15133,61
15134,61
15135,60
15136,61
15137,61
15138,61
15139,60
15140,61
15141,61
15142,61
15143,61
15144,61
15145,61
15146,61
15147,61
15148,61
15149,61
15150,61
15151,61
15152,61
15153,60
15154,61
15155,61
15156,61
15157,61
15158,60
15159,61
15160,61
15161,61
15162,61
15163,61
15164,61
15165,61
15166,61
15167,61
15168,61
15169,61
15170,61
15171,61
15172,61
15173,61
15174,61
15175,61
15176,61
15177,61
15178,61
15179,61
15180,61
15181,61
15182,61
15183,61
15184,61
15185,61
15186,61
15187,61
15188,61
15189,61
15190,61
15191,61
15192,61
15193,61
15194,61
15195,61
15196,61
15197,61
15198,61
15199,61
15200,61
15201,61
15202,61
15203,61
15204,61
15205,61
15206,61
15207,61
15208,61
15209,61
15210,61
15211,61
15212,61
15213,61
15214,60
15215,61
15216,61
15217,61
15218,61
15219,61
15220,61
15221,61
15222,61
15223,61
15224,61
15225,61
15226,61
15227,61
15228,61
15229,61
15230,61
15231,61
15232,61
15233,61
15234,61
15235,61
15236,61
15237,61
15238,61
15239,61
15240,61
15241,61
15242,61
15243,61
15244,61
15245,61
15246,61
15247,61
15248,61
15249,61
15250,61
15251,61
15252,61
15253,61
15254,61
15255,61
15256,61
15257,61
15258,61
15259,61
15260,61
15261,61
15262,61
15263,61
15264,61
15265,61
15266,61
15267,61
15268,61
15269,61
15270,61
15271,61
15272,61
15273,61
15274,61
15275,61
15276,61
15277,61
15278,61
15279,61
15280,61
15281,61
15282,61
15283,61
15284,61
15285,61
15286,61
15287,61
15288,61
15289,61
15290,61
15291,61
15292,61
15293,61
15294,61
15295,61
15296,61
15297,61
15298,61
15299,61
15300,61
15301,61
15302,61
15303,60
15304,61
15305,61
15306,61
15307,61
15308,61
15309,61
15310,61
15311,61
15312,61
15313,61
15314,61
15315,61
15316,61
15317,61
15318,61
15319,61
15320,61
15321,61
15322,61
15323,61
15324,61
15325,61
15326,61
15327,61
15328,61
15329,61
15330,61
15331,61
15332,61
15333,61
15334,61
15335,61
15336,61
15337,61
15338,61
15339,61
15340,61
15341,61
15342,61
15343,61
15344,61
15345,61
15346,61
15347,61
15348,61
15349,60
15350,61
15351,61
15352,61
15353,61
15354,61
15355,61
15356,61
15357,61
15358,61
15359,61
15360,61
15361,60
15362,61
15363,61
15364,61
15365,61
15366,61
15367,61
15368,61
15369,61
15370,61
15371,60
15372,61
15373,61
15374,61
15375,61
15376,61
15377,61
15378,61
15379,61
15380,61
15381,61
15382,61
15383,61
15384,61
15385,61
15386,61
15387,61
15388,61
15389,61
15390,61
15391,61
15392,61
15393,61
15394,61
15395,61
15396,61
15397,61
15398,61
15399,61
15400,61
15401,61
15402,61
15403,61
15404,61
15405,61
15406,61
15407,61
15408,61
15409,61
15410,61
15411,61
15412,61
15413,61
15414,61
15415,61
15416,61
15417,61
15418,61
15419,61
15420,61
15421,61
15422,61
15423,61
15424,61
15425,61
15426,61
15427,61
15428,61
15429,61
15430,61
15431,61
15432,61
15433,61
15434,61
15435,60
15436,61
15437,61
15438,61
15439,61
15440,61
15441,61
15442,61
15443,61
15444,61
15445,61
15446,61
15447,61
15448,61
15449,61
15450,61
15451,61
15452,61
15453,61
15454,61
15455,61
15456,61
15457,61
15458,61
15459,61
15460,61
15461,61
15462,61
15463,61
15464,61
15465,61
15466,61
15467,61
15468,61
15469,61
15470,61
15471,61
15472,61
15473,61
15474,61
15475,61
15476,61
15477,61
15478,61
15479,61
15480,61
15481,61
15482,61
15483,61
15484,61
15485,60
15486,61
15487,61
15488,61
15489,61
15490,61
15491,61
15492,61
15493,61
15494,61
15495,61
15496,61
15497,61
15498,61
15499,61
15500,61
15501,61
15502,61
15503,61
15504,61
15505,61
15506,61
15507,61
15508,61
15509,61
15510,61
15511,61
15512,61
15513,61
15514,61
15515,61
15516,61
15517,61
15518,61
15519,61
15520,61
15521,61
15522,61
15523,61
15524,61
15525,61
15526,61
15527,61
15528,61
15529,61
15530,61
15531,61
15532,61
15533,61
15534,61
15535,61
15536,61
15537,61
15538,61
15539,61
15540,61
15541,61
15542,61
15543,61
15544,61
15545,61
15546,61
15547,60
15548,61
15549,61
15550,61
15551,61
15552,61
15553,61
15554,61
15555,61
15556,61
15557,61
15558,61
15559,61
15560,61
15561,61
15562,61
15563,61
15564,61
15565,61
15566,61
15567,61
15568,61
15569,61
15570,61
15571,61
15572,61
15573,61
15574,61
15575,61
15576,61
15577,61
15578,61
15579,61
15580,61
15581,61
15582,61
15583,61
15584,61
15585,61
15586,61
15587,61
15588,61
15589,61
15590,61
15591,61
15592,61
15593,61
15594,61
15595,61
15596,61
15597,61
15598,61
15599,61
15600,61
15601,61
15602,61
15603,61
15604,61
15605,61
15606,61
15607,61
15608,61
15609,61
15610,61
15611,61
15612,61
15613,61
15614,61
15615,61
15616,61
15617,61
15618,61
15619,61
15620,61
15621,61
15622,61
15623,61
15624,61
15625,61
15626,61
15627,61
15628,61
15629,61
15630,61
15631,61
15632,61
15633,61
15634,61
15635,61
15636,61
15637,61
15638,61
15639,61
15640,61
15641,61
15642,61
15643,61
15644,61
15645,61
15646,61
15647,61
15648,61
15649,60
15650,61
15651,61
15652,61
15653,61
15654,61
15655,61
15656,61
15657,61
15658,61
15659,61
15660,61
15661,61
15662,61
15663,60
15664,61
15665,61
15666,61
15667,61
15668,61
15669,61
15670,61
15671,61
15672,61
15673,61
15674,61
15675,61
15676,61
15677,61
15678,61
15679,61
15680,61
15681,61
15682,61
15683,61
15684,61
15685,61
15686,61
15687,61
15688,61
15689,61
15690,61
15691,61
15692,61
15693,61
15694,61
15695,61
15696,61
15697,61
15698,61
15699,61
15700,61
15701,61
15702,61
15703,61
15704,60
15705,61
15706,61
15707,61
15708,61
15709,61
15710,61
15711,60
15712,61
15713,61
15714,61
15715,61
15716,61
15717,61
15718,61
15719,61
15720,61
15721,61
15722,61
15723,61
15724,61
15725,61
15726,61
15727,61
15728,61
15729,61
15730,61
15731,61
15732,61
15733,61
15734,61
15735,61
15736,61
15737,61
15738,61
15739,61
15740,61
15741,61
15742,61
15743,61
15744,61
15745,60
15746,61
15747,61
15748,61
15749,60
15750,61
15751,61
15752,61
15753,61
15754,61
15755,61
15756,61
15757,61
15758,61
15759,61
15760,61
15761,61
15762,61
15763,61
15764,61
15765,61
15766,61
15767,61
15768,61
15769,61
15770,61
15771,61
15772,61
15773,61
15774,61
15775,61
15776,61
15777,61
15778,61
15779,61
15780,61
15781,61
15782,61
15783,61
15784,61
15785,61
15786,61
15787,61
15788,61
15789,61
15790,61
15791,61
15792,61
15793,61
15794,61
15795,61
15796,61
15797,61
15798,61
15799,61
15800,61
15801,61
15802,61
15803,61
15804,61
15805,61
15806,61
15807,60
15808,61
15809,61
15810,61
15811,61
15812,61
15813,61
15814,61
15815,61
15816,61
15817,61
15818,61
15819,61
15820,61
15821,61
15822,61
15823,61
15824,61
15825,61
15826,61
15827,61
15828,61
15829,61
15830,61
15831,61
15832,61
15833,61
15834,61
15835,61
15836,61
15837,61
15838,61
15839,61
15840,61
15841,61
15842,61
15843,60
15844,61
15845,61
15846,61
15847,61
15848,61
15849,61
15850,61
15851,61
15852,61
15853,61
15854,61
15855,61
15856,61
15857,61
15858,61
15859,61
15860,61
15861,61
15862,61
15863,61
15864,61
15865,61
15866,61
15867,61
15868,61
15869,61
15870,61
15871,61
15872,61
15873,61
15874,60
15875,61
15876,61
15877,61
15878,61
15879,61
15880,61
15881,61
15882,61
15883,61
15884,61
15885,61
15886,61
15887,61
15888,61
15889,61
15890,61
15891,61
15892,61
15893,61
15894,61
15895,61
15896,61
15897,61
15898,61
15899,61
15900,61
15901,60
15902,61
15903,61
15904,61
15905,61
15906,61
15907,61
15908,61
15909,61
15910,60
15911,61
15912,60
15913,61
15914,61
15915,61
15916,61
15917,61
15918,61
15919,60
15920,61
15921,61
15922,61
15923,61
15924,61
15925,61
15926,61
15927,61
15928,61
15929,61
15930,61
15931,61
15932,60
15933,61
15934,61
15935,61
15936,61
15937,61
15938,60
15939,61
15940,61
15941,61
15942,61
15943,61
15944,61
15945,61
15946,61
15947,61
15948,61
15949,61
15950,61
15951,61
15952,61
15953,61
15954,61
15955,61
15956,61
15957,61
15958,61
15959,61
15960,61
15961,61
15962,61
15963,61
15964,61
15965,61
15966,61
15967,61
15968,60
15969,61
15970,61
15971,61
15972,61
15973,60
15974,61
15975,61
15976,61
15977,61
15978,61
15979,61
15980,61
15981,61
15982,61
15983,61
15984,61
15985,61
15986,61
15987,61
15988,61
15989,61
15990,61
15991,60
15992,61
15993,61
15994,61
15995,61
15996,61
15997,61
15998,61
15999,61
16000,61
16001,61
16002,61
16003,61
16004,61
16005,61
16006,61
16007,61
16008,61
16009,61
16010,61
16011,61
16012,61
16013,61
16014,61
16015,61
16016,61
16017,61
16018,61
16019,61
16020,61
16021,61
16022,61
16023,61
16024,61
16025,61
16026,61
16027,61
16028,61
16029,61
16030,61
16031,61
16032,61
16033,61
16034,61
16035,61
16036,61
16037,60
16038,61
16039,61
16040,61
16041,61
16042,61
16043,61
16044,61
16045,60
16046,61
16047,61
16048,60
16049,61
16050,61
16051,61
16052,61
16053,61
16054,61
16055,61
16056,61
16057,60
16058,61
16059,61
16060,61
16061,61
16062,61
16063,61
16064,61
16065,61
16066,61
16067,61
16068,61
16069,61
16070,61
16071,61
16072,61
16073,61
16074,61
16075,61
16076,61
16077,61
16078,61
16079,61
16080,61
16081,61
16082,61
16083,60
16084,61
16085,61
16086,61
16087,61
16088,61
16089,61
16090,61
16091,61
16092,61
16093,61
16094,61
16095,61
16096,60
16097,61
16098,61
16099,61
16100,61
16101,61
16102,61
16103,61
16104,61
16105,61
16106,61
16107,61
16108,61
16109,61
16110,61
16111,61
16112,61
16113,61
16114,61
16115,61
16116,61
16117,61
16118,61
16119,61
16120,61
16121,61
16122,61
16123,61
16124,61
16125,60
16126,61
16127,61
16128,61
16129,61
16130,61
16131,61
16132,61
16133,61
16134,61
16135,61
16136,61
16137,61
16138,61
16139,61
16140,60
16141,61
16142,61
16143,61
16144,61
16145,61
16146,61
16147,61
16148,61
16149,61
16150,61
16151,61
16152,61
16153,61
16154,61
16155,61
16156,61
16157,61
16158,61
16159,61
16160,61
16161,61
16162,61
16163,61
16164,61
16165,61
16166,61
16167,61
16168,61
16169,61
16170,61
16171,61
16172,61
16173,61
16174,61
16175,61
16176,61
16177,61
16178,61
16179,61
16180,61
16181,61
16182,61
16183,61
16184,61
16185,61
16186,61
16187,61
16188,61
16189,61
16190,61
16191,61
16192,61
16193,61
16194,61
16195,61
16196,61
16197,61
16198,61
16199,61
16200,61
16201,61
16202,60
16203,61
16204,61
16205,61
16206,61
16207,61
16208,61
16209,61
16210,61
16211,61
16212,61
16213,61
16214,61
16215,61
16216,61
16217,61
16218,61
16219,61
16220,61
16221,61
16222,61
16223,61
16224,61
16225,61
16226,61
16227,61
16228,61
16229,61
16230,61
16231,61
16232,61
16233,61
16234,61
16235,61
16236,61
16237,61
16238,61
16239,61
16240,61
16241,61
16242,61
16243,61
16244,61
16245,61
16246,61
16247,61
16248,61
16249,61
16250,61
16251,61
16252,61
16253,61
16254,61
16255,61
16256,61
16257,61
16258,61
16259,61
16260,61
16261,61
16262,61
16263,61
16264,61
16265,61
16266,61
16267,61
16268,61
16269,61
16270,61
16271,61
16272,61
16273,61
16274,61
16275,61
16276,61
16277,61
16278,61
16279,61
16280,61
16281,61
16282,61
16283,61
16284,61
16285,61
16286,61
16287,61
16288,61
16289,61
16290,61
16291,61
16292,61
16293,61
16294,60
16295,61
16296,61
16297,61
16298,61
16299,61
16300,61
16301,61
16302,61
16303,61
16304,61
16305,61
16306,61
16307,60
16308,61
16309,61
16310,61
16311,61
16312,61
16313,60
16314,61
16315,60
16316,61
16317,61
16318,61
16319,61
16320,61
16321,61
16322,61
16323,61
16324,61
16325,61
16326,61
16327,61
16328,61
16329,61
16330,61
16331,61
16332,61
16333,61
16334,60
16335,61
16336,60
16337,61
16338,60
16339,61
16340,61
16341,61
16342,61
16343,61
16344,61
16345,61
16346,61
16347,61
16348,61
16349,61
16350,61
16351,61
16352,61
16353,61
16354,61
16355,61
16356,61
16357,61
16358,61
16359,61
16360,61
16361,61
16362,61
16363,61
16364,61
16365,61
16366,61
16367,61
16368,60
16369,61
16370,61
16371,61
16372,61
16373,61
16374,61
16375,61
16376,61
16377,61
16378,61
16379,61
16380,61
16381,61
16382,61
16383,61
16384,61
16385,61
16386,60
16387,61
16388,61
16389,61
16390,61
16391,61
16392,61
16393,61
16394,61
16395,61
16396,61
16397,61
16398,61
16399,61
16400,61
16401,61
16402,61
16403,61
16404,61
16405,61
16406,61
16407,61
16408,61
16409,61
16410,61
16411,61
16412,61
16413,61
16414,61
16415,61
16416,61
16417,61
16418,61
16419,61
16420,61
16421,61
16422,61
16423,61
16424,61
16425,61
16426,61
16427,61
16428,61
16429,60
16430,61
16431,61
16432,61
16433,61
16434,61
16435,61
16436,61
16437,61
16438,61
16439,61
16440,61
16441,61
16442,61
16443,61
16444,61
16445,61
16446,61
16447,61
16448,61
16449,61
16450,61
16451,61
16452,60
16453,61
16454,61
16455,61
16456,61
16457,61
16458,61
16459,61
16460,61
16461,61
16462,61
16463,61
16464,61
16465,61
16466,61
16467,61
16468,61
16469,61
16470,61
16471,61
16472,61
16473,61
16474,61
16475,61
16476,61
16477,61
16478,61
16479,61
16480,61
16481,61
16482,61
16483,61
16484,61
16485,61
16486,61
16487,61
16488,61
16489,61
16490,61
16491,61
16492,61
16493,61
16494,61
16495,61
16496,61
16497,61
16498,61
16499,60
16500,61
16501,61
16502,61
16503,61
16504,61
16505,61
16506,61
16507,61
16508,61
16509,61
16510,61
16511,61
16512,61
16513,61
16514,61
16515,61
16516,61
16517,61
16518,61
16519,61
16520,61
16521,61
16522,61
16523,61
16524,61
16525,61
16526,61
16527,61
16528,61
16529,61
16530,61
16531,61
16532,61
16533,61
16534,61
16535,61
16536,61
16537,61
16538,61
16539,61
16540,61
16541,61
16542,61
16543,61
16544,61
16545,61
16546,61
16547,61
16548,61
16549,61
16550,61
16551,61
16552,61
16553,61
16554,61
16555,61
16556,61
16557,61
16558,61
16559,61
16560,60
16561,61
16562,61
16563,61
16564,61
16565,61
16566,61
16567,61
16568,61
16569,61
16570,61
16571,61
16572,61
16573,61
16574,61
16575,61
16576,61
16577,61
16578,61
16579,61
16580,61
16581,61
16582,61
16583,61
16584,61
16585,61
16586,61
16587,61
16588,61
16589,61
16590,61
16591,61
16592,61
16593,61
16594,61
16595,61
16596,61
16597,60
16598,61
16599,61
16600,61
16601,61
16602,61
16603,61
16604,61
16605,61
16606,61
16607,61
16608,61
16609,61
16610,61
16611,61
16612,61
16613,61
16614,61
16615,61
16616,61
16617,61
16618,61
16619,61
16620,60
16621,61
16622,61
16623,61
16624,61
16625,61
16626,61
16627,61
16628,61
16629,61
16630,61
16631,61
16632,61
16633,61
16634,61
16635,61
16636,61
16637,61
16638,60
16639,61
16640,61
16641,61
16642,61
16643,61
16644,61
16645,61
16646,61
16647,61
16648,61
16649,60
16650,61
16651,61
16652,61
16653,61
16654,61
16655,61
16656,60
16657,61
16658,61
16659,61
16660,61
16661,61
16662,61
16663,61
16664,61
16665,61
16666,61
16667,61
16668,61
16669,61
16670,61
16671,61
16672,60
16673,61
16674,60
16675,61
16676,61
16677,61
16678,61
16679,61
16680,61
16681,61
16682,61
16683,61
16684,61
16685,61
16686,61
16687,61
16688,61
16689,61
16690,61
16691,61
16692,61
16693,61
16694,61
16695,61
16696,61
16697,61
16698,61
16699,61
16700,61
16701,61
16702,61
16703,61
16704,61
16705,61
16706,61
16707,61
16708,61
16709,61
16710,61
16711,61
16712,61
16713,61
16714,61
16715,61
16716,61
16717,61
16718,61
16719,61
16720,61
16721,61
16722,61
16723,61
16724,61
16725,61
16726,61
16727,61
16728,61
16729,61
16730,61
16731,61
16732,61
16733,61
16734,61
16735,61
16736,61
16737,61
16738,61
16739,61
16740,61
16741,61
16742,61
16743,61
16744,61
16745,61
16746,61
16747,61
16748,61
16749,61
16750,61
16751,61
16752,61
16753,61
16754,61
16755,61
16756,61
16757,61
16758,61
16759,61
16760,61
16761,61
16762,61
16763,61
16764,61
16765,61
16766,61
16767,61
16768,61
16769,61
16770,61
16771,61
16772,61
16773,60
16774,61
16775,61
16776,61
16777,61
16778,61
16779,61
16780,61
16781,61
16782,60
16783,61
16784,61
16785,61
16786,61
16787,61
16788,61
16789,61
16790,61
16791,61
16792,61
16793,61
16794,61
16795,60
16796,61
16797,61
16798,61
16799,61
16800,61
16801,61
16802,61
16803,61
16804,61
16805,61
16806,61
16807,61
16808,61
16809,61
16810,61
16811,61
16812,61
16813,61
16814,61
16815,61
16816,61
16817,61
16818,61
16819,61
16820,61
16821,61
16822,61
16823,60
16824,61
16825,61
16826,61
16827,61
16828,61
16829,61
16830,61
16831,61
16832,61
16833,61
16834,61
16835,61
16836,61
16837,61
16838,61
16839,61
16840,61
16841,61
16842,61
16843,61
16844,61
16845,61
16846,61
16847,61
16848,61
16849,61
16850,61
16851,61
16852,61
16853,61
16854,60
16855,61
16856,61
16857,61
16858,61
16859,61
16860,61
16861,61
16862,61
16863,60
16864,61
16865,61
16866,61
16867,61
16868,61
16869,61
16870,61
16871,61
16872,61
16873,60
16874,61
16875,61
16876,61
16877,61
16878,61
16879,61
16880,61
16881,61
16882,61
16883,61
16884,61
16885,61
16886,61
16887,61
16888,61
16889,61
16890,60
16891,61
16892,61
16893,61
16894,61
16895,61
16896,61
16897,61
16898,61
16899,60
16900,61
16901,61
16902,61
16903,61
16904,61
16905,60
16906,61
16907,61
16908,61
16909,61
16910,61
16911,61
16912,61
16913,61
16914,61
16915,61
16916,61
16917,61
16918,60
16919,60
16920,61
16921,61
16922,61
16923,61
16924,61
16925,61
16926,61
16927,61
16928,61
16929,61
16930,61
16931,61
16932,61
16933,61
16934,61
16935,61
16936,61
16937,61
16938,61
16939,61
16940,61
16941,61
16942,61
16943,61
16944,61
16945,61
16946,61
16947,61
16948,61
16949,60
16950,61
16951,61
16952,61
16953,61
16954,61
16955,61
16956,61
16957,61
16958,61
16959,61
16960,61
16961,61
16962,61
16963,61
16964,61
16965,61
16966,61
16967,61
16968,61
16969,61
16970,61
16971,61
16972,61
16973,61
16974,61
16975,61
16976,61
16977,61
16978,61
16979,61
16980,61
16981,61
16982,61
16983,61
16984,61
16985,61
16986,61
16987,61
16988,61
16989,61
16990,61
16991,61
16992,61
16993,61
16994,61
16995,61
16996,61
16997,61
16998,61
16999,61
17000,61
17001,61
17002,61
17003,61
17004,61
17005,61
17006,61
17007,61
17008,61
17009,61
17010,61
17011,61
17012,61
17013,61
17014,61
17015,61
17016,61
17017,61
17018,61
17019,61
17020,61
17021,61
17022,61
17023,60
17024,61
17025,61
17026,61
17027,61
17028,61
17029,61
17030,61
17031,60
17032,61
17033,61
17034,61
17035,61
17036,61
17037,61
17038,61
17039,61
17040,61
17041,61
17042,61
17043,61
17044,61
17045,61
17046,61
17047,61
17048,61
17049,61
17050,61
17051,61
17052,61
17053,61
17054,61
17055,61
17056,61
17057,61
17058,61
17059,61
17060,61
17061,61
17062,61
17063,61
17064,61
17065,61
17066,61
17067,61
17068,61
17069,61
17070,61
17071,61
17072,61
17073,61
17074,61
17075,61
17076,61
17077,61
17078,61
17079,61
17080,61
17081,61
17082,61
17083,61
17084,61
17085,61
17086,61
17087,60
17088,61
17089,61
17090,61
17091,61
17092,61
17093,61
17094,61
17095,61
17096,61
17097,61
17098,61
17099,61
17100,61
17101,61
17102,61
17103,61
17104,61
17105,61
17106,61
17107,61
17108,61
17109,61
17110,61
17111,61
17112,61
17113,61
17114,61
17115,61
17116,61
17117,61
17118,61
17119,61
17120,61
17121,61
17122,61
17123,61
17124,61
17125,61
17126,61
17127,61
17128,61
17129,61
17130,61
17131,61
17132,61
17133,61
17134,61
17135,61
17136,61
17137,61
17138,61
17139,61
17140,61
17141,61
17142,61
17143,61
17144,61
17145,61
17146,60
17147,61
17148,61
17149,61
17150,61
17151,61
17152,61
17153,61
17154,61
17155,61
17156,61
17157,61
17158,61
17159,61
17160,61
17161,61
17162,60
17163,61
17164,61
17165,61
17166,61
17167,61
17168,61
17169,61
17170,61
17171,61
17172,61
17173,61
17174,61
17175,60
17176,61
17177,61
17178,61
17179,61
17180,61
17181,61
17182,61
17183,61
17184,61
17185,61
17186,61
17187,61
17188,61
17189,61
17190,61
17191,61
17192,61
17193,61
17194,61
17195,61
17196,61
17197,61
17198,61
17199,61
17200,61
17201,61
17202,61
17203,61
17204,61
17205,61
17206,61
17207,61
17208,61
17209,61
17210,61
17211,61
17212,61
17213,61
17214,61
17215,61
17216,61
17217,61
17218,61
17219,61
17220,61
17221,61
17222,61
17223,61
17224,61
17225,61
17226,61
17227,61
17228,61
17229,61
17230,61
17231,61
17232,61
17233,61
17234,61
17235,61
17236,61
17237,61
17238,61
17239,61
17240,61
17241,61
17242,61
17243,61
17244,61
17245,61
17246,61
17247,61
17248,61
17249,61
17250,61
17251,61
17252,61
17253,61
17254,61
17255,61
17256,61
17257,61
17258,61
17259,61
17260,61
17261,61
17262,61
17263,61
17264,61
17265,61
17266,61
17267,61
17268,61
17269,61
17270,61
17271,61
17272,61
17273,61
17274,61
17275,61
17276,60
17277,61
17278,61
17279,61
17280,61
17281,61
17282,61
17283,61
17284,61
17285,61
17286,60
17287,61
17288,61
17289,61
17290,61
17291,61
17292,61
17293,61
17294,61
17295,61
17296,61
17297,61
17298,61
17299,61
17300,61
17301,61
17302,61
17303,61
17304,61
17305,61
17306,61
17307,61
17308,61
17309,61
17310,61
17311,61
17312,61
17313,61
17314,61
17315,61
17316,61
17317,61
17318,61
17319,61
17320,61
17321,61
17322,61
17323,61
17324,61
17325,61
17326,61
17327,61
17328,61
17329,61
17330,61
17331,61
17332,61
17333,61
17334,61
17335,61
17336,61
17337,61
17338,61
17339,61
17340,61
17341,61
17342,61
17343,61
17344,61
17345,61
17346,61
17347,61
17348,61
17349,61
17350,61
17351,61
17352,61
17353,61
17354,61
17355,61
17356,61
17357,61
17358,61
17359,61
17360,61
17361,61
17362,61
17363,61
17364,61
17365,61
17366,61
17367,61
17368,61
17369,61
17370,61
17371,61
17372,61
17373,61
17374,61
17375,61
17376,61
17377,61
17378,61
17379,61
17380,61
17381,61
17382,61
17383,61
17384,61
17385,61
17386,61
17387,61
17388,61
17389,61
17390,61
17391,61
17392,61
17393,61
17394,61
17395,61
17396,61
17397,61
17398,61
17399,61
17400,61
17401,60
17402,61
17403,61
17404,61
17405,61
17406,61
17407,61
17408,61
17409,61
17410,61
17411,61
17412,61
17413,61
17414,61
17415,61
17416,61
17417,61
17418,61
17419,61
17420,61
17421,61
17422,61
17423,61
17424,61
17425,61
17426,61
17427,61
17428,61
17429,61
17430,61
17431,61
17432,61
17433,61
17434,61
17435,61
17436,61
17437,61
17438,61
17439,61
17440,61
17441,61
17442,61
17443,61
17444,61
17445,61
17446,61
17447,61
17448,61
17449,61
17450,61
17451,61
17452,61
17453,61
17454,61
17455,61
17456,61
17457,61
17458,61
17459,61
17460,61
17461,61
17462,61
17463,61
17464,61
17465,61
17466,61
17467,61
17468,61
17469,61
17470,61
17471,61
17472,61
17473,61
17474,61
17475,61
17476,61
17477,61
17478,61
17479,61
17480,61
17481,61
17482,61
17483,61
17484,61
17485,61
17486,61
17487,61
17488,61
17489,61
17490,61
17491,61
17492,61
17493,61
17494,61
17495,61
17496,61
17497,61
17498,61
17499,61
17500,61
17501,61
17502,61
17503,61
17504,61
17505,61
17506,61
17507,61
17508,61
17509,61
17510,61
17511,61
17512,61
17513,61
17514,60
17515,61
17516,61
17517,61
17518,61
17519,61
17520,61
17521,60
17522,61
17523,61
17524,61
17525,61
17526,61
17527,61
17528,61
17529,61
17530,61
17531,61
17532,61
17533,61
17534,61
17535,61
17536,61
17537,61
17538,61
17539,61
17540,61
17541,60
17542,61
17543,61
17544,61
17545,61
17546,61
17547,61
17548,60
17549,61
17550,61
17551,61
17552,61
17553,61
17554,61
17555,61
17556,61
17557,61
17558,61
17559,61
17560,61
17561,61
17562,61
17563,61
17564,61
17565,61
17566,61
17567,61
17568,61
17569,61
17570,61
17571,61
17572,61
17573,61
17574,61
17575,61
17576,61
17577,61
17578,61
17579,61
17580,61
17581,61
17582,61
17583,61
17584,61
17585,61
17586,61
17587,61
17588,61
17589,61
17590,61
17591,61
17592,61
17593,61
17594,61
17595,61
17596,61
17597,61
17598,61
17599,61
17600,61
17601,61
17602,61
17603,61
17604,61
17605,61
17606,61
17607,61
17608,61
17609,61
17610,61
17611,61
17612,61
17613,61
17614,61
17615,61
17616,61
17617,61
17618,61
17619,61
17620,61
17621,61
17622,61
17623,61
17624,61
17625,61
17626,61
17627,61
17628,61
17629,61
17630,61
17631,61
17632,61
17633,61
17634,61
17635,61
17636,61
17637,61
17638,61
17639,61
17640,61
17641,61
17642,60
17643,61
17644,61
17645,61
17646,61
17647,61
17648,61
17649,61
17650,61
17651,61
17652,61
17653,61
17654,61
17655,61
17656,61
17657,61
17658,61
17659,61
17660,60
17661,61
17662,61
17663,61
17664,61
17665,60
17666,61
17667,61
17668,61
17669,61
17670,61
17671,60
17672,61
17673,61
17674,61
17675,61
17676,61
17677,61
17678,61
17679,61
17680,61
17681,61
17682,61
17683,61
17684,61
17685,61
17686,61
17687,61
17688,61
17689,61
17690,61
17691,61
17692,61
17693,61
17694,61
17695,61
17696,61
17697,61
17698,61
17699,61
17700,61
17701,61
17702,61
17703,61
17704,61
17705,61
17706,61
17707,61
17708,61
17709,61
17710,61
17711,61
17712,61
17713,61
17714,61
17715,61
17716,61
17717,61
17718,61
17719,61
17720,61
17721,61
17722,61
17723,61
17724,61
17725,61
17726,61
17727,61
17728,61
17729,60
17730,61
17731,61
17732,61
17733,61
17734,61
17735,60
17736,61
17737,61
17738,61
17739,61
17740,61
17741,61
17742,61
17743,61
17744,61
17745,61
17746,61
17747,61
17748,60
17749,61
17750,61
17751,61
17752,60
17753,61
17754,61
17755,61
17756,61
17757,61
17758,61
17759,61
17760,61
17761,61
17762,61
17763,61
17764,61
17765,61
17766,61
17767,61
17768,61
17769,61
17770,61
17771,60
17772,61
17773,61
17774,60
17775,61
17776,61
17777,61
17778,61
17779,61
17780,61
17781,61
17782,61
17783,61
17784,61
17785,61
17786,61
17787,61
17788,61
17789,61
17790,61
17791,61
17792,61
17793,61
17794,61
17795,61
17796,61
17797,61
17798,61
17799,61
17800,61
17801,61
17802,61
17803,61
17804,61
17805,61
17806,61
17807,61
17808,61
17809,61
17810,61
17811,61
17812,61
17813,61
17814,61
17815,61
17816,61
17817,61
17818,61
17819,61
17820,61
17821,61
17822,61
17823,61
17824,61
17825,61
17826,61
17827,61
17828,61
17829,61
17830,61
17831,61
17832,61
17833,61
17834,61
17835,61
17836,61
17837,61
17838,61
17839,61
17840,61
17841,61
17842,61
17843,61
17844,61
17845,61
17846,61
17847,61
17848,61
17849,61
17850,61
17851,61
17852,61
17853,61
17854,61
17855,61
17856,61
17857,61
17858,61
17859,61
17860,61
17861,61
17862,61
17863,61
17864,61
17865,61
17866,60
17867,61
17868,61
17869,61
17870,61
17871,61
17872,61
17873,61
17874,60
17875,61
17876,61
17877,61
17878,61
17879,61
17880,61
17881,61
17882,60
17883,60
17884,61
17885,61
17886,61
17887,61
17888,61
17889,61
17890,61
17891,61
17892,61
17893,61
17894,61
17895,61
17896,61
17897,61
17898,61
17899,61
17900,61
17901,61
17902,61
17903,61
17904,61
17905,61
17906,61
17907,60
17908,60
17909,61
17910,61
17911,61
17912,61
17913,61
17914,61
17915,61
17916,61
17917,61
17918,60
17919,61
17920,61
17921,61
17922,61
17923,61
17924,61
17925,61
17926,61
17927,61
17928,61
17929,61
17930,61
17931,61
17932,61
17933,61
17934,61
17935,61
17936,61
17937,61
17938,61
17939,61
17940,61
17941,61
17942,61
17943,61
17944,61
17945,61
17946,61
17947,61
17948,61
17949,61
17950,61
17951,61
17952,61
17953,61
17954,61
17955,61
17956,61
17957,61
17958,61
17959,61
17960,61
17961,60
17962,61
17963,61
17964,61
17965,61
17966,61
17967,61
17968,61
17969,60
17970,61
17971,61
17972,61
17973,61
17974,61
17975,61
17976,61
17977,61
17978,60
17979,61
17980,61
17981,61
17982,61
17983,61
17984,61
17985,61
17986,61
17987,61
17988,61
17989,61
17990,61
17991,61
17992,61
17993,61
17994,61
17995,61
17996,61
17997,61
17998,61
17999,61
18000,61
18001,61
18002,61
18003,61
18004,61
18005,61
18006,61
18007,61
18008,60
18009,61
18010,61
18011,61
18012,61
18013,61
18014,61
18015,60
18016,61
18017,61
18018,61
18019,61
18020,61
18021,61
18022,61
18023,61
18024,61
18025,61
18026,61
18027,61
18028,61
18029,61
18030,61
18031,61
18032,61
18033,61
18034,60
18035,61
18036,60
18037,61
18038,61
18039,61
18040,61
18041,61
18042,61
18043,61
18044,61
18045,61
18046,61
18047,61
18048,61
18049,61
18050,61
18051,61
18052,61
18053,61
18054,61
18055,61
18056,61
18057,61
18058,61
18059,61
18060,61
18061,61
18062,61
18063,61
18064,61
18065,61
18066,61
18067,61
18068,61
18069,61
18070,61
18071,61
18072,61
18073,61
18074,61
18075,61
18076,61
18077,61
18078,61
18079,61
18080,61
18081,61
18082,61
18083,61
18084,61
18085,61
18086,61
18087,61
18088,61
18089,61
18090,61
18091,61
18092,61
18093,61
18094,61
18095,61
18096,61
18097,60
18098,61
18099,61
18100,61
18101,61
18102,61
18103,61
18104,61
18105,60
18106,61
18107,61
18108,61
18109,60
18110,61
18111,61
18112,61
18113,61
18114,61
18115,61
18116,61
18117,61
18118,61
18119,61
18120,61
18121,61
18122,61
18123,61
18124,61
18125,61
18126,61
18127,61
18128,61
18129,61
18130,61
18131,61
18132,61
18133,61
18134,61
18135,61
18136,61
18137,61
18138,61
18139,61
18140,61
18141,61
18142,61
18143,61
18144,61
18145,61
18146,61
18147,61
18148,61
18149,61
18150,61
18151,61
18152,61
18153,61
18154,61
18155,61
18156,61
18157,61
18158,61
18159,61
18160,61
18161,61
18162,61
18163,61
18164,60
18165,61
18166,61
18167,61
18168,61
18169,61
18170,61
18171,61
18172,61
18173,61
18174,61
18175,61
18176,61
18177,61
18178,61
18179,61
18180,61
18181,61
18182,61
18183,61
18184,61
18185,61
18186,61
18187,61
18188,61
18189,61
18190,61
18191,61
18192,61
18193,61
18194,61
18195,61
18196,61
18197,61
18198,61
18199,61
18200,61
18201,61
18202,61
18203,61
18204,60
18205,61
18206,61
18207,61
18208,61
18209,61
18210,61
18211,61
18212,61
18213,61
18214,61
18215,61
18216,61
18217,61
18218,61
18219,61
18220,61
18221,61
18222,61
18223,61
18224,61
18225,61
18226,61
18227,61
18228,61
18229,61
18230,61
18231,61
18232,60
18233,61
18234,61
18235,61
18236,61
18237,61
18238,61
18239,61
18240,61
18241,61
18242,61
18243,61
18244,61
18245,61
18246,61
18247,61
18248,61
18249,61
18250,61
18251,61
18252,61
18253,60
18254,61
18255,61
18256,61
18257,61
18258,61
18259,61
18260,61
18261,61
18262,61
18263,61
18264,61
18265,61
18266,61
18267,61
18268,61
18269,61
18270,61
18271,61
18272,61
18273,61
18274,61
18275,61
18276,61
18277,60
18278,61
18279,61
18280,61
18281,61
18282,61
18283,61
18284,61
18285,61
18286,61
18287,61
18288,61
18289,61
18290,61
18291,61
18292,61
18293,61
18294,61
18295,61
18296,61
18297,61
18298,61
18299,61
18300,61
18301,61
18302,61
18303,61
18304,61
18305,61
18306,61
18307,61
18308,61
18309,61
18310,61
18311,61
18312,61
18313,61
18314,61
18315,61
18316,61
18317,61
18318,61
18319,61
18320,61
18321,61
18322,61
18323,61
18324,61
18325,61
18326,61
18327,61
18328,61
18329,61
18330,61
18331,61
18332,61
18333,61
18334,61
18335,61
18336,61
18337,61
18338,61
18339,60
18340,61
18341,61
18342,61
18343,61
18344,61
18345,61
18346,61
18347,61
18348,61
18349,61
18350,61
18351,61
18352,61
18353,61
18354,61
18355,61
18356,61
18357,61
18358,61
18359,61
18360,61
18361,61
18362,61
18363,61
18364,61
18365,61
18366,61
18367,61
18368,61
18369,61
18370,61
18371,61
18372,61
18373,61
18374,61
18375,61
18376,61
18377,61
18378,61
18379,61
18380,61
18381,61
18382,61
18383,61
18384,61
18385,60
18386,61
18387,61
18388,61
18389,60
18390,61
18391,61
18392,60
18393,61
18394,61
18395,61
18396,61
18397,61
18398,61
18399,61
18400,61
18401,61
18402,61
18403,61
18404,61
18405,61
18406,61
18407,61
18408,61
18409,61
18410,61
18411,61
18412,61
18413,61
18414,61
18415,61
18416,61
18417,61
18418,61
18419,61
18420,61
18421,61
18422,61
18423,61
18424,61
18425,61
18426,61
18427,61
18428,61
18429,61
18430,61
18431,61
18432,61
18433,61
18434,61
18435,61
18436,61
18437,61
18438,61
18439,61
18440,61
18441,61
18442,61
18443,61
18444,61
18445,61
18446,61
18447,61
18448,61
18449,61
18450,61
18451,60
18452,61
18453,61
18454,61
18455,61
18456,61
18457,61
18458,61
18459,61
18460,61
18461,61
18462,61
18463,61
18464,61
18465,61
18466,61
18467,61
18468,61
18469,61
18470,61
18471,61
18472,61
18473,61
18474,61
18475,61
18476,61
18477,61
18478,61
18479,61
18480,61
18481,61
18482,61
18483,61
18484,61
18485,61
18486,61
18487,61
18488,61
18489,61
18490,61
18491,61
18492,61
18493,61
18494,61
18495,61
18496,61
18497,61
18498,61
18499,61
18500,61
18501,60
18502,61
18503,61
18504,61
18505,61
18506,61
18507,61
18508,61
18509,61
18510,61
18511,61
18512,61
18513,61
18514,61
18515,61
18516,60
18517,61
18518,61
18519,61
18520,60
18521,61
18522,61
18523,61
18524,61
18525,61
18526,61
18527,61
18528,61
18529,61
18530,61
18531,61
18532,61
18533,61
18534,61
18535,61
18536,61
18537,61
18538,61
18539,61
18540,61
18541,61
18542,61
18543,61
18544,61
18545,61
18546,61
18547,61
18548,61
18549,61
18550,61
18551,61
18552,61
18553,61
18554,61
18555,61
18556,60
18557,61
18558,61
18559,61
18560,61
18561,61
18562,61
18563,61
18564,61
18565,61
18566,61
18567,61
18568,61
18569,61
18570,61
18571,61
18572,60
18573,60
18574,61
18575,61
18576,61
18577,61
18578,60
18579,61
18580,61
18581,60
18582,61
18583,61
18584,61
18585,61
18586,61
18587,61
18588,61
18589,61
18590,61
18591,61
18592,61
18593,61
18594,61
18595,61
18596,61
18597,61
18598,61
18599,61
18600,61
18601,61
18602,61
18603,61
18604,61
18605,61
18606,61
18607,61
18608,61
18609,61
18610,61
18611,61
18612,61
18613,61
18614,61
18615,61
18616,61
18617,60
18618,61
18619,61
18620,61
18621,61
18622,61
18623,61
18624,61
18625,61
18626,61
18627,61
18628,61
18629,61
18630,61
18631,60
18632,61
18633,61
18634,61
18635,61
18636,61
18637,61
18638,61
18639,61
18640,61
18641,61
18642,61
18643,61
18644,61
18645,61
18646,61
18647,61
18648,61
18649,61
18650,61
18651,61
18652,61
18653,61
18654,61
18655,61
18656,61
18657,61
18658,61
18659,60
18660,61
18661,61
18662,61
18663,61
18664,61
18665,61
18666,61
18667,61
18668,61
18669,61
18670,61
18671,61
18672,61
18673,61
18674,61
18675,61
18676,60
18677,61
18678,61
18679,60
18680,61
18681,61
18682,61
18683,61
18684,61
18685,60
18686,61
18687,61
18688,61
18689,61
18690,61
18691,61
18692,61
18693,61
18694,61
18695,61
18696,61
18697,61
18698,61
18699,61
18700,61
18701,60
18702,61
18703,61
18704,61
18705,61
18706,61
18707,61
18708,61
18709,61
18710,61
18711,61
18712,61
18713,61
18714,61
18715,61
18716,61
18717,61
18718,61
18719,61
18720,61
18721,0
18722,0
18723,0
18724,0
18725,61
18726,61
18727,61
18728,61
18729,61
18730,61
18731,61
18732,61
18733,61
18734,61
18735,61
18736,61
18737,61
18738,61
18739,61
18740,61
18741,61
18742,61
18743,61
18744,61
18745,61
18746,61
18747,61
18748,61
18749,61
18750,61
18751,61
18752,61
18753,61
18754,61
18755,61
18756,61
18757,61
18758,61
18759,61
18760,61
18761,60
18762,61
18763,61
18764,61
18765,61
18766,61
18767,61
18768,61
18769,61
18770,61
18771,61
18772,61
18773,61
18774,61
18775,60
18776,61
18777,61
18778,61
18779,61
18780,61
18781,61
18782,61
18783,61
18784,61
18785,61
18786,61
18787,61
18788,61
18789,61
18790,61
18791,61
18792,61
18793,61
18794,61
18795,61
18796,61
18797,61
18798,61
18799,61
18800,61
18801,60
18802,61
18803,61
18804,61
18805,61
18806,61
18807,61
18808,61
18809,60
18810,61
18811,61
18812,61
18813,61
18814,61
18815,61
18816,61
18817,61
18818,61
18819,61
18820,61
18821,61
18822,61
18823,61
18824,61
18825,61
18826,61
18827,61
18828,61
18829,61
18830,61
18831,61
18832,61
18833,61
18834,61
18835,61
18836,61
18837,61
18838,61
18839,61
18840,61
18841,61
18842,61
18843,61
18844,61
18845,61
18846,61
18847,61
18848,61
18849,61
18850,61
18851,61
18852,61
18853,61
18854,61
18855,61
18856,61
18857,61
18858,61
18859,61
18860,61
18861,61
18862,61
18863,61
18864,61
18865,61
18866,61
18867,61
18868,61
18869,61
18870,61
18871,61
18872,61
18873,61
18874,61
18875,61
18876,61
18877,61
18878,61
18879,61
18880,60
18881,61
18882,61
18883,61
18884,61
18885,61
18886,61
18887,61
18888,61
18889,60
18890,61
18891,61
18892,61
18893,61
18894,61
18895,60
18896,61
18897,61
18898,61
18899,61
18900,61
18901,61
18902,61
18903,61
18904,61
18905,61
18906,61
18907,61
18908,61
18909,61
18910,61
18911,61
18912,61
18913,61
18914,61
18915,61
18916,61
18917,61
18918,61
18919,61
18920,61
18921,60
18922,61
18923,61
18924,61
18925,61
18926,61
18927,61
18928,60
18929,61
18930,61
18931,61
18932,61
18933,61
18934,61
18935,61
18936,61
18937,61
18938,61
18939,61
18940,61
18941,61
18942,61
18943,61
18944,61
18945,61
18946,61
18947,61
18948,61
18949,61
18950,61
18951,61
18952,61
18953,61
18954,61
18955,61
18956,61
18957,61
18958,61
18959,61
18960,61
18961,61
18962,61
18963,61
18964,61
18965,61
18966,61
18967,61
18968,61
18969,61
18970,61
18971,61
18972,61
18973,61
18974,61
18975,60
18976,61
18977,61
18978,61
18979,61
18980,61
18981,61
18982,61
18983,61
18984,61
18985,61
18986,61
18987,61
18988,61
18989,61
18990,61
18991,61
18992,61
18993,61
18994,61
18995,61
18996,61
18997,61
18998,61
18999,61
19000,61
19001,61
19002,61
19003,61
19004,61
19005,61
19006,61
19007,61
19008,61
19009,61
19010,61
19011,61
19012,61
19013,61
19014,61
19015,61
19016,61
19017,61
19018,60
19019,61
19020,61
19021,61
19022,61
19023,61
19024,61
19025,61
19026,61
19027,61
19028,61
19029,61
19030,61
19031,61
19032,61
19033,61
19034,61
19035,61
19036,61
19037,61
19038,61
19039,61
19040,61
19041,61
19042,61
19043,61
19044,61
19045,61
19046,61
19047,61
19048,61
19049,61
19050,61
19051,61
19052,61
19053,61
19054,61
19055,61
19056,61
19057,61
19058,61
19059,61
19060,61
19061,61
19062,61
19063,61
19064,61
19065,61
19066,61
19067,61
19068,61
19069,61
19070,61
19071,61
19072,61
19073,60
19074,61
19075,61
19076,61
19077,61
19078,61
19079,61
19080,61
19081,61
19082,61
19083,61
19084,61
19085,61
19086,61
19087,61
19088,61
19089,61
19090,61
19091,61
19092,61
19093,61
19094,61
19095,61
19096,61
19097,61
19098,61
19099,61
19100,61
19101,60
19102,60
19103,61
19104,61
19105,61
19106,61
19107,61
19108,61
19109,61
19110,60
19111,61
19112,61
19113,61
19114,61
19115,61
19116,61
19117,61
19118,61
19119,61
19120,61
19121,61
19122,61
19123,61
19124,61
19125,61
19126,61
19127,61
19128,61
19129,61
19130,61
19131,61
19132,61
19133,61
19134,61
19135,61
19136,61
19137,61
19138,61
19139,61
19140,61
19141,61
19142,60
19143,61
19144,61
19145,61
19146,61
19147,61
19148,61
19149,61
19150,61
19151,61
19152,61
19153,61
19154,61
19155,61
19156,61
19157,61
19158,61
19159,61
19160,61
19161,61
19162,61
19163,61
19164,61
19165,61
19166,61
19167,61
19168,61
19169,61
19170,61
19171,61
19172,60
19173,61
19174,61
19175,61
19176,61
19177,61
19178,61
19179,61
19180,61
19181,61
19182,61
19183,61
19184,61
19185,61
19186,61
19187,61
19188,61
19189,61
19190,61
19191,61
19192,61
19193,60
19194,61
19195,60
19196,61
19197,61
19198,61
19199,61
19200,61
19201,61
19202,61
19203,61
19204,61
19205,61
19206,61
19207,60
19208,61
19209,61
19210,61
19211,61
19212,61
19213,61
19214,61
19215,61
19216,61
19217,61
19218,61
19219,61
19220,61
19221,61
19222,61
19223,61
19224,61
19225,61
19226,61
19227,61
19228,61
19229,61
19230,61
19231,61
19232,61
19233,61
19234,61
19235,61
19236,61
19237,61
19238,61
19239,61
19240,61
19241,61
19242,61
19243,61
19244,61
19245,61
19246,61
19247,61
19248,61
19249,61
19250,61
19251,61
19252,61
19253,61
19254,61
19255,61
19256,61
19257,61
19258,61
19259,61
19260,61
19261,61
19262,61
19263,61
19264,61
19265,60
19266,61
19267,61
19268,61
19269,61
19270,61
19271,60
19272,61
19273,61
19274,61
19275,61
19276,61
19277,61
19278,61
19279,61
19280,61
19281,61
19282,61
19283,61
19284,61
19285,61
19286,61
19287,61
19288,60
19289,61
19290,61
19291,61
19292,61
19293,61
19294,61
19295,61
19296,61
19297,61
19298,61
19299,61
19300,61
19301,61
19302,61
19303,61
19304,61
19305,61
19306,61
19307,61
19308,61
19309,61
19310,61
19311,61
19312,61
19313,61
19314,61
19315,61
19316,61
19317,61
19318,61
19319,61
19320,61
19321,61
19322,61
19323,61
19324,61
19325,61
19326,61
19327,61
19328,61
19329,61
19330,61
19331,61
19332,61
19333,61
19334,61
19335,61
19336,61
19337,61
19338,61
19339,61
19340,61
19341,61
19342,61
19343,61
19344,61
19345,61
19346,61
19347,61
19348,61
19349,61
19350,61
19351,61
19352,61
19353,61
19354,61
19355,61
19356,61
19357,61
19358,61
19359,61
19360,61
19361,61
19362,61
19363,61
19364,61
19365,61
19366,61
19367,61
19368,61
19369,61
19370,61
19371,61
19372,61
19373,61
19374,60
19375,61
19376,61
19377,61
19378,61
19379,61
19380,61
19381,61
19382,61
19383,61
19384,61
19385,61
19386,61
19387,61
19388,61
19389,61
19390,61
19391,61
19392,61
19393,61
19394,61
19395,61
19396,61
19397,61
19398,61
19399,61
19400,61
19401,61
19402,61
19403,61
19404,61
19405,61
19406,61
19407,61
19408,61
19409,61
19410,61
19411,61
19412,61
19413,60
19414,61
19415,61
19416,61
19417,61
19418,61
19419,61
19420,61
19421,61
19422,61
19423,61
19424,61
19425,61
19426,60
19427,61
19428,61
19429,61
19430,61
19431,61
19432,61
19433,61
19434,61
19435,60
19436,61
19437,61
19438,60
19439,61
19440,61
19441,60
19442,61
19443,61
19444,61
19445,61
19446,61
19447,61
19448,61
19449,61
19450,61
19451,61
19452,61
19453,61
19454,61
19455,60
19456,61
19457,61
19458,61
19459,61
19460,61
19461,61
19462,61
19463,61
19464,60
19465,61
19466,61
19467,61
19468,61
19469,61
19470,61
19471,61
19472,61
19473,61
19474,61
19475,61
19476,61
19477,61
19478,61
19479,61
19480,61
19481,61
19482,61
19483,61
19484,61
19485,61
19486,61
19487,61
19488,61
19489,61
19490,61
19491,61
19492,61
19493,61
19494,61
19495,61
19496,61
19497,60
19498,61
19499,61
19500,60
19501,61
19502,61
19503,61
19504,61
19505,61
19506,61
19507,61
19508,61
19509,61
19510,61
19511,61
19512,61
19513,61
19514,61
19515,61
19516,61
19517,61
19518,61
19519,61
19520,61
19521,61
19522,61
19523,61
19524,61
19525,61
19526,61
19527,61
19528,61
19529,61
19530,61
19531,61
19532,61
19533,61
19534,61
19535,61
19536,61
19537,61
19538,61
19539,61
19540,61
19541,61
19542,61
19543,61
19544,61
19545,61
19546,61
19547,61
19548,61
19549,61
19550,61
19551,61
19552,61
19553,61
19554,61
19555,61
19556,61
19557,61
19558,61
19559,61
19560,61
19561,61
19562,60
19563,61
19564,61
19565,61
19566,61
19567,61
19568,61
19569,61
19570,61
19571,61
19572,61
19573,61
19574,61
19575,61
19576,61
19577,61
19578,61
19579,61
19580,61
19581,61
19582,61
19583,61
19584,61
19585,61
19586,61
19587,61
19588,61
19589,61
19590,61
19591,61
19592,61
19593,61
19594,61
19595,61
19596,61
19597,61
19598,61
19599,61
19600,61
19601,61
19602,61
19603,61
19604,61
19605,61
19606,61
19607,61
19608,61
19609,61
19610,61
19611,61
19612,61
19613,61
19614,61
19615,61
19616,61
19617,61
19618,61
19619,61
19620,61
19621,61
19622,61
19623,61
19624,61
19625,61
19626,61
19627,61
19628,61
19629,61
19630,61
19631,61
19632,61
19633,61
19634,61
19635,61
19636,61
19637,61
19638,61
19639,61
19640,61
19641,61
19642,61
19643,60
19644,60
19645,61
19646,61
19647,61
19648,60
19649,61
19650,61
19651,61
19652,61
19653,61
19654,61
19655,61
19656,61
19657,61
19658,61
19659,61
19660,61
19661,61
19662,61
19663,61
19664,61
19665,61
19666,61
19667,61
19668,61
19669,61
19670,61
19671,61
19672,61
19673,61
19674,61
19675,61
19676,61
19677,60
19678,61
19679,61
19680,61
19681,61
19682,61
19683,61
19684,61
19685,61
19686,61
19687,60
19688,61
19689,61
19690,61
19691,61
19692,61
19693,61
19694,61
19695,61
19696,61
19697,61
19698,61
19699,61
19700,61
19701,61
19702,61
19703,61
19704,61
19705,61
19706,61
19707,61
19708,61
19709,61
19710,61
19711,61
19712,61
19713,61
19714,61
19715,61
19716,61
19717,61
19718,61
19719,61
19720,61
19721,61
19722,61
19723,61
19724,61
19725,61
19726,61
19727,61
19728,61
19729,61
19730,61
19731,61
19732,61
19733,61
19734,61
19735,61
19736,60
19737,61
19738,61
19739,61
19740,61
19741,61
19742,61
19743,61
19744,61
19745,61
19746,61
19747,61
19748,61
19749,61
19750,61
19751,61
19752,61
19753,61
19754,61
19755,61
19756,61
19757,61
19758,61
19759,61
19760,61
19761,61
19762,61
19763,61
19764,61
19765,61
19766,61
19767,61
19768,61
19769,61
19770,61
19771,61
19772,61
19773,61
19774,61
19775,61
19776,61
19777,61
19778,61
19779,61
19780,61
19781,61
19782,61
19783,61
19784,61
19785,61
19786,61
19787,61
19788,61
19789,61
19790,61
19791,61
19792,61
19793,61
19794,61
19795,61
19796,61
19797,61
19798,61
19799,61
19800,61
19801,61
19802,61
19803,61
19804,61
19805,61
19806,61
19807,61
19808,61
19809,61
19810,61
19811,61
19812,61
19813,61
19814,61
19815,60
19816,61
19817,61
19818,61
19819,60
19820,61
19821,61
19822,61
19823,61
19824,61
19825,61
19826,61
19827,61
19828,61
19829,61
19830,61
19831,61
19832,61
19833,60
19834,61
19835,61
19836,61
19837,61
19838,60
19839,61
19840,61
19841,61
19842,61
19843,61
19844,61
19845,61
19846,61
19847,61
19848,61
19849,61
19850,61
19851,61
19852,61
19853,61
19854,61
19855,61
19856,61
19857,61
19858,61
19859,61
19860,61
19861,61
19862,61
19863,61
19864,61
19865,61
19866,61
19867,61
19868,61
19869,61
19870,61
19871,61
19872,61
19873,61
19874,61
19875,61
19876,61
19877,61
19878,61
19879,61
19880,61
19881,61
19882,61
19883,61
19884,61
19885,61
19886,61
19887,61
19888,61
19889,61
19890,61
19891,61
19892,61
19893,61
19894,60
19895,61
19896,61
19897,61
19898,61
19899,61
19900,61
19901,61
19902,61
19903,61
19904,61
19905,61
19906,61
19907,61
19908,61
19909,61
19910,61
19911,61
19912,61
19913,61
19914,61
19915,61
19916,61
19917,61
19918,61
19919,61
19920,61
19921,61
19922,61
19923,61
19924,61
19925,61
19926,61
19927,61
19928,61
19929,61
19930,61
19931,61
19932,61
19933,61
19934,61
19935,61
19936,61
19937,61
19938,61
19939,61
19940,61
19941,61
19942,61
19943,61
19944,61
19945,61
19946,61
19947,61
19948,61
19949,61
19950,61
19951,61
19952,61
19953,61
19954,61
19955,61
19956,61
19957,61
19958,61
19959,61
19960,61
19961,61
19962,61
19963,61
19964,61
19965,61
19966,61
19967,61
19968,61
19969,61
19970,61
19971,61
19972,61
19973,61
19974,61
19975,61
19976,61
19977,61
19978,61
19979,61
19980,61
19981,61
19982,61
19983,60
19984,61
19985,61
19986,61
19987,61
19988,61
19989,61
19990,61
19991,61
19992,61
19993,61
19994,61
19995,61
19996,61
19997,61
19998,61
19999,61
20000,61
20001,61
20002,61
20003,61
20004,61
20005,61
20006,61
20007,61
20008,61
20009,61
20010,61
20011,61
20012,61
20013,61
20014,61
20015,61
20016,61
20017,61
20018,61
20019,61
20020,61
20021,61
20022,61
20023,61
20024,61
20025,61
20026,61
20027,61
20028,61
20029,60
20030,61
20031,61
20032,61
20033,61
20034,61
20035,61
20036,61
20037,61
20038,61
20039,61
20040,61
20041,60
20042,61
20043,61
20044,61
20045,61
20046,61
20047,61
20048,61
20049,61
20050,61
20051,60
20052,61
20053,61
20054,61
20055,61
20056,61
20057,61
20058,61
20059,61
20060,61
20061,61
20062,61
20063,61
20064,61
20065,61
20066,61
20067,61
20068,61
20069,61
20070,61
20071,61
20072,61
20073,61
20074,61
20075,61
20076,61
20077,61
20078,61
20079,61
20080,61
20081,61
20082,61
20083,61
20084,61
20085,61
20086,61
20087,61
20088,61
20089,61
20090,61
20091,61
20092,61
20093,61
20094,61
20095,61
20096,61
20097,61
20098,61
20099,61
20100,61
20101,61
20102,61
20103,61
20104,61
20105,61
20106,61
20107,61
20108,61
20109,61
20110,61
20111,61
20112,61
20113,61
20114,61
20115,60
20116,61
20117,61
20118,61
20119,61
20120,61
20121,61
20122,61
20123,61
20124,61
20125,61
20126,61
20127,61
20128,61
20129,61
20130,61
20131,61
20132,61
20133,61
20134,61
20135,61
20136,61
20137,61
20138,61
20139,61
20140,61
20141,61
20142,61
20143,61
20144,61
20145,61
20146,61
20147,61
20148,61
20149,61
20150,61
20151,61
20152,61
20153,61
20154,61
20155,61
20156,61
20157,61
20158,61
20159,61
20160,61
20161,61
20162,61
20163,61
20164,61
20165,60
20166,61
20167,61
20168,61
20169,61
20170,61
20171,61
20172,61
20173,61
20174,61
20175,61
20176,61
20177,61
20178,61
20179,61
20180,61
20181,61
20182,61
20183,61
20184,61
20185,61
20186,61
20187,61
20188,61
20189,61
20190,61
20191,61
20192,61
20193,61
20194,61
20195,61
20196,61
20197,61
20198,61
20199,61
20200,61
20201,61
20202,61
20203,61
20204,61
20205,61
20206,61
20207,61
20208,61
20209,61
20210,61
20211,61
20212,61
20213,61
20214,61
20215,61
20216,61
20217,61
20218,61
20219,61
20220,61
20221,61
20222,61
20223,61
20224,61
20225,61
20226,61
20227,60
20228,61
20229,61
20230,61
20231,61
20232,61
20233,61
20234,61
20235,61
20236,61
20237,61
20238,61
20239,61
20240,61
20241,61
20242,61
20243,61
20244,61
20245,61
20246,61
20247,61
20248,61
20249,61
20250,61
20251,61
20252,61
20253,61
20254,61
20255,61
20256,61
20257,61
20258,61
20259,61
20260,61
20261,61
20262,61
20263,61
20264,61
20265,61
20266,61
20267,61
20268,61
20269,61
20270,61
20271,61
20272,61
20273,61
20274,61
20275,61
20276,61
20277,61
20278,61
20279,61
20280,61
20281,61
20282,61
20283,61
20284,61
20285,61
20286,61
20287,61
20288,61
20289,61
20290,61
20291,61
20292,61
20293,61
20294,61
20295,61
20296,61
20297,61
20298,61
20299,61
20300,61
20301,61
20302,61
20303,61
20304,61
20305,61
20306,61
20307,61
20308,61
20309,61
20310,61
20311,61
20312,61
20313,61
20314,61
20315,61
20316,61
20317,61
20318,61
20319,61
20320,61
20321,61
20322,61
20323,61
20324,61
20325,61
20326,61
20327,61
20328,61
20329,60
20330,61
20331,61
20332,61
20333,61
20334,61
20335,61
20336,61
20337,61
20338,61
20339,61
20340,61
20341,61
20342,61
20343,60
20344,61
20345,61
20346,61
20347,61
20348,61
20349,61
20350,61
20351,61
20352,61
20353,61
20354,61
20355,61
20356,61
20357,61
20358,61
20359,61
20360,61
20361,61
20362,61
20363,61
20364,61
20365,61
20366,61
20367,61
20368,61
20369,61
20370,61
20371,61
20372,61
20373,61
20374,61
20375,61
20376,61
20377,61
20378,61
20379,61
20380,61
20381,61
20382,61
20383,61
20384,60
20385,61
20386,61
20387,61
20388,61
20389,61
20390,61
20391,60
20392,61
20393,61
20394,61
20395,61
20396,61
20397,61
20398,61
20399,61
20400,61
20401,61
20402,61
20403,61
20404,61
20405,61
20406,61
20407,61
20408,61
20409,61
20410,61
20411,61
20412,61
20413,61
20414,61
20415,61
20416,61
20417,61
20418,61
20419,61
20420,61
20421,61
20422,61
20423,61
20424,61
20425,60
20426,61
20427,61
20428,61
20429,60
20430,61
20431,61
20432,61
20433,61
20434,61
20435,61
20436,61
20437,61
20438,61
20439,61
20440,61
20441,61
20442,61
20443,61
20444,61
20445,61
20446,61
20447,61
20448,61
20449,61
20450,61
20451,61
20452,61
20453,61
20454,61
20455,61
20456,61
20457,61
20458,61
20459,61
20460,61
20461,61
20462,61
20463,61
20464,61
20465,61
20466,61
20467,61
20468,61
20469,61
20470,61
20471,61
20472,61
20473,61
20474,61
20475,61
20476,61
20477,61
20478,61
20479,61
20480,61
20481,61
20482,61
20483,61
20484,61
20485,61
20486,61
20487,60
20488,61
20489,61
20490,61
20491,61
20492,61
20493,61
20494,61
20495,61
20496,61
20497,61
20498,61
20499,61
20500,61
20501,61
20502,61
20503,61
20504,61
20505,61
20506,61
20507,61
20508,61
20509,61
20510,61
20511,61
20512,61
20513,61
20514,61
20515,61
20516,61
20517,61
20518,61
20519,61
20520,61
20521,61
20522,61
20523,60
20524,61
20525,61
20526,61
20527,61
20528,61
20529,61
20530,61
20531,61
20532,61
20533,61
20534,61
20535,61
20536,61
20537,61
20538,61
20539,61
20540,61
20541,61
20542,61
20543,61
20544,61
20545,61
20546,61
20547,61
20548,61
20549,61
20550,61
20551,61
20552,61
20553,61
20554,60
20555,61
20556,61
20557,61
20558,61
20559,61
20560,61
20561,61
20562,61
20563,61
20564,61
20565,61
20566,61
20567,61
20568,61
20569,61
20570,61
20571,61
20572,61
20573,61
20574,61
20575,61
20576,61
20577,61
20578,61
20579,61
20580,61
20581,60
20582,61
20583,61
20584,61
20585,61
20586,61
20587,61
20588,61
20589,61
20590,60
20591,61
20592,60
20593,61
20594,61
20595,61
20596,61
20597,61
20598,61
20599,60
20600,61
20601,61
20602,61
20603,61
20604,61
20605,61
20606,61
20607,61
20608,61
20609,61
20610,61
20611,61
20612,60
20613,61
20614,61
20615,61
20616,61
20617,61
20618,60
20619,61
20620,61
20621,61
20622,61
20623,61
20624,61
20625,61
20626,61
20627,61
20628,61
20629,61
20630,61
20631,61
20632,61
20633,61
20634,61
20635,61
20636,61
20637,61
20638,61
20639,61
20640,61
20641,61
20642,61
20643,61
20644,61
20645,61
20646,61
20647,61
20648,60
20649,61
20650,61
20651,61
20652,61
20653,60
20654,61
20655,61
20656,61
20657,61
20658,61
20659,61
20660,61
20661,61
20662,61
20663,61
20664,61
20665,61
20666,61
20667,61
20668,61
20669,61
20670,61
20671,60
20672,61
20673,61
20674,61
20675,61
20676,61
20677,61
20678,61
20679,61
20680,61
20681,61
20682,61
20683,61
20684,61
20685,61
20686,61
20687,61
20688,61
20689,61
20690,61
20691,61
20692,61
20693,61
20694,61
20695,61
20696,61
20697,61
20698,61
20699,61
20700,61
20701,61
20702,61
20703,61
20704,61
20705,61
20706,61
20707,61
20708,61
20709,61
20710,61
20711,61
20712,61
20713,61
20714,61
20715,61
20716,61
20717,60
20718,61
20719,61
20720,61
20721,61
20722,61
20723,61
20724,61
20725,60
20726,61
20727,61
20728,60
20729,61
20730,61
20731,61
20732,61
20733,61
20734,61
20735,61
20736,61
20737,60
20738,61
20739,61
20740,61
20741,61
20742,61
20743,61
20744,61
20745,61
20746,61
20747,61
20748,61
20749,61
20750,61
20751,61
20752,61
20753,61
20754,61
20755,61
20756,61
20757,61
20758,61
20759,61
20760,61
20761,61
20762,61
20763,60
20764,61
20765,61
20766,61
20767,61
20768,61
20769,61
20770,61
20771,61
20772,61
20773,61
20774,61
20775,61
20776,60
20777,61
20778,61
20779,61
20780,61
20781,61
20782,61
20783,61
20784,61
20785,61
20786,61
20787,61
20788,61
20789,61
20790,61
20791,61
20792,61
20793,61
20794,61
20795,61
20796,61
20797,61
20798,61
20799,61
20800,61
20801,61
20802,61
20803,61
20804,61
20805,60
20806,61
20807,61
20808,61
20809,61
20810,61
20811,61
20812,61
20813,61
20814,61
20815,61
20816,61
20817,61
20818,61
20819,61
20820,60
20821,61
20822,61
20823,61
20824,61
20825,61
20826,61
20827,61
20828,61
20829,61
20830,61
20831,61
20832,61
20833,61
20834,61
20835,61
20836,61
20837,61
20838,61
20839,61
20840,61
20841,61
20842,61
20843,61
20844,61
20845,61
20846,61
20847,61
20848,61
20849,61
20850,61
20851,61
20852,61
20853,61
20854,61
20855,61
20856,61
20857,61
20858,61
20859,61
20860,61
20861,61
20862,61
20863,61
20864,61
20865,61
20866,61
20867,61
20868,61
20869,61
20870,61
20871,61
20872,61
20873,61
20874,61
20875,61
20876,61
20877,61
20878,61
20879,61
20880,61
20881,61
20882,60
20883,61
20884,61
20885,61
20886,61
20887,61
20888,61
20889,61
20890,61
20891,61
20892,61
20893,61
20894,61
20895,61
20896,61
20897,61
20898,61
20899,61
20900,61
20901,61
20902,61
20903,61
20904,61
20905,61
20906,61
20907,61
20908,61
20909,61
20910,61
20911,61
20912,61
20913,61
20914,61
20915,61
20916,61
20917,61
20918,61
20919,61
20920,61
20921,61
20922,61
20923,61
20924,61
20925,61
20926,61
20927,61
20928,61
20929,61
20930,61
20931,61
20932,61
20933,61
20934,61
20935,61
20936,61
20937,61
20938,61
20939,61
20940,61
20941,61
20942,61
20943,61
20944,61
20945,61
20946,61
20947,61
20948,61
20949,61
20950,61
20951,61
20952,61
20953,61
20954,61
20955,61
20956,61
20957,61
20958,61
20959,61
20960,61
20961,61
20962,61
20963,61
20964,61
20965,61
20966,61
20967,61
20968,61
20969,61
20970,61
20971,61
20972,61
20973,61
20974,60
20975,61
20976,61
20977,61
20978,61
20979,61
20980,61
20981,61
20982,61
20983,61
20984,61
20985,61
20986,61
20987,60
20988,61
20989,61
20990,61
20991,61
20992,61
20993,60
20994,61
20995,60
20996,61
20997,61
20998,61
20999,61
21000,61
21001,61
21002,61
21003,61
21004,61
21005,61
21006,61
21007,61
21008,61
21009,61
21010,61
21011,61
21012,61
21013,61
21014,60
21015,61
21016,60
21017,61
21018,60
21019,61
21020,61
21021,61
21022,61
21023,61
21024,61
21025,61
21026,61
21027,61
21028,61
21029,61
21030,61
21031,61
21032,61
21033,61
21034,61
21035,61
21036,61
21037,61
21038,61
21039,61
21040,61
21041,61
21042,61
21043,61
21044,61
21045,61
21046,61
21047,61
21048,60
21049,61
21050,61
21051,61
21052,61
21053,61
21054,61
21055,61
21056,61
21057,61
21058,61
21059,61
21060,61
21061,61
21062,61
21063,61
21064,61
21065,61
21066,60
21067,61
21068,61
21069,61
21070,61
21071,61
21072,61
21073,61
21074,61
21075,61
21076,61
21077,61
21078,61
21079,61
21080,61
21081,61
21082,61
21083,61
21084,61
21085,61
21086,61
21087,61
21088,61
21089,61
21090,61
21091,61
21092,61
21093,61
21094,61
21095,61
21096,61
21097,61
21098,61
21099,61
21100,61
21101,61
21102,61
21103,61
21104,61
21105,61
21106,61
21107,61
21108,61
21109,60
21110,61
21111,61
21112,61
21113,61
21114,61
21115,61
21116,61
21117,61
21118,61
21119,61
21120,61
21121,61
21122,61
21123,61
21124,61
21125,61
21126,61
21127,61
21128,61
21129,61
21130,61
21131,61
21132,60
21133,61
21134,61
21135,61
21136,61
21137,61
21138,61
21139,61
21140,61
21141,61
21142,61
21143,61
21144,61
21145,61
21146,61
21147,61
21148,61
21149,61
21150,61
21151,61
21152,61
21153,61
21154,61
21155,61
21156,61
21157,61
21158,61
21159,61
21160,61
21161,61
21162,61
21163,61
21164,61
21165,61
21166,61
21167,61
21168,61
21169,61
21170,61
21171,61
21172,61
21173,61
21174,61
21175,61
21176,61
21177,61
21178,61
21179,60
21180,61
21181,61
21182,61
21183,61
21184,61
21185,61
21186,61
21187,61
21188,61
21189,61
21190,61
21191,61
21192,61
21193,61
21194,61
21195,61
21196,61
21197,61
21198,61
21199,61
21200,61
21201,61
21202,61
21203,61
21204,61
21205,61
21206,61
21207,61
21208,61
21209,61
21210,61
21211,61
21212,61
21213,61
21214,61
21215,61
21216,61
21217,61
21218,61
21219,61
21220,61
21221,61
21222,61
21223,61
21224,61
21225,61
21226,61
21227,61
21228,61
21229,61
21230,61
21231,61
21232,61
21233,61
21234,61
21235,61
21236,61
21237,61
21238,61
21239,61
21240,60
21241,61
21242,61
21243,61
21244,61
21245,61
21246,61
21247,61
21248,61
21249,61
21250,61
21251,61
21252,61
21253,61
21254,61
21255,61
21256,61
21257,61
21258,61
21259,61
21260,61
21261,61
21262,61
21263,61
21264,61
21265,61
21266,61
21267,61
21268,61
21269,61
21270,61
21271,61
21272,61
21273,61
21274,61
21275,61
21276,61
21277,60
21278,61
21279,61
21280,61
21281,61
21282,61
21283,61
21284,61
21285,61
21286,61
21287,61
21288,61
21289,61
21290,61
21291,61
21292,61
21293,61
21294,61
21295,61
21296,61
21297,61
21298,61
21299,61
21300,60
21301,61
21302,61
21303,61
21304,61
21305,61
21306,61
21307,61
21308,61
21309,61
21310,61
21311,61
21312,61
21313,61
21314,61
21315,61
21316,61
21317,61
21318,60
21319,61
21320,61
21321,61
21322,61
21323,61
21324,61
21325,61
21326,61
21327,61
21328,61
21329,60
21330,61
21331,61
21332,61
21333,61
21334,61
21335,61
21336,60
21337,61
21338,61
21339,61
21340,61
21341,61
21342,61
21343,61
21344,61
21345,61
21346,61
21347,61
21348,61
21349,61
21350,61
21351,61
21352,60
21353,61
21354,60
21355,61
21356,61
21357,61
21358,61
21359,61
21360,61
21361,61
21362,61
21363,61
21364,61
21365,61
21366,61
21367,61
21368,61
21369,61
21370,61
21371,61
21372,61
21373,61
21374,61
21375,61
21376,61
21377,61
21378,61
21379,61
21380,61
21381,61
21382,61
21383,61
21384,61
21385,61
21386,61
21387,61
21388,61
21389,61
21390,61
21391,61
21392,61
21393,61
21394,61
21395,61
21396,61
21397,61
21398,61
21399,61
21400,61
21401,61
21402,61
21403,61
21404,61
21405,61
21406,61
21407,61
21408,61
21409,61
21410,61
21411,61
21412,61
21413,61
21414,61
21415,61
21416,61
21417,61
21418,61
21419,61
21420,61
21421,61
21422,61
21423,61
21424,61
21425,61
21426,61
21427,61
21428,61
21429,61
21430,61
21431,61
21432,61
21433,61
21434,61
21435,61
21436,61
21437,61
21438,61
21439,61
21440,61
21441,61
21442,61
21443,61
21444,61
21445,61
21446,61
21447,61
21448,61
21449,61
21450,61
21451,61
21452,61
21453,60
21454,61
21455,61
21456,61
21457,61
21458,61
21459,61
21460,61
21461,61
21462,60
21463,61
21464,61
21465,61
21466,61
21467,61
21468,61
21469,61
21470,61
21471,61
21472,61
21473,61
21474,61
21475,60
21476,61
21477,61
21478,61
21479,61
21480,61
21481,61
21482,61
21483,61
21484,61
21485,61
21486,61
21487,61
21488,61
21489,61
21490,61
21491,61
21492,61
21493,61
21494,61
21495,61
21496,61
21497,61
21498,61
21499,61
21500,61
21501,61
21502,61
21503,60
21504,61
21505,61
21506,61
21507,61
21508,61
21509,61
21510,61
21511,61
21512,61
21513,61
21514,61
21515,61
21516,61
21517,61
21518,61
21519,61
21520,61
21521,61
21522,61
21523,61
21524,61
21525,61
21526,61
21527,61
21528,61
21529,61
21530,61
21531,61
21532,61
21533,61
21534,60
21535,61
21536,61
21537,61
21538,61
21539,61
21540,61
21541,61
21542,61
21543,60
21544,61
21545,61
21546,61
21547,61
21548,61
21549,61
21550,61
21551,61
21552,61
21553,60
21554,61
21555,61
21556,61
21557,61
21558,61
21559,61
21560,61
21561,61
21562,61
21563,61
21564,61
21565,61
21566,61
21567,61
21568,61
21569,61
21570,60
21571,61
21572,61
21573,61
21574,61
21575,61
21576,61
21577,61
21578,61
21579,60
21580,61
21581,61
21582,61
21583,61
21584,61
21585,60
21586,61
21587,61
21588,61
21589,61
21590,61
21591,61
21592,61
21593,61
21594,61
21595,61
21596,61
21597,61
21598,60
21599,60
21600,61
21601,61
21602,61
21603,61
21604,61
21605,61
21606,61
21607,61
21608,61
21609,61
21610,61
21611,61
21612,61
21613,61
21614,61
21615,61
21616,61
21617,61
21618,61
21619,61
21620,61
21621,61
21622,61
21623,61
21624,61
21625,61
21626,61
21627,61
21628,61
21629,60
21630,61
21631,61
21632,61
21633,61
21634,61
21635,61
21636,61
21637,61
21638,61
21639,61
21640,61
21641,61
21642,61
21643,61
21644,61
21645,61
21646,61
21647,61
21648,61
21649,61
21650,61
21651,61
21652,61
21653,61
21654,61
21655,61
21656,61
21657,61
21658,61
21659,61
21660,61
21661,61
21662,61
21663,61
21664,61
21665,61
21666,61
21667,61
21668,61
21669,61
21670,61
21671,61
21672,61
21673,61
21674,61
21675,61
21676,61
21677,61
21678,61
21679,61
21680,61
21681,61
21682,61
21683,61
21684,61
21685,61
21686,61
21687,61
21688,61
21689,61
21690,61
21691,61
21692,61
21693,61
21694,61
21695,61
21696,61
21697,61
21698,61
21699,61
21700,61
21701,61
21702,61
21703,60
21704,61
21705,61
21706,61
21707,61
21708,61
21709,61
21710,61
21711,60
21712,61
21713,61
21714,61
21715,61
21716,61
21717,61
21718,61
21719,61
21720,61
21721,61
21722,61
21723,61
21724,61
21725,61
21726,61
21727,61
21728,61
21729,61
21730,61
21731,61
21732,61
21733,61
21734,61
21735,61
21736,61
21737,61
21738,61
21739,61
21740,61
21741,61
21742,61
21743,61
21744,61
21745,61
21746,61
21747,61
21748,61
21749,61
21750,61
21751,61
21752,61
21753,61
21754,61
21755,61
21756,61
21757,61
21758,61
21759,61
21760,61
21761,61
21762,61
21763,61
21764,61
21765,61
21766,61
21767,60
21768,61
21769,61
21770,61
21771,61
21772,61
21773,61
21774,61
21775,61
21776,61
21777,61
21778,61
21779,61
21780,61
21781,61
21782,61
21783,61
21784,61
21785,61
21786,61
21787,61
21788,61
21789,61
21790,61
21791,61
21792,61
21793,61
21794,61
21795,61
21796,61
21797,61
21798,61
21799,61
21800,61
21801,61
21802,61
21803,61
21804,61
21805,61
21806,61
21807,61
21808,61
21809,61
21810,61
21811,61
21812,61
21813,61
21814,61
21815,61
21816,61
21817,61
21818,61
21819,61
21820,61
21821,61
21822,61
21823,61
21824,61
21825,61
21826,60
21827,61
21828,61
21829,61
21830,61
21831,61
21832,61
21833,61
21834,61
21835,61
21836,61
21837,61
21838,61
21839,61
21840,61
21841,61
21842,60
21843,61
21844,61
21845,61
21846,61
21847,61
21848,61
21849,61
21850,61
21851,61
21852,61
21853,61
21854,61
21855,60
21856,61
21857,61
21858,61
21859,61
21860,61
21861,61
21862,61
21863,61
21864,61
21865,61
21866,61
21867,61
21868,61
21869,61
21870,61
21871,61
21872,61
21873,61
21874,61
21875,61
21876,61
21877,61
21878,61
21879,61
21880,61
21881,61
21882,61
21883,61
21884,61
21885,61
21886,61
21887,61
21888,61
21889,61
21890,61
21891,61
21892,61
21893,61
21894,61
21895,61
21896,61
21897,61
21898,61
21899,61
21900,61
21901,61
21902,61
21903,61
21904,61
21905,61
21906,61
21907,61
21908,61
21909,61
21910,61
21911,61
21912,61
21913,61
21914,61
21915,61
21916,61
21917,61
21918,61
21919,61
21920,61
21921,61
21922,61
21923,61
21924,61
21925,61
21926,61
21927,61
21928,61
21929,61
21930,61
21931,61
21932,61
21933,61
21934,61
21935,61
21936,61
21937,61
21938,61
21939,61
21940,61
21941,61
21942,61
21943,61
21944,61
21945,61
21946,61
21947,61
21948,61
21949,61
21950,61
21951,61
21952,61
21953,61
21954,61
21955,61
21956,60
21957,61
21958,61
21959,61
21960,61
21961,61
21962,61
21963,61
21964,61
21965,61
21966,60
21967,61
21968,61
21969,61
21970,61
21971,61
21972,61
21973,61
21974,61
21975,61
21976,61
21977,61
21978,61
21979,61
21980,61
21981,61
21982,61
21983,61
21984,61
21985,61
21986,61
21987,61
21988,61
21989,61
21990,61
21991,61
21992,61
21993,61
21994,61
21995,61
21996,61
21997,61
21998,61
21999,61
22000,61
22001,61
22002,61
22003,61
22004,61
22005,61
22006,61
22007,61
22008,61
22009,61
22010,61
22011,61
22012,61
22013,61
22014,61
22015,61
22016,61
22017,61
22018,61
22019,61
22020,61
22021,61
22022,61
22023,61
22024,61
22025,61
22026,61
22027,61
22028,61
22029,61
22030,61
22031,61
22032,61
22033,61
22034,61
22035,61
22036,61
22037,61
22038,61
22039,61
22040,61
22041,61
22042,61
22043,61
22044,61
22045,61
22046,61
22047,61
22048,61
22049,61
22050,61
22051,61
22052,61
22053,61
22054,61
22055,61
22056,61
22057,61
22058,61
22059,61
22060,61
22061,61
22062,61
22063,61
22064,61
22065,61
22066,61
22067,61
22068,61
22069,61
22070,61
22071,61
22072,61
22073,61
22074,61
22075,61
22076,61
22077,61
22078,61
22079,61
22080,61
22081,60
22082,61
22083,61
22084,61
22085,61
22086,61
22087,61
22088,61
22089,61
22090,61
22091,61
22092,61
22093,61
22094,61
22095,61
22096,61
22097,61
22098,61
22099,61
22100,61
22101,61
22102,61
22103,61
22104,61
22105,61
22106,61
22107,61
22108,61
22109,61
22110,61
22111,61
22112,61
22113,61
22114,61
22115,61
22116,61
22117,61
22118,61
22119,61
22120,61
22121,61
22122,61
22123,61
22124,61
22125,61
22126,61
22127,61
22128,61
22129,61
22130,61
22131,61
22132,61
22133,61
22134,61
22135,61
22136,61
22137,61
22138,61
22139,61
22140,61
22141,61
22142,61
22143,61
22144,61
22145,61
22146,61
22147,61
22148,61
22149,61
22150,61
22151,61
22152,61
22153,61
22154,61
22155,61
22156,61
22157,61
22158,61
22159,61
22160,61
22161,61
22162,61
22163,61
22164,61
22165,61
22166,61
22167,61
22168,61
22169,61
22170,61
22171,61
22172,61
22173,61
22174,61
22175,61
22176,61
22177,61
22178,61
22179,61
22180,61
22181,61
22182,61
22183,61
22184,61
22185,61
22186,61
22187,61
22188,61
22189,61
22190,61
22191,61
22192,61
22193,61
22194,60
22195,61
22196,61
22197,61
22198,61
22199,61
22200,61
22201,60
22202,61
22203,61
22204,61
22205,61
22206,61
22207,61
22208,61
22209,61
22210,61
22211,61
22212,61
22213,61
22214,61
22215,61
22216,61
22217,61
22218,61
22219,61
22220,61
22221,60
22222,61
22223,61
22224,61
22225,61
22226,61
22227,61
22228,60
22229,61
22230,61
22231,61
22232,61
22233,61
22234,61
22235,61
22236,61
22237,61
22238,61
22239,61
22240,61
22241,61
22242,61
22243,61
22244,61
22245,61
22246,61
22247,61
22248,61
22249,61
22250,61
22251,61
22252,61
22253,61
22254,61
22255,61
22256,61
22257,61
22258,61
22259,61
22260,61
22261,61
22262,61
22263,61
22264,61
22265,61
22266,61
22267,61
22268,61
22269,61
22270,61
22271,61
22272,61
22273,61
22274,61
22275,61
22276,61
22277,61
22278,61
22279,61
22280,61
22281,61
22282,61
22283,61
22284,61
22285,61
22286,61
22287,61
22288,61
22289,61
22290,61
22291,61
22292,61
22293,61
22294,61
22295,61
22296,61
22297,61
22298,61
22299,61
22300,61
22301,61
22302,61
22303,61
22304,61
22305,61
22306,61
22307,61
22308,61
22309,61
22310,61
22311,61
22312,61
22313,61
22314,61
22315,61
22316,61
22317,61
22318,61
22319,61
22320,61
22321,61
22322,60
22323,61
22324,61
22325,61
22326,61
22327,61
22328,61
22329,61
22330,61
22331,61
22332,61
22333,61
22334,61
22335,61
22336,61
22337,61
22338,61
22339,61
22340,60
22341,61
22342,61
22343,61
22344,61
22345,60
22346,61
22347,61
22348,61
22349,61
22350,61
22351,60
22352,61
22353,61
22354,61
22355,61
22356,61
22357,61
22358,61
22359,61
22360,61
22361,61
22362,61
22363,61
22364,61
22365,61
22366,61
22367,61
22368,61
22369,61
22370,61
22371,61
22372,61
22373,61
22374,61
22375,61
22376,61
22377,61
22378,61
22379,61
22380,61
22381,61
22382,61
22383,61
22384,61
22385,61
22386,61
22387,61
22388,61
22389,61
22390,61
22391,61
22392,61
22393,61
22394,61
22395,61
22396,61
22397,61
22398,61
22399,61
22400,61
22401,61
22402,61
22403,61
22404,61
22405,61
22406,61
22407,61
22408,61
22409,60
22410,61
22411,61
22412,61
22413,61
22414,61
22415,60
22416,61
22417,61
22418,61
22419,61
22420,61
22421,61
22422,61
22423,61
22424,61
22425,61
22426,61
22427,61
22428,60
22429,61
22430,61
22431,61
22432,60
22433,61
22434,61
22435,61
22436,61
22437,61
22438,61
22439,61
22440,61
22441,61
22442,61
22443,61
22444,61
22445,61
22446,61
22447,61
22448,61
22449,61
22450,61
22451,60
22452,61
22453,61
22454,60
22455,61
22456,61
22457,61
22458,61
22459,61
22460,61
22461,61
22462,61
22463,61
22464,61
22465,61
22466,61
22467,61
22468,61
22469,61
22470,61
22471,61
22472,61
22473,61
22474,61
22475,61
22476,61
22477,61
22478,61
22479,61
22480,61
22481,61
22482,61
22483,61
22484,61
22485,61
22486,61
22487,61
22488,61
22489,61
22490,61
22491,61
22492,61
22493,61
22494,61
22495,61
22496,61
22497,61
22498,61
22499,61
22500,61
22501,61
22502,61
22503,61
22504,61
22505,61
22506,61
22507,61
22508,61
22509,61
22510,61
22511,61
22512,61
22513,61
22514,61
22515,61
22516,61
22517,61
22518,61
22519,61
22520,61
22521,61
22522,61
22523,61
22524,61
22525,61
22526,61
22527,61
22528,61
22529,61
22530,61
22531,61
22532,61
22533,61
22534,61
22535,61
22536,61
22537,61
22538,61
22539,61
22540,61
22541,61
22542,61
22543,61
22544,61
22545,61
22546,60
22547,61
22548,61
22549,61
22550,61
22551,61
22552,61
22553,61
22554,60
22555,61
22556,61
22557,61
22558,61
22559,61
22560,61
22561,61
22562,60
22563,60
22564,61
22565,61
22566,61
22567,61
22568,61
22569,61
22570,61
22571,61
22572,61
22573,61
22574,61
22575,61
22576,61
22577,61
22578,61
22579,61
22580,61
22581,61
22582,61
22583,61
22584,61
22585,61
22586,61
22587,60
22588,60
22589,61
22590,61
22591,61
22592,61
22593,61
22594,61
22595,61
22596,61
22597,61
22598,60
22599,61
22600,61
22601,61
22602,61
22603,61
22604,61
22605,61
22606,61
22607,61
22608,61
22609,61
22610,61
22611,61
22612,61
22613,61
22614,61
22615,61
22616,61
22617,61
22618,61
22619,61
22620,61
22621,61
22622,61
22623,61
22624,61
22625,61
22626,61
22627,61
22628,61
22629,61
22630,61
22631,61
22632,61
22633,61
22634,61
22635,61
22636,61
22637,61
22638,61
22639,61
22640,61
22641,60
22642,61
22643,61
22644,61
22645,61
22646,61
22647,61
22648,61
22649,60
22650,61
22651,61
22652,61
22653,61
22654,61
22655,61
22656,61
22657,61
22658,60
22659,61
22660,61
22661,61
22662,61
22663,61
22664,61
22665,61
22666,61
22667,61
22668,61
22669,61
22670,61
22671,61
22672,61
22673,61
22674,61
22675,61
22676,61
22677,61
22678,61
22679,61
22680,61
22681,61
22682,61
22683,61
22684,61
22685,61
22686,61
22687,61
22688,60
22689,61
22690,61
22691,61
22692,61
22693,61
22694,61
22695,60
22696,61
22697,61
22698,61
22699,61
22700,61
22701,61
22702,61
22703,61
22704,61
22705,61
22706,61
22707,61
22708,61
22709,61
22710,61
22711,61
22712,61
22713,61
22714,60
22715,61
22716,60
22717,61
22718,61
22719,61
22720,61
22721,61
22722,61
22723,61
22724,61
22725,61
22726,61
22727,61
22728,61
22729,61
22730,61
22731,61
22732,61
22733,61
22734,61
22735,61
22736,61
22737,61
22738,61
22739,61
22740,61
22741,61
22742,61
22743,61
22744,61
22745,61
22746,61
22747,61
22748,61
22749,61
22750,61
22751,61
22752,61
22753,61
22754,61
22755,61
22756,61
22757,61
22758,61
22759,61
22760,61
22761,61
22762,61
22763,61
22764,61
22765,61
22766,61
22767,61
22768,61
22769,61
22770,61
22771,61
22772,61
22773,61
22774,61
22775,61
22776,61
22777,60
22778,61
22779,61
22780,61
22781,61
22782,61
22783,61
22784,61
22785,60
22786,61
22787,61
22788,61
22789,60
22790,61
22791,61
22792,61
22793,61
22794,61
22795,61
22796,61
22797,61
22798,61
22799,61
22800,61
22801,61
22802,61
22803,61
22804,61
22805,61
22806,61
22807,61
22808,61
22809,61
22810,61
22811,61
22812,61
22813,61
22814,61
22815,61
22816,61
22817,61
22818,61
22819,61
22820,61
22821,61
22822,61
22823,61
22824,61
22825,61
22826,61
22827,61
22828,61
22829,61
22830,61
22831,61
22832,61
22833,61
22834,61
22835,61
22836,61
22837,61
22838,61
22839,61
22840,61
22841,61
22842,61
22843,61
22844,60
22845,61
22846,61
22847,61
22848,61
22849,61
22850,61
22851,61
22852,61
22853,61
22854,61
22855,61
22856,61
22857,61
22858,61
22859,61
22860,61
22861,61
22862,61
22863,61
22864,61
22865,61
22866,61
22867,61
22868,61
22869,61
22870,61
22871,61
22872,61
22873,61
22874,61
22875,61
22876,61
22877,61
22878,61
22879,61
22880,61
22881,61
22882,61
22883,61
22884,60
22885,61
22886,61
22887,61
22888,61
22889,61
22890,61
22891,61
22892,61
22893,61
22894,61
22895,61
22896,61
22897,61
22898,61
22899,61
22900,61
22901,61
22902,61
22903,61
22904,61
22905,61
22906,61
22907,61
22908,61
22909,61
22910,61
22911,61
22912,60
22913,61
22914,61
22915,61
22916,61
22917,61
22918,61
22919,61
22920,61
22921,61
22922,61
22923,61
22924,61
22925,61
22926,61
22927,61
22928,61
22929,61
22930,61
22931,61
22932,61
22933,60
22934,61
22935,61
22936,61
22937,61
22938,61
22939,61
22940,61
22941,61
22942,61
22943,61
22944,61
22945,61
22946,61
22947,61
22948,61
22949,61
22950,61
22951,61
22952,61
22953,61
22954,61
22955,61
22956,61
22957,60
22958,61
22959,61
22960,61
22961,61
22962,61
22963,61
22964,61
22965,61
22966,61
22967,61
22968,61
22969,61
22970,61
22971,61
22972,61
22973,61
22974,61
22975,61
22976,61
22977,61
22978,61
22979,61
22980,61
22981,61
22982,61
22983,61
22984,61
22985,61
22986,61
22987,61
22988,61
22989,61
22990,61
22991,61
22992,61
22993,61
22994,61
22995,61
22996,61
22997,61
22998,61
22999,61
23000,61
23001,61
23002,61
23003,61
23004,61
23005,61
23006,61
23007,61
23008,61
23009,61
23010,61
23011,61
23012,61
23013,61
23014,61
23015,61
23016,61
23017,61
23018,61
23019,60
23020,61
23021,61
23022,61
23023,61
23024,61
23025,61
23026,61
23027,61
23028,61
23029,61
23030,61
23031,61
23032,61
23033,61
23034,61
23035,61
23036,61
23037,61
23038,61
23039,61
23040,61
23041,61
23042,61
23043,61
23044,61
23045,61
23046,61
23047,61
23048,61
23049,61
23050,61
23051,61
23052,61
23053,61
23054,61
23055,61
23056,61
23057,61
23058,61
23059,61
23060,61
23061,61
23062,61
23063,61
23064,61
23065,60
23066,61
23067,61
23068,61
23069,60
23070,61
23071,61
23072,60
23073,61
23074,61
23075,61
23076,61
23077,61
23078,61
23079,61
23080,61
23081,61
23082,61
23083,61
23084,61
23085,61
23086,61
23087,61
23088,61
23089,61
23090,61
23091,61
23092,61
23093,61
23094,61
23095,61
23096,61
23097,61
23098,61
23099,61
23100,61
23101,61
23102,61
23103,61
23104,61
23105,61
23106,61
23107,61
23108,61
23109,61
23110,61
23111,61
23112,61
23113,61
23114,61
23115,61
23116,61
23117,61
23118,61
23119,61
23120,61
23121,61
23122,61
23123,61
23124,61
23125,61
23126,61
23127,61
23128,61
23129,61
23130,61
23131,60
23132,61
23133,61
23134,61
23135,61
23136,61
23137,61
23138,61
23139,61
23140,61
23141,61
23142,61
23143,61
23144,61
23145,61
23146,61
23147,61
23148,61
23149,61
23150,61
23151,61
23152,61
23153,61
23154,61
23155,61
23156,61
23157,61
23158,61
23159,61
23160,61
23161,61
23162,61
23163,61
23164,61
23165,61
23166,61
23167,61
23168,61
23169,61
23170,61
23171,61
23172,61
23173,61
23174,61
23175,61
23176,61
23177,61
23178,61
23179,61
23180,61
23181,60
23182,61
23183,61
23184,61
23185,61
23186,61
23187,61
23188,61
23189,61
23190,61
23191,61
23192,61
23193,61
23194,61
23195,61
23196,60
23197,61
23198,61
23199,61
23200,60
23201,61
23202,61
23203,61
23204,61
23205,61
23206,61
23207,61
23208,61
23209,61
23210,61
23211,61
23212,61
23213,61
23214,61
23215,61
23216,61
23217,61
23218,61
23219,61
23220,61
23221,61
23222,61
23223,61
23224,61
23225,61
23226,61
23227,61
23228,61
23229,61
23230,61
23231,61
23232,61
23233,61
23234,61
23235,61
23236,60
23237,61
23238,61
23239,61
23240,61
23241,61
23242,61
23243,61
23244,61
23245,61
23246,61
23247,61
23248,61
23249,61
23250,61
23251,61
23252,60
23253,60
23254,61
23255,61
23256,61
23257,61
23258,60
23259,61
23260,61
23261,60
23262,61
23263,61
23264,61
23265,61
23266,61
23267,61
23268,61
23269,61
23270,61
23271,61
23272,61
23273,61
23274,61
23275,61
23276,61
23277,61
23278,61
23279,61
23280,61
23281,61
23282,61
23283,61
23284,61
23285,61
23286,61
23287,61
23288,61
23289,61
23290,61
23291,61
23292,61
23293,61
23294,61
23295,61
23296,61
23297,60
23298,61
23299,61
23300,61
23301,61
23302,61
23303,61
23304,61
23305,61
23306,61
23307,61
23308,61
23309,61
23310,61
23311,60
23312,61
23313,61
23314,61
23315,61
23316,61
23317,61
23318,61
23319,61
23320,61
23321,61
23322,61
23323,61
23324,61
23325,61
23326,61
23327,61
23328,61
23329,61
23330,61
23331,61
23332,61
23333,61
23334,61
23335,61
23336,61
23337,61
23338,61
23339,60
23340,61
23341,61
23342,61
23343,61
23344,61
23345,61
23346,61
23347,61
23348,61
23349,61
23350,61
23351,61
23352,61
23353,61
23354,61
23355,61
23356,60
23357,61
23358,61
23359,60
23360,61
23361,61
23362,61
23363,61
23364,61
23365,60
23366,61
23367,61
23368,61
23369,61
23370,61
23371,61
23372,61
23373,61
23374,61
23375,61
23376,61
23377,61
23378,61
23379,61
23380,61
23381,60
23382,61
23383,61
23384,61
23385,61
23386,61
23387,61
23388,61
23389,61
23390,61
23391,61
23392,61
23393,61
23394,61
23395,61
23396,61
23397,61
23398,61
23399,61
23400,61
23401,0
23402,0
23403,0
23404,0
23405,61
23406,61
23407,61
23408,61
23409,61
23410,61
23411,61
23412,61
23413,61
23414,61
23415,61
23416,61
23417,61
23418,61
23419,61
23420,61
23421,61
23422,61
23423,61
23424,61
23425,61
23426,61
23427,61
23428,61
23429,61
23430,61
23431,61
23432,61
23433,61
23434,61
23435,61
23436,61
23437,61
23438,61
23439,61
23440,61
23441,60
23442,61
23443,61
23444,61
23445,61
23446,61
23447,61
23448,61
23449,61
23450,61
23451,61
23452,61
23453,61
23454,61
23455,60
23456,61
23457,61
23458,61
23459,61
23460,61
23461,61
23462,61
23463,61
23464,61
23465,61
23466,61
23467,61
23468,61
23469,61
23470,61
23471,61
23472,61
23473,61
23474,61
23475,61
23476,61
23477,61
23478,61
23479,61
23480,61
23481,60
23482,61
23483,61
23484,61
23485,61
23486,61
23487,61
23488,61
23489,60
23490,61
23491,61
23492,61
23493,61
23494,61
23495,61
23496,61
23497,61
23498,61
23499,61
23500,61
23501,61
23502,61
23503,61
23504,61
23505,61
23506,61
23507,61
23508,61
23509,61
23510,61
23511,61
23512,61
23513,61
23514,61
23515,61
23516,61
23517,61
23518,61
23519,61
23520,61
23521,61
23522,61
23523,61
23524,61
23525,61
23526,61
23527,61
23528,61
23529,61
23530,61
23531,61
23532,61
23533,61
23534,61
23535,61
23536,61
23537,61
23538,61
23539,61
23540,61
23541,61
23542,61
23543,61
23544,61
23545,61
23546,61
23547,61
23548,61
23549,61
23550,61
23551,61
23552,61
23553,61
23554,61
23555,61
23556,61
23557,61
23558,61
23559,61
23560,60
23561,61
23562,61
23563,61
23564,61
23565,61
23566,61
23567,61
23568,61
23569,60
23570,61
23571,61
23572,61
23573,61
23574,61
23575,60
23576,61
23577,61
23578,61
23579,61
23580,61
23581,61
23582,61
23583,61
23584,61
23585,61
23586,61
23587,61
23588,61
23589,61
23590,61
23591,61
23592,61
23593,61
23594,61
23595,61
23596,61
23597,61
23598,61
23599,61
23600,61
23601,60
23602,61
23603,61
23604,61
23605,61
23606,61
23607,61
23608,60
23609,61
23610,61
23611,61
23612,61
23613,61
23614,61
23615,61
23616,61
23617,61
23618,61
23619,61
23620,61
23621,61
23622,61
23623,61
23624,61
23625,61
23626,61
23627,61
23628,61
23629,61
23630,61
23631,61
23632,61
23633,61
23634,61
23635,61
23636,61
23637,61
23638,61
23639,61
23640,61
23641,61
23642,61
23643,61
23644,61
23645,61
23646,61
23647,61
23648,61
23649,61
23650,61
23651,61
23652,61
23653,61
23654,61
23655,60
23656,61
23657,61
23658,61
23659,61
23660,61
23661,61
23662,61
23663,61
23664,61
23665,61
23666,61
23667,61
23668,61
23669,61
23670,61
23671,61
23672,61
23673,61
23674,61
23675,61
23676,61
23677,61
23678,61
23679,61
23680,61
23681,61
23682,61
23683,61
23684,61
23685,61
23686,61
23687,61
23688,61
23689,61
23690,61
23691,61
23692,61
23693,61
23694,61
23695,61
23696,61
23697,61
23698,60
23699,61
23700,61
23701,61
23702,61
23703,61
23704,61
23705,61
23706,61
23707,61
23708,61
23709,61
23710,61
23711,61
23712,61
23713,61
23714,61
23715,61
23716,61
23717,61
23718,61
23719,61
23720,61
23721,61
23722,61
23723,61
23724,61
23725,61
23726,61
23727,61
23728,61
23729,61
23730,61
23731,61
23732,61
23733,61
23734,61
23735,61
23736,61
23737,61
23738,61
23739,61
23740,61
23741,61
23742,61
23743,61
23744,61
23745,61
23746,61
23747,61
23748,61
23749,61
23750,61
23751,61
23752,61
23753,60
23754,61
23755,61
23756,61
23757,61
23758,61
23759,61
23760,61
23761,61
23762,61
23763,61
23764,61
23765,61
23766,61
23767,61
23768,61
23769,61
23770,61
23771,61
23772,61
23773,61
23774,61
23775,61
23776,61
23777,61
23778,61
23779,61
23780,61
23781,60
23782,60
23783,61
23784,61
23785,61
23786,61
23787,61
23788,61
23789,61
23790,60
23791,61
23792,61
23793,61
23794,61
23795,61
23796,61
23797,61
23798,61
23799,61
23800,61
23801,61
23802,61
23803,61
23804,61
23805,61
23806,61
23807,61
23808,61
23809,61
23810,61
23811,61
23812,61
23813,61
23814,61
23815,61
23816,61
23817,61
23818,61
23819,61
23820,61
23821,61
23822,60
23823,61
23824,61
23825,61
23826,61
23827,61
23828,61
23829,61
23830,61
23831,61
23832,61
23833,61
23834,61
23835,61
23836,61
23837,61
23838,61
23839,61
23840,61
23841,61
23842,61
23843,61
23844,61
23845,61
23846,61
23847,61
23848,61
23849,61
23850,61
23851,61
23852,60
23853,61
23854,61
23855,61
23856,61
23857,61
23858,61
23859,61
23860,61
23861,61
23862,61
23863,61
23864,61
23865,61
23866,61
23867,61
23868,61
23869,61
23870,61
23871,61
23872,61
23873,60
23874,61
23875,60
23876,61
23877,61
23878,61
23879,61
23880,61
23881,61
23882,61
23883,61
23884,61
23885,61
23886,61
23887,60
23888,61
23889,61
23890,61
23891,61
23892,61
23893,61
23894,61
23895,61
23896,61
23897,61
23898,61
23899,61
23900,61
23901,61
23902,61
23903,61
23904,61
23905,61
23906,61
23907,61
23908,61
23909,61
23910,61
23911,61
23912,61
23913,61
23914,61
23915,61
23916,61
23917,61
23918,61
23919,61
23920,61
23921,61
23922,61
23923,61
23924,61
23925,61
23926,61
23927,61
23928,61
23929,61
23930,61
23931,61
23932,61
23933,61
23934,61
23935,61
23936,61
23937,61
23938,61
23939,61
23940,61
23941,61
23942,61
23943,61
23944,61
23945,60
23946,61
23947,61
23948,61
23949,61
23950,61
23951,60
23952,61
23953,61
23954,61
23955,61
23956,61
23957,61
23958,61
23959,61
23960,61
23961,61
23962,61
23963,61
23964,61
23965,61
23966,61
23967,61
23968,60
23969,61
23970,61
23971,61
23972,61
23973,61
23974,61
23975,61
23976,61
23977,61
23978,61
23979,61
23980,61
23981,61
23982,61
23983,61
23984,61
23985,61
23986,61
23987,61
23988,61
23989,61
23990,61
23991,61
23992,61
23993,61
23994,61
23995,61
23996,61
23997,61
23998,61
23999,61
24000,61
24001,61
24002,61
24003,61
24004,61
24005,61
24006,61
24007,61
24008,61
24009,61
24010,61
24011,61
24012,61
24013,61
24014,61
24015,61
24016,61
24017,61
24018,61
24019,61
24020,61
24021,61
24022,61
24023,61
24024,61
24025,61
24026,61
24027,61
24028,61
24029,61
24030,61
24031,61
24032,61
24033,61
24034,61
24035,61
24036,61
24037,61
24038,61
24039,61
24040,61
24041,61
24042,61
24043,61
24044,61
24045,61
24046,61
24047,61
24048,61
24049,61
24050,61
24051,61
24052,61
24053,61
24054,60
24055,61
24056,61
24057,61
24058,61
24059,61
24060,61
24061,61
24062,61
24063,61
24064,61
24065,61
24066,61
24067,61
24068,61
24069,61
24070,61
24071,61
24072,61
24073,61
24074,61
24075,61
24076,61
24077,61
24078,61
24079,61
24080,61
24081,61
24082,61
24083,61
24084,61
24085,61
24086,61
24087,61
24088,61
24089,61
24090,61
24091,61
24092,61
24093,60
24094,61
24095,61
24096,61
24097,61
24098,61
24099,61
24100,61
24101,61
24102,61
24103,61
24104,61
24105,61
24106,60
24107,61
24108,61
24109,61
24110,61
24111,61
24112,61
24113,61
24114,61
24115,60
24116,61
24117,61
24118,60
24119,61
24120,61
24121,60
24122,61
24123,61
24124,61
24125,61
24126,61
24127,61
24128,61
24129,61
24130,61
24131,61
24132,61
24133,61
24134,61
24135,60
24136,61
24137,61
24138,61
24139,61
24140,61
24141,61
24142,61
24143,61
24144,60
24145,61
24146,61
24147,61
24148,61
24149,61
24150,61
24151,61
24152,61
24153,61
24154,61
24155,61
24156,61
24157,61
24158,61
24159,61
24160,61
24161,61
24162,61
24163,61
24164,61
24165,61
24166,61
24167,61
24168,61
24169,61
24170,61
24171,61
24172,61
24173,61
24174,61
24175,61
24176,61
24177,60
24178,61
24179,61
24180,60
24181,61
24182,61
24183,61
24184,61
24185,61
24186,61
24187,61
24188,61
24189,61
24190,61
24191,61
24192,61
24193,61
24194,61
24195,61
24196,61
24197,61
24198,61
24199,61
24200,61
24201,61
24202,61
24203,61
24204,61
24205,61
24206,61
24207,61
24208,61
24209,61
24210,61
24211,61
24212,61
24213,61
24214,61
24215,61
24216,61
24217,61
24218,61
24219,61
24220,61
24221,61
24222,61
24223,61
24224,61
24225,61
24226,61
24227,61
24228,61
24229,61
24230,61
24231,61
24232,61
24233,61
24234,61
24235,61
24236,61
24237,61
24238,61
24239,61
24240,61
24241,61
24242,60
24243,61
24244,61
24245,61
24246,61
24247,61
24248,61
24249,61
24250,61
24251,61
24252,61
24253,61
24254,61
24255,61
24256,61
24257,61
24258,61
24259,61
24260,61
24261,61
24262,61
24263,61
24264,61
24265,61
24266,61
24267,61
24268,61
24269,61
24270,61
24271,61
24272,61
24273,61
24274,61
24275,61
24276,61
24277,61
24278,61
24279,61
24280,61
24281,61
24282,61
24283,61
24284,61
24285,61
24286,61
24287,61
24288,61
24289,61
24290,61
24291,61
24292,61
24293,61
24294,61
24295,61
24296,61
24297,61
24298,61
24299,61
24300,61
24301,61
24302,61
24303,61
24304,61
24305,61
24306,61
24307,61
24308,61
24309,61
24310,61
24311,61
24312,61
24313,61
24314,61
24315,61
24316,61
24317,61
24318,61
24319,61
24320,61
24321,61
24322,61
24323,60
24324,60
24325,61
24326,61
24327,61
24328,60
24329,61
24330,61
24331,61
24332,61
24333,61
24334,61
24335,61
24336,61
24337,61
24338,61
24339,61
24340,61
24341,61
24342,61
24343,61
24344,61
24345,61
24346,61
24347,61
24348,61
24349,61
24350,61
24351,61
24352,61
24353,61
24354,61
24355,61
24356,61
24357,60
24358,61
24359,61
24360,61
24361,61
24362,61
24363,61
24364,61
24365,61
24366,61
24367,60
24368,61
24369,61
24370,61
24371,61
24372,61
24373,61
24374,61
24375,61
24376,61
24377,61
24378,61
24379,61
24380,61
24381,61
24382,61
24383,61
24384,61
24385,61
24386,61
24387,61
24388,61
24389,61
24390,61
24391,61
24392,61
24393,61
24394,61
24395,61
24396,61
24397,61
24398,61
24399,61
24400,61
24401,61
24402,61
24403,61
24404,61
24405,61
24406,61
24407,61
24408,61
24409,61
24410,61
24411,61
24412,61
24413,61
24414,61
24415,61
24416,60
24417,61
24418,61
24419,61
24420,61
24421,61
24422,61
24423,61
24424,61
24425,61
24426,61
24427,61
24428,61
24429,61
24430,61
24431,61
24432,61
24433,61
24434,61
24435,61
24436,61
24437,61
24438,61
24439,61
24440,61
24441,61
24442,61
24443,61
24444,61
24445,61
24446,61
24447,61
24448,61
24449,61
24450,61
24451,61
24452,61
24453,61
24454,61
24455,61
24456,61
24457,61
24458,61
24459,61
24460,61
24461,61
24462,61
24463,61
24464,61
24465,61
24466,61
24467,61
24468,61
24469,61
24470,61
24471,61
24472,61
24473,61
24474,61
24475,61
24476,61
24477,61
24478,61
24479,61
24480,61
24481,61
24482,61
24483,61
24484,61
24485,61
24486,61
24487,61
24488,61
24489,61
24490,61
24491,61
24492,61
24493,61
24494,61
24495,60
24496,61
24497,61
24498,61
24499,60
24500,61
24501,61
24502,61
24503,61
24504,61
24505,61
24506,61
24507,61
24508,61
24509,61
24510,61
24511,61
24512,61
24513,60
24514,61
24515,61
24516,61
24517,61
24518,60
24519,61
24520,61
24521,61
24522,61
24523,61
24524,61
24525,61
24526,61
24527,61
24528,61
24529,61
24530,61
24531,61
24532,61
24533,61
24534,61
24535,61
24536,61
24537,61
24538,61
24539,61
24540,61
24541,61
24542,61
24543,61
24544,61
24545,61
24546,61
24547,61
24548,61
24549,61
24550,61
24551,61
24552,61
24553,61
24554,61
24555,61
24556,61
24557,61
24558,61
24559,61
24560,61
24561,61
24562,61
24563,61
24564,61
24565,61
24566,61
24567,61
24568,61
24569,61
24570,61
24571,61
24572,61
24573,61
24574,60
24575,61
24576,61
24577,61
24578,61
24579,61
24580,61
24581,61
24582,61
24583,61
24584,61
24585,61
24586,61
24587,61
24588,61
24589,61
24590,61
24591,61
24592,61
24593,61
24594,61
24595,61
24596,61
24597,61
24598,61
24599,61
24600,61
24601,61
24602,61
24603,61
24604,61
24605,61
24606,61
24607,61
24608,61
24609,61
24610,61
24611,61
24612,61
24613,61
24614,61
24615,61
24616,61
24617,61
24618,61
24619,61
24620,61
24621,61
24622,61
24623,61
24624,61
24625,61
24626,61
24627,61
24628,61
24629,61
24630,61
24631,61
24632,61
24633,61
24634,61
24635,61
24636,61
24637,61
24638,61
24639,61
24640,61
24641,61
24642,61
24643,61
24644,61
24645,61
24646,61
24647,61
24648,61
24649,61
24650,61
24651,61
24652,61
24653,61
24654,61
24655,61
24656,61
24657,61
24658,61
24659,61
24660,61
24661,61
24662,61
24663,60
24664,61
24665,61
24666,61
24667,61
24668,61
24669,61
24670,61
24671,61
24672,61
24673,61
24674,61
24675,61
24676,61
24677,61
24678,61
24679,61
24680,61
24681,61
24682,61
24683,61
24684,61
24685,61
24686,61
24687,61
24688,61
24689,61
24690,61
24691,61
24692,61
24693,61
24694,61
24695,61
24696,61
24697,61
24698,61
24699,61
24700,61
24701,61
24702,61
24703,61
24704,61
24705,61
24706,61
24707,61
24708,61
24709,60
24710,61
24711,61
24712,61
24713,61
24714,61
24715,61
24716,61
24717,61
24718,61
24719,61
24720,61
24721,60
24722,61
24723,61
24724,61
24725,61
24726,61
24727,61
24728,61
24729,61
24730,61
24731,60
24732,61
24733,61
24734,61
24735,61
24736,61
24737,61
24738,61
24739,61
24740,61
24741,61
24742,61
24743,61
24744,61
24745,61
24746,61
24747,61
24748,61
24749,61
24750,61
24751,61
24752,61
24753,61
24754,61
24755,61
24756,61
24757,61
24758,61
24759,61
24760,61
24761,61
24762,61
24763,61
24764,61
24765,61
24766,61
24767,61
24768,61
24769,61
24770,61
24771,61
24772,61
24773,61
24774,61
24775,61
24776,61
24777,61
24778,61
24779,61
24780,61
24781,61
24782,61
24783,61
24784,61
24785,61
24786,61
24787,61
24788,61
24789,61
24790,61
24791,61
24792,61
24793,61
24794,61
24795,60
24796,61
24797,61
24798,61
24799,61
24800,61
24801,61
24802,61
24803,61
24804,61
24805,61
24806,61
24807,61
24808,61
24809,61
24810,61
24811,61
24812,61
24813,61
24814,61
24815,61
24816,61
24817,61
24818,61
24819,61
24820,61
24821,61
24822,61
24823,61
24824,61
24825,61
24826,61
24827,61
24828,61
24829,61
24830,61
24831,61
24832,61
24833,61
24834,61
24835,61
24836,61
24837,61
24838,61
24839,61
24840,61
24841,61
24842,61
24843,61
24844,61
24845,60
24846,61
24847,61
24848,61
24849,61
24850,61
24851,61
24852,61
24853,61
24854,61
24855,61
24856,61
24857,61
24858,61
24859,61
24860,61
24861,61
24862,61
24863,61
24864,61
24865,61
24866,61
24867,61
24868,61
24869,61
24870,61
24871,61
24872,61
24873,61
24874,61
24875,61
24876,61
24877,61
24878,61
24879,61
24880,61
24881,61
24882,61
24883,61
24884,61
24885,61
24886,61
24887,61
24888,61
24889,61
24890,61
24891,61
24892,61
24893,61
24894,61
24895,61
24896,61
24897,61
24898,61
24899,61
24900,61
24901,61
24902,61
24903,61
24904,61
24905,61
24906,61
24907,60
24908,61
24909,61
24910,61
24911,61
24912,61
24913,61
24914,61
24915,61
24916,61
24917,61
24918,61
24919,61
24920,61
24921,61
24922,61
24923,61
24924,61
24925,61
24926,61
24927,61
24928,61
24929,61
24930,61
24931,61
24932,61
24933,61
24934,61
24935,61
24936,61
24937,61
24938,61
24939,61
24940,61
24941,61
24942,61
24943,61
24944,61
24945,61
24946,61
24947,61
24948,61
24949,61
24950,61
24951,61
24952,61
24953,61
24954,61
24955,61
24956,61
24957,61
24958,61
24959,61
24960,61
24961,61
24962,61
24963,61
24964,61
24965,61
24966,61
24967,61
24968,61
24969,61
24970,61
24971,61
24972,61
24973,61
24974,61
24975,61
24976,61
24977,61
24978,61
24979,61
24980,61
24981,61
24982,61
24983,61
24984,61
24985,61
24986,61
24987,61
24988,61
24989,61
24990,61
24991,61
24992,61
24993,61
24994,61
24995,61
24996,61
24997,61
24998,61
24999,61
25000,61
25001,61
25002,61
25003,61
25004,61
25005,61
25006,61
25007,61
25008,61
25009,60
25010,61
25011,61
25012,61
25013,61
25014,61
25015,61
25016,61
25017,61
25018,61
25019,61
25020,61
25021,61
25022,61
25023,60
25024,61
25025,61
25026,61
25027,61
25028,61
25029,61
25030,61
25031,61
25032,61
25033,61
25034,61
25035,61
25036,61
25037,61
25038,61
25039,61
25040,61
25041,61
25042,61
25043,61
25044,61
25045,61
25046,61
25047,61
25048,61
25049,61
25050,61
25051,61
25052,61
25053,61
25054,61
25055,61
25056,61
25057,61
25058,61
25059,61
25060,61
25061,61
25062,61
25063,61
25064,60
25065,61
25066,61
25067,61
25068,61
25069,61
25070,61
25071,60
25072,61
25073,61
25074,61
25075,61
25076,61
25077,61
25078,61
25079,61
25080,61
25081,61
25082,61
25083,61
25084,61
25085,61
25086,61
25087,61
25088,61
25089,61
25090,61
25091,61
25092,61
25093,61
25094,61
25095,61
25096,61
25097,61
25098,61
25099,61
25100,61
25101,61
25102,61
25103,61
25104,61
25105,60
25106,61
25107,61
25108,61
25109,60
25110,61
25111,61
25112,61
25113,61
25114,61
25115,61
25116,61
25117,61
25118,61
25119,61
25120,61
25121,61
25122,61
25123,61
25124,61
25125,61
25126,61
25127,61
25128,61
25129,61
25130,61
25131,61
25132,61
25133,61
25134,61
25135,61
25136,61
25137,61
25138,61
25139,61
25140,61
25141,61
25142,61
25143,61
25144,61
25145,61
25146,61
25147,61
25148,61
25149,61
25150,61
25151,61
25152,61
25153,61
25154,61
25155,61
25156,61
25157,61
25158,61
25159,61
25160,61
25161,61
25162,61
25163,61
25164,61
25165,61
25166,61
25167,60
25168,61
25169,61
25170,61
25171,61
25172,61
25173,61
25174,61
25175,61
25176,61
25177,61
25178,61
25179,61
25180,61
25181,61
25182,61
25183,61
25184,61
25185,61
25186,61
25187,61
25188,61
25189,61
25190,61
25191,61
25192,61
25193,61
25194,61
25195,61
25196,61
25197,61
25198,61
25199,61
25200,61
25201,61
25202,61
25203,60
25204,61
25205,61
25206,61
25207,61
25208,61
25209,61
25210,61
25211,61
25212,61
25213,61
25214,61
25215,61
25216,61
25217,61
25218,61
25219,61
25220,61
25221,61
25222,61
25223,61
25224,61
25225,61
25226,61
25227,61
25228,61
25229,61
25230,61
25231,61
25232,61
25233,61
25234,60
25235,61
25236,61
25237,61
25238,61
25239,61
25240,61
25241,61
25242,61
25243,61
25244,61
25245,61
25246,61
25247,61
25248,61
25249,61
25250,61
25251,61
25252,61
25253,61
25254,61
25255,61
25256,61
25257,61
25258,61
25259,61
25260,61
25261,60
25262,61
25263,61
25264,61
25265,61
25266,61
25267,61
25268,61
25269,61
25270,60
25271,61
25272,60
25273,61
25274,61
25275,61
25276,61
25277,61
25278,61
25279,60
25280,61
25281,61
25282,61
25283,61
25284,61
25285,61
25286,61
25287,61
25288,61
25289,61
25290,61
25291,61
25292,60
25293,61
25294,61
25295,61
25296,61
25297,61
25298,60
25299,61
25300,61
25301,61
25302,61
25303,61
25304,61
25305,61
25306,61
25307,61
25308,61
25309,61
25310,61
25311,61
25312,61
25313,61
25314,61
25315,61
25316,61
25317,61
25318,61
25319,61
25320,61
25321,61
25322,61
25323,61
25324,61
25325,61
25326,61
25327,61
25328,60
25329,61
25330,61
25331,61
25332,61
25333,60
25334,61
25335,61
25336,61
25337,61
25338,61
25339,61
25340,61
25341,61
25342,61
25343,61
25344,61
25345,61
25346,61
25347,61
25348,61
25349,61
25350,61
25351,60
25352,61
25353,61
25354,61
25355,61
25356,61
25357,61
25358,61
25359,61
25360,61
25361,61
25362,61
25363,61
25364,61
25365,61
25366,61
25367,61
25368,61
25369,61
25370,61
25371,61
25372,61
25373,61
25374,61
25375,61
25376,61
25377,61
25378,61
25379,61
25380,61
25381,61
25382,61
25383,61
25384,61
25385,61
25386,61
25387,61
25388,61
25389,61
25390,61
25391,61
25392,61
25393,61
25394,61
25395,61
25396,61
25397,60
25398,61
25399,61
25400,61
25401,61
25402,61
25403,61
25404,61
25405,60
25406,61
25407,61
25408,60
25409,61
25410,61
25411,61
25412,61
25413,61
25414,61
25415,61
25416,61
25417,60
25418,61
25419,61
25420,61
25421,61
25422,61
25423,61
25424,61
25425,61
25426,61
25427,61
25428,61
25429,61
25430,61
25431,61
25432,61
25433,61
25434,61
25435,61
25436,61
25437,61
25438,61
25439,61
25440,61
25441,61
25442,61
25443,60
25444,61
25445,61
25446,61
25447,61
25448,61
25449,61
25450,61
25451,61
25452,61
25453,61
25454,61
25455,61
25456,60
25457,61
25458,61
25459,61
25460,61
25461,61
25462,61
25463,61
25464,61
25465,61
25466,61
25467,61
25468,61
25469,61
25470,61
25471,61
25472,61
25473,61
25474,61
25475,61
25476,61
25477,61
25478,61
25479,61
25480,61
25481,61
25482,61
25483,61
25484,61
25485,60
25486,61
25487,61
25488,61
25489,61
25490,61
25491,61
25492,61
25493,61
25494,61
25495,61
25496,61
25497,61
25498,61
25499,61
25500,60
25501,61
25502,61
25503,61
25504,61
25505,61
25506,61
25507,61
25508,61
25509,61
25510,61
25511,61
25512,61
25513,61
25514,61
25515,61
25516,61
25517,61
25518,61
25519,61
25520,61
25521,61
25522,61
25523,61
25524,61
25525,61
25526,61
25527,61
25528,61
25529,61
25530,61
25531,61
25532,61
25533,61
25534,61
25535,61
25536,61
25537,61
25538,61
25539,61
25540,61
25541,61
25542,61
25543,61
25544,61
25545,61
25546,61
25547,61
25548,61
25549,61
25550,61
25551,61
25552,61
25553,61
25554,61
25555,61
25556,61
25557,61
25558,61
25559,61
25560,61
25561,61
25562,60
25563,61
25564,61
25565,61
25566,61
25567,61
25568,61
25569,61
25570,61
25571,61
25572,61
25573,61
25574,61
25575,61
25576,61
25577,61
25578,61
25579,61
25580,61
25581,61
25582,61
25583,61
25584,61
25585,61
25586,61
25587,61
25588,61
25589,61
25590,61
25591,61
25592,61
25593,61
25594,61
25595,61
25596,61
25597,61
25598,61
25599,61
25600,61
25601,61
25602,61
25603,61
25604,61
25605,61
25606,61
25607,61
25608,61
25609,61
25610,61
25611,61
25612,61
25613,61
25614,61
25615,61
25616,61
25617,61
25618,61
25619,61
25620,61
25621,61
25622,61
25623,61
25624,61
25625,61
25626,61
25627,61
25628,61
25629,61
25630,61
25631,61
25632,61
25633,61
25634,61
25635,61
25636,61
25637,61
25638,61
25639,61
25640,61
25641,61
25642,61
25643,61
25644,61
25645,61
25646,61
25647,61
25648,61
25649,61
25650,61
25651,61
25652,61
25653,61
25654,60
25655,61
25656,61
25657,61
25658,61
25659,61
25660,61
25661,61
25662,61
25663,61
25664,61
25665,61
25666,61
25667,60
25668,61
25669,61
25670,61
25671,61
25672,61
25673,60
25674,61
25675,60
25676,61
25677,61
25678,61
25679,61
25680,61
25681,61
25682,61
25683,61
25684,61
25685,61
25686,61
25687,61
25688,61
25689,61
25690,61
25691,61
25692,61
25693,61
25694,60
25695,61
25696,60
25697,61
25698,60
25699,61
25700,61
25701,61
25702,61
25703,61
25704,61
25705,61
25706,61
25707,61
25708,61
25709,61
25710,61
25711,61
25712,61
25713,61
25714,61
25715,61
25716,61
25717,61
25718,61
25719,61
25720,61
25721,61
25722,61
25723,61
25724,61
25725,61
25726,61
25727,61
25728,60
25729,61
25730,61
25731,61
25732,61
25733,61
25734,61
25735,61
25736,61
25737,61
25738,61
25739,61
25740,61
25741,61
25742,61
25743,61
25744,61
25745,61
25746,60
25747,61
25748,61
25749,61
25750,61
25751,61
25752,61
25753,61
25754,61
25755,61
25756,61
25757,61
25758,61
25759,61
25760,61
25761,61
25762,61
25763,61
25764,61
25765,61
25766,61
25767,61
25768,61
25769,61
25770,61
25771,61
25772,61
25773,61
25774,61
25775,61
25776,61
25777,61
25778,61
25779,61
25780,61
25781,61
25782,61
25783,61
25784,61
25785,61
25786,61
25787,61
25788,61
25789,60
25790,61
25791,61
25792,61
25793,61
25794,61
25795,61
25796,61
25797,61
25798,61
25799,61
25800,61
25801,61
25802,61
25803,61
25804,61
25805,61
25806,61
25807,61
25808,61
25809,61
25810,61
25811,61
25812,60
25813,61
25814,61
25815,61
25816,61
25817,61
25818,61
25819,61
25820,61
25821,61
25822,61
25823,61
25824,61
25825,61
25826,61
25827,61
25828,61
25829,61
25830,61
25831,61
25832,61
25833,61
25834,61
25835,61
25836,61
25837,61
25838,61
25839,61
25840,61
25841,61
25842,61
25843,61
25844,61
25845,61
25846,61
25847,61
25848,61
25849,61
25850,61
25851,61
25852,61
25853,61
25854,61
25855,61
25856,61
25857,61
25858,61
25859,60
25860,61
25861,61
25862,61
25863,61
25864,61
25865,61
25866,61
25867,61
25868,61
25869,61
25870,61
25871,61
25872,61
25873,61
25874,61
25875,61
25876,61
25877,61
25878,61
25879,61
25880,61
25881,61
25882,61
25883,61
25884,61
25885,61
25886,61
25887,61
25888,61
25889,61
25890,61
25891,61
25892,61
25893,61
25894,61
25895,61
25896,61
25897,61
25898,61
25899,61
25900,61
25901,61
25902,61
25903,61
25904,61
25905,61
25906,61
25907,61
25908,61
25909,61
25910,61
25911,61
25912,61
25913,61
25914,61
25915,61
25916,61
25917,61
25918,61
25919,61
25920,60
25921,61
25922,61
25923,61
25924,61
25925,61
25926,61
25927,61
25928,61
25929,61
25930,61
25931,61
25932,61
25933,61
25934,61
25935,61
25936,61
25937,61
25938,61
25939,61
25940,61
25941,61
25942,61
25943,61
25944,61
25945,61
25946,61
25947,61
25948,61
25949,61
25950,61
25951,61
25952,61
25953,61
25954,61
25955,61
25956,61
25957,60
25958,61
25959,61
25960,61
25961,61
25962,61
25963,61
25964,61
25965,61
25966,61
25967,61
25968,61
25969,61
25970,61
25971,61
25972,61
25973,61
25974,61
25975,61
25976,61
25977,61
25978,61
25979,61
25980,60
25981,61
25982,61
25983,61
25984,61
25985,61
25986,61
25987,61
25988,61
25989,61
25990,61
25991,61
25992,61
25993,61
25994,61
25995,61
25996,61
25997,61
25998,60
25999,61
26000,61
26001,61
26002,61
26003,61
26004,61
26005,61
26006,61
26007,61
26008,61
26009,60
26010,61
26011,61
26012,61
26013,61
26014,61
26015,61
26016,60
26017,61
26018,61
26019,61
26020,61
26021,61
26022,61
26023,61
26024,61
26025,61
26026,61
26027,61
26028,61
26029,61
26030,61
26031,61
26032,60
26033,61
26034,60
26035,61
26036,61
26037,61
26038,61
26039,61
26040,61
26041,61
26042,61
26043,61
26044,61
26045,61
26046,61
26047,61
26048,61
26049,61
26050,61
26051,61
26052,61
26053,61
26054,61
26055,61
26056,61
26057,61
26058,61
26059,61
26060,61
26061,61
26062,61
26063,61
26064,61
26065,61
26066,61
26067,61
26068,61
26069,61
26070,61
26071,61
26072,61
26073,61
26074,61
26075,61
26076,61
26077,61
26078,61
26079,61
26080,61
26081,61
26082,61
26083,61
26084,61
26085,61
26086,61
26087,61
26088,61
26089,61
26090,61
26091,61
26092,61
26093,61
26094,61
26095,61
26096,61
26097,61
26098,61
26099,61
26100,61
26101,61
26102,61
26103,61
26104,61
26105,61
26106,61
26107,61
26108,61
26109,61
26110,61
26111,61
26112,61
26113,61
26114,61
26115,61
26116,61
26117,61
26118,61
26119,61
26120,61
26121,61
26122,61
26123,61
26124,61
26125,61
26126,61
26127,61
26128,61
26129,61
26130,61
26131,61
26132,61
26133,60
26134,61
26135,61
26136,61
26137,61
26138,61
26139,61
26140,61
26141,61
26142,60
26143,61
26144,61
26145,61
26146,61
26147,61
26148,61
26149,61
26150,61
26151,61
26152,61
26153,61
26154,61
26155,60
26156,61
26157,61
26158,61
26159,61
26160,61
26161,61
26162,61
26163,61
26164,61
26165,61
26166,61
26167,61
26168,61
26169,61
26170,61
26171,61
26172,61
26173,61
26174,61
26175,61
26176,61
26177,61
26178,61
26179,61
26180,61
26181,61
26182,61
26183,60
26184,61
26185,61
26186,61
26187,61
26188,61
26189,61
26190,61
26191,61
26192,61
26193,61
26194,61
26195,61
26196,61
26197,61
26198,61
26199,61
26200,61
26201,61
26202,61
26203,61
26204,61
26205,61
26206,61
26207,61
26208,61
26209,61
26210,61
26211,61
26212,61
26213,61
26214,60
26215,61
26216,61
26217,61
26218,61
26219,61
26220,61
26221,61
26222,61
26223,60
26224,61
26225,61
26226,61
26227,61
26228,61
26229,61
26230,61
26231,61
26232,61
26233,60
26234,61
26235,61
26236,61
26237,61
26238,61
26239,61
26240,61
26241,61
26242,61
26243,61
26244,61
26245,61
26246,61
26247,61
26248,61
26249,61
26250,60
26251,61
26252,61
26253,61
26254,61
26255,61
26256,61
26257,61
26258,61
26259,60
26260,61
26261,61
26262,61
26263,61
26264,61
26265,60
26266,61
26267,61
26268,61
26269,61
26270,61
26271,61
26272,61
26273,61
26274,61
26275,61
26276,61
26277,61
26278,60
26279,60
26280,61
26281,61
26282,61
26283,61
26284,61
26285,61
26286,61
26287,61
26288,61
26289,61
26290,61
26291,61
26292,61
26293,61
26294,61
26295,61
26296,61
26297,61
26298,61
26299,61
26300,61
26301,61
26302,61
26303,61
26304,61
26305,61
26306,61
26307,61
26308,61
26309,60
26310,61
26311,61
26312,61
26313,61
26314,61
26315,61
26316,61
26317,61
26318,61
26319,61
26320,61
26321,61
26322,61
26323,61
26324,61
26325,61
26326,61
26327,61
26328,61
26329,61
26330,61
26331,61
26332,61
26333,61
26334,61
26335,61
26336,61
26337,61
26338,61
26339,61
26340,61
26341,61
26342,61
26343,61
26344,61
26345,61
26346,61
26347,61
26348,61
26349,61
26350,61
26351,61
26352,61
26353,61
26354,61
26355,61
26356,61
26357,61
26358,61
26359,61
26360,61
26361,61
26362,61
26363,61
26364,61
26365,61
26366,61
26367,61
26368,61
26369,61
26370,61
26371,61
26372,61
26373,61
26374,61
26375,61
26376,61
26377,61
26378,61
26379,61
26380,61
26381,61
26382,61
26383,60
26384,61
26385,61
26386,61
26387,61
26388,61
26389,61
26390,61
26391,60
26392,61
26393,61
26394,61
26395,61
26396,61
26397,61
26398,61
26399,61
26400,61
26401,61
26402,61
26403,61
26404,61
26405,61
26406,61
26407,61
26408,61
26409,61
26410,61
26411,61
26412,61
26413,61
26414,61
26415,61
26416,61
26417,61
26418,61
26419,61
26420,61
26421,61
26422,61
26423,61
26424,61
26425,61
26426,61
26427,61
26428,61
26429,61
26430,61
26431,61
26432,61
26433,61
26434,61
26435,61
26436,61
26437,61
26438,61
26439,61
26440,61
26441,61
26442,61
26443,61
26444,61
26445,61
26446,61
26447,60
26448,61
26449,61
26450,61
26451,61
26452,61
26453,61
26454,61
26455,61
26456,61
26457,61
26458,61
26459,61
26460,61
26461,61
26462,61
26463,61
26464,61
26465,61
26466,61
26467,61
26468,61
26469,61
26470,61
26471,61
26472,61
26473,61
26474,61
26475,61
26476,61
26477,61
26478,61
26479,61
26480,61
26481,61
26482,61
26483,61
26484,61
26485,61
26486,61
26487,61
26488,61
26489,61
26490,61
26491,61
26492,61
26493,61
26494,61
26495,61
26496,61
26497,61
26498,61
26499,61
26500,61
26501,61
26502,61
26503,61
26504,61
26505,61
26506,60
26507,61
26508,61
26509,61
26510,61
26511,61
26512,61
26513,61
26514,61
26515,61
26516,61
26517,61
26518,61
26519,61
26520,61
26521,61
26522,60
26523,61
26524,61
26525,61
26526,61
26527,61
26528,61
26529,61
26530,61
26531,61
26532,61
26533,61
26534,61
26535,60
26536,61
26537,61
26538,61
26539,61
26540,61
26541,61
26542,61
26543,61
26544,61
26545,61
26546,61
26547,61
26548,61
26549,61
26550,61
26551,61
26552,61
26553,61
26554,61
26555,61
26556,61
26557,61
26558,61
26559,61
26560,61
26561,61
26562,61
26563,61
26564,61
26565,61
26566,61
26567,61
26568,61
26569,61
26570,61
26571,61
26572,61
26573,61
26574,61
26575,61
26576,61
26577,61
26578,61
26579,61
26580,61
26581,61
26582,61
26583,61
26584,61
26585,61
26586,61
26587,61
26588,61
26589,61
26590,61
26591,61
26592,61
26593,61
26594,61
26595,61
26596,61
26597,61
26598,61
26599,61
26600,61
26601,61
26602,61
26603,61
26604,61
26605,61
26606,61
26607,61
26608,61
26609,61
26610,61
26611,61
26612,61
26613,61
26614,61
26615,61
26616,61
26617,61
26618,61
26619,61
26620,61
26621,61
26622,61
26623,61
26624,61
26625,61
26626,61
26627,61
26628,61
26629,61
26630,61
26631,61
26632,61
26633,61
26634,61
26635,61
26636,60
26637,61
26638,61
26639,61
26640,61
26641,61
26642,61
26643,61
26644,61
26645,61
26646,60
26647,61
26648,61
26649,61
26650,61
26651,61
26652,61
26653,61
26654,61
26655,61
26656,61
26657,61
26658,61
26659,61
26660,61
26661,61
26662,61
26663,61
26664,61
26665,61
26666,61
26667,61
26668,61
26669,61
26670,61
26671,61
26672,61
26673,61
26674,61
26675,61
26676,61
26677,61
26678,61
26679,61
26680,61
26681,61
26682,61
26683,61
26684,61
26685,61
26686,61
26687,61
26688,61
26689,61
26690,61
26691,61
26692,61
26693,61
26694,61
26695,61
26696,61
26697,61
26698,61
26699,61
26700,61
26701,61
26702,61
26703,61
26704,61
26705,61
26706,61
26707,61
26708,61
26709,61
26710,61
26711,61
26712,61
26713,61
26714,61
26715,61
26716,61
26717,61
26718,61
26719,61
26720,61
26721,61
26722,61
26723,61
26724,61
26725,61
26726,61
26727,61
26728,61
26729,61
26730,61
26731,61
26732,61
26733,61
26734,61
26735,61
26736,61
26737,61
26738,61
26739,61
26740,61
26741,61
26742,61
26743,61
26744,61
26745,61
26746,61
26747,61
26748,61
26749,61
26750,61
26751,61
26752,61
26753,61
26754,61
26755,61
26756,61
26757,61
26758,61
26759,61
26760,61
26761,60
26762,61
26763,61
26764,61
26765,61
26766,61
26767,61
26768,61
26769,61
26770,61
26771,61
26772,61
26773,61
26774,61
26775,61
26776,61
26777,61
26778,61
26779,61
26780,61
26781,61
26782,61
26783,61
26784,61
26785,61
26786,61
26787,61
26788,61
26789,61
26790,61
26791,61
26792,61
26793,61
26794,61
26795,61
26796,61
26797,61
26798,61
26799,61
26800,61
26801,61
26802,61
26803,61
26804,61
26805,61
26806,61
26807,61
26808,61
26809,61
26810,61
26811,61
26812,61
26813,61
26814,61
26815,61
26816,61
26817,61
26818,61
26819,61
26820,61
26821,61
26822,61
26823,61
26824,61
26825,61
26826,61
26827,61
26828,61
26829,61
26830,61
26831,61
26832,61
26833,61
26834,61
26835,61
26836,61
26837,61
26838,61
26839,61
26840,61
26841,61
26842,61
26843,61
26844,61
26845,61
26846,61
26847,61
26848,61
26849,61
26850,61
26851,61
26852,61
26853,61
26854,61
26855,61
26856,61
26857,61
26858,61
26859,61
26860,61
26861,61
26862,61
26863,61
26864,61
26865,61
26866,61
26867,61
26868,61
26869,61
26870,61
26871,61
26872,61
26873,61
26874,60
26875,61
26876,61
26877,61
26878,61
26879,61
26880,61
26881,60
26882,61
26883,61
26884,61
26885,61
26886,61
26887,61
26888,61
26889,61
26890,61
26891,61
26892,61
26893,61
26894,61
26895,61
26896,61
26897,61
26898,61
26899,61
26900,61
26901,60
26902,61
26903,61
26904,61
26905,61
26906,61
26907,61
26908,60
26909,61
26910,61
26911,61
26912,61
26913,61
26914,61
26915,61
26916,61
26917,61
26918,61
26919,61
26920,61
26921,61
26922,61
26923,61
26924,61
26925,61
26926,61
26927,61
26928,61
26929,61
26930,61
26931,61
26932,61
26933,61
26934,61
26935,61
26936,61
26937,61
26938,61
26939,61
26940,61
26941,61
26942,61
26943,61
26944,61
26945,61
26946,61
26947,61
26948,61
26949,61
26950,61
26951,61
26952,61
26953,61
26954,61
26955,61
26956,61
26957,61
26958,61
26959,61
26960,61
26961,61
26962,61
26963,61
26964,61
26965,61
26966,61
26967,61
26968,61
26969,61
26970,61
26971,61
26972,61
26973,61
26974,61
26975,61
26976,61
26977,61
26978,61
26979,61
26980,61
26981,61
26982,61
26983,61
26984,61
26985,61
26986,61
26987,61
26988,61
26989,61
26990,61
26991,61
26992,61
26993,61
26994,61
26995,61
26996,61
26997,61
26998,61
26999,61
27000,61
27001,61
27002,60
27003,61
27004,61
27005,61
27006,61
27007,61
27008,61
27009,61
27010,61
27011,61
27012,61
27013,61
27014,61
27015,61
27016,61
27017,61
27018,61
27019,61
27020,60
27021,61
27022,61
27023,61
27024,61
27025,60
27026,61
27027,61
27028,61
27029,61
27030,61
27031,60
27032,61
27033,61
27034,61
27035,61
27036,61
27037,61
27038,61
27039,61
27040,61
27041,61
27042,61
27043,61
27044,61
27045,61
27046,61
27047,61
27048,61
27049,61
27050,61
27051,61
27052,61
27053,61
27054,61
27055,61
27056,61
27057,61
27058,61
27059,61
27060,61
27061,61
27062,61
27063,61
27064,61
27065,61
27066,61
27067,61
27068,61
27069,61
27070,61
27071,61
27072,61
27073,61
27074,61
27075,61
27076,61
27077,61
27078,61
27079,61
27080,61
27081,61
27082,61
27083,61
27084,61
27085,61
27086,61
27087,61
27088,61
27089,60
27090,61
27091,61
27092,61
27093,61
27094,61
27095,60
27096,61
27097,61
27098,61
27099,61
27100,61
27101,61
27102,61
27103,61
27104,61
27105,61
27106,61
27107,61
27108,60
27109,61
27110,61
27111,61
27112,60
27113,61
27114,61
27115,61
27116,61
27117,61
27118,61
27119,61
27120,61
27121,61
27122,61
27123,61
27124,61
27125,61
27126,61
27127,61
27128,61
27129,61
27130,61
27131,60
27132,61
27133,61
27134,60
27135,61
27136,61
27137,61
27138,61
27139,61
27140,61
27141,61
27142,61
27143,61
27144,61
27145,61
27146,61
27147,61
27148,61
27149,61
27150,61
27151,61
27152,61
27153,61
27154,61
27155,61
27156,61
27157,61
27158,61
27159,61
27160,61
27161,61
27162,61
27163,61
27164,61
27165,61
27166,61
27167,61
27168,61
27169,61
27170,61
27171,61
27172,61
27173,61
27174,61
27175,61
27176,61
27177,61
27178,61
27179,61
27180,61
27181,61
27182,61
27183,61
27184,61
27185,61
27186,61
27187,61
27188,61
27189,61
27190,61
27191,61
27192,61
27193,61
27194,61
27195,61
27196,61
27197,61
27198,61
27199,61
27200,61
27201,61
27202,61
27203,61
27204,61
27205,61
27206,61
27207,61
27208,61
27209,61
27210,61
27211,61
27212,61
27213,61
27214,61
27215,61
27216,61
27217,61
27218,61
27219,61
27220,61
27221,61
27222,61
27223,61
27224,61
27225,61
27226,60
27227,61
27228,61
27229,61
27230,61
27231,61
27232,61
27233,61
27234,60
27235,61
27236,61
27237,61
27238,61
27239,61
27240,61
27241,61
27242,60
27243,60
27244,61
27245,61
27246,61
27247,61
27248,61
27249,61
27250,61
27251,61
27252,61
27253,61
27254,61
27255,61
27256,61
27257,61
27258,61
27259,61
27260,61
27261,61
27262,61
27263,61
27264,61
27265,61
27266,61
27267,60
27268,60
27269,61
27270,61
27271,61
27272,61
27273,61
27274,61
27275,61
27276,61
27277,61
27278,60
27279,61
27280,61
27281,61
27282,61
27283,61
27284,61
27285,61
27286,61
27287,61
27288,61
27289,61
27290,61
27291,61
27292,61
27293,61
27294,61
27295,61
27296,61
27297,61
27298,61
27299,61
27300,61
27301,61
27302,61
27303,61
27304,61
27305,61
27306,61
27307,61
27308,61
27309,61
27310,61
27311,61
27312,61
27313,61
27314,61
27315,61
27316,61
27317,61
27318,61
27319,61
27320,61
27321,60
27322,61
27323,61
27324,61
27325,61
27326,61
27327,61
27328,61
27329,60
27330,61
27331,61
27332,61
27333,61
27334,61
27335,61
27336,61
27337,61
27338,60
27339,61
27340,61
27341,61
27342,61
27343,61
27344,61
27345,61
27346,61
27347,61
27348,61
27349,61
27350,61
27351,61
27352,61
27353,61
27354,61
27355,61
27356,61
27357,61
27358,61
27359,61
27360,61
27361,61
27362,61
27363,61
27364,61
27365,61
27366,61
27367,61
27368,60
27369,61
27370,61
27371,61
27372,61
27373,61
27374,61
27375,60
27376,61
27377,61
27378,61
27379,61
27380,61
27381,61
27382,61
27383,61
27384,61
27385,61
27386,61
27387,61
27388,61
27389,61
27390,61
27391,61
27392,61
27393,61
27394,60
27395,61
27396,60
27397,61
27398,61
27399,61
27400,61
27401,61
27402,61
27403,61
27404,61
27405,61
27406,61
27407,61
27408,61
27409,61
27410,61
27411,61
27412,61
27413,61
27414,61
27415,61
27416,61
27417,61
27418,61
27419,61
27420,61
27421,61
27422,61
27423,61
27424,61
27425,61
27426,61
27427,61
27428,61
27429,61
27430,61
27431,61
27432,61
27433,61
27434,61
27435,61
27436,61
27437,61
27438,61
27439,61
27440,61
27441,61
27442,61
27443,61
27444,61
27445,61
27446,61
27447,61
27448,61
27449,61
27450,61
27451,61
27452,61
27453,61
27454,61
27455,61
27456,61
27457,60
27458,61
27459,61
27460,61
27461,61
27462,61
27463,61
27464,61
27465,60
27466,61
27467,61
27468,61
27469,60
27470,61
27471,61
27472,61
27473,61
27474,61
27475,61
27476,61
27477,61
27478,61
27479,61
27480,61
27481,61
27482,61
27483,61
27484,61
27485,61
27486,61
27487,61
27488,61
27489,61
27490,61
27491,61
27492,61
27493,61
27494,61
27495,61
27496,61
27497,61
27498,61
27499,61
27500,61
27501,61
27502,61
27503,61
27504,61
27505,61
27506,61
27507,61
27508,61
27509,61
27510,61
27511,61
27512,61
27513,61
27514,61
27515,61
27516,61
27517,61
27518,61
27519,61
27520,61
27521,61
27522,61
27523,61
27524,60
27525,61
27526,61
27527,61
27528,61
27529,61
27530,61
27531,61
27532,61
27533,61
27534,61
27535,61
27536,61
27537,61
27538,61
27539,61
27540,61
27541,61
27542,61
27543,61
27544,61
27545,61
27546,61
27547,61
27548,61
27549,61
27550,61
27551,61
27552,61
27553,61
27554,61
27555,61
27556,61
27557,61
27558,61
27559,61
27560,61
27561,61
27562,61
27563,61
27564,60
27565,61
27566,61
27567,61
27568,61
27569,61
27570,61
27571,61
27572,61
27573,61
27574,61
27575,61
27576,61
27577,61
27578,61
27579,61
27580,61
27581,61
27582,61
27583,61
27584,61
27585,61
27586,61
27587,61
27588,61
27589,61
27590,61
27591,61
27592,60
27593,61
27594,61
27595,61
27596,61
27597,61
27598,61
27599,61
27600,61
27601,61
27602,61
27603,61
27604,61
27605,61
27606,61
27607,61
27608,61
27609,61
27610,61
27611,61
27612,61
27613,60
27614,61
27615,61
27616,61
27617,61
27618,61
27619,61
27620,61
27621,61
27622,61
27623,61
27624,61
27625,61
27626,61
27627,61
27628,61
27629,61
27630,61
27631,61
27632,61
27633,61
27634,61
27635,61
27636,61
27637,60
27638,61
27639,61
27640,61
27641,61
27642,61
27643,61
27644,61
27645,61
27646,61
27647,61
27648,61
27649,61
27650,61
27651,61
27652,61
27653,61
27654,61
27655,61
27656,61
27657,61
27658,61
27659,61
27660,61
27661,61
27662,61
27663,61
27664,61
27665,61
27666,61
27667,61
27668,61
27669,61
27670,61
27671,61
27672,61
27673,61
27674,61
27675,61
27676,61
27677,61
27678,61
27679,61
27680,61
27681,61
27682,61
27683,61
27684,61
27685,61
27686,61
27687,61
27688,61
27689,61
27690,61
27691,61
27692,61
27693,61
27694,61
27695,61
27696,61
27697,61
27698,61
27699,60
27700,61
27701,61
27702,61
27703,61
27704,61
27705,61
27706,61
27707,61
27708,61
27709,61
27710,61
27711,61
27712,61
27713,61
27714,61
27715,61
27716,61
27717,61
27718,61
27719,61
27720,61
27721,61
27722,61
27723,61
27724,61
27725,61
27726,61
27727,61
27728,61
27729,61
27730,61
27731,61
27732,61
27733,61
27734,61
27735,61
27736,61
27737,61
27738,61
27739,61
27740,61
27741,61
27742,61
27743,61
27744,61
27745,60
27746,61
27747,61
27748,61
27749,60
27750,61
27751,61
27752,60
27753,61
27754,61
27755,61
27756,61
27757,61
27758,61
27759,61
27760,61
27761,61
27762,61
27763,61
27764,61
27765,61
27766,61
27767,61
27768,61
27769,61
27770,61
27771,61
27772,61
27773,61
27774,61
27775,61
27776,61
27777,61
27778,61
27779,61
27780,61
27781,61
27782,61
27783,61
27784,61
27785,61
27786,61
27787,61
27788,61
27789,61
27790,61
27791,61
27792,61
27793,61
27794,61
27795,61
27796,61
27797,61
27798,61
27799,61
27800,61
27801,61
27802,61
27803,61
27804,61
27805,61
27806,61
27807,61
27808,61
27809,61
27810,61
27811,60
27812,61
27813,61
27814,61
27815,61
27816,61
27817,61
27818,61
27819,61
27820,61
27821,61
27822,61
27823,61
27824,61
27825,61
27826,61
27827,61
27828,61
27829,61
27830,61
27831,61
27832,61
27833,61
27834,61
27835,61
27836,61
27837,61
27838,61
27839,61
27840,61
27841,61
27842,61
27843,61
27844,61
27845,61
27846,61
27847,61
27848,61
27849,61
27850,61
27851,61
27852,61
27853,61
27854,61
27855,61
27856,61
27857,61
27858,61
27859,61
27860,61
27861,60
27862,61
27863,61
27864,61
27865,61
27866,61
27867,61
27868,61
27869,61
27870,61
27871,61
27872,61
27873,61
27874,61
27875,61
27876,60
27877,61
27878,61
27879,61
27880,60
27881,61
27882,61
27883,61
27884,61
27885,61
27886,61
27887,61
27888,61
27889,61
27890,61
27891,61
27892,61
27893,61
27894,61
27895,61
27896,61
27897,61
27898,61
27899,61
27900,61
27901,61
27902,61
27903,61
27904,61
27905,61
27906,61
27907,61
27908,61
27909,61
27910,61
27911,61
27912,61
27913,61
27914,61
27915,61
27916,60
27917,61
27918,61
27919,61
27920,61
27921,61
27922,61
27923,61
27924,61
27925,61
27926,61
27927,61
27928,61
27929,61
27930,61
27931,61
27932,60
27933,60
27934,61
27935,61
27936,61
27937,61
27938,60
27939,61
27940,61
27941,60
27942,61
27943,61
27944,61
27945,61
27946,61
27947,61
27948,61
27949,61
27950,61
27951,61
27952,61
27953,61
27954,61
27955,61
27956,61
27957,61
27958,61
27959,61
27960,61
27961,61
27962,61
27963,61
27964,61
27965,61
27966,61
27967,61
27968,61
27969,61
27970,61
27971,61
27972,61
27973,61
27974,61
27975,61
27976,61
27977,60
27978,61
27979,61
27980,61
27981,61
27982,61
27983,61
27984,61
27985,61
27986,61
27987,61
27988,61
27989,61
27990,61
27991,60
27992,61
27993,61
27994,61
27995,61
27996,61
27997,61
27998,61
27999,61
28000,61
28001,61
28002,61
28003,61
28004,61
28005,61
28006,61
28007,61
28008,61
28009,61
28010,61
28011,61
28012,61
28013,61
28014,61
28015,61
28016,61
28017,61
28018,61
28019,60
28020,61
28021,61
28022,61
28023,61
28024,61
28025,61
28026,61
28027,61
28028,61
28029,61
28030,61
28031,61
28032,61
28033,61
28034,61
28035,61
28036,60
28037,61
28038,61
28039,60
28040,61
28041,61
28042,61
28043,61
28044,61
28045,60
28046,61
28047,61
28048,61
28049,61
28050,61
28051,61
28052,61
28053,61
28054,61
28055,61
28056,61
28057,61
28058,61
28059,61
28060,61
28061,60
28062,61
28063,61
28064,61
28065,61
28066,61
28067,61
28068,61
28069,61
28070,61
28071,61
28072,61
28073,61
28074,61
28075,61
28076,61
28077,61
28078,61
28079,61
