CERTIFICATE_SOURCE=research/results/cube-six-root-extension-test-20260927/extension-certificate.txt
IMPORTED_PHI={{-28/43, -(196/215)*b-(20/43)*c, -(276/215)*b^2-(352/215)*b*c-(56/215)*c^2, -(64/215)*b^2-(288/215)*b*c+(36/215)*c^2, -(988/1075)*b^3-(2328/1075)*b^2*c-(1104/1075)*b*c^2+(28/215)*c^3, -(1964/1075)*b^4-(1324/215)*b^3*c-(6312/1075)*b^2*c^2-(316/215)*b*c^3+(256/1075)*c^4, -(686/645)*b-(50/43)*c, -(886/645)*b^2-(1712/645)*b*c-(436/645)*c^2, -(1658/3225)*b^3-(8798/3225)*b^2*c-(2188/1075)*b*c^2+(16/215)*c^3, (1196/1075)*b^3+(526/1075)*b^2*c-(1246/3225)*b*c^2+(164/215)*c^3, -(8134/3225)*b^4-(2112/215)*b^3*c-(11794/1075)*b^2*c^2-(2324/645)*b*c^3+(282/1075)*c^4, (3926/16125)*b^5-(68018/16125)*b^4*c-(3526/375)*b^3*c^2-(85234/16125)*b^2*c^3+(17254/16125)*b*c^4+(3958/3225)*c^5}}
CASE=33 ORDER=0 ROOTS={-1, -1, -1, 1, 1, 1} COEFFICIENTS={-3, 0, 3, 0, -1}
ARTIN_BASIS={1} DRIFT={0, 0, 0, 0, 0}
LOCAL_PROJECTION={{0, 0, 1, 0, 0, -5, 0, 0, 0, 0, 0, -23, 27, 0, -88}, {0, 0, 0, 1, 0, 0, -7/2, 0, -12, 0, 9, 0, 0, -33/2, 0}, {0, 0, 0, 0, 1, 0, 0, 0, 0, -21/2, 0, -106/3, 63, 0, -209}, {0, 0, 0, 0, 0, 0, 0, 1, 0, -7/2, 0, -35/3, 18, 0, -55}} LOCAL_MARKER={{0}, {0}, {0}, {0}}
CORE_CONNECTION_QQ={{0, 4, 0, 0}, {-7/4, 0, -11/2, 55/2}, {0, -9/2, 0, 0}, {0, -1/2, 0, 0}}
CORE_CYCLIC_SPAN_QQ={{}, {}, {}, {}}
LOWER_BASE_IDEAL={-6*b^2-6*b*c-3*c^2+3, -8*b^3-18*b^2*c-12*b*c^2-2*c^3, -3*b^4-18*b^3*c-18*b^2*c^2-6*b*c^3-3, -6*b^4*c-12*b^3*c^2-6*b^2*c^3, -3*b^4*c^2-2*b^3*c^3+1} POWER=1 LOWER_BASIS={1, b, c, c^2}
UPPER_RELATIONS_QQ={{28/43, 0, 20/43, -16/43, 0, -12/43, 0, 2/43, 0, 0, -14/43, 0}, {0, 196/215, 0, 0, -396/1075, 0, 686/645, 0, -5386/3225, -9754/3225, 0, -4158/5375}, {0, 20/43, 0, 0, -12/43, 0, 50/43, 0, -202/129, -458/129, 0, -126/215}, {0, 0, -24/43, -36/43, 0, 24/215, 0, -28/43, 0, 0, 28/215, 0}, {0, 0, 0, 0, 0, 0, 0, 0, 0, 0, 0, 0}, {0, 0, 0, 0, 0, 0, 0, 0, 0, 0, 0, 0}, {0, 0, 0, 0, 0, 0, 0, 0, 0, 0, 0, 0}, {0, 0, 0, 0, 0, 0, 0, 0, 0, 0, 0, 0}, {2/5, 0, 18/25, 2/25, 0, 162/125, 0, 21/25, 0, 0, 189/125, 0}, {0, 2/5, 0, 0, 18/25, 0, 7/15, 0, 21/25, 7/75, 0, 189/125}}
RESULT case=33 order=0 artinLength=1 coreAmbient=4 coreRank=0 fullDefect=4 upperAmbient=10 upperRank=6 upperDefect=4 normalization=4 lower=4 split=8 residualImage=0 closureSteps=1
CASE=33 ORDER=1 ROOTS={-1, -1, -1, 1, 1, 1} COEFFICIENTS={-3, 0, 3, 0, -1}
ARTIN_BASIS={1, ee_2, ee_3, ee_4, ee_5, ee_6} DRIFT={3*ee_3, 8*ee_2+4*ee_4, 3*ee_3+5*ee_5, -2*ee_2+2*ee_4+6*ee_6, ee_5}
LOCAL_PROJECTION={{0, 0, 1, 0, 0, -5, 0, 0, -(3419/256)*ee_3-(2925/256)*ee_5, 0, (1629/64)*ee_3+(1755/64)*ee_5, (33275/768)*ee_2+(31187/768)*ee_4+(13625/256)*ee_6-23, -(35937/256)*ee_2-(37737/256)*ee_4-(44145/256)*ee_6+27, -(8943/256)*ee_3-(10681/256)*ee_5, (266255/448)*ee_2+(38401/64)*ee_4+(310783/448)*ee_6-88}, {0, 0, 0, 1, 0, 0, -7/2, 0, (1537/2048)*ee_2-(6215/2048)*ee_4-(5775/2048)*ee_6-12, 0, (2457/512)*ee_2+(3729/512)*ee_4+(3465/512)*ee_6+9, (1993/128)*ee_3+(2075/128)*ee_5, -(5697/128)*ee_3-(6723/128)*ee_5, -(18051/2048)*ee_2-(30635/2048)*ee_4-(20691/2048)*ee_6-33/2, (39303/224)*ee_3+(47333/224)*ee_5}, {0, 0, 0, 0, 1, 0, 0, 0, (31435/4096)*ee_3+(106925/12288)*ee_5, -21/2, -(18861/1024)*ee_3-(21385/1024)*ee_5, -(167729/6144)*ee_2-(758875/18432)*ee_4-(265825/6144)*ee_6-106/3, (216291/2048)*ee_2+(273195/2048)*ee_4+(287091/2048)*ee_6+63, (165407/4096)*ee_3+(127699/4096)*ee_5, -(4054919/10752)*ee_2-(5809199/10752)*ee_4-(288827/512)*ee_6-209}, {0, 0, 0, 0, 0, 0, 0, 1, (3215/4096)*ee_3+(9625/12288)*ee_5, -7/2, -(1929/1024)*ee_3-(1925/1024)*ee_5, -(2065/6144)*ee_2-(76475/18432)*ee_4-(25025/6144)*ee_6-35/3, (15747/2048)*ee_2+(27531/2048)*ee_4+(27027/2048)*ee_6+18, (26323/4096)*ee_3+(11495/4096)*ee_5, -(181159/10752)*ee_2-(573199/10752)*ee_4-(190333/3584)*ee_6-55}} LOCAL_MARKER={{-(127702575/32)*ee_3-(66891825/16)*ee_5}, {-(796620825/512)*ee_2-(845269425/512)*ee_4-(893918025/512)*ee_6}, {(3995266275/1024)*ee_3+(4214184975/1024)*ee_5}, {(419594175/1024)*ee_3+(443918475/1024)*ee_5}}
CORE_CONNECTION_QQ={{0, 4, 0, 0, 0, 0, 0, 0, 0, 0, 0, 0, 0, 0, 0, 0, 0, 0, 0, 0, 0, 0, 0, 0}, {-7/4, 0, -11/2, 55/2, 0, 0, 0, 0, 0, 0, 0, 0, 0, 0, 0, 0, 0, 0, 0, 0, 0, 0, 0, 0}, {0, -9/2, 0, 0, 0, 0, 0, 0, 0, 0, 0, 0, 0, 0, 0, 0, 0, 0, 0, 0, 0, 0, 0, 0}, {0, -1/2, 0, 0, 0, 0, 0, 0, 0, 0, 0, 0, 0, 0, 0, 0, 0, 0, 0, 0, 0, 0, 0, 0}, {0, -4/3, 0, 0, 0, 4, 0, 0, 8, 0, 0, 0, 0, 0, 0, 0, -2, 0, 0, 0, 0, 0, 0, 0}, {0, 0, 42493/12288, -76703/12288, -7/4, 0, -11/2, 55/2, 0, 8, 0, 0, 0, 0, 0, 0, 0, -2, 0, 0, 0, 0, 0, 0}, {0, 0, 0, 0, 0, -9/2, 0, 0, 0, 0, 8, 0, 0, 0, 0, 0, 0, 0, -2, 0, 0, 0, 0, 0}, {0, 0, 0, 0, 0, -1/2, 0, 0, 0, 0, 0, 8, 0, 0, 0, 0, 0, 0, 0, -2, 0, 0, 0, 0}, {0, 0, 603/512, 11223/512, 3, 0, 0, 0, 0, 4, 0, 0, 3, 0, 0, 0, 0, 0, 0, 0, 0, 0, 0, 0}, {0, 0, 0, 0, 0, 3, 0, 0, -7/4, 0, -11/2, 55/2, 0, 3, 0, 0, 0, 0, 0, 0, 0, 0, 0, 0}, {0, 0, -31435/8192, -56583/8192, 0, 0, 3, 0, 0, -9/2, 0, 0, 0, 0, 3, 0, 0, 0, 0, 0, 0, 0, 0, 0}, {0, 0, -3215/8192, -5787/8192, 0, 0, 0, 3, 0, -1/2, 0, 0, 0, 0, 0, 3, 0, 0, 0, 0, 0, 0, 0, 0}, {0, 0, 0, 0, 0, 0, 0, 0, 4, 0, 0, 0, 0, 4, 0, 0, 2, 0, 0, 0, 0, 0, 0, 0}, {0, 0, 6215/4096, 11187/4096, 0, 0, 0, 0, 0, 4, 0, 0, -7/4, 0, -11/2, 55/2, 0, 2, 0, 0, 0, 0, 0, 0}, {0, 0, 0, 0, 0, 0, 0, 0, 0, 0, 4, 0, 0, -9/2, 0, 0, 0, 0, 2, 0, 0, 0, 0, 0}, {0, 0, 0, 0, 0, 0, 0, 0, 0, 0, 0, 4, 0, -1/2, 0, 0, 0, 0, 0, 2, 0, 0, 0, 0}, {0, 0, 2925/512, 5265/512, 0, 0, 0, 0, 0, 0, 0, 0, 5, 0, 0, 0, 0, 4, 0, 0, 1, 0, 0, 0}, {0, 0, 0, 0, 0, 0, 0, 0, 0, 0, 0, 0, 0, 5, 0, 0, -7/4, 0, -11/2, 55/2, 0, 1, 0, 0}, {0, 0, -106925/24576, -64155/8192, 0, 0, 0, 0, 0, 0, 0, 0, 0, 0, 5, 0, 0, -9/2, 0, 0, 0, 0, 1, 0}, {0, 0, -9625/24576, -5775/8192, 0, 0, 0, 0, 0, 0, 0, 0, 0, 0, 0, 5, 0, -1/2, 0, 0, 0, 0, 0, 1}, {0, 0, 0, 0, 0, 0, 0, 0, 0, 0, 0, 0, 0, 0, 0, 0, 6, 0, 0, 0, 0, 4, 0, 0}, {0, 0, 5775/4096, 10395/4096, 0, 0, 0, 0, 0, 0, 0, 0, 0, 0, 0, 0, 0, 6, 0, 0, -7/4, 0, -11/2, 55/2}, {0, 0, 0, 0, 0, 0, 0, 0, 0, 0, 0, 0, 0, 0, 0, 0, 0, 0, 6, 0, 0, -9/2, 0, 0}, {0, 0, 0, 0, 0, 0, 0, 0, 0, 0, 0, 0, 0, 0, 0, 0, 0, 0, 0, 6, 0, -1/2, 0, 0}}
CORE_CYCLIC_SPAN_QQ={{0, 0, 0, 0, 0, 0, 0, 0, 0, 0, 0, 0, 0, 0, 0, 0, 0, 0, 0, 0, 0, 0, 0, 0}, {0, 0, 0, 0, 0, 0, 0, 0, 0, 0, 0, 0, 0, 0, 0, 0, 0, 0, 0, 0, 0, 0, 0, 0}, {0, 0, 0, 0, 0, 0, 0, 0, 0, 0, 0, 0, 0, 0, 0, 0, 0, 0, 0, 0, 0, 0, 0, 0}, {0, 0, 0, 0, 0, 0, 0, 0, 0, 0, 0, 0, 0, 0, 0, 0, 0, 0, 0, 0, 0, 0, 0, 0}, {0, 0, 0, 0, 0, 0, -3812834025/128, 0, 0, 0, 0, 0, 0, 0, 0, 0, 0, 0, -57301969725/32, 0, 0, 0, 0, 0}, {-796620825/512, 0, 0, 0, 0, 0, 0, 0, 0, 0, 0, 0, -3229050825/32, 0, 0, 0, 0, 0, 0, 0, 0, 0, 0, 0}, {0, 0, 0, 0, 0, 0, 30703347675/1024, 0, 0, 0, 0, 0, 0, 0, 0, 0, 0, 0, 483208300575/256, 0, 0, 0, 0, 0}, {0, 0, 0, 0, 0, 0, 3265537275/1024, 0, 0, 0, 0, 0, 0, 0, 0, 0, 0, 0, 52376298975/256, 0, 0, 0, 0, 0}, {-127702575/32, 0, 0, 0, 0, 0, 0, 0, 0, 0, 0, 0, -14941201275/64, 0, 0, 0, 0, 0, 0, 0, 0, 0, 0, 0}, {0, 0, 0, 0, 0, 0, -820945125/64, 0, 0, 0, 0, 0, 0, 0, 0, 0, 0, 0, -820945125, 0, 0, 0, 0, 0}, {3995266275/1024, 0, 0, 0, 0, 0, 0, 0, 0, 0, 0, 0, 123634335825/512, 0, 0, 0, 0, 0, 0, 0, 0, 0, 0, 0}, {419594175/1024, 0, 0, 0, 0, 0, 0, 0, 0, 0, 0, 0, 13299311025/512, 0, 0, 0, 0, 0, 0, 0, 0, 0, 0, 0}, {0, 0, 0, 0, 0, 0, -3958779825/128, 0, 0, 0, 0, 0, 0, 0, 0, 0, 0, 0, -58615481925/32, 0, 0, 0, 0, 0}, {-845269425/512, 0, 0, 0, 0, 0, 0, 0, 0, 0, 0, 0, -3338510175/32, 0, 0, 0, 0, 0, 0, 0, 0, 0, 0, 0}, {0, 0, 0, 0, 0, 0, 32016859875/1024, 0, 0, 0, 0, 0, 0, 0, 0, 0, 0, 0, 495029910375/256, 0, 0, 0, 0, 0}, {0, 0, 0, 0, 0, 0, 3411483075/1024, 0, 0, 0, 0, 0, 0, 0, 0, 0, 0, 0, 53689811175/256, 0, 0, 0, 0, 0}, {-66891825/16, 0, 0, 0, 0, 0, 0, 0, 0, 0, 0, 0, -15379038675/64, 0, 0, 0, 0, 0, 0, 0, 0, 0, 0, 0}, {0, 0, 0, 0, 0, 0, -857431575/64, 0, 0, 0, 0, 0, 0, 0, 0, 0, 0, 0, -6731750025/8, 0, 0, 0, 0, 0}, {4214184975/1024, 0, 0, 0, 0, 0, 0, 0, 0, 0, 0, 0, 127574872425/512, 0, 0, 0, 0, 0, 0, 0, 0, 0, 0, 0}, {443918475/1024, 0, 0, 0, 0, 0, 0, 0, 0, 0, 0, 0, 13737148425/512, 0, 0, 0, 0, 0, 0, 0, 0, 0, 0, 0}, {0, 0, 0, 0, 0, 0, -4104725625/128, 0, 0, 0, 0, 0, 0, 0, 0, 0, 0, 0, -59928994125/32, 0, 0, 0, 0, 0}, {-893918025/512, 0, 0, 0, 0, 0, 0, 0, 0, 0, 0, 0, -3447969525/32, 0, 0, 0, 0, 0, 0, 0, 0, 0, 0, 0}, {0, 0, 0, 0, 0, 0, 33330372075/1024, 0, 0, 0, 0, 0, 0, 0, 0, 0, 0, 0, 506851520175/256, 0, 0, 0, 0, 0}, {0, 0, 0, 0, 0, 0, 3557428875/1024, 0, 0, 0, 0, 0, 0, 0, 0, 0, 0, 0, 55003323375/256, 0, 0, 0, 0, 0}}
LOWER_BASE_IDEAL={-6*b^2-6*b*c-3*c^2+3, -8*b^3-18*b^2*c-12*b*c^2-2*c^3, -3*b^4-18*b^3*c-18*b^2*c^2-6*b*c^3-3, -6*b^4*c-12*b^3*c^2-6*b^2*c^3, -3*b^4*c^2-2*b^3*c^3+1} POWER=2 LOWER_BASIS={1, b, b^2, b^3, b^2*c, b*c, b*c^2, b*c^3, c, c^2, c^3, c^4}
UPPER_RELATIONS_QQ={{28/43, 0, 0, 0, 0, 1191/2150, 0, 0, 0, 0, 5641/6450, 0, 84/43, 0, 24/43, -102/43, 0, -144/215, 0, -36/43, 0, 0, -168/215, 0, 0, -99/215, 0, 0, 249/1075, 0, -1093/1290, 0, 2581/2150, 16327/6450, 0, 5229/10750, -189/43, 0, -81/43, 189/43, 0, 351/215, 0, 99/86, 0, 0, 819/430, 0, 0, 3/215, 0, 0, -153/1075, 0, 407/430, 0, -2357/2150, -6573/2150, 0, -3213/10750, 77/43, 0, 61/43, -35/43, 0, -171/215, 0, 25/86, 0, 0, -399/430, 0}, {0, 196/215, 0, 0, 0, 0, 686/645, 0, 0, 0, 0, 4158/5375, 0, 588/215, 0, 0, -1188/1075, 0, 686/215, 0, -5386/1075, -9754/1075, 0, -12474/5375, 0, 0, 0, 0, 0, 0, 0, 0, 0, 0, 0, 0, 0, -1176/215, 0, 0, 2376/1075, 0, -1372/215, 0, 10772/1075, 19508/1075, 0, 24948/5375, 0, 0, 0, 0, 0, 0, 0, 0, 0, 0, 0, 0, 0, 588/215, 0, 0, -1188/1075, 0, 686/215, 0, -5386/1075, -9754/1075, 0, -12474/5375}, {0, 0, 276/215, 64/215, 0, 618/1075, 0, 886/645, 0, 0, 428/3225, 0, -168/43, 0, -120/43, 96/43, 0, 72/43, 0, -12/43, 0, 0, 84/43, 0, 0, -972/215, 0, 0, 1572/1075, 0, -1802/645, 0, 5834/1075, 22478/3225, 0, 16506/5375, 84/43, 0, 132/43, 60/43, 0, -252/215, 0, 90/43, 0, 0, -294/215, 0, 0, 588/215, 0, 0, -1188/1075, 0, 686/215, 0, -5386/1075, -9754/1075, 0, -12474/5375, -28/43, 0, 4/43, 52/43, 0, 36/215, 0, 26/43, 0, 0, 42/215, 0}, {0, 0, 0, 0, 988/1075, 0, 0, 0, 1658/3225, -1196/1075, 0, -26102/5375, 0, -1176/215, 0, 0, 2376/1075, 0, -1372/215, 0, 10772/1075, 19508/1075, 0, 24948/5375, -224/43, 0, -256/43, -16/43, 0, 576/215, 0, -128/43, 0, 0, 672/215, 0, 0, 120/43, 0, 0, -72/43, 0, 300/43, 0, -404/43, -916/43, 0, -756/215, 0, 0, 288/43, 432/43, 0, -288/215, 0, 336/43, 0, 0, -336/215, 0, 0, -192/215, 0, 0, 192/1075, 0, 128/645, 0, 224/1075, -3392/3225, 0, 2016/5375}, {0, 0, 0, 0, 2328/1075, 0, 0, 0, 8798/3225, -526/1075, 0, -56422/5375, 0, -1776/215, 0, 0, 4176/1075, 0, -2872/215, 0, 20872/1075, 42408/1075, 0, 43848/5375, -504/43, 0, -792/43, -360/43, 0, 1512/215, 0, -540/43, 0, 0, 1764/215, 0, 0, -1128/215, 0, 0, -72/1075, 0, 1884/215, 0, -188/25, -33076/1075, 0, -756/5375, -168/43, 0, 888/43, 1608/43, 0, -648/215, 0, 1164/43, 0, 0, -756/215, 0, 0, 120/43, 0, 0, -72/43, 0, 300/43, 0, -404/43, -916/43, 0, -756/215}, {0, 0, 352/215, 288/215, 0, 3618/1075, 0, 1712/645, 0, 0, 4046/1075, 0, -168/43, 0, -264/43, -120/43, 0, 504/215, 0, -180/43, 0, 0, 588/215, 0, 0, -468/43, 0, 0, 828/215, 0, -386/43, 0, 3366/215, 5174/215, 0, 8694/1075, -252/43, 0, 180/43, 684/43, 0, 36/43, 0, 402/43, 0, 0, 42/43, 0, 0, 1188/215, 0, 0, -2988/1075, 0, 2186/215, 0, -15486/1075, -32654/1075, 0, -31374/5375, 84/43, 0, 132/43, 60/43, 0, -252/215, 0, 90/43, 0, 0, -294/215, 0}, {0, 0, 0, 0, 1104/1075, 0, 0, 0, 2188/1075, 1246/3225, 0, -46886/5375, 0, -1188/215, 0, 0, 2988/1075, 0, -2186/215, 0, 15486/1075, 32654/1075, 0, 31374/5375, -336/43, 0, -816/43, -672/43, 0, 1296/215, 0, -696/43, 0, 0, 1512/215, 0, 0, -1728/215, 0, 0, 1728/1075, 0, 384/215, 0, 2016/1075, -10176/1075, 0, 18144/5375, -336/43, 0, 912/43, 1920/43, 0, -432/215, 0, 1320/43, 0, 0, -504/215, 0, 0, 612/215, 0, 0, -2412/1075, 0, 2314/215, 0, -14814/1075, -36046/1075, 0, -25326/5375}, {0, 0, 0, 0, 0, -1422/1075, 0, 0, 0, 0, -7922/3225, 0, 0, 0, 0, 0, 0, 0, 0, 0, 0, 0, 0, 0, 0, 396/215, 0, 0, -996/1075, 0, 2186/645, 0, -5162/1075, -32654/3225, 0, -10458/5375, 84/43, 0, 132/43, 60/43, 0, -252/215, 0, 90/43, 0, 0, -294/215, 0, 0, -12/215, 0, 0, 612/1075, 0, -814/215, 0, 4714/1075, 13146/1075, 0, 6426/5375, 28/43, 0, -148/43, -268/43, 0, 108/215, 0, -194/43, 0, 0, 126/215, 0}, {0, 20/43, 0, 0, 0, 0, 50/43, 0, 0, 0, 0, 126/215, 0, 60/43, 0, 0, -36/43, 0, 150/43, 0, -202/43, -458/43, 0, -378/215, 0, 0, 0, 0, 0, 0, 0, 0, 0, 0, 0, 0, 0, -120/43, 0, 0, 72/43, 0, -300/43, 0, 404/43, 916/43, 0, 756/215, 0, 0, 0, 0, 0, 0, 0, 0, 0, 0, 0, 0, 0, 60/43, 0, 0, -36/43, 0, 150/43, 0, -202/43, -458/43, 0, -378/215}, {0, 0, 56/215, -36/215, 0, 1809/1075, 0, 436/645, 0, 0, 2023/1075, 0, -84/43, 0, -204/43, -168/43, 0, 324/215, 0, -174/43, 0, 0, 378/215, 0, 0, -234/43, 0, 0, 414/215, 0, -193/43, 0, 1683/215, 2587/215, 0, 4347/1075, -126/43, 0, 234/43, 558/43, 0, -54/215, 0, 369/43, 0, 0, -63/215, 0, 0, 594/215, 0, 0, -1494/1075, 0, 1093/215, 0, -7743/1075, -16327/1075, 0, -15687/5375, 42/43, 0, -6/43, -78/43, 0, -54/215, 0, -39/43, 0, 0, -63/215, 0}, {0, 0, 0, 0, -28/215, 0, 0, 0, -16/215, -164/215, 0, -582/215, 0, -60/43, 0, 0, 36/43, 0, -150/43, 0, 202/43, 458/43, 0, 378/215, -56/43, 0, -280/43, -328/43, 0, 72/43, 0, -284/43, 0, 0, 84/43, 0, 0, -576/215, 0, 0, 576/1075, 0, 128/215, 0, 672/1075, -3392/1075, 0, 6048/5375, -168/43, 0, 312/43, 744/43, 0, -72/215, 0, 492/43, 0, 0, -84/215, 0, 0, 108/215, 0, 0, -708/1075, 0, 2378/645, 0, -4826/1075, -37742/3225, 0, -7434/5375}, {0, 0, 0, 0, 0, -2013/2150, 0, 0, 0, 0, -3821/2150, 0, 0, 0, 36/43, 54/43, 0, -36/215, 0, 42/43, 0, 0, -42/215, 0, 0, 297/215, 0, 0, -747/1075, 0, 1093/430, 0, -7743/2150, -16327/2150, 0, -15687/10750, 63/43, 0, 27/43, -63/43, 0, -117/215, 0, -33/86, 0, 0, -273/430, 0, 0, -9/215, 0, 0, 459/1075, 0, -1221/430, 0, 7071/2150, 19719/2150, 0, 9639/10750, 21/43, 0, -75/43, -147/43, 0, 9/43, 0, -207/86, 0, 0, 21/86, 0}, {0, 0, 0, 0, 0, 0, 0, 0, 0, 0, 0, 0, 0, 0, 0, 0, 0, 0, 0, 0, 0, 0, 0, 0, 0, 0, 0, 0, 0, 0, 0, 0, 0, 0, 0, 0, 0, 0, 0, 0, 0, 0, 0, 0, 0, 0, 0, 0, 0, 0, 0, 0, 0, 0, 0, 0, 0, 0, 0, 0, 0, 0, 0, 0, 0, 0, 0, 0, 0, 0, 0, 0}, {0, 0, 0, 0, 0, 0, 0, 0, 0, 0, 0, 0, 0, 0, 0, 0, 0, 0, 0, 0, 0, 0, 0, 0, 0, 0, 0, 0, 0, 0, 0, 0, 0, 0, 0, 0, 0, 0, 0, 0, 0, 0, 0, 0, 0, 0, 0, 0, 0, 0, 0, 0, 0, 0, 0, 0, 0, 0, 0, 0, 0, 0, 0, 0, 0, 0, 0, 0, 0, 0, 0, 0}, {0, 0, 0, 0, 0, 0, 0, 0, 0, 0, 0, 0, 0, 0, 0, 0, 0, 0, 0, 0, 0, 0, 0, 0, 0, 0, 0, 0, 0, 0, 0, 0, 0, 0, 0, 0, 0, 0, 0, 0, 0, 0, 0, 0, 0, 0, 0, 0, 0, 0, 0, 0, 0, 0, 0, 0, 0, 0, 0, 0, 0, 0, 0, 0, 0, 0, 0, 0, 0, 0, 0, 0}, {0, 0, 0, 0, 0, 0, 0, 0, 0, 0, 0, 0, 0, 0, 0, 0, 0, 0, 0, 0, 0, 0, 0, 0, 0, 0, 0, 0, 0, 0, 0, 0, 0, 0, 0, 0, 0, 0, 0, 0, 0, 0, 0, 0, 0, 0, 0, 0, 0, 0, 0, 0, 0, 0, 0, 0, 0, 0, 0, 0, 0, 0, 0, 0, 0, 0, 0, 0, 0, 0, 0, 0}, {2/5, 0, 18/25, 2/25, 0, 162/125, 0, 21/25, 0, 0, 189/125, 0, 0, 0, 0, 0, 0, 0, 0, 0, 0, 0, 0, 0, 0, 0, 0, 0, 0, 0, 0, 0, 0, 0, 0, 0, 0, 0, 0, 0, 0, 0, 0, 0, 0, 0, 0, 0, 0, 0, 0, 0, 0, 0, 0, 0, 0, 0, 0, 0, 0, 0, 0, 0, 0, 0, 0, 0, 0, 0, 0, 0}, {0, 2/5, 0, 0, 18/25, 0, 7/15, 0, 21/25, 7/75, 0, 189/125, 0, 0, 0, 0, 0, 0, 0, 0, 0, 0, 0, 0, 0, 0, 0, 0, 0, 0, 0, 0, 0, 0, 0, 0, 0, 0, 0, 0, 0, 0, 0, 0, 0, 0, 0, 0, 0, 0, 0, 0, 0, 0, 0, 0, 0, 0, 0, 0, 0, 0, 0, 0, 0, 0, 0, 0, 0, 0, 0, 0}, {0, 0, 0, 0, 0, 0, -1/3, 0, 0, 4/3, 0, 0, 0, 0, 0, 0, 0, 0, 0, 0, 0, 0, 0, 0, 0, 0, 0, 0, 0, 0, 0, 0, 0, 0, 0, 0, 0, 0, 0, 0, 0, 0, 0, 0, 0, 0, 0, 0, 0, 0, 0, 0, 0, 0, 0, 0, 0, 0, 0, 0, 0, 0, 0, 0, 0, 0, 0, 0, 0, 0, 0, 0}, {8/5, 0, 12/25, -32/25, 0, 108/125, 0, 39/25, 0, 0, 126/125, 0, 0, 0, 0, 0, 0, 0, 0, 0, 0, 0, 0, 0, 0, 0, 0, 0, 0, 0, 0, 0, 0, 0, 0, 0, 0, 0, 0, 0, 0, 0, 0, 0, 0, 0, 0, 0, 0, 0, 0, 0, 0, 0, 0, 0, 0, 0, 0, 0, 0, 0, 0, 0, 0, 0, 0, 0, 0, 0, 0, 0}, {0, 8/5, 0, 0, 12/25, 0, 16/5, 0, 39/25, -112/75, 0, 126/125, 0, 0, 0, 0, 0, 0, 0, 0, 0, 0, 0, 0, 0, 0, 0, 0, 0, 0, 0, 0, 0, 0, 0, 0, 0, 0, 0, 0, 0, 0, 0, 0, 0, 0, 0, 0, 0, 0, 0, 0, 0, 0, 0, 0, 0, 0, 0, 0, 0, 0, 0, 0, 0, 0, 0, 0, 0, 0, 0, 0}, {0, 0, 0, 0, 0, 0, -4/3, 0, 0, 7/3, 0, 0, 0, 0, 0, 0, 0, 0, 0, 0, 0, 0, 0, 0, 0, 0, 0, 0, 0, 0, 0, 0, 0, 0, 0, 0, 0, 0, 0, 0, 0, 0, 0, 0, 0, 0, 0, 0, 0, 0, 0, 0, 0, 0, 0, 0, 0, 0, 0, 0, 0, 0, 0, 0, 0, 0, 0, 0, 0, 0, 0, 0}, {-2/15, 0, 28/25, 76/75, 0, 258/125, 0, 394/225, 0, 0, 526/125, 0, 2/5, 0, 18/25, 2/25, 0, 162/125, 0, 21/25, 0, 0, 189/125, 0, 0, 0, 0, 0, 0, 0, 0, 0, 0, 0, 0, 0, 0, 0, 0, 0, 0, 0, 0, 0, 0, 0, 0, 0, 0, 0, 0, 0, 0, 0, 0, 0, 0, 0, 0, 0, 0, 0, 0, 0, 0, 0, 0, 0, 0, 0, 0, 0}, {0, -2/15, 0, 0, 28/25, 0, -7/45, 0, 394/225, 166/225, 0, 526/125, 0, 2/5, 0, 0, 18/25, 0, 7/15, 0, 21/25, 7/75, 0, 189/125, 0, 0, 0, 0, 0, 0, 0, 0, 0, 0, 0, 0, 0, 0, 0, 0, 0, 0, 0, 0, 0, 0, 0, 0, 0, 0, 0, 0, 0, 0, 0, 0, 0, 0, 0, 0, 0, 0, 0, 0, 0, 0, 0, 0, 0, 0, 0, 0}, {-2/5, 0, -3/25, -17/25, 0, -27/125, 0, -7/50, 0, 0, -63/250, 0, 0, 0, 0, 0, 0, 0, 0, 0, 0, 0, 0, 0, 0, 0, 0, 0, 0, 0, 0, 0, 0, 0, 0, 0, 0, 0, 0, 0, 0, 0, 0, 0, 0, 0, 0, 0, 0, 0, 0, 0, 0, 0, 0, 0, 0, 0, 0, 0, 0, 0, 0, 0, 0, 0, 0, 0, 0, 0, 0, 0}, {0, -1, 0, 0, 0, 0, -8/3, 0, 0, 8/3, 0, 0, 0, 0, 0, 0, 0, 0, 0, 0, 0, 0, 0, 0, 0, 0, 0, 0, 0, 0, 0, 0, 0, 0, 0, 0, 0, 0, 0, 0, 0, 0, 0, 0, 0, 0, 0, 0, 0, 0, 0, 0, 0, 0, 0, 0, 0, 0, 0, 0, 0, 0, 0, 0, 0, 0, 0, 0, 0, 0, 0, 0}, {-3/5, 0, -27/25, -3/25, 0, -18/125, 0, -69/25, 0, 0, -21/125, 0, 0, 0, 0, 0, 0, 0, 0, 0, 0, 0, 0, 0, 0, 0, 0, 0, 0, 0, 0, 0, 0, 0, 0, 0, 0, 0, 0, 0, 0, 0, 0, 0, 0, 0, 0, 0, 0, 0, 0, 0, 0, 0, 0, 0, 0, 0, 0, 0, 0, 0, 0, 0, 0, 0, 0, 0, 0, 0, 0, 0}, {3/5, 0, -3/25, -42/25, 0, -27/125, 0, -7/50, 0, 0, -63/250, 0, 0, 0, 0, 0, 0, 0, 0, 0, 0, 0, 0, 0, 0, 0, 0, 0, 0, 0, 0, 0, 0, 0, 0, 0, 0, 0, 0, 0, 0, 0, 0, 0, 0, 0, 0, 0, 0, 0, 0, 0, 0, 0, 0, 0, 0, 0, 0, 0, 0, 0, 0, 0, 0, 0, 0, 0, 0, 0, 0, 0}, {0, -1/5, 0, 0, -38/25, 0, -1/15, 0, -223/75, -299/150, 0, -711/125, 0, 0, 0, 0, 0, 0, 0, 0, 0, 0, 0, 0, 2/5, 0, 18/25, 2/25, 0, 162/125, 0, 21/25, 0, 0, 189/125, 0, 0, 0, 0, 0, 0, 0, 0, 0, 0, 0, 0, 0, 0, 0, 0, 0, 0, 0, 0, 0, 0, 0, 0, 0, 0, 0, 0, 0, 0, 0, 0, 0, 0, 0, 0, 0}, {0, 0, -1/5, 1/5, 0, -38/25, 0, -1/15, 0, 0, -223/75, 0, 0, 0, 0, 0, 0, 0, 0, 0, 0, 0, 0, 0, 0, 2/5, 0, 0, 18/25, 0, 7/15, 0, 21/25, 7/75, 0, 189/125, 0, 0, 0, 0, 0, 0, 0, 0, 0, 0, 0, 0, 0, 0, 0, 0, 0, 0, 0, 0, 0, 0, 0, 0, 0, 0, 0, 0, 0, 0, 0, 0, 0, 0, 0, 0}, {0, 0, 0, 0, 0, 0, 1/3, 0, 0, 2/3, 0, 0, 0, 0, 0, 0, 0, 0, 0, 0, 0, 0, 0, 0, 0, 0, 0, 0, 0, 0, 0, 0, 0, 0, 0, 0, 0, 0, 0, 0, 0, 0, 0, 0, 0, 0, 0, 0, 0, 0, 0, 0, 0, 0, 0, 0, 0, 0, 0, 0, 0, 0, 0, 0, 0, 0, 0, 0, 0, 0, 0, 0}, {4/5, 0, 6/25, -16/25, 0, 54/125, 0, 32/25, 0, 0, 63/125, 0, 0, 0, 0, 0, 0, 0, 0, 0, 0, 0, 0, 0, 0, 0, 0, 0, 0, 0, 0, 0, 0, 0, 0, 0, 0, 0, 0, 0, 0, 0, 0, 0, 0, 0, 0, 0, 0, 0, 0, 0, 0, 0, 0, 0, 0, 0, 0, 0, 0, 0, 0, 0, 0, 0, 0, 0, 0, 0, 0, 0}, {0, 4/5, 0, 0, 6/25, 0, 8/5, 0, 32/25, -56/75, 0, 63/125, 0, 0, 0, 0, 0, 0, 0, 0, 0, 0, 0, 0, 0, 0, 0, 0, 0, 0, 0, 0, 0, 0, 0, 0, 0, 0, 0, 0, 0, 0, 0, 0, 0, 0, 0, 0, 0, 0, 0, 0, 0, 0, 0, 0, 0, 0, 0, 0, 0, 0, 0, 0, 0, 0, 0, 0, 0, 0, 0, 0}, {0, 0, 0, 0, 0, 0, -2/3, 0, 0, 5/3, 0, 0, 0, 0, 0, 0, 0, 0, 0, 0, 0, 0, 0, 0, 0, 0, 0, 0, 0, 0, 0, 0, 0, 0, 0, 0, 0, 0, 0, 0, 0, 0, 0, 0, 0, 0, 0, 0, 0, 0, 0, 0, 0, 0, 0, 0, 0, 0, 0, 0, 0, 0, 0, 0, 0, 0, 0, 0, 0, 0, 0, 0}, {0, 0, 4/5, 8/15, 0, 42/25, 0, 52/45, 0, 0, 84/25, 0, 0, 0, 0, 0, 0, 0, 0, 0, 0, 0, 0, 0, 0, 0, 0, 0, 0, 0, 0, 0, 0, 0, 0, 0, 2/5, 0, 18/25, 2/25, 0, 162/125, 0, 21/25, 0, 0, 189/125, 0, 0, 0, 0, 0, 0, 0, 0, 0, 0, 0, 0, 0, 0, 0, 0, 0, 0, 0, 0, 0, 0, 0, 0, 0}, {0, 0, 0, 0, 4/5, 0, 0, 0, 52/45, 2/5, 0, 84/25, 0, 0, 0, 0, 0, 0, 0, 0, 0, 0, 0, 0, 0, 0, 0, 0, 0, 0, 0, 0, 0, 0, 0, 0, 0, 2/5, 0, 0, 18/25, 0, 7/15, 0, 21/25, 7/75, 0, 189/125, 0, 0, 0, 0, 0, 0, 0, 0, 0, 0, 0, 0, 0, 0, 0, 0, 0, 0, 0, 0, 0, 0, 0, 0}, {-1, 0, 0, 0, 0, 0, 0, 0, 0, 0, 0, 0, 0, 0, 0, 0, 0, 0, 0, 0, 0, 0, 0, 0, 0, 0, 0, 0, 0, 0, 0, 0, 0, 0, 0, 0, 0, 0, 0, 0, 0, 0, 0, 0, 0, 0, 0, 0, 0, 0, 0, 0, 0, 0, 0, 0, 0, 0, 0, 0, 0, 0, 0, 0, 0, 0, 0, 0, 0, 0, 0, 0}, {0, -1, 0, 0, 0, 0, -2, 0, 0, 2, 0, 0, 0, 0, 0, 0, 0, 0, 0, 0, 0, 0, 0, 0, 0, 0, 0, 0, 0, 0, 0, 0, 0, 0, 0, 0, 0, 0, 0, 0, 0, 0, 0, 0, 0, 0, 0, 0, 0, 0, 0, 0, 0, 0, 0, 0, 0, 0, 0, 0, 0, 0, 0, 0, 0, 0, 0, 0, 0, 0, 0, 0}, {0, 0, -1, 0, 0, 0, 0, -2, 0, 0, 0, 0, 0, 0, 0, 0, 0, 0, 0, 0, 0, 0, 0, 0, 0, 0, 0, 0, 0, 0, 0, 0, 0, 0, 0, 0, 0, 0, 0, 0, 0, 0, 0, 0, 0, 0, 0, 0, 0, 0, 0, 0, 0, 0, 0, 0, 0, 0, 0, 0, 0, 0, 0, 0, 0, 0, 0, 0, 0, 0, 0, 0}, {0, 0, 0, -1, 0, 0, 0, 0, 0, 0, 0, 0, 0, 0, 0, 0, 0, 0, 0, 0, 0, 0, 0, 0, 0, 0, 0, 0, 0, 0, 0, 0, 0, 0, 0, 0, 0, 0, 0, 0, 0, 0, 0, 0, 0, 0, 0, 0, 0, 0, 0, 0, 0, 0, 0, 0, 0, 0, 0, 0, 0, 0, 0, 0, 0, 0, 0, 0, 0, 0, 0, 0}, {0, 0, 0, 0, -1, 0, 0, 0, -2, -4/3, 0, -18/5, 0, 0, 0, 0, 0, 0, 0, 0, 0, 0, 0, 0, 0, 0, 0, 0, 0, 0, 0, 0, 0, 0, 0, 0, 0, 0, 0, 0, 0, 0, 0, 0, 0, 0, 0, 0, 2/5, 0, 18/25, 2/25, 0, 162/125, 0, 21/25, 0, 0, 189/125, 0, 0, 0, 0, 0, 0, 0, 0, 0, 0, 0, 0, 0}, {0, 0, 0, 0, 0, -1, 0, 0, 0, 0, -2, 0, 0, 0, 0, 0, 0, 0, 0, 0, 0, 0, 0, 0, 0, 0, 0, 0, 0, 0, 0, 0, 0, 0, 0, 0, 0, 0, 0, 0, 0, 0, 0, 0, 0, 0, 0, 0, 0, 2/5, 0, 0, 18/25, 0, 7/15, 0, 21/25, 7/75, 0, 189/125, 0, 0, 0, 0, 0, 0, 0, 0, 0, 0, 0, 0}, {0, 0, 0, 0, 0, 0, 1, 0, 0, 0, 0, 0, 0, 0, 0, 0, 0, 0, 0, 0, 0, 0, 0, 0, 0, 0, 0, 0, 0, 0, 0, 0, 0, 0, 0, 0, 0, 0, 0, 0, 0, 0, 0, 0, 0, 0, 0, 0, 0, 0, 0, 0, 0, 0, 0, 0, 0, 0, 0, 0, 0, 0, 0, 0, 0, 0, 0, 0, 0, 0, 0, 0}, {0, 0, 0, 0, 0, 0, 0, 1, 0, 0, 0, 0, 0, 0, 0, 0, 0, 0, 0, 0, 0, 0, 0, 0, 0, 0, 0, 0, 0, 0, 0, 0, 0, 0, 0, 0, 0, 0, 0, 0, 0, 0, 0, 0, 0, 0, 0, 0, 0, 0, 0, 0, 0, 0, 0, 0, 0, 0, 0, 0, 0, 0, 0, 0, 0, 0, 0, 0, 0, 0, 0, 0}, {0, 0, 0, 0, 0, 0, 0, 0, 1, 0, 0, 0, 0, 0, 0, 0, 0, 0, 0, 0, 0, 0, 0, 0, 0, 0, 0, 0, 0, 0, 0, 0, 0, 0, 0, 0, 0, 0, 0, 0, 0, 0, 0, 0, 0, 0, 0, 0, 0, 0, 0, 0, 0, 0, 0, 0, 0, 0, 0, 0, 0, 0, 0, 0, 0, 0, 0, 0, 0, 0, 0, 0}, {0, 0, 0, 0, 0, 0, 0, 0, 0, 1, 0, 0, 0, 0, 0, 0, 0, 0, 0, 0, 0, 0, 0, 0, 0, 0, 0, 0, 0, 0, 0, 0, 0, 0, 0, 0, 0, 0, 0, 0, 0, 0, 0, 0, 0, 0, 0, 0, 0, 0, 0, 0, 0, 0, 0, 0, 0, 0, 0, 0, 0, 0, 0, 0, 0, 0, 0, 0, 0, 0, 0, 0}, {0, 0, 0, 0, 0, 0, 0, 0, 0, 0, 1, 0, 0, 0, 0, 0, 0, 0, 0, 0, 0, 0, 0, 0, 0, 0, 0, 0, 0, 0, 0, 0, 0, 0, 0, 0, 0, 0, 0, 0, 0, 0, 0, 0, 0, 0, 0, 0, 0, 0, 0, 0, 0, 0, 0, 0, 0, 0, 0, 0, 2/5, 0, 18/25, 2/25, 0, 162/125, 0, 21/25, 0, 0, 189/125, 0}, {0, 0, 0, 0, 0, 0, 0, 0, 0, 0, 0, 1, 0, 0, 0, 0, 0, 0, 0, 0, 0, 0, 0, 0, 0, 0, 0, 0, 0, 0, 0, 0, 0, 0, 0, 0, 0, 0, 0, 0, 0, 0, 0, 0, 0, 0, 0, 0, 0, 0, 0, 0, 0, 0, 0, 0, 0, 0, 0, 0, 0, 2/5, 0, 0, 18/25, 0, 7/15, 0, 21/25, 7/75, 0, 189/125}}
RESULT case=33 order=1 artinLength=6 coreAmbient=24 coreRank=4 fullDefect=20 upperAmbient=48 upperRank=28 upperDefect=20 normalization=16 lower=12 split=28 residualImage=0 closureSteps=5
CASE=33 ORDER=2 ROOTS={-1, -1, -1, 1, 1, 1} COEFFICIENTS={-3, 0, 3, 0, -1}
ARTIN_BASIS={1, ee_2, ee_2^2, ee_2*ee_3, ee_2*ee_4, ee_2*ee_5, ee_2*ee_6, ee_3, ee_3^2, ee_3*ee_4, ee_3*ee_5, ee_3*ee_6, ee_4, ee_4^2, ee_4*ee_5, ee_4*ee_6, ee_5, ee_5^2, ee_5*ee_6, ee_6, ee_6^2} DRIFT={3*ee_3, -(4/3)*ee_2^2+8*ee_2+4*ee_4, -ee_2*ee_3+3*ee_3+5*ee_5, -(2/3)*ee_2*ee_4-2*ee_2+2*ee_4+6*ee_6, -(1/3)*ee_2*ee_5+ee_5}
LOCAL_PROJECTION={{0, 0, 1, 0, 0, -5, 0, 0, (21456225/524288)*ee_2*ee_3+(17165925/524288)*ee_3*ee_4+(2036775/65536)*ee_2*ee_5+(2286375/131072)*ee_4*ee_5+(12875625/524288)*ee_3*ee_6-(3419/256)*ee_3-(2925/256)*ee_5, 0, -(12873735/131072)*ee_2*ee_3-(10299555/131072)*ee_3*ee_4-(1222065/16384)*ee_2*ee_5-(1371825/32768)*ee_4*ee_5-(7725375/131072)*ee_3*ee_6+(1629/64)*ee_3+(1755/64)*ee_5, -(14044225/65536)*ee_2^2-(57477775/524288)*ee_3^2-(406919275/1179648)*ee_2*ee_4-(145006225/1179648)*ee_4^2-(14103475/65536)*ee_3*ee_5-(50675625/524288)*ee_5^2-(54213875/196608)*ee_2*ee_6-(57701875/393216)*ee_4*ee_6+(33275/768)*ee_2+(31187/768)*ee_4+(13625/256)*ee_6-23, (45503289/65536)*ee_2^2+(186227991/524288)*ee_3^2+(146490939/131072)*ee_2*ee_4+(52202241/131072)*ee_4^2+(45695259/65536)*ee_3*ee_5+(164189025/524288)*ee_5^2+(58550985/65536)*ee_2*ee_6+(62318025/131072)*ee_4*ee_6-(35937/256)*ee_2-(37737/256)*ee_4-(44145/256)*ee_6+27, (82979677/524288)*ee_2*ee_3+(61503057/524288)*ee_3*ee_4+(8191755/65536)*ee_2*ee_5+(8191755/131072)*ee_4*ee_5+(46131525/524288)*ee_3*ee_6-(8943/256)*ee_3-(10681/256)*ee_5, -(1026135781/344064)*ee_2^2-(1345382841/917504)*ee_3^2-(461791561/98304)*ee_2*ee_4-(1102875917/688128)*ee_4^2-(326772501/114688)*ee_3*ee_5-(1156272975/917504)*ee_5^2-(438863975/114688)*ee_2*ee_6-(438863975/229376)*ee_4*ee_6+(266255/448)*ee_2+(38401/64)*ee_4+(310783/448)*ee_6-88}, {0, 0, 0, 1, 0, 0, -7/2, 0, (5164445/524288)*ee_2^2+(2098425/262144)*ee_3^2+(13857415/1048576)*ee_2*ee_4+(14574175/3145728)*ee_4^2+(1960875/262144)*ee_3*ee_5+(3528525/524288)*ee_2*ee_6+(4514125/1048576)*ee_4*ee_6+(1537/2048)*ee_2-(6215/2048)*ee_4-(5775/2048)*ee_6-12, 0, -(3098667/131072)*ee_2^2-(1259055/65536)*ee_3^2-(8314449/262144)*ee_2*ee_4-(2914835/262144)*ee_4^2-(1176525/65536)*ee_3*ee_5-(2117115/131072)*ee_2*ee_6-(2708475/262144)*ee_4*ee_6+(2457/512)*ee_2+(3729/512)*ee_4+(3465/512)*ee_6+9, -(620253475/4194304)*ee_2*ee_3-(388011275/4194304)*ee_3*ee_4-(1402716025/12582912)*ee_2*ee_5-(885432625/12582912)*ee_4*ee_5-(155769075/4194304)*ee_3*ee_6-(100051875/4194304)*ee_5*ee_6+(1993/128)*ee_3+(2075/128)*ee_5, (2009621259/4194304)*ee_2*ee_3+(1257156531/4194304)*ee_3*ee_4+(1514933307/4194304)*ee_2*ee_5+(956267235/4194304)*ee_4*ee_5+(504691803/4194304)*ee_3*ee_6+(324168075/4194304)*ee_5*ee_6-(5697/128)*ee_3-(6723/128)*ee_5, (20290985/524288)*ee_2^2+(7518357/262144)*ee_3^2+(53449451/1048576)*ee_2*ee_4+(17405729/1048576)*ee_4^2+(7025535/262144)*ee_3*ee_5+(14407833/524288)*ee_2*ee_6+(16173465/1048576)*ee_4*ee_6-(18051/2048)*ee_2-(30635/2048)*ee_4-(20691/2048)*ee_6-33/2, -(2096027923/1048576)*ee_2*ee_3-(8937815645/7340032)*ee_3*ee_4-(11185797205/7340032)*ee_2*ee_5-(6734347565/7340032)*ee_4*ee_5-(3632729397/7340032)*ee_3*ee_6-(326128275/1048576)*ee_5*ee_6+(39303/224)*ee_3+(47333/224)*ee_5}, {0, 0, 0, 0, 1, 0, 0, 0, -(489557485/12582912)*ee_2*ee_3-(386475775/12582912)*ee_3*ee_4-(65331175/3145728)*ee_2*ee_5-(250739125/18874368)*ee_4*ee_5-(83734875/4194304)*ee_3*ee_6+(31435/4096)*ee_3+(106925/12288)*ee_5, -21/2, (97911497/1048576)*ee_2*ee_3+(77295155/1048576)*ee_3*ee_4+(13066235/262144)*ee_2*ee_5+(50147825/1572864)*ee_4*ee_5+(50240925/1048576)*ee_3*ee_6-(18861/1024)*ee_3-(21385/1024)*ee_5, (1020082075/4718592)*ee_2^2+(2810225725/25165824)*ee_3^2+(3029830625/9437184)*ee_2*ee_4+(3213835625/28311552)*ee_4^2+(752987025/4194304)*ee_3*ee_5+(617491875/8388608)*ee_5^2+(329888825/1572864)*ee_2*ee_6+(1125768875/9437184)*ee_4*ee_6-(167729/6144)*ee_2-(758875/18432)*ee_4-(265825/6144)*ee_6-106/3, -(367229547/524288)*ee_2^2-(3035043783/8388608)*ee_3^2-(1090739025/1048576)*ee_2*ee_4-(385660275/1048576)*ee_4^2-(2439677961/4194304)*ee_3*ee_5-(2000673675/8388608)*ee_5^2-(356279931/524288)*ee_2*ee_6-(405276795/1048576)*ee_4*ee_6+(216291/2048)*ee_2+(273195/2048)*ee_4+(287091/2048)*ee_6+63, -(623114899/4194304)*ee_2*ee_3-(461562497/4194304)*ee_3*ee_4-(266763211/3145728)*ee_2*ee_5-(299454155/6291456)*ee_4*ee_5-(300010095/4194304)*ee_3*ee_6+(165407/4096)*ee_3+(127699/4096)*ee_5, (2721733157/917504)*ee_2^2+(21801203721/14680064)*ee_3^2+(72087232855/16515072)*ee_2*ee_4+(24443515525/16515072)*ee_4^2+(7467140131/3145728)*ee_3*ee_5+(2012771475/2097152)*ee_5^2+(1149242633/393216)*ee_2*ee_6+(1223182345/786432)*ee_4*ee_6-(4054919/10752)*ee_2-(5809199/10752)*ee_4-(288827/512)*ee_6-209}, {0, 0, 0, 0, 0, 0, 0, 1, -(51395165/12582912)*ee_2*ee_3-(39167975/12582912)*ee_3*ee_4-(5880875/3145728)*ee_2*ee_5-(22570625/18874368)*ee_4*ee_5-(7882875/4194304)*ee_3*ee_6+(3215/4096)*ee_3+(9625/12288)*ee_5, -7/2, (10279033/1048576)*ee_2*ee_3+(7833595/1048576)*ee_3*ee_4+(1176175/262144)*ee_2*ee_5+(4514125/1572864)*ee_4*ee_5+(4729725/1048576)*ee_3*ee_6-(1929/1024)*ee_3-(1925/1024)*ee_5, (109814075/4718592)*ee_2^2+(291448025/25165824)*ee_3^2+(312796225/9437184)*ee_2*ee_4+(323871625/28311552)*ee_4^2+(71119125/4194304)*ee_3*ee_5+(55584375/8388608)*ee_5^2+(31056025/1572864)*ee_2*ee_6+(105980875/9437184)*ee_4*ee_6-(2065/6144)*ee_2-(76475/18432)*ee_4-(25025/6144)*ee_6-35/3, -(39533067/524288)*ee_2^2-(314763867/8388608)*ee_3^2-(112606641/1048576)*ee_2*ee_4-(38864595/1048576)*ee_4^2-(230425965/4194304)*ee_3*ee_5-(180093375/8388608)*ee_5^2-(33540507/524288)*ee_2*ee_6-(38153115/1048576)*ee_4*ee_6+(15747/2048)*ee_2+(27531/2048)*ee_4+(27027/2048)*ee_6+18, -(65312291/4194304)*ee_2*ee_3-(46777753/4194304)*ee_3*ee_4-(24013055/3145728)*ee_2*ee_5-(26955775/6291456)*ee_4*ee_5-(28243215/4194304)*ee_3*ee_6+(26323/4096)*ee_3+(11495/4096)*ee_5, (289405061/917504)*ee_2^2+(322912227/2097152)*ee_3^2+(1062131345/2359296)*ee_2*ee_4+(351896435/2359296)*ee_4^2+(4933642505/22020096)*ee_3*ee_5+(181182375/2097152)*ee_5^2+(757335007/2752512)*ee_2*ee_6+(115151465/786432)*ee_4*ee_6-(181159/10752)*ee_2-(573199/10752)*ee_4-(190333/3584)*ee_6-55}} LOCAL_MARKER={{(24384265480575/524288)*ee_2*ee_3+(22340683740375/524288)*ee_3*ee_4+(21536652111975/524288)*ee_2*ee_5+(19615275654975/524288)*ee_4*ee_5+(22389380988975/524288)*ee_3*ee_6+(19155173412375/524288)*ee_5*ee_6-(127702575/32)*ee_3-(66891825/16)*ee_5}, {(23951317264875/2097152)*ee_2^2+(3215350163025/262144)*ee_3^2+(16632670529475/1048576)*ee_2*ee_4+(12126431792475/2097152)*ee_4^2+(595659539475/32768)*ee_3*ee_5+(1804406979375/262144)*ee_5^2+(10945503243675/1048576)*ee_2*ee_6+(8774267577075/1048576)*ee_4*ee_6+(7213279948875/2097152)*ee_6^2-(796620825/512)*ee_2-(845269425/512)*ee_4-(893918025/512)*ee_6}, {-(103673274029325/2097152)*ee_2*ee_3-(87373317356325/2097152)*ee_3*ee_4-(75809155947525/2097152)*ee_2*ee_5-(66859029762525/2097152)*ee_4*ee_5-(76528230904125/2097152)*ee_3*ee_6-(60785787187125/2097152)*ee_5*ee_6+(3995266275/1024)*ee_3+(4214184975/1024)*ee_5}, {-(11109765241575/2097152)*ee_2*ee_3-(8950497130575/2097152)*ee_3*ee_4-(7498044528975/2097152)*ee_2*ee_5-(6412807776375/2097152)*ee_4*ee_5-(7364114933175/2097152)*ee_3*ee_6-(5630619369375/2097152)*ee_5*ee_6+(419594175/1024)*ee_3+(443918475/1024)*ee_5}}
CORE_CONNECTION_QQ={{0, 4, 0, 0, 0, 0, 0, 0, 0, 0, 0, 0, 0, 0, 0, 0, 0, 0, 0, 0, 0, 0, 0, 0, 0, 0, 0, 0, 0, 0, 0, 0, 0, 0, 0, 0, 0, 0, 0, 0, 0, 0, 0, 0, 0, 0, 0, 0, 0, 0, 0, 0, 0, 0, 0, 0, 0, 0, 0, 0, 0, 0, 0, 0, 0, 0, 0, 0, 0, 0, 0, 0, 0, 0, 0, 0, 0, 0, 0, 0, 0, 0, 0, 0}, {-7/4, 0, -11/2, 55/2, 0, 0, 0, 0, 0, 0, 0, 0, 0, 0, 0, 0, 0, 0, 0, 0, 0, 0, 0, 0, 0, 0, 0, 0, 0, 0, 0, 0, 0, 0, 0, 0, 0, 0, 0, 0, 0, 0, 0, 0, 0, 0, 0, 0, 0, 0, 0, 0, 0, 0, 0, 0, 0, 0, 0, 0, 0, 0, 0, 0, 0, 0, 0, 0, 0, 0, 0, 0, 0, 0, 0, 0, 0, 0, 0, 0, 0, 0, 0, 0}, {0, -9/2, 0, 0, 0, 0, 0, 0, 0, 0, 0, 0, 0, 0, 0, 0, 0, 0, 0, 0, 0, 0, 0, 0, 0, 0, 0, 0, 0, 0, 0, 0, 0, 0, 0, 0, 0, 0, 0, 0, 0, 0, 0, 0, 0, 0, 0, 0, 0, 0, 0, 0, 0, 0, 0, 0, 0, 0, 0, 0, 0, 0, 0, 0, 0, 0, 0, 0, 0, 0, 0, 0, 0, 0, 0, 0, 0, 0, 0, 0, 0, 0, 0, 0}, {0, -1/2, 0, 0, 0, 0, 0, 0, 0, 0, 0, 0, 0, 0, 0, 0, 0, 0, 0, 0, 0, 0, 0, 0, 0, 0, 0, 0, 0, 0, 0, 0, 0, 0, 0, 0, 0, 0, 0, 0, 0, 0, 0, 0, 0, 0, 0, 0, 0, 0, 0, 0, 0, 0, 0, 0, 0, 0, 0, 0, 0, 0, 0, 0, 0, 0, 0, 0, 0, 0, 0, 0, 0, 0, 0, 0, 0, 0, 0, 0, 0, 0, 0, 0}, {0, -4/3, 0, 0, 0, 4, 0, 0, 0, 0, 0, 0, 0, 0, 0, 0, 0, 0, 0, 0, 0, 0, 0, 0, 0, 0, 0, 0, 8, 0, 0, 0, 0, 0, 0, 0, 0, 0, 0, 0, 0, 0, 0, 0, 0, 0, 0, 0, 0, 0, 0, 0, 0, 0, 0, 0, 0, 0, 0, 0, 0, 0, 0, 0, -2, 0, 0, 0, 0, 0, 0, 0, 0, 0, 0, 0, 0, 0, 0, 0, 0, 0, 0, 0}, {0, 0, 42493/12288, -76703/12288, -7/4, 0, -11/2, 55/2, 0, 0, 0, 0, 0, 0, 0, 0, 0, 0, 0, 0, 0, 0, 0, 0, 0, 0, 0, 0, 0, 8, 0, 0, 0, 0, 0, 0, 0, 0, 0, 0, 0, 0, 0, 0, 0, 0, 0, 0, 0, 0, 0, 0, 0, 0, 0, 0, 0, 0, 0, 0, 0, 0, 0, 0, 0, -2, 0, 0, 0, 0, 0, 0, 0, 0, 0, 0, 0, 0, 0, 0, 0, 0, 0, 0}, {0, 0, 0, 0, 0, -9/2, 0, 0, 0, 0, 0, 0, 0, 0, 0, 0, 0, 0, 0, 0, 0, 0, 0, 0, 0, 0, 0, 0, 0, 0, 8, 0, 0, 0, 0, 0, 0, 0, 0, 0, 0, 0, 0, 0, 0, 0, 0, 0, 0, 0, 0, 0, 0, 0, 0, 0, 0, 0, 0, 0, 0, 0, 0, 0, 0, 0, -2, 0, 0, 0, 0, 0, 0, 0, 0, 0, 0, 0, 0, 0, 0, 0, 0, 0}, {0, 0, 0, 0, 0, -1/2, 0, 0, 0, 0, 0, 0, 0, 0, 0, 0, 0, 0, 0, 0, 0, 0, 0, 0, 0, 0, 0, 0, 0, 0, 0, 8, 0, 0, 0, 0, 0, 0, 0, 0, 0, 0, 0, 0, 0, 0, 0, 0, 0, 0, 0, 0, 0, 0, 0, 0, 0, 0, 0, 0, 0, 0, 0, 0, 0, 0, 0, -2, 0, 0, 0, 0, 0, 0, 0, 0, 0, 0, 0, 0, 0, 0, 0, 0}, {0, 0, 0, 0, 0, -4/3, 0, 0, 0, 4, 0, 0, 8, 0, 0, 0, 0, 0, 0, 0, -2, 0, 0, 0, 0, 0, 0, 0, -4/3, 0, 0, 0, 0, 0, 0, 0, 0, 0, 0, 0, 0, 0, 0, 0, 0, 0, 0, 0, 0, 0, 0, 0, 0, 0, 0, 0, 0, 0, 0, 0, 0, 0, 0, 0, 0, 0, 0, 0, 0, 0, 0, 0, 0, 0, 0, 0, 0, 0, 0, 0, 0, 0, 0, 0}, {0, 0, -5164445/1048576, -9296001/1048576, 0, 0, 42493/12288, -76703/12288, -7/4, 0, -11/2, 55/2, 0, 8, 0, 0, 0, 0, 0, 0, 0, -2, 0, 0, 0, 0, 0, 0, 0, -4/3, 0, 0, 0, 0, 0, 0, 0, 0, 0, 0, 0, 0, 0, 0, 0, 0, 0, 0, 0, 0, 0, 0, 0, 0, 0, 0, 0, 0, 0, 0, 0, 0, 0, 0, 0, 0, 0, 0, 0, 0, 0, 0, 0, 0, 0, 0, 0, 0, 0, 0, 0, 0, 0, 0}, {0, 0, 0, 0, 0, 0, 0, 0, 0, -9/2, 0, 0, 0, 0, 8, 0, 0, 0, 0, 0, 0, 0, -2, 0, 0, 0, 0, 0, 0, 0, -4/3, 0, 0, 0, 0, 0, 0, 0, 0, 0, 0, 0, 0, 0, 0, 0, 0, 0, 0, 0, 0, 0, 0, 0, 0, 0, 0, 0, 0, 0, 0, 0, 0, 0, 0, 0, 0, 0, 0, 0, 0, 0, 0, 0, 0, 0, 0, 0, 0, 0, 0, 0, 0, 0}, {0, 0, 0, 0, 0, 0, 0, 0, 0, -1/2, 0, 0, 0, 0, 0, 8, 0, 0, 0, 0, 0, 0, 0, -2, 0, 0, 0, 0, 0, 0, 0, -4/3, 0, 0, 0, 0, 0, 0, 0, 0, 0, 0, 0, 0, 0, 0, 0, 0, 0, 0, 0, 0, 0, 0, 0, 0, 0, 0, 0, 0, 0, 0, 0, 0, 0, 0, 0, 0, 0, 0, 0, 0, 0, 0, 0, 0, 0, 0, 0, 0, 0, 0, 0, 0}, {0, 0, -21456225/1048576, -38621205/1048576, 0, 0, 603/512, 11223/512, 6, 0, 0, 0, 0, 4, 0, 0, 3, 0, 0, 0, 0, 0, 0, 0, 0, 0, 0, 0, 0, -4/3, 0, 0, 16, 0, 0, 0, 0, 0, 0, 0, -2, 0, 0, 0, 0, 0, 0, 0, -1, 0, 0, 0, 0, 0, 0, 0, 0, 0, 0, 0, 0, 0, 0, 0, 0, 0, 0, 0, 0, 0, 0, 0, 0, 0, 0, 0, 0, 0, 0, 0, 0, 0, 0, 0}, {0, 0, 0, 0, 0, 0, 0, 0, 0, 6, 0, 0, -7/4, 0, -11/2, 55/2, 0, 3, 0, 0, 0, 0, 0, 0, 0, 0, 0, 0, 0, 0, 42493/12288, -76703/12288, 0, 16, 0, 0, 0, 0, 0, 0, 0, -2, 0, 0, 0, 0, 0, 0, 0, -1, 0, 0, 0, 0, 0, 0, 0, 0, 0, 0, 0, 0, 0, 0, 0, 0, 0, 0, 0, 0, 0, 0, 0, 0, 0, 0, 0, 0, 0, 0, 0, 0, 0, 0}, {0, 0, 489557485/25165824, 293734491/8388608, 0, 0, -31435/8192, -56583/8192, 0, 0, 6, 0, 0, -9/2, 0, 0, 0, 0, 3, 0, 0, 0, 0, 0, 0, 0, 0, 0, 0, 0, 0, 0, 0, 0, 16, 0, 0, 0, 0, 0, 0, 0, -2, 0, 0, 0, 0, 0, 0, 0, -1, 0, 0, 0, 0, 0, 0, 0, 0, 0, 0, 0, 0, 0, 0, 0, 0, 0, 0, 0, 0, 0, 0, 0, 0, 0, 0, 0, 0, 0, 0, 0, 0, 0}, {0, 0, 51395165/25165824, 30837099/8388608, 0, 0, -3215/8192, -5787/8192, 0, 0, 0, 6, 0, -1/2, 0, 0, 0, 0, 0, 3, 0, 0, 0, 0, 0, 0, 0, 0, 0, 0, 0, 0, 0, 0, 0, 16, 0, 0, 0, 0, 0, 0, 0, -2, 0, 0, 0, 0, 0, 0, 0, -1, 0, 0, 0, 0, 0, 0, 0, 0, 0, 0, 0, 0, 0, 0, 0, 0, 0, 0, 0, 0, 0, 0, 0, 0, 0, 0, 0, 0, 0, 0, 0, 0}, {0, 0, 0, 0, 0, 0, 0, 0, 0, 0, 0, 0, 4, 0, 0, 0, 0, 4, 0, 0, 2, 0, 0, 0, 0, 0, 0, 0, 0, 0, 0, 0, 0, 0, 0, 0, 8, 0, 0, 0, 0, 0, 0, 0, 0, 0, 0, 0, 0, -4/3, 0, 0, 0, 0, 0, 0, -2, 0, 0, 0, 0, 0, 0, 0, -2/3, 0, 0, 0, 0, 0, 0, 0, 0, 0, 0, 0, 0, 0, 0, 0, 0, 0, 0, 0}, {0, 0, -13857415/2097152, -24943347/2097152, 0, 0, 6215/4096, 11187/4096, 0, 0, 0, 0, 0, 4, 0, 0, -7/4, 0, -11/2, 55/2, 0, 2, 0, 0, 0, 0, 0, 0, 0, 0, 0, 0, 0, 0, 0, 0, 0, 8, 0, 0, 0, 0, 0, 0, 0, 0, 0, 0, 0, 0, 42493/12288, -76703/12288, 0, 0, 0, 0, 0, -2, 0, 0, 0, 0, 0, 0, 0, -2/3, 0, 0, 0, 0, 0, 0, 0, 0, 0, 0, 0, 0, 0, 0, 0, 0, 0, 0}, {0, 0, 0, 0, 0, 0, 0, 0, 0, 0, 0, 0, 0, 0, 4, 0, 0, -9/2, 0, 0, 0, 0, 2, 0, 0, 0, 0, 0, 0, 0, 0, 0, 0, 0, 0, 0, 0, 0, 8, 0, 0, 0, 0, 0, 0, 0, 0, 0, 0, 0, 0, 0, 0, 0, 0, 0, 0, 0, -2, 0, 0, 0, 0, 0, 0, 0, -2/3, 0, 0, 0, 0, 0, 0, 0, 0, 0, 0, 0, 0, 0, 0, 0, 0, 0}, {0, 0, 0, 0, 0, 0, 0, 0, 0, 0, 0, 0, 0, 0, 0, 4, 0, -1/2, 0, 0, 0, 0, 0, 2, 0, 0, 0, 0, 0, 0, 0, 0, 0, 0, 0, 0, 0, 0, 0, 8, 0, 0, 0, 0, 0, 0, 0, 0, 0, 0, 0, 0, 0, 0, 0, 0, 0, 0, 0, -2, 0, 0, 0, 0, 0, 0, 0, -2/3, 0, 0, 0, 0, 0, 0, 0, 0, 0, 0, 0, 0, 0, 0, 0, 0}, {0, 0, -2036775/131072, -3666195/131072, 0, 0, 2925/512, 5265/512, 0, 0, 0, 0, 0, 0, 0, 0, 5, 0, 0, 0, 0, 4, 0, 0, 1, 0, 0, 0, 0, 0, 0, 0, 0, 0, 0, 0, 0, 0, 0, 0, 8, 0, 0, 0, 0, 0, 0, 0, 0, 0, 0, 0, 0, 0, 0, 0, 0, 0, 0, 0, 0, 0, 0, 0, 0, -4/3, 0, 0, -4, 0, 0, 0, 0, 0, 0, 0, -1/3, 0, 0, 0, 0, 0, 0, 0}, {0, 0, 0, 0, 0, 0, 0, 0, 0, 0, 0, 0, 0, 0, 0, 0, 0, 5, 0, 0, -7/4, 0, -11/2, 55/2, 0, 1, 0, 0, 0, 0, 0, 0, 0, 0, 0, 0, 0, 0, 0, 0, 0, 8, 0, 0, 0, 0, 0, 0, 0, 0, 0, 0, 0, 0, 0, 0, 0, 0, 0, 0, 0, 0, 0, 0, 0, 0, 42493/12288, -76703/12288, 0, -4, 0, 0, 0, 0, 0, 0, 0, -1/3, 0, 0, 0, 0, 0, 0}, {0, 0, 65331175/6291456, 39198705/2097152, 0, 0, -106925/24576, -64155/8192, 0, 0, 0, 0, 0, 0, 0, 0, 0, 0, 5, 0, 0, -9/2, 0, 0, 0, 0, 1, 0, 0, 0, 0, 0, 0, 0, 0, 0, 0, 0, 0, 0, 0, 0, 8, 0, 0, 0, 0, 0, 0, 0, 0, 0, 0, 0, 0, 0, 0, 0, 0, 0, 0, 0, 0, 0, 0, 0, 0, 0, 0, 0, -4, 0, 0, 0, 0, 0, 0, 0, -1/3, 0, 0, 0, 0, 0}, {0, 0, 5880875/6291456, 3528525/2097152, 0, 0, -9625/24576, -5775/8192, 0, 0, 0, 0, 0, 0, 0, 0, 0, 0, 0, 5, 0, -1/2, 0, 0, 0, 0, 0, 1, 0, 0, 0, 0, 0, 0, 0, 0, 0, 0, 0, 0, 0, 0, 0, 8, 0, 0, 0, 0, 0, 0, 0, 0, 0, 0, 0, 0, 0, 0, 0, 0, 0, 0, 0, 0, 0, 0, 0, 0, 0, 0, 0, -4, 0, 0, 0, 0, 0, 0, 0, -1/3, 0, 0, 0, 0}, {0, 0, 0, 0, 0, 0, 0, 0, 0, 0, 0, 0, 0, 0, 0, 0, 0, 0, 0, 0, 6, 0, 0, 0, 0, 4, 0, 0, 0, 0, 0, 0, 0, 0, 0, 0, 0, 0, 0, 0, 0, 0, 0, 0, 8, 0, 0, 0, 0, 0, 0, 0, 0, 0, 0, 0, 0, 0, 0, 0, 0, 0, 0, 0, 0, 0, 0, 0, 0, 0, 0, 0, -2, 0, 0, 0, 0, -4/3, 0, 0, 0, 0, 0, 0}, {0, 0, -3528525/1048576, -6351345/1048576, 0, 0, 5775/4096, 10395/4096, 0, 0, 0, 0, 0, 0, 0, 0, 0, 0, 0, 0, 0, 6, 0, 0, -7/4, 0, -11/2, 55/2, 0, 0, 0, 0, 0, 0, 0, 0, 0, 0, 0, 0, 0, 0, 0, 0, 0, 8, 0, 0, 0, 0, 0, 0, 0, 0, 0, 0, 0, 0, 0, 0, 0, 0, 0, 0, 0, 0, 0, 0, 0, 0, 0, 0, 0, -2, 0, 0, 0, 0, 42493/12288, -76703/12288, 0, 0, 0, 0}, {0, 0, 0, 0, 0, 0, 0, 0, 0, 0, 0, 0, 0, 0, 0, 0, 0, 0, 0, 0, 0, 0, 6, 0, 0, -9/2, 0, 0, 0, 0, 0, 0, 0, 0, 0, 0, 0, 0, 0, 0, 0, 0, 0, 0, 0, 0, 8, 0, 0, 0, 0, 0, 0, 0, 0, 0, 0, 0, 0, 0, 0, 0, 0, 0, 0, 0, 0, 0, 0, 0, 0, 0, 0, 0, -2, 0, 0, 0, 0, 0, 0, 0, 0, 0}, {0, 0, 0, 0, 0, 0, 0, 0, 0, 0, 0, 0, 0, 0, 0, 0, 0, 0, 0, 0, 0, 0, 0, 6, 0, -1/2, 0, 0, 0, 0, 0, 0, 0, 0, 0, 0, 0, 0, 0, 0, 0, 0, 0, 0, 0, 0, 0, 8, 0, 0, 0, 0, 0, 0, 0, 0, 0, 0, 0, 0, 0, 0, 0, 0, 0, 0, 0, 0, 0, 0, 0, 0, 0, 0, 0, -2, 0, 0, 0, 0, 0, 0, 0, 0}, {0, 0, 603/512, 11223/512, 3, 0, 0, 0, 0, 0, 0, 0, 0, 0, 0, 0, 0, 0, 0, 0, 0, 0, 0, 0, 0, 0, 0, 0, 0, 4, 0, 0, 0, 0, 0, 0, 0, 0, 0, 0, 0, 0, 0, 0, 0, 0, 0, 0, 3, 0, 0, 0, 0, 0, 0, 0, 0, 0, 0, 0, 0, 0, 0, 0, 0, 0, 0, 0, 0, 0, 0, 0, 0, 0, 0, 0, 0, 0, 0, 0, 0, 0, 0, 0}, {0, 0, 0, 0, 0, 3, 0, 0, 0, 0, 0, 0, 0, 0, 0, 0, 0, 0, 0, 0, 0, 0, 0, 0, 0, 0, 0, 0, -7/4, 0, -11/2, 55/2, 0, 0, 0, 0, 0, 0, 0, 0, 0, 0, 0, 0, 0, 0, 0, 0, 0, 3, 0, 0, 0, 0, 0, 0, 0, 0, 0, 0, 0, 0, 0, 0, 0, 0, 0, 0, 0, 0, 0, 0, 0, 0, 0, 0, 0, 0, 0, 0, 0, 0, 0, 0}, {0, 0, -31435/8192, -56583/8192, 0, 0, 3, 0, 0, 0, 0, 0, 0, 0, 0, 0, 0, 0, 0, 0, 0, 0, 0, 0, 0, 0, 0, 0, 0, -9/2, 0, 0, 0, 0, 0, 0, 0, 0, 0, 0, 0, 0, 0, 0, 0, 0, 0, 0, 0, 0, 3, 0, 0, 0, 0, 0, 0, 0, 0, 0, 0, 0, 0, 0, 0, 0, 0, 0, 0, 0, 0, 0, 0, 0, 0, 0, 0, 0, 0, 0, 0, 0, 0, 0}, {0, 0, -3215/8192, -5787/8192, 0, 0, 0, 3, 0, 0, 0, 0, 0, 0, 0, 0, 0, 0, 0, 0, 0, 0, 0, 0, 0, 0, 0, 0, 0, -1/2, 0, 0, 0, 0, 0, 0, 0, 0, 0, 0, 0, 0, 0, 0, 0, 0, 0, 0, 0, 0, 0, 3, 0, 0, 0, 0, 0, 0, 0, 0, 0, 0, 0, 0, 0, 0, 0, 0, 0, 0, 0, 0, 0, 0, 0, 0, 0, 0, 0, 0, 0, 0, 0, 0}, {0, 0, 0, 0, 0, 0, 0, 0, 0, 0, 0, 0, 3, 0, 0, 0, 0, 0, 0, 0, 0, 0, 0, 0, 0, 0, 0, 0, 0, 0, 603/512, 11223/512, 0, 4, 0, 0, 3, 0, 0, 0, 0, 0, 0, 0, 0, 0, 0, 0, 0, 0, 0, 0, 0, 0, 0, 0, 0, 0, 0, 0, 0, 0, 0, 0, 0, 0, 0, 0, 0, 0, 0, 0, 0, 0, 0, 0, 0, 0, 0, 0, 0, 0, 0, 0}, {0, 0, -2098425/524288, -3777165/524288, 0, 0, 0, 0, 0, 0, 0, 0, 0, 3, 0, 0, 0, 0, 0, 0, 0, 0, 0, 0, 0, 0, 0, 0, 0, 0, 0, 0, -7/4, 0, -11/2, 55/2, 0, 3, 0, 0, 0, 0, 0, 0, 0, 0, 0, 0, 0, 0, 0, 0, 0, 0, 0, 0, 0, 0, 0, 0, 0, 0, 0, 0, 0, 0, 0, 0, 0, 0, 0, 0, 0, 0, 0, 0, 0, 0, 0, 0, 0, 0, 0, 0}, {0, 0, 0, 0, 0, 0, 0, 0, 0, 0, 0, 0, 0, 0, 3, 0, 0, 0, 0, 0, 0, 0, 0, 0, 0, 0, 0, 0, 0, 0, -31435/8192, -56583/8192, 0, -9/2, 0, 0, 0, 0, 3, 0, 0, 0, 0, 0, 0, 0, 0, 0, 0, 0, 0, 0, 0, 0, 0, 0, 0, 0, 0, 0, 0, 0, 0, 0, 0, 0, 0, 0, 0, 0, 0, 0, 0, 0, 0, 0, 0, 0, 0, 0, 0, 0, 0, 0}, {0, 0, 0, 0, 0, 0, 0, 0, 0, 0, 0, 0, 0, 0, 0, 3, 0, 0, 0, 0, 0, 0, 0, 0, 0, 0, 0, 0, 0, 0, -3215/8192, -5787/8192, 0, -1/2, 0, 0, 0, 0, 0, 3, 0, 0, 0, 0, 0, 0, 0, 0, 0, 0, 0, 0, 0, 0, 0, 0, 0, 0, 0, 0, 0, 0, 0, 0, 0, 0, 0, 0, 0, 0, 0, 0, 0, 0, 0, 0, 0, 0, 0, 0, 0, 0, 0, 0}, {0, 0, -17165925/1048576, -30898665/1048576, 0, 0, 0, 0, 0, 0, 0, 0, 0, 0, 0, 0, 3, 0, 0, 0, 0, 0, 0, 0, 0, 0, 0, 0, 0, 0, 0, 0, 8, 0, 0, 0, 0, 4, 0, 0, 2, 0, 0, 0, 0, 0, 0, 0, 0, 0, 603/512, 11223/512, 6, 0, 0, 0, 0, 0, 0, 0, 0, 0, 0, 0, 0, 0, 0, 0, 0, 0, 0, 0, 0, 0, 0, 0, 0, 0, 0, 0, 0, 0, 0, 0}, {0, 0, 0, 0, 0, 0, 0, 0, 0, 0, 0, 0, 0, 0, 0, 0, 0, 3, 0, 0, 0, 0, 0, 0, 0, 0, 0, 0, 0, 0, 6215/4096, 11187/4096, 0, 8, 0, 0, -7/4, 0, -11/2, 55/2, 0, 2, 0, 0, 0, 0, 0, 0, 0, 0, 0, 0, 0, 6, 0, 0, 0, 0, 0, 0, 0, 0, 0, 0, 0, 0, 0, 0, 0, 0, 0, 0, 0, 0, 0, 0, 0, 0, 0, 0, 0, 0, 0, 0}, {0, 0, 386475775/25165824, 231885465/8388608, 0, 0, 0, 0, 0, 0, 0, 0, 0, 0, 0, 0, 0, 0, 3, 0, 0, 0, 0, 0, 0, 0, 0, 0, 0, 0, 0, 0, 0, 0, 8, 0, 0, -9/2, 0, 0, 0, 0, 2, 0, 0, 0, 0, 0, 0, 0, -31435/8192, -56583/8192, 0, 0, 6, 0, 0, 0, 0, 0, 0, 0, 0, 0, 0, 0, 0, 0, 0, 0, 0, 0, 0, 0, 0, 0, 0, 0, 0, 0, 0, 0, 0, 0}, {0, 0, 39167975/25165824, 23500785/8388608, 0, 0, 0, 0, 0, 0, 0, 0, 0, 0, 0, 0, 0, 0, 0, 3, 0, 0, 0, 0, 0, 0, 0, 0, 0, 0, 0, 0, 0, 0, 0, 8, 0, -1/2, 0, 0, 0, 0, 0, 2, 0, 0, 0, 0, 0, 0, -3215/8192, -5787/8192, 0, 0, 0, 6, 0, 0, 0, 0, 0, 0, 0, 0, 0, 0, 0, 0, 0, 0, 0, 0, 0, 0, 0, 0, 0, 0, 0, 0, 0, 0, 0, 0}, {0, 0, 0, 0, 0, 0, 0, 0, 0, 0, 0, 0, 0, 0, 0, 0, 0, 0, 0, 0, 3, 0, 0, 0, 0, 0, 0, 0, 0, 0, 2925/512, 5265/512, 0, 0, 0, 0, 5, 0, 0, 0, 0, 4, 0, 0, 1, 0, 0, 0, 0, 0, 0, 0, 0, 0, 0, 0, 3, 0, 0, 0, 0, 0, 0, 0, 0, 0, 603/512, 11223/512, 0, 0, 0, 0, 0, 0, 0, 0, 0, 0, 0, 0, 0, 0, 0, 0}, {0, 0, -1960875/524288, -3529575/524288, 0, 0, 0, 0, 0, 0, 0, 0, 0, 0, 0, 0, 0, 0, 0, 0, 0, 3, 0, 0, 0, 0, 0, 0, 0, 0, 0, 0, 0, 0, 0, 0, 0, 5, 0, 0, -7/4, 0, -11/2, 55/2, 0, 1, 0, 0, 0, 0, 0, 0, 0, 0, 0, 0, 0, 3, 0, 0, 0, 0, 0, 0, 0, 0, 0, 0, 0, 0, 0, 0, 0, 0, 0, 0, 0, 0, 0, 0, 0, 0, 0, 0}, {0, 0, 0, 0, 0, 0, 0, 0, 0, 0, 0, 0, 0, 0, 0, 0, 0, 0, 0, 0, 0, 0, 3, 0, 0, 0, 0, 0, 0, 0, -106925/24576, -64155/8192, 0, 0, 0, 0, 0, 0, 5, 0, 0, -9/2, 0, 0, 0, 0, 1, 0, 0, 0, 0, 0, 0, 0, 0, 0, 0, 0, 3, 0, 0, 0, 0, 0, 0, 0, -31435/8192, -56583/8192, 0, 0, 0, 0, 0, 0, 0, 0, 0, 0, 0, 0, 0, 0, 0, 0}, {0, 0, 0, 0, 0, 0, 0, 0, 0, 0, 0, 0, 0, 0, 0, 0, 0, 0, 0, 0, 0, 0, 0, 3, 0, 0, 0, 0, 0, 0, -9625/24576, -5775/8192, 0, 0, 0, 0, 0, 0, 0, 5, 0, -1/2, 0, 0, 0, 0, 0, 1, 0, 0, 0, 0, 0, 0, 0, 0, 0, 0, 0, 3, 0, 0, 0, 0, 0, 0, -3215/8192, -5787/8192, 0, 0, 0, 0, 0, 0, 0, 0, 0, 0, 0, 0, 0, 0, 0, 0}, {0, 0, -12875625/1048576, -23176125/1048576, 0, 0, 0, 0, 0, 0, 0, 0, 0, 0, 0, 0, 0, 0, 0, 0, 0, 0, 0, 0, 3, 0, 0, 0, 0, 0, 0, 0, 0, 0, 0, 0, 0, 0, 0, 0, 6, 0, 0, 0, 0, 4, 0, 0, 0, 0, 0, 0, 0, 0, 0, 0, 0, 0, 0, 0, 3, 0, 0, 0, 0, 0, 0, 0, 0, 0, 0, 0, 0, 0, 0, 0, 0, 0, 603/512, 11223/512, 0, 0, 0, 0}, {0, 0, 0, 0, 0, 0, 0, 0, 0, 0, 0, 0, 0, 0, 0, 0, 0, 0, 0, 0, 0, 0, 0, 0, 0, 3, 0, 0, 0, 0, 5775/4096, 10395/4096, 0, 0, 0, 0, 0, 0, 0, 0, 0, 6, 0, 0, -7/4, 0, -11/2, 55/2, 0, 0, 0, 0, 0, 0, 0, 0, 0, 0, 0, 0, 0, 3, 0, 0, 0, 0, 0, 0, 0, 0, 0, 0, 0, 0, 0, 0, 0, 0, 0, 0, 0, 0, 0, 0}, {0, 0, 83734875/8388608, 150722775/8388608, 0, 0, 0, 0, 0, 0, 0, 0, 0, 0, 0, 0, 0, 0, 0, 0, 0, 0, 0, 0, 0, 0, 3, 0, 0, 0, 0, 0, 0, 0, 0, 0, 0, 0, 0, 0, 0, 0, 6, 0, 0, -9/2, 0, 0, 0, 0, 0, 0, 0, 0, 0, 0, 0, 0, 0, 0, 0, 0, 3, 0, 0, 0, 0, 0, 0, 0, 0, 0, 0, 0, 0, 0, 0, 0, -31435/8192, -56583/8192, 0, 0, 0, 0}, {0, 0, 7882875/8388608, 14189175/8388608, 0, 0, 0, 0, 0, 0, 0, 0, 0, 0, 0, 0, 0, 0, 0, 0, 0, 0, 0, 0, 0, 0, 0, 3, 0, 0, 0, 0, 0, 0, 0, 0, 0, 0, 0, 0, 0, 0, 0, 6, 0, -1/2, 0, 0, 0, 0, 0, 0, 0, 0, 0, 0, 0, 0, 0, 0, 0, 0, 0, 3, 0, 0, 0, 0, 0, 0, 0, 0, 0, 0, 0, 0, 0, 0, -3215/8192, -5787/8192, 0, 0, 0, 0}, {0, 0, 0, 0, 0, 0, 0, 0, 0, 0, 0, 0, 0, 0, 0, 0, 0, 0, 0, 0, 0, 0, 0, 0, 0, 0, 0, 0, 4, 0, 0, 0, 0, 0, 0, 0, 0, 0, 0, 0, 0, 0, 0, 0, 0, 0, 0, 0, 0, 4, 0, 0, 0, 0, 0, 0, 0, 0, 0, 0, 0, 0, 0, 0, 2, 0, 0, 0, 0, 0, 0, 0, 0, 0, 0, 0, 0, 0, 0, 0, 0, 0, 0, 0}, {0, 0, 6215/4096, 11187/4096, 0, 0, 0, 0, 0, 0, 0, 0, 0, 0, 0, 0, 0, 0, 0, 0, 0, 0, 0, 0, 0, 0, 0, 0, 0, 4, 0, 0, 0, 0, 0, 0, 0, 0, 0, 0, 0, 0, 0, 0, 0, 0, 0, 0, -7/4, 0, -11/2, 55/2, 0, 0, 0, 0, 0, 0, 0, 0, 0, 0, 0, 0, 0, 2, 0, 0, 0, 0, 0, 0, 0, 0, 0, 0, 0, 0, 0, 0, 0, 0, 0, 0}, {0, 0, 0, 0, 0, 0, 0, 0, 0, 0, 0, 0, 0, 0, 0, 0, 0, 0, 0, 0, 0, 0, 0, 0, 0, 0, 0, 0, 0, 0, 4, 0, 0, 0, 0, 0, 0, 0, 0, 0, 0, 0, 0, 0, 0, 0, 0, 0, 0, -9/2, 0, 0, 0, 0, 0, 0, 0, 0, 0, 0, 0, 0, 0, 0, 0, 0, 2, 0, 0, 0, 0, 0, 0, 0, 0, 0, 0, 0, 0, 0, 0, 0, 0, 0}, {0, 0, 0, 0, 0, 0, 0, 0, 0, 0, 0, 0, 0, 0, 0, 0, 0, 0, 0, 0, 0, 0, 0, 0, 0, 0, 0, 0, 0, 0, 0, 4, 0, 0, 0, 0, 0, 0, 0, 0, 0, 0, 0, 0, 0, 0, 0, 0, 0, -1/2, 0, 0, 0, 0, 0, 0, 0, 0, 0, 0, 0, 0, 0, 0, 0, 0, 0, 2, 0, 0, 0, 0, 0, 0, 0, 0, 0, 0, 0, 0, 0, 0, 0, 0}, {0, 0, 0, 0, 0, 0, 0, 0, 0, 0, 0, 0, 0, 0, 0, 0, 0, 0, 0, 0, 0, 0, 0, 0, 0, 0, 0, 0, 0, 0, 0, 0, 0, 0, 0, 0, 4, 0, 0, 0, 0, 0, 0, 0, 0, 0, 0, 0, 0, 0, 0, 0, 0, 4, 0, 0, 2, 0, 0, 0, 0, 0, 0, 0, 0, 0, 0, 0, 0, 0, 0, 0, 0, 0, 0, 0, 0, 0, 0, 0, 0, 0, 0, 0}, {0, 0, -14574175/6291456, -8744505/2097152, 0, 0, 0, 0, 0, 0, 0, 0, 0, 0, 0, 0, 0, 0, 0, 0, 0, 0, 0, 0, 0, 0, 0, 0, 0, 0, 0, 0, 0, 0, 0, 0, 0, 4, 0, 0, 0, 0, 0, 0, 0, 0, 0, 0, 0, 0, 6215/4096, 11187/4096, -7/4, 0, -11/2, 55/2, 0, 2, 0, 0, 0, 0, 0, 0, 0, 0, 0, 0, 0, 0, 0, 0, 0, 0, 0, 0, 0, 0, 0, 0, 0, 0, 0, 0}, {0, 0, 0, 0, 0, 0, 0, 0, 0, 0, 0, 0, 0, 0, 0, 0, 0, 0, 0, 0, 0, 0, 0, 0, 0, 0, 0, 0, 0, 0, 0, 0, 0, 0, 0, 0, 0, 0, 4, 0, 0, 0, 0, 0, 0, 0, 0, 0, 0, 0, 0, 0, 0, -9/2, 0, 0, 0, 0, 2, 0, 0, 0, 0, 0, 0, 0, 0, 0, 0, 0, 0, 0, 0, 0, 0, 0, 0, 0, 0, 0, 0, 0, 0, 0}, {0, 0, 0, 0, 0, 0, 0, 0, 0, 0, 0, 0, 0, 0, 0, 0, 0, 0, 0, 0, 0, 0, 0, 0, 0, 0, 0, 0, 0, 0, 0, 0, 0, 0, 0, 0, 0, 0, 0, 4, 0, 0, 0, 0, 0, 0, 0, 0, 0, 0, 0, 0, 0, -1/2, 0, 0, 0, 0, 0, 2, 0, 0, 0, 0, 0, 0, 0, 0, 0, 0, 0, 0, 0, 0, 0, 0, 0, 0, 0, 0, 0, 0, 0, 0}, {0, 0, -2286375/262144, -4115475/262144, 0, 0, 0, 0, 0, 0, 0, 0, 0, 0, 0, 0, 0, 0, 0, 0, 0, 0, 0, 0, 0, 0, 0, 0, 0, 0, 0, 0, 0, 0, 0, 0, 0, 0, 0, 0, 4, 0, 0, 0, 0, 0, 0, 0, 0, 0, 2925/512, 5265/512, 10, 0, 0, 0, 0, 4, 0, 0, 1, 0, 0, 0, 0, 0, 0, 0, 4, 0, 0, 0, 0, 0, 0, 0, 0, 0, 0, 0, 0, 0, 0, 0}, {0, 0, 0, 0, 0, 0, 0, 0, 0, 0, 0, 0, 0, 0, 0, 0, 0, 0, 0, 0, 0, 0, 0, 0, 0, 0, 0, 0, 0, 0, 0, 0, 0, 0, 0, 0, 0, 0, 0, 0, 0, 4, 0, 0, 0, 0, 0, 0, 0, 0, 0, 0, 0, 10, 0, 0, -7/4, 0, -11/2, 55/2, 0, 1, 0, 0, 0, 0, 6215/4096, 11187/4096, 0, 4, 0, 0, 0, 0, 0, 0, 0, 0, 0, 0, 0, 0, 0, 0}, {0, 0, 250739125/37748736, 50147825/4194304, 0, 0, 0, 0, 0, 0, 0, 0, 0, 0, 0, 0, 0, 0, 0, 0, 0, 0, 0, 0, 0, 0, 0, 0, 0, 0, 0, 0, 0, 0, 0, 0, 0, 0, 0, 0, 0, 0, 4, 0, 0, 0, 0, 0, 0, 0, -106925/24576, -64155/8192, 0, 0, 10, 0, 0, -9/2, 0, 0, 0, 0, 1, 0, 0, 0, 0, 0, 0, 0, 4, 0, 0, 0, 0, 0, 0, 0, 0, 0, 0, 0, 0, 0}, {0, 0, 22570625/37748736, 4514125/4194304, 0, 0, 0, 0, 0, 0, 0, 0, 0, 0, 0, 0, 0, 0, 0, 0, 0, 0, 0, 0, 0, 0, 0, 0, 0, 0, 0, 0, 0, 0, 0, 0, 0, 0, 0, 0, 0, 0, 0, 4, 0, 0, 0, 0, 0, 0, -9625/24576, -5775/8192, 0, 0, 0, 10, 0, -1/2, 0, 0, 0, 0, 0, 1, 0, 0, 0, 0, 0, 0, 0, 4, 0, 0, 0, 0, 0, 0, 0, 0, 0, 0, 0, 0}, {0, 0, 0, 0, 0, 0, 0, 0, 0, 0, 0, 0, 0, 0, 0, 0, 0, 0, 0, 0, 0, 0, 0, 0, 0, 0, 0, 0, 0, 0, 0, 0, 0, 0, 0, 0, 0, 0, 0, 0, 0, 0, 0, 0, 4, 0, 0, 0, 0, 0, 0, 0, 0, 0, 0, 0, 6, 0, 0, 0, 0, 4, 0, 0, 0, 0, 0, 0, 0, 0, 0, 0, 2, 0, 0, 0, 0, 0, 0, 0, 0, 0, 0, 0}, {0, 0, -4514125/2097152, -8125425/2097152, 0, 0, 0, 0, 0, 0, 0, 0, 0, 0, 0, 0, 0, 0, 0, 0, 0, 0, 0, 0, 0, 0, 0, 0, 0, 0, 0, 0, 0, 0, 0, 0, 0, 0, 0, 0, 0, 0, 0, 0, 0, 4, 0, 0, 0, 0, 5775/4096, 10395/4096, 0, 0, 0, 0, 0, 6, 0, 0, -7/4, 0, -11/2, 55/2, 0, 0, 0, 0, 0, 0, 0, 0, 0, 2, 0, 0, 0, 0, 6215/4096, 11187/4096, 0, 0, 0, 0}, {0, 0, 0, 0, 0, 0, 0, 0, 0, 0, 0, 0, 0, 0, 0, 0, 0, 0, 0, 0, 0, 0, 0, 0, 0, 0, 0, 0, 0, 0, 0, 0, 0, 0, 0, 0, 0, 0, 0, 0, 0, 0, 0, 0, 0, 0, 4, 0, 0, 0, 0, 0, 0, 0, 0, 0, 0, 0, 6, 0, 0, -9/2, 0, 0, 0, 0, 0, 0, 0, 0, 0, 0, 0, 0, 2, 0, 0, 0, 0, 0, 0, 0, 0, 0}, {0, 0, 0, 0, 0, 0, 0, 0, 0, 0, 0, 0, 0, 0, 0, 0, 0, 0, 0, 0, 0, 0, 0, 0, 0, 0, 0, 0, 0, 0, 0, 0, 0, 0, 0, 0, 0, 0, 0, 0, 0, 0, 0, 0, 0, 0, 0, 4, 0, 0, 0, 0, 0, 0, 0, 0, 0, 0, 0, 6, 0, -1/2, 0, 0, 0, 0, 0, 0, 0, 0, 0, 0, 0, 0, 0, 2, 0, 0, 0, 0, 0, 0, 0, 0}, {0, 0, 2925/512, 5265/512, 0, 0, 0, 0, 0, 0, 0, 0, 0, 0, 0, 0, 0, 0, 0, 0, 0, 0, 0, 0, 0, 0, 0, 0, 0, 0, 0, 0, 0, 0, 0, 0, 0, 0, 0, 0, 0, 0, 0, 0, 0, 0, 0, 0, 5, 0, 0, 0, 0, 0, 0, 0, 0, 0, 0, 0, 0, 0, 0, 0, 0, 4, 0, 0, 0, 0, 0, 0, 0, 0, 0, 0, 1, 0, 0, 0, 0, 0, 0, 0}, {0, 0, 0, 0, 0, 0, 0, 0, 0, 0, 0, 0, 0, 0, 0, 0, 0, 0, 0, 0, 0, 0, 0, 0, 0, 0, 0, 0, 0, 0, 0, 0, 0, 0, 0, 0, 0, 0, 0, 0, 0, 0, 0, 0, 0, 0, 0, 0, 0, 5, 0, 0, 0, 0, 0, 0, 0, 0, 0, 0, 0, 0, 0, 0, -7/4, 0, -11/2, 55/2, 0, 0, 0, 0, 0, 0, 0, 0, 0, 1, 0, 0, 0, 0, 0, 0}, {0, 0, -106925/24576, -64155/8192, 0, 0, 0, 0, 0, 0, 0, 0, 0, 0, 0, 0, 0, 0, 0, 0, 0, 0, 0, 0, 0, 0, 0, 0, 0, 0, 0, 0, 0, 0, 0, 0, 0, 0, 0, 0, 0, 0, 0, 0, 0, 0, 0, 0, 0, 0, 5, 0, 0, 0, 0, 0, 0, 0, 0, 0, 0, 0, 0, 0, 0, -9/2, 0, 0, 0, 0, 0, 0, 0, 0, 0, 0, 0, 0, 1, 0, 0, 0, 0, 0}, {0, 0, -9625/24576, -5775/8192, 0, 0, 0, 0, 0, 0, 0, 0, 0, 0, 0, 0, 0, 0, 0, 0, 0, 0, 0, 0, 0, 0, 0, 0, 0, 0, 0, 0, 0, 0, 0, 0, 0, 0, 0, 0, 0, 0, 0, 0, 0, 0, 0, 0, 0, 0, 0, 5, 0, 0, 0, 0, 0, 0, 0, 0, 0, 0, 0, 0, 0, -1/2, 0, 0, 0, 0, 0, 0, 0, 0, 0, 0, 0, 0, 0, 1, 0, 0, 0, 0}, {0, 0, 0, 0, 0, 0, 0, 0, 0, 0, 0, 0, 0, 0, 0, 0, 0, 0, 0, 0, 0, 0, 0, 0, 0, 0, 0, 0, 0, 0, 0, 0, 0, 0, 0, 0, 0, 0, 0, 0, 0, 0, 0, 0, 0, 0, 0, 0, 0, 0, 0, 0, 0, 0, 0, 0, 5, 0, 0, 0, 0, 0, 0, 0, 0, 0, 2925/512, 5265/512, 0, 4, 0, 0, 1, 0, 0, 0, 0, 0, 0, 0, 0, 0, 0, 0}, {0, 0, 0, 0, 0, 0, 0, 0, 0, 0, 0, 0, 0, 0, 0, 0, 0, 0, 0, 0, 0, 0, 0, 0, 0, 0, 0, 0, 0, 0, 0, 0, 0, 0, 0, 0, 0, 0, 0, 0, 0, 0, 0, 0, 0, 0, 0, 0, 0, 0, 0, 0, 0, 0, 0, 0, 0, 5, 0, 0, 0, 0, 0, 0, 0, 0, 0, 0, -7/4, 0, -11/2, 55/2, 0, 1, 0, 0, 0, 0, 0, 0, 0, 0, 0, 0}, {0, 0, 0, 0, 0, 0, 0, 0, 0, 0, 0, 0, 0, 0, 0, 0, 0, 0, 0, 0, 0, 0, 0, 0, 0, 0, 0, 0, 0, 0, 0, 0, 0, 0, 0, 0, 0, 0, 0, 0, 0, 0, 0, 0, 0, 0, 0, 0, 0, 0, 0, 0, 0, 0, 0, 0, 0, 0, 5, 0, 0, 0, 0, 0, 0, 0, -106925/24576, -64155/8192, 0, -9/2, 0, 0, 0, 0, 1, 0, 0, 0, 0, 0, 0, 0, 0, 0}, {0, 0, 0, 0, 0, 0, 0, 0, 0, 0, 0, 0, 0, 0, 0, 0, 0, 0, 0, 0, 0, 0, 0, 0, 0, 0, 0, 0, 0, 0, 0, 0, 0, 0, 0, 0, 0, 0, 0, 0, 0, 0, 0, 0, 0, 0, 0, 0, 0, 0, 0, 0, 0, 0, 0, 0, 0, 0, 0, 5, 0, 0, 0, 0, 0, 0, -9625/24576, -5775/8192, 0, -1/2, 0, 0, 0, 0, 0, 1, 0, 0, 0, 0, 0, 0, 0, 0}, {0, 0, 0, 0, 0, 0, 0, 0, 0, 0, 0, 0, 0, 0, 0, 0, 0, 0, 0, 0, 0, 0, 0, 0, 0, 0, 0, 0, 0, 0, 0, 0, 0, 0, 0, 0, 0, 0, 0, 0, 0, 0, 0, 0, 0, 0, 0, 0, 0, 0, 0, 0, 0, 0, 0, 0, 0, 0, 0, 0, 5, 0, 0, 0, 0, 0, 0, 0, 12, 0, 0, 0, 0, 4, 0, 0, 0, 0, 2925/512, 5265/512, 2, 0, 0, 0}, {0, 0, 0, 0, 0, 0, 0, 0, 0, 0, 0, 0, 0, 0, 0, 0, 0, 0, 0, 0, 0, 0, 0, 0, 0, 0, 0, 0, 0, 0, 0, 0, 0, 0, 0, 0, 0, 0, 0, 0, 0, 0, 0, 0, 0, 0, 0, 0, 0, 0, 0, 0, 0, 0, 0, 0, 0, 0, 0, 0, 0, 5, 0, 0, 0, 0, 5775/4096, 10395/4096, 0, 12, 0, 0, -7/4, 0, -11/2, 55/2, 0, 0, 0, 0, 0, 2, 0, 0}, {0, 0, 0, 0, 0, 0, 0, 0, 0, 0, 0, 0, 0, 0, 0, 0, 0, 0, 0, 0, 0, 0, 0, 0, 0, 0, 0, 0, 0, 0, 0, 0, 0, 0, 0, 0, 0, 0, 0, 0, 0, 0, 0, 0, 0, 0, 0, 0, 0, 0, 0, 0, 0, 0, 0, 0, 0, 0, 0, 0, 0, 0, 5, 0, 0, 0, 0, 0, 0, 0, 12, 0, 0, -9/2, 0, 0, 0, 0, -106925/24576, -64155/8192, 0, 0, 2, 0}, {0, 0, 0, 0, 0, 0, 0, 0, 0, 0, 0, 0, 0, 0, 0, 0, 0, 0, 0, 0, 0, 0, 0, 0, 0, 0, 0, 0, 0, 0, 0, 0, 0, 0, 0, 0, 0, 0, 0, 0, 0, 0, 0, 0, 0, 0, 0, 0, 0, 0, 0, 0, 0, 0, 0, 0, 0, 0, 0, 0, 0, 0, 0, 5, 0, 0, 0, 0, 0, 0, 0, 12, 0, -1/2, 0, 0, 0, 0, -9625/24576, -5775/8192, 0, 0, 0, 2}, {0, 0, 0, 0, 0, 0, 0, 0, 0, 0, 0, 0, 0, 0, 0, 0, 0, 0, 0, 0, 0, 0, 0, 0, 0, 0, 0, 0, 0, 0, 0, 0, 0, 0, 0, 0, 0, 0, 0, 0, 0, 0, 0, 0, 0, 0, 0, 0, 0, 0, 0, 0, 0, 0, 0, 0, 0, 0, 0, 0, 0, 0, 0, 0, 6, 0, 0, 0, 0, 0, 0, 0, 0, 0, 0, 0, 0, 4, 0, 0, 0, 0, 0, 0}, {0, 0, 5775/4096, 10395/4096, 0, 0, 0, 0, 0, 0, 0, 0, 0, 0, 0, 0, 0, 0, 0, 0, 0, 0, 0, 0, 0, 0, 0, 0, 0, 0, 0, 0, 0, 0, 0, 0, 0, 0, 0, 0, 0, 0, 0, 0, 0, 0, 0, 0, 0, 0, 0, 0, 0, 0, 0, 0, 0, 0, 0, 0, 0, 0, 0, 0, 0, 6, 0, 0, 0, 0, 0, 0, 0, 0, 0, 0, -7/4, 0, -11/2, 55/2, 0, 0, 0, 0}, {0, 0, 0, 0, 0, 0, 0, 0, 0, 0, 0, 0, 0, 0, 0, 0, 0, 0, 0, 0, 0, 0, 0, 0, 0, 0, 0, 0, 0, 0, 0, 0, 0, 0, 0, 0, 0, 0, 0, 0, 0, 0, 0, 0, 0, 0, 0, 0, 0, 0, 0, 0, 0, 0, 0, 0, 0, 0, 0, 0, 0, 0, 0, 0, 0, 0, 6, 0, 0, 0, 0, 0, 0, 0, 0, 0, 0, -9/2, 0, 0, 0, 0, 0, 0}, {0, 0, 0, 0, 0, 0, 0, 0, 0, 0, 0, 0, 0, 0, 0, 0, 0, 0, 0, 0, 0, 0, 0, 0, 0, 0, 0, 0, 0, 0, 0, 0, 0, 0, 0, 0, 0, 0, 0, 0, 0, 0, 0, 0, 0, 0, 0, 0, 0, 0, 0, 0, 0, 0, 0, 0, 0, 0, 0, 0, 0, 0, 0, 0, 0, 0, 0, 6, 0, 0, 0, 0, 0, 0, 0, 0, 0, -1/2, 0, 0, 0, 0, 0, 0}, {0, 0, 0, 0, 0, 0, 0, 0, 0, 0, 0, 0, 0, 0, 0, 0, 0, 0, 0, 0, 0, 0, 0, 0, 0, 0, 0, 0, 0, 0, 0, 0, 0, 0, 0, 0, 0, 0, 0, 0, 0, 0, 0, 0, 0, 0, 0, 0, 0, 0, 0, 0, 0, 0, 0, 0, 0, 0, 0, 0, 0, 0, 0, 0, 0, 0, 0, 0, 0, 0, 0, 0, 6, 0, 0, 0, 0, 0, 0, 0, 0, 4, 0, 0}, {0, 0, 0, 0, 0, 0, 0, 0, 0, 0, 0, 0, 0, 0, 0, 0, 0, 0, 0, 0, 0, 0, 0, 0, 0, 0, 0, 0, 0, 0, 0, 0, 0, 0, 0, 0, 0, 0, 0, 0, 0, 0, 0, 0, 0, 0, 0, 0, 0, 0, 0, 0, 0, 0, 0, 0, 0, 0, 0, 0, 0, 0, 0, 0, 0, 0, 0, 0, 0, 0, 0, 0, 0, 6, 0, 0, 0, 0, 5775/4096, 10395/4096, -7/4, 0, -11/2, 55/2}, {0, 0, 0, 0, 0, 0, 0, 0, 0, 0, 0, 0, 0, 0, 0, 0, 0, 0, 0, 0, 0, 0, 0, 0, 0, 0, 0, 0, 0, 0, 0, 0, 0, 0, 0, 0, 0, 0, 0, 0, 0, 0, 0, 0, 0, 0, 0, 0, 0, 0, 0, 0, 0, 0, 0, 0, 0, 0, 0, 0, 0, 0, 0, 0, 0, 0, 0, 0, 0, 0, 0, 0, 0, 0, 6, 0, 0, 0, 0, 0, 0, -9/2, 0, 0}, {0, 0, 0, 0, 0, 0, 0, 0, 0, 0, 0, 0, 0, 0, 0, 0, 0, 0, 0, 0, 0, 0, 0, 0, 0, 0, 0, 0, 0, 0, 0, 0, 0, 0, 0, 0, 0, 0, 0, 0, 0, 0, 0, 0, 0, 0, 0, 0, 0, 0, 0, 0, 0, 0, 0, 0, 0, 0, 0, 0, 0, 0, 0, 0, 0, 0, 0, 0, 0, 0, 0, 0, 0, 0, 0, 6, 0, 0, 0, 0, 0, -1/2, 0, 0}}
CORE_CYCLIC_SPAN_QQ={{0, 0, 0, 0, 0, 0, 0, 0, 0, 0, 0, 0, 0, 0, 0, 0, 0, 0, 0, 0, 0, 0, 0, 0, 0, 0, 0, 0, 0, 0, 0, 0, 0, 0, 0, 0, 0, 0, 0, 0, 0, 0, 0, 0, 0, 0, 0, 0, 0, 0, 0, 0, 0, 0, 0, 0, 0, 0, 0, 0, 0, 0, 0, 0, 0, 0, 0, 0, 0, 0, 0, 0, 0, 0, 0, 0, 0, 0, 0, 0, 0, 0, 0, 0, 0, 0, 0, 0, 0, 0, 0, 0, 0, 0, 0, 0, 0, 0, 0, 0, 0, 0, 0, 0, 0, 0, 0, 0, 0, 0, 0, 0, 0, 0, 0, 0, 0, 0, 0, 0, 0, 0, 0, 0, 0, 0, 0, 0, 0, 0, 0, 0, 0, 0, 0, 0, 0, 0, 0, 0, 0, 0, 0, 0, 0, 0, 0, 0, 0, 0, 0, 0, 0, 0, 0, 0, 0, 0, 0, 0, 0, 0, 0, 0, 0, 0, 0, 0}, {0, 0, 0, 0, 0, 0, 0, 0, 0, 0, 0, 0, 0, 0, 0, 0, 0, 0, 0, 0, 0, 0, 0, 0, 0, 0, 0, 0, 0, 0, 0, 0, 0, 0, 0, 0, 0, 0, 0, 0, 0, 0, 0, 0, 0, 0, 0, 0, 0, 0, 0, 0, 0, 0, 0, 0, 0, 0, 0, 0, 0, 0, 0, 0, 0, 0, 0, 0, 0, 0, 0, 0, 0, 0, 0, 0, 0, 0, 0, 0, 0, 0, 0, 0, 0, 0, 0, 0, 0, 0, 0, 0, 0, 0, 0, 0, 0, 0, 0, 0, 0, 0, 0, 0, 0, 0, 0, 0, 0, 0, 0, 0, 0, 0, 0, 0, 0, 0, 0, 0, 0, 0, 0, 0, 0, 0, 0, 0, 0, 0, 0, 0, 0, 0, 0, 0, 0, 0, 0, 0, 0, 0, 0, 0, 0, 0, 0, 0, 0, 0, 0, 0, 0, 0, 0, 0, 0, 0, 0, 0, 0, 0, 0, 0, 0, 0, 0, 0}, {0, 0, 0, 0, 0, 0, 0, 0, 0, 0, 0, 0, 0, 0, 0, 0, 0, 0, 0, 0, 0, 0, 0, 0, 0, 0, 0, 0, 0, 0, 0, 0, 0, 0, 0, 0, 0, 0, 0, 0, 0, 0, 0, 0, 0, 0, 0, 0, 0, 0, 0, 0, 0, 0, 0, 0, 0, 0, 0, 0, 0, 0, 0, 0, 0, 0, 0, 0, 0, 0, 0, 0, 0, 0, 0, 0, 0, 0, 0, 0, 0, 0, 0, 0, 0, 0, 0, 0, 0, 0, 0, 0, 0, 0, 0, 0, 0, 0, 0, 0, 0, 0, 0, 0, 0, 0, 0, 0, 0, 0, 0, 0, 0, 0, 0, 0, 0, 0, 0, 0, 0, 0, 0, 0, 0, 0, 0, 0, 0, 0, 0, 0, 0, 0, 0, 0, 0, 0, 0, 0, 0, 0, 0, 0, 0, 0, 0, 0, 0, 0, 0, 0, 0, 0, 0, 0, 0, 0, 0, 0, 0, 0, 0, 0, 0, 0, 0, 0}, {0, 0, 0, 0, 0, 0, 0, 0, 0, 0, 0, 0, 0, 0, 0, 0, 0, 0, 0, 0, 0, 0, 0, 0, 0, 0, 0, 0, 0, 0, 0, 0, 0, 0, 0, 0, 0, 0, 0, 0, 0, 0, 0, 0, 0, 0, 0, 0, 0, 0, 0, 0, 0, 0, 0, 0, 0, 0, 0, 0, 0, 0, 0, 0, 0, 0, 0, 0, 0, 0, 0, 0, 0, 0, 0, 0, 0, 0, 0, 0, 0, 0, 0, 0, 0, 0, 0, 0, 0, 0, 0, 0, 0, 0, 0, 0, 0, 0, 0, 0, 0, 0, 0, 0, 0, 0, 0, 0, 0, 0, 0, 0, 0, 0, 0, 0, 0, 0, 0, 0, 0, 0, 0, 0, 0, 0, 0, 0, 0, 0, 0, 0, 0, 0, 0, 0, 0, 0, 0, 0, 0, 0, 0, 0, 0, 0, 0, 0, 0, 0, 0, 0, 0, 0, 0, 0, 0, 0, 0, 0, 0, 0, 0, 0, 0, 0, 0, 0}, {0, 0, 0, 0, 0, 0, 0, 0, 0, 0, 0, 0, 0, 0, 0, 0, 0, 0, 0, 0, 0, -3812834025/128, 0, 0, 0, 0, 0, 0, 0, 0, 0, 0, 0, 0, 0, 0, 0, 0, 0, 0, 0, 0, 0, 0, 0, 0, 0, 0, 0, 0, 0, 0, 0, 0, 0, 0, 0, 0, 0, 0, 0, 0, 0, -57301969725/32, 0, 0, 0, 0, 0, 0, 0, 0, 0, 0, 0, 0, 0, 0, 0, 0, 0, 0, 0, 0, 0, 0, 0, 0, 0, 0, 0, 0, 0, 0, 0, 0, 0, 0, 0, 0, 0, 0, 0, 0, 0, -883501143525/8, 0, 0, 0, 0, 0, 0, 0, 0, 0, 0, 0, 0, 0, 0, 0, 0, 0, 0, 0, 0, 0, 0, 0, 0, 0, 0, 0, 0, 0, 0, 0, 0, 0, 0, 0, 0, 0, 0, 0, 0, 0, -13836044947725/2, 0, 0, 0, 0, 0, 0, 0, 0, 0, 0, 0, 0, 0, 0, 0, 0, 0, 0, 0, 0}, {-796620825/512, 0, 0, 0, 0, 0, 0, 0, 0, 0, 0, 0, 0, 0, 0, 0, 0, 0, 0, 0, 0, 0, 0, 0, 0, 0, 0, 0, 0, 0, 0, 0, 0, 0, 0, 0, 0, 0, 0, 0, 0, 0, -3229050825/32, 0, 0, 0, 0, 0, 0, 0, 0, 0, 0, 0, 0, 0, 0, 0, 0, 0, 0, 0, 0, 0, 0, 0, 0, 0, 0, 0, 0, 0, 0, 0, 0, 0, 0, 0, 0, 0, 0, 0, 0, 0, -52047920925/8, 0, 0, 0, 0, 0, 0, 0, 0, 0, 0, 0, 0, 0, 0, 0, 0, 0, 0, 0, 0, 0, 0, 0, 0, 0, 0, 0, 0, 0, 0, 0, 0, 0, 0, 0, 0, 0, 0, 0, 0, 0, -836214704325/2, 0, 0, 0, 0, 0, 0, 0, 0, 0, 0, 0, 0, 0, 0, 0, 0, 0, 0, 0, 0, 0, 0, 0, 0, 0, 0, 0, 0, 0, 0, 0, 0, 0, 0, 0, 0, 0, 0, 0, 0, 0}, {0, 0, 0, 0, 0, 0, 0, 0, 0, 0, 0, 0, 0, 0, 0, 0, 0, 0, 0, 0, 0, 30703347675/1024, 0, 0, 0, 0, 0, 0, 0, 0, 0, 0, 0, 0, 0, 0, 0, 0, 0, 0, 0, 0, 0, 0, 0, 0, 0, 0, 0, 0, 0, 0, 0, 0, 0, 0, 0, 0, 0, 0, 0, 0, 0, 483208300575/256, 0, 0, 0, 0, 0, 0, 0, 0, 0, 0, 0, 0, 0, 0, 0, 0, 0, 0, 0, 0, 0, 0, 0, 0, 0, 0, 0, 0, 0, 0, 0, 0, 0, 0, 0, 0, 0, 0, 0, 0, 0, 7658925449175/64, 0, 0, 0, 0, 0, 0, 0, 0, 0, 0, 0, 0, 0, 0, 0, 0, 0, 0, 0, 0, 0, 0, 0, 0, 0, 0, 0, 0, 0, 0, 0, 0, 0, 0, 0, 0, 0, 0, 0, 0, 0, 121891140946575/16, 0, 0, 0, 0, 0, 0, 0, 0, 0, 0, 0, 0, 0, 0, 0, 0, 0, 0, 0, 0}, {0, 0, 0, 0, 0, 0, 0, 0, 0, 0, 0, 0, 0, 0, 0, 0, 0, 0, 0, 0, 0, 3265537275/1024, 0, 0, 0, 0, 0, 0, 0, 0, 0, 0, 0, 0, 0, 0, 0, 0, 0, 0, 0, 0, 0, 0, 0, 0, 0, 0, 0, 0, 0, 0, 0, 0, 0, 0, 0, 0, 0, 0, 0, 0, 0, 52376298975/256, 0, 0, 0, 0, 0, 0, 0, 0, 0, 0, 0, 0, 0, 0, 0, 0, 0, 0, 0, 0, 0, 0, 0, 0, 0, 0, 0, 0, 0, 0, 0, 0, 0, 0, 0, 0, 0, 0, 0, 0, 0, 839170106775/64, 0, 0, 0, 0, 0, 0, 0, 0, 0, 0, 0, 0, 0, 0, 0, 0, 0, 0, 0, 0, 0, 0, 0, 0, 0, 0, 0, 0, 0, 0, 0, 0, 0, 0, 0, 0, 0, 0, 0, 0, 0, 13437065616975/16, 0, 0, 0, 0, 0, 0, 0, 0, 0, 0, 0, 0, 0, 0, 0, 0, 0, 0, 0, 0}, {0, 0, 0, 0, 0, 0, 0, 0, 0, 0, 0, 0, 0, 0, 0, 0, 0, 0, 0, 0, 0, 179829495170325/524288, -3812834025/128, 0, 0, 0, 0, 0, 0, 0, 0, 0, 0, 0, 0, 0, 0, 0, 0, 0, 0, 0, 0, 0, 0, 0, 0, 0, 0, -3812834025/8, 0, 0, 0, 0, 0, 0, 0, 0, 3812834025/32, 0, 0, 0, 0, 36316439227443375/524288, -125932982175/32, 0, 0, 0, 0, 0, 0, 0, 0, 0, 0, -80069514525/64, 0, 0, 0, 0, 0, 0, 11438502075/64, 0, 0, 0, 0, 0, 0, 0, 0, -347405733675/4, 0, 0, 0, 0, 0, 0, 0, 0, 72553305825/4, 0, 0, 0, 0, 1748899195820001225/131072, -10416206475675/16, 0, 0, 0, 0, 0, 0, 0, 0, 0, 0, -5402822299875/16, 0, 0, 0, 0, 0, 0, 324638188875/8, 0, 0, 0, 0, 0, 0, 0, 0, -31328196374475/2, 0, 0, 0, 0, 0, 0, 0, 0, 5125598252775/2, 0, 0, 0, 0, 83970080495902425825/32768, -114392573445150, 0, 0, 0, 0, 0, 0, 0, 0, 0, 0, -294884017953525/4, 0, 0, 0, 0, 0, 0, 27002837186325/4, 0}, {23951317264875/2097152, -796620825/512, 0, 0, 0, 0, 0, 0, 0, 0, 0, 0, 0, 0, 0, 0, 0, 0, 0, 0, 0, 0, 0, 0, 0, 0, 0, 0, -796620825/64, 0, 0, 0, 0, 0, 0, 0, 0, 796620825/256, 0, 0, 0, 0, 5492700249861825/2097152, -8847964125/64, 0, 0, 0, 0, 0, 0, 0, 0, 0, 0, -5576345775/256, 0, 0, 0, 0, 0, 0, 796620825/256, 0, 0, 0, 0, 0, 0, 0, 0, -179689685175/64, 0, 0, 0, 0, 0, 0, 0, 0, 2620943325/4, 0, 0, 0, 0, 258449367172671675/524288, -1420435741725/64, 0, 0, 0, 0, 0, 0, 0, 0, 0, 0, -600633858825/64, 0, 0, 0, 0, 0, 0, 20170925775/16, 0, 0, 0, 0, 0, 0, 0, 0, -8374181490675/16, 0, 0, 0, 0, 0, 0, 0, 0, 392588120925/4, 0, 0, 0, 0, 12219436740720634425/131072, -62801298685125/16, 0, 0, 0, 0, 0, 0, 0, 0, 0, 0, -36558614117025/16, 0, 0, 0, 0, 0, 0, 977648346675/4, 0, 0, 0, 0, 0, 0, 0, 0, -391588446924675/4, 0, 0, 0, 0, 0, 0, 0, 0, 14237918870175, 0, 0, 0, 0}, {0, 0, 0, 0, 0, 0, 0, 0, 0, 0, 0, 0, 0, 0, 0, 0, 0, 0, 0, 0, 0, -1592917096946175/4194304, 30703347675/1024, 0, 0, 0, 0, 0, 0, 0, 0, 0, 0, 0, 0, 0, 0, 0, 0, 0, 0, 0, 0, 0, 0, 0, 0, 0, 0, 30703347675/64, 0, 0, 0, 0, 0, 0, 0, 0, -30703347675/256, 0, 0, 0, 0, -321857413292940525/4194304, 1035868558725/256, 0, 0, 0, 0, 0, 0, 0, 0, 0, 0, 644770301175/512, 0, 0, 0, 0, 0, 0, -92110043025/512, 0, 0, 0, 0, 0, 0, 0, 0, 2884636980225/32, 0, 0, 0, 0, 0, 0, 0, 0, -606021691275/32, 0, 0, 0, 0, -15479990097859962675/1048576, 87579903636225/128, 0, 0, 0, 0, 0, 0, 0, 0, 0, 0, 45031302941625/128, 0, 0, 0, 0, 0, 0, -2723074979625/64, 0, 0, 0, 0, 0, 0, 0, 0, 265558179711825/16, 0, 0, 0, 0, 0, 0, 0, 0, -43778869058925/16, 0, 0, 0, 0, -743573074753614780675/262144, 244604376341325/2, 0, 0, 0, 0, 0, 0, 0, 0, 0, 0, 2510260882304175/32, 0, 0, 0, 0, 0, 0, -231925371452775/32, 0}, {0, 0, 0, 0, 0, 0, 0, 0, 0, 0, 0, 0, 0, 0, 0, 0, 0, 0, 0, 0, 0, -174006926668575/4194304, 3265537275/1024, 0, 0, 0, 0, 0, 0, 0, 0, 0, 0, 0, 0, 0, 0, 0, 0, 0, 0, 0, 0, 0, 0, 0, 0, 0, 0, 3265537275/64, 0, 0, 0, 0, 0, 0, 0, 0, -3265537275/256, 0, 0, 0, 0, -35106979632850125/4194304, 111155969925/256, 0, 0, 0, 0, 0, 0, 0, 0, 0, 0, 68576282775/512, 0, 0, 0, 0, 0, 0, -9796611825/512, 0, 0, 0, 0, 0, 0, 0, 0, 310736851425/32, 0, 0, 0, 0, 0, 0, 0, 0, -65438448075/32, 0, 0, 0, 0, -1690959628482599475/1048576, 9481970923425/128, 0, 0, 0, 0, 0, 0, 0, 0, 0, 0, 4858262033625/128, 0, 0, 0, 0, 0, 0, -294536867625/64, 0, 0, 0, 0, 0, 0, 0, 0, 28844016426225/16, 0, 0, 0, 0, 0, 0, 0, 0, -4769308068525/16, 0, 0, 0, 0, -81436474832909271075/262144, 26661944283975/2, 0, 0, 0, 0, 0, 0, 0, 0, 0, 0, 273112005941775/32, 0, 0, 0, 0, 0, 0, -25320994273575/32, 0}, {24384265480575/524288, -127702575/32, 0, 0, 0, 0, 0, 0, 0, 0, 0, 0, 0, 0, 0, 0, 0, 0, 0, 0, 0, 0, 0, 0, 0, 0, 0, 0, -7899316425/128, 0, 0, 0, 0, 0, 0, 0, 0, 127702575/16, 0, 0, 0, 0, 4940568161453925/524288, -16254713475/32, 0, 0, 0, 0, 0, 0, 0, 0, 0, 0, -15014174175/64, 0, 0, 0, 0, 0, 0, 127702575/16, 0, 0, 0, 0, 0, 0, 0, 0, -92803285575/8, 0, 0, 0, 0, 0, 0, 0, 0, 48910086225/32, 0, 0, 0, 0, 240417448489743525/131072, -1361510124975/16, 0, 0, 0, 0, 0, 0, 0, 0, 0, 0, -900759234375/16, 0, 0, 0, 0, 0, 0, 46866845025/16, 0, 0, 0, 0, 0, 0, 0, 0, -8504790819525/4, 0, 0, 0, 0, 0, 0, 0, 0, 1746077307975/8, 0, 0, 0, 0, 1454975058978215775/4096, -121814738320275/8, 0, 0, 0, 0, 0, 0, 0, 0, 0, 0, -11656453884075, 0, 0, 0, 0, 0, 0, 4309067988225/8, 0, 0, 0, 0, 0, 0, 0, 0, -395100711655650, 0, 0, 0, 0, 0, 0, 0, 0, 61346146086225/2, 0, 0, 0, 0}, {0, 0, 0, 0, 0, 0, 0, -796620825/512, 0, 0, 0, 0, 0, 0, 0, 0, 0, 0, 0, 0, 0, 699212274435675/2097152, -8957423475/512, 0, 0, 0, 0, 0, 0, 0, 0, 0, 0, -2389862475/512, 0, 0, 0, 0, 0, 0, 0, 0, 0, 0, 0, 0, 0, 0, 0, -46356034725/128, 0, 0, 0, 0, 0, 0, 0, 0, 820945125/16, 0, 0, 0, 0, 4289243714130375/65536, -361051665975/128, 0, 0, 0, 0, 0, 0, 0, 0, 0, 0, -206713982475/128, 0, 0, 0, 0, 0, 0, 2462835375/32, 0, 0, 0, 0, 0, 0, 0, 0, -2218029538725/32, 0, 0, 0, 0, 0, 0, 0, 0, 8209451250, 0, 0, 0, 0, 1661343328520550675/131072, -16316941115475/32, 0, 0, 0, 0, 0, 0, 0, 0, 0, 0, -11680243049475/32, 0, 0, 0, 0, 0, 0, 36942530625/2, 0, 0, 0, 0, 0, 0, 0, 0, -105578304556725/8, 0, 0, 0, 0, 0, 0, 0, 0, 1195296102000, 0, 0, 0, 0, 40197214518809473125/16384, -762260519495475/8, 0, 0, 0, 0, 0, 0, 0, 0, 0, 0, -608474511119475/8, 0, 0, 0, 0, 0, 0, 3172131963000, 0}, {-103673274029325/2097152, 3995266275/1024, 0, 0, 0, 0, 0, 0, 0, 0, 0, 0, 0, 0, 0, 0, 0, 0, 0, 0, 0, 0, 0, 0, 0, 0, 0, 0, 62665477875/1024, 0, 0, 0, 0, 0, 0, 0, 0, -3995266275/512, 0, 0, 0, 0, -21369601258080075/2097152, 131843787075/256, 0, 0, 0, 0, 0, 0, 0, 0, 0, 0, 60038453475/256, 0, 0, 0, 0, 0, 0, -3995266275/512, 0, 0, 0, 0, 0, 0, 0, 0, 1521758613375/128, 0, 0, 0, 0, 0, 0, 0, 0, -402865137675/256, 0, 0, 0, 0, -262146914004850875/131072, 707490508725/8, 0, 0, 0, 0, 0, 0, 0, 0, 0, 0, 1861301517075/32, 0, 0, 0, 0, 0, 0, -386884072575/128, 0, 0, 0, 0, 0, 0, 0, 0, 8923947157125/4, 0, 0, 0, 0, 0, 0, 0, 0, -14774330495925/64, 0, 0, 0, 0, -102138089067698658975/262144, 1032881467793175/64, 0, 0, 0, 0, 0, 0, 0, 0, 0, 0, 394115449803075/32, 0, 0, 0, 0, 0, 0, -36649234296675/64, 0, 0, 0, 0, 0, 0, 0, 0, 3375619357485375/8, 0, 0, 0, 0, 0, 0, 0, 0, -528598958562675/16, 0, 0, 0, 0}, {-11109765241575/2097152, 419594175/1024, 0, 0, 0, 0, 0, 0, 0, 0, 0, 0, 0, 0, 0, 0, 0, 0, 0, 0, 0, 0, 0, 0, 0, 0, 0, 0, 6622290675/1024, 0, 0, 0, 0, 0, 0, 0, 0, -419594175/512, 0, 0, 0, 0, -2302639639925625/2097152, 14065526475/256, 0, 0, 0, 0, 0, 0, 0, 0, 0, 0, 6366885525/256, 0, 0, 0, 0, 0, 0, -419594175/512, 0, 0, 0, 0, 0, 0, 0, 0, 163076188275/128, 0, 0, 0, 0, 0, 0, 0, 0, -43254686475/256, 0, 0, 0, 0, -56830995264218175/262144, 305008478775/32, 0, 0, 0, 0, 0, 0, 0, 0, 0, 0, 100064089125/16, 0, 0, 0, 0, 0, 0, -41576309775/128, 0, 0, 0, 0, 0, 0, 0, 0, 1931063609475/8, 0, 0, 0, 0, 0, 0, 0, 0, -1603597720725/64, 0, 0, 0, 0, -11130287696642389275/262144, 112200923609775/64, 0, 0, 0, 0, 0, 0, 0, 0, 0, 0, 42759620078175/32, 0, 0, 0, 0, 0, 0, -3985980473475/64, 0, 0, 0, 0, 0, 0, 0, 0, 367784492350275/8, 0, 0, 0, 0, 0, 0, 0, 0, -57783061811475/16, 0, 0, 0, 0}, {0, 0, 0, 0, 0, 0, 0, 0, 0, 0, 0, 0, 0, 0, 0, 0, 0, 0, 0, 0, 0, 157992987277125/262144, -3958779825/128, 0, 0, 0, 0, 0, 0, 0, 0, 0, 0, -3812834025/128, 0, 0, 0, 0, 0, 0, 0, 0, 0, 0, 0, 0, 0, 0, 0, -11730393675/16, 0, 0, 0, 0, 0, 0, 0, 0, 18243225/4, 0, 0, 0, 0, 32453535187648575/262144, -20523628125/4, 0, 0, 0, 0, 0, 0, 0, 0, 0, 0, -40445229825/8, 0, 0, 0, 0, 0, 0, 54729675/8, 0, 0, 0, 0, 0, 0, 0, 0, -139870806075, 0, 0, 0, 0, 0, 0, 0, 0, 474323850, 0, 0, 0, 0, 1593875289495413925/65536, -963680117400, 0, 0, 0, 0, 0, 0, 0, 0, 0, 0, -957185529300, 0, 0, 0, 0, 0, 0, 1003377375, 0, 0, 0, 0, 0, 0, 0, 0, -26533822114800, 0, 0, 0, 0, 0, 0, 0, 0, 47505357900, 0, 0, 0, 0, 77945090754995489025/16384, -183428147652750, 0, 0, 0, 0, 0, 0, 0, 0, 0, 0, -182814336104400, 0, 0, 0, 0, 0, 0, 112122860850, 0}, {16632670529475/1048576, -845269425/512, 0, 0, 0, 0, 0, 0, 0, 0, 0, 0, -796620825/512, 0, 0, 0, 0, 0, 0, 0, 0, 0, 0, 0, 0, 0, 0, 0, -2487159675/128, 0, 0, 0, 0, 0, 0, 0, 0, 6081075/32, 0, 0, 0, 0, 4418753296782825/1048576, -20815519725/128, 0, 0, 0, 0, 0, 0, 0, 0, 0, 0, -20256060825/128, 0, 0, 0, 0, 0, 0, 6081075/32, 0, 0, 0, 0, 0, 0, 0, 0, -141135669675/32, 0, 0, 0, 0, 0, 0, 0, 0, 188513325/8, 0, 0, 0, 0, 221145109647236775/262144, -992157791625/32, 0, 0, 0, 0, 0, 0, 0, 0, 0, 0, -981163208025/32, 0, 0, 0, 0, 0, 0, 176351175/4, 0, 0, 0, 0, 0, 0, 0, 0, -6917399163675/8, 0, 0, 0, 0, 0, 0, 0, 0, 4749319575/2, 0, 0, 0, 0, 10920466191878968725/65536, -48439064398725/8, 0, 0, 0, 0, 0, 0, 0, 0, 0, 0, -48188207892825/8, 0, 0, 0, 0, 0, 0, 10769583825/2, 0, 0, 0, 0, 0, 0, 0, 0, -338516472969675/2, 0, 0, 0, 0, 0, 0, 0, 0, 237538951650, 0, 0, 0, 0}, {0, 0, 0, 0, 0, 0, 0, 0, 0, 0, 0, 0, 0, 0, 0, 0, 0, 0, 0, 0, 0, -1287027689322375/2097152, 32016859875/1024, 0, 0, 0, 0, 0, 0, 0, 0, 0, 0, 30703347675/1024, 0, 0, 0, 0, 0, 0, 0, 0, 0, 0, 0, 0, 0, 0, 0, 94737067425/128, 0, 0, 0, 0, 0, 0, 0, 0, -164189025/32, 0, 0, 0, 0, -274801315532869125/2097152, 84228969825/16, 0, 0, 0, 0, 0, 0, 0, 0, 0, 0, 331497641475/64, 0, 0, 0, 0, 0, 0, -492567075/64, 0, 0, 0, 0, 0, 0, 0, 0, 1161308973825/8, 0, 0, 0, 0, 0, 0, 0, 0, -2134457325/4, 0, 0, 0, 0, -13754254567426948575/524288, 2021987842875/2, 0, 0, 0, 0, 0, 0, 0, 0, 0, 0, 1003687509825, 0, 0, 0, 0, 0, 0, -9030396375/8, 0, 0, 0, 0, 0, 0, 0, 0, 28095040823850, 0, 0, 0, 0, 0, 0, 0, 0, -106887055275/2, 0, 0, 0, 0, -680721177590034255675/131072, 783294447110175/4, 0, 0, 0, 0, 0, 0, 0, 0, 0, 0, 195133073785650, 0, 0, 0, 0, 0, 0, -504552873825/4, 0}, {0, 0, 0, 0, 0, 0, 0, 0, 0, 0, 0, 0, 0, 0, 0, 0, 0, 0, 0, 0, 0, -135452278736775/2097152, 3411483075/1024, 0, 0, 0, 0, 0, 0, 0, 0, 0, 0, 3265537275/1024, 0, 0, 0, 0, 0, 0, 0, 0, 0, 0, 0, 0, 0, 0, 0, 10088503425/128, 0, 0, 0, 0, 0, 0, 0, 0, -18243225/32, 0, 0, 0, 0, -29408242785646725/2097152, 9030396375/16, 0, 0, 0, 0, 0, 0, 0, 0, 0, 0, 35519559075/64, 0, 0, 0, 0, 0, 0, -54729675/64, 0, 0, 0, 0, 0, 0, 0, 0, 125093793825/8, 0, 0, 0, 0, 0, 0, 0, 0, -237161925/4, 0, 0, 0, 0, -1487145028646051775/524288, 218754510975/2, 0, 0, 0, 0, 0, 0, 0, 0, 0, 0, 108565431975, 0, 0, 0, 0, 0, 0, -1003377375/8, 0, 0, 0, 0, 0, 0, 0, 0, 3050741543850, 0, 0, 0, 0, 0, 0, 0, 0, -11876339475/2, 0, 0, 0, 0, -74146425978581631675/131072, 85330404534375/4, 0, 0, 0, 0, 0, 0, 0, 0, 0, 0, 21255874690050, 0, 0, 0, 0, 0, 0, -56061430425/4, 0}, {21536652111975/524288, -66891825/16, 0, 0, 0, 0, 0, 0, 0, 0, 0, 0, 0, 0, 0, 0, 0, 0, 0, 0, 0, 0, 0, 0, 0, 0, 0, 0, -66891825/2, 0, 0, 0, 0, 0, 0, 0, 0, -2742564825/128, 0, 0, 0, 0, 4467271883399325/524288, -21800653875/64, 0, 0, 0, 0, 0, 0, 0, 0, 0, 0, -22810112325/64, 0, 0, 0, 0, 0, 0, -3277699425/64, 0, 0, 0, 0, 0, 0, 0, 0, -274919319675/32, 0, 0, 0, 0, 0, 0, 0, 0, -3289861575/2, 0, 0, 0, 0, 218249918608646925/131072, -948155132925/16, 0, 0, 0, 0, 0, 0, 0, 0, 0, 0, -1201942716975/16, 0, 0, 0, 0, 0, 0, -96828957225/16, 0, 0, 0, 0, 0, 0, 0, 0, -13756115297925/8, 0, 0, 0, 0, 0, 0, 0, 0, -848267394975/4, 0, 0, 0, 0, 2678044221861883875/8192, -92489958185625/8, 0, 0, 0, 0, 0, 0, 0, 0, 0, 0, -28670280113475/2, 0, 0, 0, 0, 0, 0, -5855971846725/8, 0, 0, 0, 0, 0, 0, 0, 0, -676113432669675/2, 0, 0, 0, 0, 0, 0, 0, 0, -29775545900100, 0, 0, 0, 0}, {0, 0, 0, 0, 0, 0, 0, 0, 0, 0, 0, 0, 0, 0, 0, 0, -796620825/512, 0, 0, 0, 0, 520843017669975/2097152, -857431575/64, 0, 0, 0, 0, 0, 0, 0, 0, 0, 0, -3983104125/512, 0, 0, 0, 0, 0, 0, -796620825/512, 0, 0, 0, 0, 0, 0, 0, 0, -31420914525/128, 0, 0, 0, 0, 0, 0, 0, 0, -577702125/8, 0, 0, 0, 0, 3526979069639025/65536, -243127459575/128, 0, 0, 0, 0, 0, 0, 0, 0, 0, 0, -293649030675/128, 0, 0, 0, 0, 0, 0, -7911478575/32, 0, 0, 0, 0, 0, 0, 0, 0, -1726216517025/32, 0, 0, 0, 0, 0, 0, 0, 0, -65158718625/8, 0, 0, 0, 0, 1446625927827355275/131072, -11855013144975/32, 0, 0, 0, 0, 0, 0, 0, 0, 0, 0, -14966164087875/32, 0, 0, 0, 0, 0, 0, -240804488925/8, 0, 0, 0, 0, 0, 0, 0, 0, -87915968165025/8, 0, 0, 0, 0, 0, 0, 0, 0, -2308710529125/2, 0, 0, 0, 0, 36398356540809087825/16384, -599666609116575/8, 0, 0, 0, 0, 0, 0, 0, 0, 0, 0, -728183731950675/8, 0, 0, 0, 0, 0, 0, -7781532083325/2, 0}, {-75809155947525/2097152, 4214184975/1024, 0, 0, 0, 0, 0, 0, 0, 0, 0, 0, 0, 0, 0, 0, 0, 0, 0, 0, 0, 0, 0, 0, 0, 0, 0, 0, 4214184975/128, 0, 0, 0, 0, 0, 0, 0, 0, 22274977725/1024, 0, 0, 0, 0, -17710231430967075/2097152, 178145092125/512, 0, 0, 0, 0, 0, 0, 0, 0, 0, 0, 11438502075/32, 0, 0, 0, 0, 0, 0, 6622290675/128, 0, 0, 0, 0, 0, 0, 0, 0, 2252728152675/256, 0, 0, 0, 0, 0, 0, 0, 0, 27200648475/16, 0, 0, 0, 0, -113895284312034225/65536, 3940700789025/64, 0, 0, 0, 0, 0, 0, 0, 0, 0, 0, 2492006291775/32, 0, 0, 0, 0, 0, 0, 812462025375/128, 0, 0, 0, 0, 0, 0, 0, 0, 115383892048425/64, 0, 0, 0, 0, 0, 0, 0, 0, 7163621890425/32, 0, 0, 0, 0, -91920959166495534075/262144, 783067537877625/64, 0, 0, 0, 0, 0, 0, 0, 0, 0, 0, 485845121586825/32, 0, 0, 0, 0, 0, 0, 50133093785775/64, 0, 0, 0, 0, 0, 0, 0, 0, 5771480715675675/16, 0, 0, 0, 0, 0, 0, 0, 0, 32027641620975, 0, 0, 0, 0}, {-7498044528975/2097152, 443918475/1024, 0, 0, 0, 0, 0, 0, 0, 0, 0, 0, 0, 0, 0, 0, 0, 0, 0, 0, 0, 0, 0, 0, 0, 0, 0, 0, 443918475/128, 0, 0, 0, 0, 0, 0, 0, 0, 2377700325/1024, 0, 0, 0, 0, -1843304699261025/2097152, 19064170125/512, 0, 0, 0, 0, 0, 0, 0, 0, 0, 0, 4858778925/128, 0, 0, 0, 0, 0, 0, 176351175/32, 0, 0, 0, 0, 0, 0, 0, 0, 241351785675/256, 0, 0, 0, 0, 0, 0, 0, 0, 2924997075/16, 0, 0, 0, 0, -48549157066334925/262144, 424684034775/64, 0, 0, 0, 0, 0, 0, 0, 0, 0, 0, 134154595575/16, 0, 0, 0, 0, 0, 0, 87889776975/128, 0, 0, 0, 0, 0, 0, 0, 0, 12480184141425/64, 0, 0, 0, 0, 0, 0, 0, 0, 776936385225/32, 0, 0, 0, 0, -9931068604027545975/262144, 85013884580625/64, 0, 0, 0, 0, 0, 0, 0, 0, 0, 0, 52761784400325/32, 0, 0, 0, 0, 0, 0, 5466478992975/64, 0, 0, 0, 0, 0, 0, 0, 0, 628607345040675/16, 0, 0, 0, 0, 0, 0, 0, 0, 3499239068325, 0, 0, 0, 0}, {0, 0, 0, 0, 0, 0, 0, 0, 0, 0, 0, 0, 0, 0, 0, 0, 0, 0, 0, 0, 0, 146568058161525/262144, -4104725625/128, 0, 0, 0, 0, 0, 0, 0, 0, 0, 0, 0, 0, 0, 0, 0, 0, 0, -3812834025/128, 0, 0, 0, 0, 0, 0, 0, 0, -4104725625/8, 0, 0, 0, 0, 0, 0, 0, 0, -3666888225/16, 0, 0, 0, 0, 29372994041165775/262144, -133814055375/32, 0, 0, 0, 0, 0, 0, 0, 0, 0, 0, -128888384625/32, 0, 0, 0, 0, 0, 0, -2134457325, 0, 0, 0, 0, 0, 0, 0, 0, -212077490625/2, 0, 0, 0, 0, 0, 0, 0, 0, -70656010425/2, 0, 0, 0, 0, 1453326665906340225/65536, -2943088273125/4, 0, 0, 0, 0, 0, 0, 0, 0, 0, 0, -8145143881875/8, 0, 0, 0, 0, 0, 0, -1516723483275/8, 0, 0, 0, 0, 0, 0, 0, 0, -21739447855125, 0, 0, 0, 0, 0, 0, 0, 0, -5030587536975, 0, 0, 0, 0, 72184572401249333025/16384, -289978341778125/2, 0, 0, 0, 0, 0, 0, 0, 0, 0, 0, -408701236568625/2, 0, 0, 0, 0, 0, 0, -20195195345325, 0}, {10945503243675/1048576, -893918025/512, 0, 0, 0, 0, 0, 0, 0, 0, 0, 0, 0, 0, 0, 0, 0, 0, 0, -796620825/512, 0, 0, 0, 0, 0, 0, 0, 0, -893918025/64, 0, 0, 0, 0, 0, 0, 0, 0, -747972225/128, 0, 0, 0, 0, 3485885726948625/1048576, -9577693125/64, 0, 0, 0, 0, 0, 0, 0, 0, 0, 0, -9103369275/128, 0, 0, 0, 0, 0, 0, -13664175525/128, 0, 0, 0, 0, 0, 0, 0, 0, -102581654175/32, 0, 0, 0, 0, 0, 0, 0, 0, -5053373325/4, 0, 0, 0, 0, 186683362576585875/262144, -772071525225/32, 0, 0, 0, 0, 0, 0, 0, 0, 0, 0, -945309189825/32, 0, 0, 0, 0, 0, 0, -8939180250, 0, 0, 0, 0, 0, 0, 0, 0, -5460616836675/8, 0, 0, 0, 0, 0, 0, 0, 0, -383089481775/2, 0, 0, 0, 0, 9676297809899946225/65536, -37421688929625/8, 0, 0, 0, 0, 0, 0, 0, 0, 0, 0, -53128084034025/8, 0, 0, 0, 0, 0, 0, -896161941675, 0, 0, 0, 0, 0, 0, 0, 0, -285444499014675/2, 0, 0, 0, 0, 0, 0, 0, 0, -28000759837050, 0, 0, 0, 0}, {0, 0, 0, 0, 0, 0, 0, 0, 0, 0, 0, 0, 0, 0, 0, 0, 0, 0, 0, 0, 0, -1044018737736975/2097152, 33330372075/1024, 0, 0, 0, 0, 0, 0, 0, 0, 0, 0, 0, 0, 0, 0, 0, 0, 0, 30703347675/1024, 0, 0, 0, 0, 0, 0, 0, 0, 33330372075/64, 0, 0, 0, 0, 0, 0, 0, 0, 29389835475/128, 0, 0, 0, 0, -233023140970544925/2097152, 1106798217525/256, 0, 0, 0, 0, 0, 0, 0, 0, 0, 0, 1040794229475/256, 0, 0, 0, 0, 0, 0, 71422225875/32, 0, 0, 0, 0, 0, 0, 0, 0, 1760598915075/16, 0, 0, 0, 0, 0, 0, 0, 0, 588946032675/16, 0, 0, 0, 0, -12133088899126670475/524288, 24743121878475/32, 0, 0, 0, 0, 0, 0, 0, 0, 0, 0, 68122847417625/64, 0, 0, 0, 0, 0, 0, 12960589066425/64, 0, 0, 0, 0, 0, 0, 0, 0, 183962473469775/8, 0, 0, 0, 0, 0, 0, 0, 0, 42923772616725/8, 0, 0, 0, 0, -619866344879722415475/131072, 2474576696366775/16, 0, 0, 0, 0, 0, 0, 0, 0, 0, 0, 3490215196943475/16, 0, 0, 0, 0, 0, 0, 174890044704375/8, 0}, {0, 0, 0, 0, 0, 0, 0, 0, 0, 0, 0, 0, 0, 0, 0, 0, 0, 0, 0, 0, 0, -103585451144175/2097152, 3557428875/1024, 0, 0, 0, 0, 0, 0, 0, 0, 0, 0, 0, 0, 0, 0, 0, 0, 0, 3265537275/1024, 0, 0, 0, 0, 0, 0, 0, 0, 3557428875/64, 0, 0, 0, 0, 0, 0, 0, 0, 3119591475/128, 0, 0, 0, 0, -24281594793380925/2097152, 119037043125/256, 0, 0, 0, 0, 0, 0, 0, 0, 0, 0, 110827591875/256, 0, 0, 0, 0, 0, 0, 7716884175/32, 0, 0, 0, 0, 0, 0, 0, 0, 189638323875/16, 0, 0, 0, 0, 0, 0, 0, 0, 63541152675/16, 0, 0, 0, 0, -1294787898000672075/524288, 2678743942875/32, 0, 0, 0, 0, 0, 0, 0, 0, 0, 0, 7359773045625/64, 0, 0, 0, 0, 0, 0, 1412189804025/64, 0, 0, 0, 0, 0, 0, 0, 0, 19967848275375/8, 0, 0, 0, 0, 0, 0, 0, 0, 4674297352725/8, 0, 0, 0, 0, -67076530007322510675/131072, 269489193348375/16, 0, 0, 0, 0, 0, 0, 0, 0, 0, 0, 380201852905875/16, 0, 0, 0, 0, 0, 0, 19154784223575/8, 0}, {-127702575/32, 0, 0, 0, 0, 0, 0, 0, 0, 0, 0, 0, 0, 0, 0, 0, 0, 0, 0, 0, 0, 0, 0, 0, 0, 0, 0, 0, 0, 0, 0, 0, 0, 0, 0, 0, 0, 0, 0, 0, 0, 0, -14941201275/64, 0, 0, 0, 0, 0, 0, 0, 0, 0, 0, 0, 0, 0, 0, 0, 0, 0, 0, 0, 0, 0, 0, 0, 0, 0, 0, 0, 0, 0, 0, 0, 0, 0, 0, 0, 0, 0, 0, 0, 0, 0, -226416665475/16, 0, 0, 0, 0, 0, 0, 0, 0, 0, 0, 0, 0, 0, 0, 0, 0, 0, 0, 0, 0, 0, 0, 0, 0, 0, 0, 0, 0, 0, 0, 0, 0, 0, 0, 0, 0, 0, 0, 0, 0, 0, -3508883653275/4, 0, 0, 0, 0, 0, 0, 0, 0, 0, 0, 0, 0, 0, 0, 0, 0, 0, 0, 0, 0, 0, 0, 0, 0, 0, 0, 0, 0, 0, 0, 0, 0, 0, 0, 0, 0, 0, 0, 0, 0, 0}, {0, 0, 0, 0, 0, 0, 0, 0, 0, 0, 0, 0, 0, 0, 0, 0, 0, 0, 0, 0, 0, -820945125/64, 0, 0, 0, 0, 0, 0, 0, 0, 0, 0, 0, 0, 0, 0, 0, 0, 0, 0, 0, 0, 0, 0, 0, 0, 0, 0, 0, 0, 0, 0, 0, 0, 0, 0, 0, 0, 0, 0, 0, 0, 0, -820945125, 0, 0, 0, 0, 0, 0, 0, 0, 0, 0, 0, 0, 0, 0, 0, 0, 0, 0, 0, 0, 0, 0, 0, 0, 0, 0, 0, 0, 0, 0, 0, 0, 0, 0, 0, 0, 0, 0, 0, 0, 0, -52540488000, 0, 0, 0, 0, 0, 0, 0, 0, 0, 0, 0, 0, 0, 0, 0, 0, 0, 0, 0, 0, 0, 0, 0, 0, 0, 0, 0, 0, 0, 0, 0, 0, 0, 0, 0, 0, 0, 0, 0, 0, 0, -3362591232000, 0, 0, 0, 0, 0, 0, 0, 0, 0, 0, 0, 0, 0, 0, 0, 0, 0, 0, 0, 0}, {3995266275/1024, 0, 0, 0, 0, 0, 0, 0, 0, 0, 0, 0, 0, 0, 0, 0, 0, 0, 0, 0, 0, 0, 0, 0, 0, 0, 0, 0, 0, 0, 0, 0, 0, 0, 0, 0, 0, 0, 0, 0, 0, 0, 123634335825/512, 0, 0, 0, 0, 0, 0, 0, 0, 0, 0, 0, 0, 0, 0, 0, 0, 0, 0, 0, 0, 0, 0, 0, 0, 0, 0, 0, 0, 0, 0, 0, 0, 0, 0, 0, 0, 0, 0, 0, 0, 0, 1940221708425/128, 0, 0, 0, 0, 0, 0, 0, 0, 0, 0, 0, 0, 0, 0, 0, 0, 0, 0, 0, 0, 0, 0, 0, 0, 0, 0, 0, 0, 0, 0, 0, 0, 0, 0, 0, 0, 0, 0, 0, 0, 0, 30702198351825/32, 0, 0, 0, 0, 0, 0, 0, 0, 0, 0, 0, 0, 0, 0, 0, 0, 0, 0, 0, 0, 0, 0, 0, 0, 0, 0, 0, 0, 0, 0, 0, 0, 0, 0, 0, 0, 0, 0, 0, 0, 0}, {419594175/1024, 0, 0, 0, 0, 0, 0, 0, 0, 0, 0, 0, 0, 0, 0, 0, 0, 0, 0, 0, 0, 0, 0, 0, 0, 0, 0, 0, 0, 0, 0, 0, 0, 0, 0, 0, 0, 0, 0, 0, 0, 0, 13299311025/512, 0, 0, 0, 0, 0, 0, 0, 0, 0, 0, 0, 0, 0, 0, 0, 0, 0, 0, 0, 0, 0, 0, 0, 0, 0, 0, 0, 0, 0, 0, 0, 0, 0, 0, 0, 0, 0, 0, 0, 0, 0, 211639653225/128, 0, 0, 0, 0, 0, 0, 0, 0, 0, 0, 0, 0, 0, 0, 0, 0, 0, 0, 0, 0, 0, 0, 0, 0, 0, 0, 0, 0, 0, 0, 0, 0, 0, 0, 0, 0, 0, 0, 0, 0, 0, 3375890543025/32, 0, 0, 0, 0, 0, 0, 0, 0, 0, 0, 0, 0, 0, 0, 0, 0, 0, 0, 0, 0, 0, 0, 0, 0, 0, 0, 0, 0, 0, 0, 0, 0, 0, 0, 0, 0, 0, 0, 0, 0, 0}, {0, 0, 0, 0, 0, 0, 0, -127702575/32, 0, 0, 0, 0, 0, 0, 0, 0, 0, 0, 0, 0, 0, 43253974989225/131072, -383107725/32, 0, 0, 0, 0, 0, 0, 0, 0, 0, 0, -383107725/32, 0, 0, 0, 0, 0, 0, 0, 0, 0, 0, 0, 0, 0, 0, 0, -24135786675/64, 0, 0, 0, 0, 0, 0, 0, 0, 0, 0, 0, 0, 0, 16462597961034225/262144, -162054567675/64, 0, 0, 0, 0, 0, 0, 0, 0, 0, 0, -162054567675/64, 0, 0, 0, 0, 0, 0, 0, 0, 0, 0, 0, 0, 0, 0, 0, -1115992802925/16, 0, 0, 0, 0, 0, 0, 0, 0, 0, 0, 0, 0, 0, 801962349632118675/65536, -7678628132175/16, 0, 0, 0, 0, 0, 0, 0, 0, 0, 0, -7678628132175/16, 0, 0, 0, 0, 0, 0, 0, 0, 0, 0, 0, 0, 0, 0, 0, -52973454458925/4, 0, 0, 0, 0, 0, 0, 0, 0, 0, 0, 0, 0, 0, 1221595899531932925/512, -366129539951175/4, 0, 0, 0, 0, 0, 0, 0, 0, 0, 0, -366129539951175/4, 0, 0, 0, 0, 0, 0, 0, 0}, {3215350163025/262144, 0, 0, 0, 0, 0, 0, 0, 0, 0, 0, 0, 0, 0, 0, 0, 0, 0, 0, 0, 0, 0, 0, 0, 0, 0, 0, 0, -820945125/64, 0, 0, 0, 0, 0, 0, 0, 0, 0, 0, 0, 0, 0, 551153167089525/262144, -2462835375/32, 0, 0, 0, 0, 0, 0, 0, 0, 0, 0, -2462835375/32, 0, 0, 0, 0, 0, 0, 0, 0, 0, 0, 0, 0, 0, 0, 0, -35300640375/16, 0, 0, 0, 0, 0, 0, 0, 0, 0, 0, 0, 0, 0, 55255043703684825/131072, -61570884375/4, 0, 0, 0, 0, 0, 0, 0, 0, 0, 0, -61570884375/4, 0, 0, 0, 0, 0, 0, 0, 0, 0, 0, 0, 0, 0, 0, 0, -1724805707625/4, 0, 0, 0, 0, 0, 0, 0, 0, 0, 0, 0, 0, 0, 683339456247022575/8192, -6036409504125/2, 0, 0, 0, 0, 0, 0, 0, 0, 0, 0, -6036409504125/2, 0, 0, 0, 0, 0, 0, 0, 0, 0, 0, 0, 0, 0, 0, 0, -84510554002875, 0, 0, 0, 0, 0, 0, 0, 0, 0, 0, 0, 0, 0}, {0, 0, 0, 0, 0, 0, 0, 3995266275/1024, 0, 0, 0, 0, 0, 0, 0, 0, 0, 0, 0, 0, 0, -1452451306331025/4194304, 11985798825/1024, 0, 0, 0, 0, 0, 0, 0, 0, 0, 0, 11985798825/1024, 0, 0, 0, 0, 0, 0, 0, 0, 0, 0, 0, 0, 0, 0, 0, 195549128775/512, 0, 0, 0, 0, 0, 0, 0, 0, 0, 0, 0, 0, 0, -140419719886220775/2097152, 1328453401275/512, 0, 0, 0, 0, 0, 0, 0, 0, 0, 0, 1328453401275/512, 0, 0, 0, 0, 0, 0, 0, 0, 0, 0, 0, 0, 0, 0, 0, 9263708979525/128, 0, 0, 0, 0, 0, 0, 0, 0, 0, 0, 0, 0, 0, -6936061736013084675/524288, 64426295708775/128, 0, 0, 0, 0, 0, 0, 0, 0, 0, 0, 64426295708775/128, 0, 0, 0, 0, 0, 0, 0, 0, 0, 0, 0, 0, 0, 0, 0, 448672945245525/32, 0, 0, 0, 0, 0, 0, 0, 0, 0, 0, 0, 0, 0, -1334535130397994525/512, 3126636990251775/32, 0, 0, 0, 0, 0, 0, 0, 0, 0, 0, 3126636990251775/32, 0, 0, 0, 0, 0, 0, 0, 0}, {0, 0, 0, 0, 0, 0, 0, 419594175/1024, 0, 0, 0, 0, 0, 0, 0, 0, 0, 0, 0, 0, 0, -153720861819525/4194304, 1258782525/1024, 0, 0, 0, 0, 0, 0, 0, 0, 0, 0, 1258782525/1024, 0, 0, 0, 0, 0, 0, 0, 0, 0, 0, 0, 0, 0, 0, 0, 20852006175/512, 0, 0, 0, 0, 0, 0, 0, 0, 0, 0, 0, 0, 0, -15035478448965975/2097152, 142351884675/512, 0, 0, 0, 0, 0, 0, 0, 0, 0, 0, 142351884675/512, 0, 0, 0, 0, 0, 0, 0, 0, 0, 0, 0, 0, 0, 0, 0, 997776704925/128, 0, 0, 0, 0, 0, 0, 0, 0, 0, 0, 0, 0, 0, -750050633354697675/524288, 6969331544175/128, 0, 0, 0, 0, 0, 0, 0, 0, 0, 0, 6969331544175/128, 0, 0, 0, 0, 0, 0, 0, 0, 0, 0, 0, 0, 0, 0, 0, 48717674930925/32, 0, 0, 0, 0, 0, 0, 0, 0, 0, 0, 0, 0, 0, -290736843025704075/1024, 340594862783175/32, 0, 0, 0, 0, 0, 0, 0, 0, 0, 0, 340594862783175/32, 0, 0, 0, 0, 0, 0, 0, 0}, {22340683740375/524288, 0, 0, 0, 0, 0, 0, 0, 0, 0, 0, 0, -127702575/32, 0, 0, 0, 0, 0, 0, 0, 0, 0, 0, 0, 0, 0, 0, 0, -6002021025/128, 0, 0, 0, 0, 0, 0, 0, 0, -127702575/16, 0, 0, 0, 0, 4415548918906125/524288, -14941201275/64, 0, 0, 0, 0, 0, 0, 0, 0, 0, 0, -16218227025/32, 0, 0, 0, 0, 0, 0, -127702575/16, 0, 0, 0, 0, 0, 0, 0, 0, -139323509325/16, 0, 0, 0, 0, 0, 0, 0, 0, -48910086225/32, 0, 0, 0, 0, 218187269314539525/131072, -434827267875/8, 0, 0, 0, 0, 0, 0, 0, 0, 0, 0, -665202713175/8, 0, 0, 0, 0, 0, 0, -46866845025/16, 0, 0, 0, 0, 0, 0, 0, 0, -3426643194975/2, 0, 0, 0, 0, 0, 0, 0, 0, -1746077307975/8, 0, 0, 0, 0, 2684708563689427275/8192, -90077437625175/8, 0, 0, 0, 0, 0, 0, 0, 0, 0, 0, -59320272436425/4, 0, 0, 0, 0, 0, 0, -4309067988225/8, 0, 0, 0, 0, 0, 0, 0, 0, -337159189191825, 0, 0, 0, 0, 0, 0, 0, 0, -61346146086225/2, 0, 0, 0, 0}, {0, 0, 0, 0, 0, 0, 0, -845269425/512, 0, 0, 0, 0, 0, 0, 0, 0, 0, 0, 0, 0, 0, 547373523571875/2097152, -2535808275/512, 0, 0, 0, 0, 0, 0, 0, 0, 0, 0, -9103369275/512, 0, 0, 0, 0, 0, 0, 0, 0, 0, 0, 0, 0, 0, 0, 0, -34096587525/128, 0, 0, 0, 0, 0, 0, 0, 0, -820945125/16, 0, 0, 0, 0, 895721021169975/16384, -202116689775/128, 0, 0, 0, 0, 0, 0, 0, 0, 0, 0, -356454373275/128, 0, 0, 0, 0, 0, 0, -2462835375/32, 0, 0, 0, 0, 0, 0, 0, 0, -1724148951525/32, 0, 0, 0, 0, 0, 0, 0, 0, -8209451250, 0, 0, 0, 0, 1458594251799559875/131072, -11278308316275/32, 0, 0, 0, 0, 0, 0, 0, 0, 0, 0, -15915006382275/32, 0, 0, 0, 0, 0, 0, -36942530625/2, 0, 0, 0, 0, 0, 0, 0, 0, -87588441465525/8, 0, 0, 0, 0, 0, 0, 0, 0, -1195296102000, 0, 0, 0, 0, 36564421339708987725/16384, -589906702660275/8, 0, 0, 0, 0, 0, 0, 0, 0, 0, 0, -743692711036275/8, 0, 0, 0, 0, 0, 0, -3172131963000, 0}, {-87373317356325/2097152, 0, 0, 0, 0, 0, 0, 0, 0, 0, 0, 0, 3995266275/1024, 0, 0, 0, 0, 0, 0, 0, 0, 0, 0, 0, 0, 0, 0, 0, 47997924975/1024, 0, 0, 0, 0, 0, 0, 0, 0, 3995266275/512, 0, 0, 0, 0, -18049973988521475/2097152, 120022177275/512, 0, 0, 0, 0, 0, 0, 0, 0, 0, 0, 263632844475/512, 0, 0, 0, 0, 0, 0, 3995266275/512, 0, 0, 0, 0, 0, 0, 0, 0, 285634173825/32, 0, 0, 0, 0, 0, 0, 0, 0, 402865137675/256, 0, 0, 0, 0, -229935411944763525/131072, 7200181313325/128, 0, 0, 0, 0, 0, 0, 0, 0, 0, 0, 11074823384625/128, 0, 0, 0, 0, 0, 0, 386884072575/128, 0, 0, 0, 0, 0, 0, 0, 0, 57468402666675/32, 0, 0, 0, 0, 0, 0, 0, 0, 14774330495925/64, 0, 0, 0, 0, -92436898747106788875/262144, 761795536176675/64, 0, 0, 0, 0, 0, 0, 0, 0, 0, 0, 251611526090925/16, 0, 0, 0, 0, 0, 0, 36649234296675/64, 0, 0, 0, 0, 0, 0, 0, 0, 719415502881075/2, 0, 0, 0, 0, 0, 0, 0, 0, 528598958562675/16, 0, 0, 0, 0}, {-8950497130575/2097152, 0, 0, 0, 0, 0, 0, 0, 0, 0, 0, 0, 419594175/1024, 0, 0, 0, 0, 0, 0, 0, 0, 0, 0, 0, 0, 0, 0, 0, 5089859775/1024, 0, 0, 0, 0, 0, 0, 0, 0, 419594175/512, 0, 0, 0, 0, -1895241036513825/2097152, 12752014275/512, 0, 0, 0, 0, 0, 0, 0, 0, 0, 0, 28149296175/512, 0, 0, 0, 0, 0, 0, 419594175/512, 0, 0, 0, 0, 0, 0, 0, 0, 15306065775/16, 0, 0, 0, 0, 0, 0, 0, 0, 43254686475/256, 0, 0, 0, 0, -49137214771519875/262144, 774698549625/128, 0, 0, 0, 0, 0, 0, 0, 0, 0, 0, 1194219751725/128, 0, 0, 0, 0, 0, 0, 41576309775/128, 0, 0, 0, 0, 0, 0, 0, 0, 6215229595575/32, 0, 0, 0, 0, 0, 0, 0, 0, 1603597720725/64, 0, 0, 0, 0, -9995364526142370375/262144, 82668134223675/64, 0, 0, 0, 0, 0, 0, 0, 0, 0, 0, 27337454419275/16, 0, 0, 0, 0, 0, 0, 3985980473475/64, 0, 0, 0, 0, 0, 0, 0, 0, 39175756770150, 0, 0, 0, 0, 0, 0, 0, 0, 57783061811475/16, 0, 0, 0, 0}, {0, 0, 0, 0, 0, 0, 0, -66891825/16, 0, 0, 0, 0, 0, 0, 0, 0, -127702575/32, 0, 0, 0, 0, 79272340322175/131072, -200675475/16, 0, 0, 0, 0, 0, 0, 0, 0, 0, 0, -1039863825/32, 0, 0, 0, 0, 0, 0, -127702575/32, 0, 0, 0, 0, 0, 0, 0, 0, -30119564475/64, 0, 0, 0, 0, 0, 0, 0, 0, -19027683675/64, 0, 0, 0, 0, 15007499958025575/131072, -182632925475/64, 0, 0, 0, 0, 0, 0, 0, 0, 0, 0, -53397919575/8, 0, 0, 0, 0, 0, 0, -48910086225/64, 0, 0, 0, 0, 0, 0, 0, 0, -1662158472975/16, 0, 0, 0, 0, 0, 0, 0, 0, -601351425675/16, 0, 0, 0, 0, 735701245412208075/32768, -10308170097225/16, 0, 0, 0, 0, 0, 0, 0, 0, 0, 0, -4759639159275/4, 0, 0, 0, 0, 0, 0, -1746077307975/16, 0, 0, 0, 0, 0, 0, 0, 0, -86336627852475/4, 0, 0, 0, 0, 0, 0, 0, 0, -20745155606175/4, 0, 0, 0, 0, 18169939156891997475/4096, -555029888888475/4, 0, 0, 0, 0, 0, 0, 0, 0, 0, 0, -215440154829900, 0, 0, 0, 0, 0, 0, -61346146086225/4, 0}, {595659539475/32768, 0, 0, 0, 0, 0, 0, 0, 0, 0, 0, 0, 0, 0, 0, 0, 0, 0, 0, 0, 0, 0, 0, 0, 0, 0, 0, 0, -857431575/64, 0, 0, 0, 0, 0, 0, 0, 0, -820945125/64, 0, 0, 0, 0, 109505669548275/32768, -2572294725/32, 0, 0, 0, 0, 0, 0, 0, 0, 0, 0, -3338510175/16, 0, 0, 0, 0, 0, 0, -820945125/32, 0, 0, 0, 0, 0, 0, 0, 0, -24464164725/8, 0, 0, 0, 0, 0, 0, 0, 0, -5746615875/4, 0, 0, 0, 0, 367513653431925/512, -37927664775/2, 0, 0, 0, 0, 0, 0, 0, 0, 0, 0, -78974921025/2, 0, 0, 0, 0, 0, 0, -4104725625, 0, 0, 0, 0, 0, 0, 0, 0, -1347827706225/2, 0, 0, 0, 0, 0, 0, 0, 0, -200310610500, 0, 0, 0, 0, 2435014612434979575/16384, -4314395009925, 0, 0, 0, 0, 0, 0, 0, 0, 0, 0, -7302635264925, 0, 0, 0, 0, 0, 0, -597648051000, 0, 0, 0, 0, 0, 0, 0, 0, -141983772880950, 0, 0, 0, 0, 0, 0, 0, 0, -28739646936000, 0, 0, 0, 0}, {0, 0, 0, 0, 0, 0, 0, 4214184975/1024, 0, 0, 0, 0, 0, 0, 0, 0, 3995266275/1024, 0, 0, 0, 0, -1194676361403525/2097152, 12642554925/1024, 0, 0, 0, 0, 0, 0, 0, 0, 0, 0, 8154721575/256, 0, 0, 0, 0, 0, 0, 3995266275/1024, 0, 0, 0, 0, 0, 0, 0, 0, 243382864725/512, 0, 0, 0, 0, 0, 0, 0, 0, 155596466025/512, 0, 0, 0, 0, -120550180373347725/1048576, 1495597828725/512, 0, 0, 0, 0, 0, 0, 0, 0, 0, 0, 877480879275/128, 0, 0, 0, 0, 0, 0, 402865137675/512, 0, 0, 0, 0, 0, 0, 0, 0, 13775842305225/128, 0, 0, 0, 0, 0, 0, 0, 0, 5035294289025/128, 0, 0, 0, 0, -6164894533654031175/262144, 86231911740975/128, 0, 0, 0, 0, 0, 0, 0, 0, 0, 0, 20012945527575/16, 0, 0, 0, 0, 0, 0, 14774330495925/128, 0, 0, 0, 0, 0, 0, 0, 0, 730260625819725/32, 0, 0, 0, 0, 0, 0, 0, 0, 177299135538525/32, 0, 0, 0, 0, -156209967147782723175/32768, 4728760330018725/32, 0, 0, 0, 0, 0, 0, 0, 0, 0, 0, 1842938780708025/8, 0, 0, 0, 0, 0, 0, 528598958562675/32, 0}, {0, 0, 0, 0, 0, 0, 0, 443918475/1024, 0, 0, 0, 0, 0, 0, 0, 0, 419594175/1024, 0, 0, 0, 0, -120749978574225/2097152, 1331755425/1024, 0, 0, 0, 0, 0, 0, 0, 0, 0, 0, 857431575/256, 0, 0, 0, 0, 0, 0, 419594175/1024, 0, 0, 0, 0, 0, 0, 0, 0, 25923622725/512, 0, 0, 0, 0, 0, 0, 0, 0, 16656064425/512, 0, 0, 0, 0, -12597425753237325/1048576, 160193758725/512, 0, 0, 0, 0, 0, 0, 0, 0, 0, 0, 94116797775/128, 0, 0, 0, 0, 0, 0, 43254686475/512, 0, 0, 0, 0, 0, 0, 0, 0, 1482827571225/128, 0, 0, 0, 0, 0, 0, 0, 0, 544250131425/128, 0, 0, 0, 0, -658421603921656575/262144, 9317015682975/128, 0, 0, 0, 0, 0, 0, 0, 0, 0, 0, 2166875535825/16, 0, 0, 0, 0, 0, 0, 1603597720725/128, 0, 0, 0, 0, 0, 0, 0, 0, 79250411965725/32, 0, 0, 0, 0, 0, 0, 0, 0, 19319812436925/32, 0, 0, 0, 0, -16907940691986318975/32768, 514649787376725/32, 0, 0, 0, 0, 0, 0, 0, 0, 0, 0, 200891274108525/8, 0, 0, 0, 0, 0, 0, 57783061811475/32, 0}, {22389380988975/524288, 0, 0, 0, 0, 0, 0, 0, 0, 0, 0, 0, 0, 0, 0, 0, 0, 0, 0, -127702575/32, 0, 0, 0, 0, 0, 0, 0, 0, -4104725625/128, 0, 0, 0, 0, 0, 0, 0, 0, -383107725/16, 0, 0, 0, 0, 4053727437484725/524288, -12314176875/64, 0, 0, 0, 0, 0, 0, 0, 0, 0, 0, -19976331375/64, 0, 0, 0, 0, 0, 0, -16473632175/64, 0, 0, 0, 0, 0, 0, 0, 0, -23260111875/4, 0, 0, 0, 0, 0, 0, 0, 0, -146730258675/32, 0, 0, 0, 0, 199048432345287525/131072, -37763475750, 0, 0, 0, 0, 0, 0, 0, 0, 0, 0, -1307218287375/16, 0, 0, 0, 0, 0, 0, -183508600275/8, 0, 0, 0, 0, 0, 0, 0, 0, -5201781960375/4, 0, 0, 0, 0, 0, 0, 0, 0, -5238231923925/8, 0, 0, 0, 0, 309229924608279675/1024, -65357904236625/8, 0, 0, 0, 0, 0, 0, 0, 0, 0, 0, -16249240507500, 0, 0, 0, 0, 0, 0, -19944971271225/8, 0, 0, 0, 0, 0, 0, 0, 0, -279217666728000, 0, 0, 0, 0, 0, 0, 0, 0, -184038438258675/2, 0, 0, 0, 0}, {0, 0, 0, 0, 0, 0, 0, -893918025/512, 0, 0, 0, 0, 0, 0, 0, 0, 0, 0, 0, 0, 0, 422435502564075/2097152, -2681754075/512, 0, 0, 0, 0, 0, 0, 0, 0, 0, 0, -2681754075/512, 0, 0, 0, 0, 0, 0, -820945125/64, 0, 0, 0, 0, 0, 0, 0, 0, -21837140325/128, 0, 0, 0, 0, 0, 0, 0, 0, -2462835375/16, 0, 0, 0, 0, 2948259734845425/65536, -148262689575/128, 0, 0, 0, 0, 0, 0, 0, 0, 0, 0, -296032812075/128, 0, 0, 0, 0, 0, 0, -33658750125/32, 0, 0, 0, 0, 0, 0, 0, 0, -1230268364325/32, 0, 0, 0, 0, 0, 0, 0, 0, -24628353750, 0, 0, 0, 0, 1267322819817129075/131072, -7920971133075/32, 0, 0, 0, 0, 0, 0, 0, 0, 0, 0, -16787178483075/32, 0, 0, 0, 0, 0, 0, -215908567875/2, 0, 0, 0, 0, 0, 0, 0, 0, -69598578374325/8, 0, 0, 0, 0, 0, 0, 0, 0, -3585888306000, 0, 0, 0, 0, 33041813550098678325/16384, -444453615681075/8, 0, 0, 0, 0, 0, 0, 0, 0, 0, 0, -825109451241075/8, 0, 0, 0, 0, 0, 0, -12878987121000, 0}, {-76528230904125/2097152, 0, 0, 0, 0, 0, 0, 0, 0, 0, 0, 0, 0, 0, 0, 0, 0, 0, 0, 3995266275/1024, 0, 0, 0, 0, 0, 0, 0, 0, 33330372075/1024, 0, 0, 0, 0, 0, 0, 0, 0, 11985798825/512, 0, 0, 0, 0, -15236752958502075/2097152, 99991116225/512, 0, 0, 0, 0, 0, 0, 0, 0, 0, 0, 79960055175/256, 0, 0, 0, 0, 0, 0, 67810067325/256, 0, 0, 0, 0, 0, 0, 0, 0, 763314777225/128, 0, 0, 0, 0, 0, 0, 0, 0, 1208595413025/256, 0, 0, 0, 0, -200372959257245775/131072, 5020736195475/128, 0, 0, 0, 0, 0, 0, 0, 0, 0, 0, 2705999321025/32, 0, 0, 0, 0, 0, 0, 1550436963075/64, 0, 0, 0, 0, 0, 0, 0, 0, 21772614038175/16, 0, 0, 0, 0, 0, 0, 0, 0, 44322991487775/64, 0, 0, 0, 0, -83154895774678502775/262144, 552114001263825/64, 0, 0, 0, 0, 0, 0, 0, 0, 0, 0, 550926257856975/32, 0, 0, 0, 0, 0, 0, 171352099593675/64, 0, 0, 0, 0, 0, 0, 0, 0, 2379704665563225/8, 0, 0, 0, 0, 0, 0, 0, 0, 1585796875688025/16, 0, 0, 0, 0}, {-7364114933175/2097152, 0, 0, 0, 0, 0, 0, 0, 0, 0, 0, 0, 0, 0, 0, 0, 0, 0, 0, 419594175/1024, 0, 0, 0, 0, 0, 0, 0, 0, 3557428875/1024, 0, 0, 0, 0, 0, 0, 0, 0, 1258782525/512, 0, 0, 0, 0, -1542316411060425/2097152, 10672286625/512, 0, 0, 0, 0, 0, 0, 0, 0, 0, 0, 8483099625/256, 0, 0, 0, 0, 0, 0, 7279046775/256, 0, 0, 0, 0, 0, 0, 0, 0, 81820864125/128, 0, 0, 0, 0, 0, 0, 0, 0, 129764059425/256, 0, 0, 0, 0, -42021351625227975/262144, 541002837375/128, 0, 0, 0, 0, 0, 0, 0, 0, 0, 0, 36395233875/4, 0, 0, 0, 0, 0, 0, 168184291275/64, 0, 0, 0, 0, 0, 0, 0, 0, 2353102376625/16, 0, 0, 0, 0, 0, 0, 0, 0, 4810793162175/64, 0, 0, 0, 0, -8906533514523119475/262144, 59887125923625/64, 0, 0, 0, 0, 0, 0, 0, 0, 0, 0, 59838416512875/32, 0, 0, 0, 0, 0, 0, 18709722506475/64, 0, 0, 0, 0, 0, 0, 0, 0, 259027615972125/8, 0, 0, 0, 0, 0, 0, 0, 0, 173349185434425/16, 0, 0, 0, 0}, {0, 0, 0, 0, 0, 0, 0, 0, 0, 0, 0, 0, 0, 0, 0, 0, 0, 0, 0, 0, 0, -3958779825/128, 0, 0, 0, 0, 0, 0, 0, 0, 0, 0, 0, 0, 0, 0, 0, 0, 0, 0, 0, 0, 0, 0, 0, 0, 0, 0, 0, 0, 0, 0, 0, 0, 0, 0, 0, 0, 0, 0, 0, 0, 0, -58615481925/32, 0, 0, 0, 0, 0, 0, 0, 0, 0, 0, 0, 0, 0, 0, 0, 0, 0, 0, 0, 0, 0, 0, 0, 0, 0, 0, 0, 0, 0, 0, 0, 0, 0, 0, 0, 0, 0, 0, 0, 0, 0, -895322753325/8, 0, 0, 0, 0, 0, 0, 0, 0, 0, 0, 0, 0, 0, 0, 0, 0, 0, 0, 0, 0, 0, 0, 0, 0, 0, 0, 0, 0, 0, 0, 0, 0, 0, 0, 0, 0, 0, 0, 0, 0, 0, -13942439435925/2, 0, 0, 0, 0, 0, 0, 0, 0, 0, 0, 0, 0, 0, 0, 0, 0, 0, 0, 0, 0}, {-845269425/512, 0, 0, 0, 0, 0, 0, 0, 0, 0, 0, 0, 0, 0, 0, 0, 0, 0, 0, 0, 0, 0, 0, 0, 0, 0, 0, 0, 0, 0, 0, 0, 0, 0, 0, 0, 0, 0, 0, 0, 0, 0, -3338510175/32, 0, 0, 0, 0, 0, 0, 0, 0, 0, 0, 0, 0, 0, 0, 0, 0, 0, 0, 0, 0, 0, 0, 0, 0, 0, 0, 0, 0, 0, 0, 0, 0, 0, 0, 0, 0, 0, 0, 0, 0, 0, -53033055075/8, 0, 0, 0, 0, 0, 0, 0, 0, 0, 0, 0, 0, 0, 0, 0, 0, 0, 0, 0, 0, 0, 0, 0, 0, 0, 0, 0, 0, 0, 0, 0, 0, 0, 0, 0, 0, 0, 0, 0, 0, 0, -845080911675/2, 0, 0, 0, 0, 0, 0, 0, 0, 0, 0, 0, 0, 0, 0, 0, 0, 0, 0, 0, 0, 0, 0, 0, 0, 0, 0, 0, 0, 0, 0, 0, 0, 0, 0, 0, 0, 0, 0, 0, 0, 0}, {0, 0, 0, 0, 0, 0, 0, 0, 0, 0, 0, 0, 0, 0, 0, 0, 0, 0, 0, 0, 0, 32016859875/1024, 0, 0, 0, 0, 0, 0, 0, 0, 0, 0, 0, 0, 0, 0, 0, 0, 0, 0, 0, 0, 0, 0, 0, 0, 0, 0, 0, 0, 0, 0, 0, 0, 0, 0, 0, 0, 0, 0, 0, 0, 0, 495029910375/256, 0, 0, 0, 0, 0, 0, 0, 0, 0, 0, 0, 0, 0, 0, 0, 0, 0, 0, 0, 0, 0, 0, 0, 0, 0, 0, 0, 0, 0, 0, 0, 0, 0, 0, 0, 0, 0, 0, 0, 0, 0, 7765319937375/64, 0, 0, 0, 0, 0, 0, 0, 0, 0, 0, 0, 0, 0, 0, 0, 0, 0, 0, 0, 0, 0, 0, 0, 0, 0, 0, 0, 0, 0, 0, 0, 0, 0, 0, 0, 0, 0, 0, 0, 0, 0, 122848691340375/16, 0, 0, 0, 0, 0, 0, 0, 0, 0, 0, 0, 0, 0, 0, 0, 0, 0, 0, 0, 0}, {0, 0, 0, 0, 0, 0, 0, 0, 0, 0, 0, 0, 0, 0, 0, 0, 0, 0, 0, 0, 0, 3411483075/1024, 0, 0, 0, 0, 0, 0, 0, 0, 0, 0, 0, 0, 0, 0, 0, 0, 0, 0, 0, 0, 0, 0, 0, 0, 0, 0, 0, 0, 0, 0, 0, 0, 0, 0, 0, 0, 0, 0, 0, 0, 0, 53689811175/256, 0, 0, 0, 0, 0, 0, 0, 0, 0, 0, 0, 0, 0, 0, 0, 0, 0, 0, 0, 0, 0, 0, 0, 0, 0, 0, 0, 0, 0, 0, 0, 0, 0, 0, 0, 0, 0, 0, 0, 0, 0, 850991716575/64, 0, 0, 0, 0, 0, 0, 0, 0, 0, 0, 0, 0, 0, 0, 0, 0, 0, 0, 0, 0, 0, 0, 0, 0, 0, 0, 0, 0, 0, 0, 0, 0, 0, 0, 0, 0, 0, 0, 0, 0, 0, 13543460105175/16, 0, 0, 0, 0, 0, 0, 0, 0, 0, 0, 0, 0, 0, 0, 0, 0, 0, 0, 0, 0}, {0, 0, 0, 0, 0, 0, 0, 0, 0, 0, 0, 0, 0, 0, 0, 0, 0, 0, 0, 0, 0, 140719718063925/524288, 0, 0, 0, 0, 0, 0, 0, 0, 0, 0, 0, -3958779825/128, 0, 0, 0, 0, 0, 0, 0, 0, 0, 0, 0, 0, 0, 0, 0, -3958779825/16, 0, 0, 0, 0, 0, 0, 0, 0, -3958779825/32, 0, 0, 0, 0, 29384958872444175/524288, -35629018425/32, 0, 0, 0, 0, 0, 0, 0, 0, 0, 0, -247870698075/64, 0, 0, 0, 0, 0, 0, -11876339475/64, 0, 0, 0, 0, 0, 0, 0, 0, -208282899825/4, 0, 0, 0, 0, 0, 0, 0, 0, -74450601225/4, 0, 0, 0, 0, 1463961340936519425/131072, -4882707955125/16, 0, 0, 0, 0, 0, 0, 0, 0, 0, 0, -10000005540525/16, 0, 0, 0, 0, 0, 0, -332665207875/8, 0, 0, 0, 0, 0, 0, 0, 0, -21549426423525/2, 0, 0, 0, 0, 0, 0, 0, 0, -5220608968575/2, 0, 0, 0, 0, 72628625465909337825/32768, -68309639798400, 0, 0, 0, 0, 0, 0, 0, 0, 0, 0, -438380081214075/4, 0, 0, 0, 0, 0, 0, -27451328629725/4, 0}, {12126431792475/2097152, 0, 0, 0, 0, 0, 0, 0, 0, 0, 0, 0, -845269425/512, 0, 0, 0, 0, 0, 0, 0, 0, 0, 0, 0, 0, 0, 0, 0, -845269425/128, 0, 0, 0, 0, 0, 0, 0, 0, -845269425/256, 0, 0, 0, 0, 3614198290527825/2097152, -2535808275/128, 0, 0, 0, 0, 0, 0, 0, 0, 0, 0, -36006045075/256, 0, 0, 0, 0, 0, 0, -845269425/256, 0, 0, 0, 0, 0, 0, 0, 0, -99565440975/64, 0, 0, 0, 0, 0, 0, 0, 0, -5430399975/8, 0, 0, 0, 0, 190588255450067475/524288, -539069055525/64, 0, 0, 0, 0, 0, 0, 0, 0, 0, 0, -1380860105625/64, 0, 0, 0, 0, 0, 0, -20876330475/16, 0, 0, 0, 0, 0, 0, 0, 0, -5384627723475/16, 0, 0, 0, 0, 0, 0, 0, 0, -402086760075/4, 0, 0, 0, 0, 9790489930129333425/131072, -33488960429925/16, 0, 0, 0, 0, 0, 0, 0, 0, 0, 0, -60233358009825/16, 0, 0, 0, 0, 0, 0, -999187514325/4, 0, 0, 0, 0, 0, 0, 0, 0, -283544187401475/4, 0, 0, 0, 0, 0, 0, 0, 0, -14475457821825, 0, 0, 0, 0}, {0, 0, 0, 0, 0, 0, 0, 0, 0, 0, 0, 0, 0, 0, 0, 0, 0, 0, 0, 0, 0, -1075560544032975/4194304, 0, 0, 0, 0, 0, 0, 0, 0, 0, 0, 0, 32016859875/1024, 0, 0, 0, 0, 0, 0, 0, 0, 0, 0, 0, 0, 0, 0, 0, 32016859875/128, 0, 0, 0, 0, 0, 0, 0, 0, 32016859875/256, 0, 0, 0, 0, -238156553307397725/4194304, 288151738875/256, 0, 0, 0, 0, 0, 0, 0, 0, 0, 0, 2046616196625/512, 0, 0, 0, 0, 0, 0, 96050579625/512, 0, 0, 0, 0, 0, 0, 0, 0, 1726447597875/32, 0, 0, 0, 0, 0, 0, 0, 0, 623097349875/32, 0, 0, 0, 0, -12305336913429835275/1048576, 40747611279375/128, 0, 0, 0, 0, 0, 0, 0, 0, 0, 0, 84231432660375/128, 0, 0, 0, 0, 0, 0, 2795318150625/64, 0, 0, 0, 0, 0, 0, 0, 0, 182252280585375/16, 0, 0, 0, 0, 0, 0, 0, 0, 44633965501125/16, 0, 0, 0, 0, -625046923320544199475/262144, 290818989586125/4, 0, 0, 0, 0, 0, 0, 0, 0, 0, 0, 3752058271586625/32, 0, 0, 0, 0, 0, 0, 235961794443375/32, 0}, {0, 0, 0, 0, 0, 0, 0, 0, 0, 0, 0, 0, 0, 0, 0, 0, 0, 0, 0, 0, 0, -109381639942575/4194304, 0, 0, 0, 0, 0, 0, 0, 0, 0, 0, 0, 3411483075/1024, 0, 0, 0, 0, 0, 0, 0, 0, 0, 0, 0, 0, 0, 0, 0, 3411483075/128, 0, 0, 0, 0, 0, 0, 0, 0, 3411483075/256, 0, 0, 0, 0, -24990363252179325/4194304, 30703347675/256, 0, 0, 0, 0, 0, 0, 0, 0, 0, 0, 219958563825/512, 0, 0, 0, 0, 0, 0, 10234449225/512, 0, 0, 0, 0, 0, 0, 0, 0, 185843733075/32, 0, 0, 0, 0, 0, 0, 0, 0, 67335743475/32, 0, 0, 0, 0, -1316041262520259275/1048576, 4398350331375/128, 0, 0, 0, 0, 0, 0, 0, 0, 0, 0, 9125972630775/128, 0, 0, 0, 0, 0, 0, 302563886625/64, 0, 0, 0, 0, 0, 0, 0, 0, 19777826843775/16, 0, 0, 0, 0, 0, 0, 0, 0, 4864318784325/16, 0, 0, 0, 0, -67684863213864371475/262144, 31643548761825/4, 0, 0, 0, 0, 0, 0, 0, 0, 0, 0, 409082738889825/32, 0, 0, 0, 0, 0, 0, 25769485716975/32, 0}, {19615275654975/524288, 0, 0, 0, 0, 0, 0, 0, 0, 0, 0, 0, -66891825/16, 0, 0, 0, 0, 0, 0, 0, 0, 0, 0, 0, 0, 0, 0, 0, -66891825/4, 0, 0, 0, 0, 0, 0, 0, 0, -5029049025/128, 0, 0, 0, 0, 4054282453145925/524288, -200675475/4, 0, 0, 0, 0, 0, 0, 0, 0, 0, 0, -1283106825/2, 0, 0, 0, 0, 0, 0, -4493914425/64, 0, 0, 0, 0, 0, 0, 0, 0, -176272121025/32, 0, 0, 0, 0, 0, 0, 0, 0, -78269516325/16, 0, 0, 0, 0, 200312004114146925/131072, -108127594575/4, 0, 0, 0, 0, 0, 0, 0, 0, 0, 0, -824380932375/8, 0, 0, 0, 0, 0, 0, -197178856875/16, 0, 0, 0, 0, 0, 0, 0, 0, -10301079563775/8, 0, 0, 0, 0, 0, 0, 0, 0, -1335179070225/2, 0, 0, 0, 0, 155334363412102875/512, -59594723513325/8, 0, 0, 0, 0, 0, 0, 0, 0, 0, 0, -70432816729275/4, 0, 0, 0, 0, 0, 0, -14836442595975/8, 0, 0, 0, 0, 0, 0, 0, 0, -556429715867025/2, 0, 0, 0, 0, 0, 0, 0, 0, -93022027923825, 0, 0, 0, 0}, {0, 0, 0, 0, 0, 0, 0, 0, 0, 0, 0, 0, 0, 0, 0, 0, -845269425/512, 0, 0, 0, 0, 418686876582975/2097152, 0, 0, 0, 0, 0, 0, 0, 0, 0, 0, 0, -11085799725/512, 0, 0, 0, 0, 0, 0, -845269425/512, 0, 0, 0, 0, 0, 0, 0, 0, -17945252325/128, 0, 0, 0, 0, 0, 0, 0, 0, -2949321375/16, 0, 0, 0, 0, 1490398957572525/32768, -74414114775/128, 0, 0, 0, 0, 0, 0, 0, 0, 0, 0, -450784008675/128, 0, 0, 0, 0, 0, 0, -13433094675/32, 0, 0, 0, 0, 0, 0, 0, 0, -1201930554825/32, 0, 0, 0, 0, 0, 0, 0, 0, -204111282375/8, 0, 0, 0, 0, 1276563613814163675/131072, -6582429228375/32, 0, 0, 0, 0, 0, 0, 0, 0, 0, 0, -19364775905475/32, 0, 0, 0, 0, 0, 0, -553870392075/8, 0, 0, 0, 0, 0, 0, 0, 0, -69165970698825/8, 0, 0, 0, 0, 0, 0, 0, 0, -7279928530875/2, 0, 0, 0, 0, 33179401923339897225/16384, -421558587224775/8, 0, 0, 0, 0, 0, 0, 0, 0, 0, 0, -867308998230675/8, 0, 0, 0, 0, 0, 0, -20931844608675/2, 0}, {-66859029762525/2097152, 0, 0, 0, 0, 0, 0, 0, 0, 0, 0, 0, 4214184975/1024, 0, 0, 0, 0, 0, 0, 0, 0, 0, 0, 0, 0, 0, 0, 0, 4214184975/256, 0, 0, 0, 0, 0, 0, 0, 0, 40445229825/1024, 0, 0, 0, 0, -15307244196118875/2097152, 12642554925/256, 0, 0, 0, 0, 0, 0, 0, 0, 0, 0, 334015206525/512, 0, 0, 0, 0, 0, 0, 18115522425/256, 0, 0, 0, 0, 0, 0, 0, 0, 1439554641525/256, 0, 0, 0, 0, 0, 0, 0, 0, 647835162975/128, 0, 0, 0, 0, -50501709877293675/32768, 3547632263175/128, 0, 0, 0, 0, 0, 0, 0, 0, 0, 0, 13752199085625/128, 0, 0, 0, 0, 0, 0, 1645776056925/128, 0, 0, 0, 0, 0, 0, 0, 0, 86169300992775/64, 0, 0, 0, 0, 0, 0, 0, 0, 11311036661925/16, 0, 0, 0, 0, -83592459480476521575/262144, 501560200466325/64, 0, 0, 0, 0, 0, 0, 0, 0, 0, 0, 74816615048175/4, 0, 0, 0, 0, 0, 0, 126692575334325/64, 0, 0, 0, 0, 0, 0, 0, 0, 4741359976878525/16, 0, 0, 0, 0, 0, 0, 0, 0, 801923114967975/8, 0, 0, 0, 0}, {-6412807776375/2097152, 0, 0, 0, 0, 0, 0, 0, 0, 0, 0, 0, 443918475/1024, 0, 0, 0, 0, 0, 0, 0, 0, 0, 0, 0, 0, 0, 0, 0, 443918475/256, 0, 0, 0, 0, 0, 0, 0, 0, 4299320025/1024, 0, 0, 0, 0, -1553559167385225/2097152, 1331755425/256, 0, 0, 0, 0, 0, 0, 0, 0, 0, 0, 35677667025/512, 0, 0, 0, 0, 0, 0, 1927700775/256, 0, 0, 0, 0, 0, 0, 0, 0, 154015386525/256, 0, 0, 0, 0, 0, 0, 0, 0, 69695200575/128, 0, 0, 0, 0, -42407196340734225/262144, 380243538675/128, 0, 0, 0, 0, 0, 0, 0, 0, 0, 0, 1484116759125/128, 0, 0, 0, 0, 0, 0, 177658606125/128, 0, 0, 0, 0, 0, 0, 0, 0, 9310107581775/64, 0, 0, 0, 0, 0, 0, 0, 0, 1228273771725/16, 0, 0, 0, 0, -8956457589582778275/262144, 54323161217325/64, 0, 0, 0, 0, 0, 0, 0, 0, 0, 0, 16268718190725/8, 0, 0, 0, 0, 0, 0, 13800774712725/64, 0, 0, 0, 0, 0, 0, 0, 0, 516049796787525/16, 0, 0, 0, 0, 0, 0, 0, 0, 87677310295575/8, 0, 0, 0, 0}, {0, 0, 0, 0, 0, 0, 0, 0, 0, 0, 0, 0, 0, 0, 0, 0, 0, 0, 0, 0, 0, 131554029932325/262144, 0, 0, 0, 0, 0, 0, 0, 0, 0, 0, 0, -4104725625/128, 0, 0, 0, 0, 0, 0, -3958779825/128, 0, 0, 0, 0, 0, 0, 0, 0, -4104725625/16, 0, 0, 0, 0, 0, 0, 0, 0, -3995266275/8, 0, 0, 0, 0, 26956619927812575/262144, -36942530625/32, 0, 0, 0, 0, 0, 0, 0, 0, 0, 0, -27091189125/4, 0, 0, 0, 0, 0, 0, -82587079575/32, 0, 0, 0, 0, 0, 0, 0, 0, -68412093750, 0, 0, 0, 0, 0, 0, 0, 0, -74924925075, 0, 0, 0, 0, 1346271532369688925/65536, -2951297724375/8, 0, 0, 0, 0, 0, 0, 0, 0, 0, 0, -1318985167500, 0, 0, 0, 0, 0, 0, -2234010603825/8, 0, 0, 0, 0, 0, 0, 0, 0, -16565030732250, 0, 0, 0, 0, 0, 0, 0, 0, -10488723295050, 0, 0, 0, 0, 67540593104541381825/16384, -193563262517625/2, 0, 0, 0, 0, 0, 0, 0, 0, 0, 0, -241623305673750, 0, 0, 0, 0, 0, 0, -69069342417075/2, 0}, {8774267577075/1048576, 0, 0, 0, 0, 0, 0, 0, 0, 0, 0, 0, -893918025/512, 0, 0, 0, 0, 0, 0, -845269425/512, 0, 0, 0, 0, 0, 0, 0, 0, -893918025/128, 0, 0, 0, 0, 0, 0, 0, 0, -857431575/64, 0, 0, 0, 0, 2919039585687225/1048576, -2681754075/128, 0, 0, 0, 0, 0, 0, 0, 0, 0, 0, -25047947925/128, 0, 0, 0, 0, 0, 0, -7534451925/64, 0, 0, 0, 0, 0, 0, 0, 0, -57995212275/32, 0, 0, 0, 0, 0, 0, 0, 0, -21910113225/8, 0, 0, 0, 0, 162348450784494975/262144, -298112539725/32, 0, 0, 0, 0, 0, 0, 0, 0, 0, 0, -1356292562625/32, 0, 0, 0, 0, 0, 0, -95138418375/8, 0, 0, 0, 0, 0, 0, 0, 0, -3851856283275/8, 0, 0, 0, 0, 0, 0, 0, 0, -808922839725/2, 0, 0, 0, 0, 8706666353902642125/65536, -21919180107825/8, 0, 0, 0, 0, 0, 0, 0, 0, 0, 0, -65517860833425/8, 0, 0, 0, 0, 0, 0, -1427112762075, 0, 0, 0, 0, 0, 0, 0, 0, -228571901833275/2, 0, 0, 0, 0, 0, 0, 0, 0, -58139370238950, 0, 0, 0, 0}, {0, 0, 0, 0, 0, 0, 0, 0, 0, 0, 0, 0, 0, 0, 0, 0, 0, 0, 0, 0, 0, -907807084759575/2097152, 0, 0, 0, 0, 0, 0, 0, 0, 0, 0, 0, 33330372075/1024, 0, 0, 0, 0, 0, 0, 32016859875/1024, 0, 0, 0, 0, 0, 0, 0, 0, 33330372075/128, 0, 0, 0, 0, 0, 0, 0, 0, 32345237925/64, 0, 0, 0, 0, -205567076107718325/2097152, 299973348675/256, 0, 0, 0, 0, 0, 0, 0, 0, 0, 0, 222147750825/32, 0, 0, 0, 0, 0, 0, 689101337925/256, 0, 0, 0, 0, 0, 0, 0, 0, 282569312025/4, 0, 0, 0, 0, 0, 0, 0, 0, 627366264525/8, 0, 0, 0, 0, -10941237260668689975/524288, 24556931524125/64, 0, 0, 0, 0, 0, 0, 0, 0, 0, 0, 5543514051075/4, 0, 0, 0, 0, 0, 0, 19018835710875/64, 0, 0, 0, 0, 0, 0, 0, 0, 69872117289975/4, 0, 0, 0, 0, 0, 0, 0, 0, 44847739611675/4, 0, 0, 0, 0, -571049963183488063275/131072, 1642774736277675/16, 0, 0, 0, 0, 0, 0, 0, 0, 0, 0, 1034072494980525/4, 0, 0, 0, 0, 0, 0, 596790491722425/16, 0}, {0, 0, 0, 0, 0, 0, 0, 0, 0, 0, 0, 0, 0, 0, 0, 0, 0, 0, 0, 0, 0, -87968812706775/2097152, 0, 0, 0, 0, 0, 0, 0, 0, 0, 0, 0, 3557428875/1024, 0, 0, 0, 0, 0, 0, 3411483075/1024, 0, 0, 0, 0, 0, 0, 0, 0, 3557428875/128, 0, 0, 0, 0, 0, 0, 0, 0, 3447969525/64, 0, 0, 0, 0, -21012310651857525/2097152, 32016859875/256, 0, 0, 0, 0, 0, 0, 0, 0, 0, 0, 23807408625/32, 0, 0, 0, 0, 0, 0, 74377628325/256, 0, 0, 0, 0, 0, 0, 0, 0, 30374969625/4, 0, 0, 0, 0, 0, 0, 0, 0, 67810067325/8, 0, 0, 0, 0, -1154232595250709975/524288, 2647548028125/64, 0, 0, 0, 0, 0, 0, 0, 0, 0, 0, 600110886375/4, 0, 0, 0, 0, 0, 0, 2069274282075/64, 0, 0, 0, 0, 0, 0, 0, 0, 7574860668375/4, 0, 0, 0, 0, 0, 0, 0, 0, 4888071463275/4, 0, 0, 0, 0, -61408213824449767275/131072, 178518622156875/16, 0, 0, 0, 0, 0, 0, 0, 0, 0, 0, 112746140632125/4, 0, 0, 0, 0, 0, 0, 65306677260825/16, 0}, {-66891825/16, 0, 0, 0, 0, 0, 0, 0, 0, 0, 0, 0, 0, 0, 0, 0, 0, 0, 0, 0, 0, 0, 0, 0, 0, 0, 0, 0, 0, 0, 0, 0, 0, 0, 0, 0, 0, 0, 0, 0, 0, 0, -15379038675/64, 0, 0, 0, 0, 0, 0, 0, 0, 0, 0, 0, 0, 0, 0, 0, 0, 0, 0, 0, 0, 0, 0, 0, 0, 0, 0, 0, 0, 0, 0, 0, 0, 0, 0, 0, 0, 0, 0, 0, 0, 0, -230357202075/16, 0, 0, 0, 0, 0, 0, 0, 0, 0, 0, 0, 0, 0, 0, 0, 0, 0, 0, 0, 0, 0, 0, 0, 0, 0, 0, 0, 0, 0, 0, 0, 0, 0, 0, 0, 0, 0, 0, 0, 0, 0, -3544348482675/4, 0, 0, 0, 0, 0, 0, 0, 0, 0, 0, 0, 0, 0, 0, 0, 0, 0, 0, 0, 0, 0, 0, 0, 0, 0, 0, 0, 0, 0, 0, 0, 0, 0, 0, 0, 0, 0, 0, 0, 0, 0}, {0, 0, 0, 0, 0, 0, 0, 0, 0, 0, 0, 0, 0, 0, 0, 0, 0, 0, 0, 0, 0, -857431575/64, 0, 0, 0, 0, 0, 0, 0, 0, 0, 0, 0, 0, 0, 0, 0, 0, 0, 0, 0, 0, 0, 0, 0, 0, 0, 0, 0, 0, 0, 0, 0, 0, 0, 0, 0, 0, 0, 0, 0, 0, 0, -6731750025/8, 0, 0, 0, 0, 0, 0, 0, 0, 0, 0, 0, 0, 0, 0, 0, 0, 0, 0, 0, 0, 0, 0, 0, 0, 0, 0, 0, 0, 0, 0, 0, 0, 0, 0, 0, 0, 0, 0, 0, 0, 0, -106558677225/2, 0, 0, 0, 0, 0, 0, 0, 0, 0, 0, 0, 0, 0, 0, 0, 0, 0, 0, 0, 0, 0, 0, 0, 0, 0, 0, 0, 0, 0, 0, 0, 0, 0, 0, 0, 0, 0, 0, 0, 0, 0, -3389189854050, 0, 0, 0, 0, 0, 0, 0, 0, 0, 0, 0, 0, 0, 0, 0, 0, 0, 0, 0, 0}, {4214184975/1024, 0, 0, 0, 0, 0, 0, 0, 0, 0, 0, 0, 0, 0, 0, 0, 0, 0, 0, 0, 0, 0, 0, 0, 0, 0, 0, 0, 0, 0, 0, 0, 0, 0, 0, 0, 0, 0, 0, 0, 0, 0, 127574872425/512, 0, 0, 0, 0, 0, 0, 0, 0, 0, 0, 0, 0, 0, 0, 0, 0, 0, 0, 0, 0, 0, 0, 0, 0, 0, 0, 0, 0, 0, 0, 0, 0, 0, 0, 0, 0, 0, 0, 0, 0, 0, 1975686537825/128, 0, 0, 0, 0, 0, 0, 0, 0, 0, 0, 0, 0, 0, 0, 0, 0, 0, 0, 0, 0, 0, 0, 0, 0, 0, 0, 0, 0, 0, 0, 0, 0, 0, 0, 0, 0, 0, 0, 0, 0, 0, 31021381816425/32, 0, 0, 0, 0, 0, 0, 0, 0, 0, 0, 0, 0, 0, 0, 0, 0, 0, 0, 0, 0, 0, 0, 0, 0, 0, 0, 0, 0, 0, 0, 0, 0, 0, 0, 0, 0, 0, 0, 0, 0, 0}, {443918475/1024, 0, 0, 0, 0, 0, 0, 0, 0, 0, 0, 0, 0, 0, 0, 0, 0, 0, 0, 0, 0, 0, 0, 0, 0, 0, 0, 0, 0, 0, 0, 0, 0, 0, 0, 0, 0, 0, 0, 0, 0, 0, 13737148425/512, 0, 0, 0, 0, 0, 0, 0, 0, 0, 0, 0, 0, 0, 0, 0, 0, 0, 0, 0, 0, 0, 0, 0, 0, 0, 0, 0, 0, 0, 0, 0, 0, 0, 0, 0, 0, 0, 0, 0, 0, 0, 215580189825/128, 0, 0, 0, 0, 0, 0, 0, 0, 0, 0, 0, 0, 0, 0, 0, 0, 0, 0, 0, 0, 0, 0, 0, 0, 0, 0, 0, 0, 0, 0, 0, 0, 0, 0, 0, 0, 0, 0, 0, 0, 0, 3411355372425/32, 0, 0, 0, 0, 0, 0, 0, 0, 0, 0, 0, 0, 0, 0, 0, 0, 0, 0, 0, 0, 0, 0, 0, 0, 0, 0, 0, 0, 0, 0, 0, 0, 0, 0, 0, 0, 0, 0, 0, 0, 0}, {0, 0, 0, 0, 0, 0, 0, 0, 0, 0, 0, 0, 0, 0, 0, 0, -66891825/16, 0, 0, 0, 0, 18291316168125/65536, 0, 0, 0, 0, 0, 0, 0, 0, 0, 0, 0, -334459125/16, 0, 0, 0, 0, 0, 0, -66891825/16, 0, 0, 0, 0, 0, 0, 0, 0, -334459125/4, 0, 0, 0, 0, 0, 0, 0, 0, -19660115475/64, 0, 0, 0, 0, 13882137236092125/262144, -1003377375/4, 0, 0, 0, 0, 0, 0, 0, 0, 0, 0, -268145002125/64, 0, 0, 0, 0, 0, 0, -50418192825/64, 0, 0, 0, 0, 0, 0, 0, 0, -265469329125/8, 0, 0, 0, 0, 0, 0, 0, 0, -616578437475/16, 0, 0, 0, 0, 680898756090427875/65536, -1257779147625/8, 0, 0, 0, 0, 0, 0, 0, 0, 0, 0, -11435917618125/16, 0, 0, 0, 0, 0, 0, -1784071864575/16, 0, 0, 0, 0, 0, 0, 0, 0, -16491540940875/2, 0, 0, 0, 0, 0, 0, 0, 0, -21125247117975/4, 0, 0, 0, 0, 8481281410808080875/4096, -46512470379375, 0, 0, 0, 0, 0, 0, 0, 0, 0, 0, -497531390981625/4, 0, 0, 0, 0, 0, 0, -62296301892825/4, 0}, {1804406979375/262144, 0, 0, 0, 0, 0, 0, 0, 0, 0, 0, 0, 0, 0, 0, 0, 0, 0, 0, 0, 0, 0, 0, 0, 0, 0, 0, 0, 0, 0, 0, 0, 0, 0, 0, 0, 0, -857431575/64, 0, 0, 0, 0, 354327365266875/262144, 0, 0, 0, 0, 0, 0, 0, 0, 0, 0, 0, -4287157875/32, 0, 0, 0, 0, 0, 0, -857431575/32, 0, 0, 0, 0, 0, 0, 0, 0, -12861473625/16, 0, 0, 0, 0, 0, 0, 0, 0, -11876339475/8, 0, 0, 0, 0, 40379865353202375/131072, -12861473625/4, 0, 0, 0, 0, 0, 0, 0, 0, 0, 0, -97327605375/4, 0, 0, 0, 0, 0, 0, -8446613175/2, 0, 0, 0, 0, 0, 0, 0, 0, -951840264375/4, 0, 0, 0, 0, 0, 0, 0, 0, -410125941225/2, 0, 0, 0, 0, 1088355567288614625/16384, -2521122478875/2, 0, 0, 0, 0, 0, 0, 0, 0, 0, 0, -8616366383625/2, 0, 0, 0, 0, 0, 0, -609524390475, 0, 0, 0, 0, 0, 0, 0, 0, -56998128812625, 0, 0, 0, 0, 0, 0, 0, 0, -29214737001450, 0, 0, 0, 0}, {0, 0, 0, 0, 0, 0, 0, 0, 0, 0, 0, 0, 0, 0, 0, 0, 4214184975/1024, 0, 0, 0, 0, -1009419257471625/4194304, 0, 0, 0, 0, 0, 0, 0, 0, 0, 0, 0, 21070924875/1024, 0, 0, 0, 0, 0, 0, 4214184975/1024, 0, 0, 0, 0, 0, 0, 0, 0, 21070924875/256, 0, 0, 0, 0, 0, 0, 0, 0, 161288352225/512, 0, 0, 0, 0, -105258771460717875/2097152, 63212774625/256, 0, 0, 0, 0, 0, 0, 0, 0, 0, 0, 2208616034625/512, 0, 0, 0, 0, 0, 0, 416438097075/512, 0, 0, 0, 0, 0, 0, 0, 0, 1093772554875/32, 0, 0, 0, 0, 0, 0, 0, 0, 5172337395225/128, 0, 0, 0, 0, -5522082874225792875/524288, 649367593875/4, 0, 0, 0, 0, 0, 0, 0, 0, 0, 0, 96361170530625/128, 0, 0, 0, 0, 0, 0, 15116281505325/128, 0, 0, 0, 0, 0, 0, 0, 0, 8692714280250, 0, 0, 0, 0, 0, 0, 0, 0, 180719959144725/32, 0, 0, 0, 0, -71656400438612364375/32768, 788234566494375/16, 0, 0, 0, 0, 0, 0, 0, 0, 0, 0, 4262220937099125/32, 0, 0, 0, 0, 0, 0, 537150360822075/32, 0}, {0, 0, 0, 0, 0, 0, 0, 0, 0, 0, 0, 0, 0, 0, 0, 0, 443918475/1024, 0, 0, 0, 0, -97866641998125/4194304, 0, 0, 0, 0, 0, 0, 0, 0, 0, 0, 0, 2219592375/1024, 0, 0, 0, 0, 0, 0, 443918475/1024, 0, 0, 0, 0, 0, 0, 0, 0, 2219592375/256, 0, 0, 0, 0, 0, 0, 0, 0, 17288496225/512, 0, 0, 0, 0, -10730747880727875/2097152, 6658777125/256, 0, 0, 0, 0, 0, 0, 0, 0, 0, 0, 237131519625/512, 0, 0, 0, 0, 0, 0, 44762793075/512, 0, 0, 0, 0, 0, 0, 0, 0, 117455963625/32, 0, 0, 0, 0, 0, 0, 0, 0, 559477143225/128, 0, 0, 0, 0, -582037000087417875/524288, 279212558625/16, 0, 0, 0, 0, 0, 0, 0, 0, 0, 0, 10441661855625/128, 0, 0, 0, 0, 0, 0, 1641592277325/128, 0, 0, 0, 0, 0, 0, 0, 0, 3769080690375/4, 0, 0, 0, 0, 0, 0, 0, 0, 19699903948725/32, 0, 0, 0, 0, -7703433458697351375/32768, 85602228586875/16, 0, 0, 0, 0, 0, 0, 0, 0, 0, 0, 464870545264125/32, 0, 0, 0, 0, 0, 0, 58733217618075/32, 0}, {19155173412375/524288, 0, 0, 0, 0, 0, 0, 0, 0, 0, 0, 0, 0, 0, 0, 0, 0, 0, 0, -66891825/16, 0, 0, 0, 0, 0, 0, 0, 0, 0, 0, 0, 0, 0, 0, 0, 0, 0, -7315533225/128, 0, 0, 0, 0, 3767278107718125/524288, 0, 0, 0, 0, 0, 0, 0, 0, 0, 0, 0, -28550647125/64, 0, 0, 0, 0, 0, 0, -5272292025/16, 0, 0, 0, 0, 0, 0, 0, 0, -77624922375/32, 0, 0, 0, 0, 0, 0, 0, 0, -65110070025/8, 0, 0, 0, 0, 184890204552178125/131072, -73611412875/8, 0, 0, 0, 0, 0, 0, 0, 0, 0, 0, -1634866608375/16, 0, 0, 0, 0, 0, 0, -65985744825/2, 0, 0, 0, 0, 0, 0, 0, 0, -6846043829625/8, 0, 0, 0, 0, 0, 0, 0, 0, -4492448885925/4, 0, 0, 0, 0, 2304753450146272125/8192, -33788185806375/8, 0, 0, 0, 0, 0, 0, 0, 0, 0, 0, -38218188133125/2, 0, 0, 0, 0, 0, 0, -30905610310575/8, 0, 0, 0, 0, 0, 0, 0, 0, -436745999064375/2, 0, 0, 0, 0, 0, 0, 0, 0, -156268509947550, 0, 0, 0, 0}, {0, 0, 0, 0, 0, 0, 0, 0, 0, 0, 0, 0, 0, 0, 0, 0, -893918025/512, 0, 0, 0, 0, 335261614062375/2097152, 0, 0, 0, 0, 0, 0, 0, 0, 0, 0, 0, -4469590125/512, 0, 0, 0, 0, 0, 0, -7753370625/512, 0, 0, 0, 0, 0, 0, 0, 0, -4469590125/128, 0, 0, 0, 0, 0, 0, 0, 0, -1185809625/4, 0, 0, 0, 0, 2489763256855875/65536, -13408770375/128, 0, 0, 0, 0, 0, 0, 0, 0, 0, 0, -392502985875/128, 0, 0, 0, 0, 0, 0, -45881710875/32, 0, 0, 0, 0, 0, 0, 0, 0, -677644592625/32, 0, 0, 0, 0, 0, 0, 0, 0, -343063846125/8, 0, 0, 0, 0, 1115812539095128875/131072, -3014784147375/32, 0, 0, 0, 0, 0, 0, 0, 0, 0, 0, -20353510051875/32, 0, 0, 0, 0, 0, 0, -1293171004125/8, 0, 0, 0, 0, 0, 0, 0, 0, -50415973232625/8, 0, 0, 0, 0, 0, 0, 0, 0, -12251146532625/2, 0, 0, 0, 0, 30052994783485298625/16384, -270564084165375/8, 0, 0, 0, 0, 0, 0, 0, 0, 0, 0, -952207226845875/8, 0, 0, 0, 0, 0, 0, -40860536842125/2, 0}, {-60785787187125/2097152, 0, 0, 0, 0, 0, 0, 0, 0, 0, 0, 0, 0, 0, 0, 0, 0, 0, 0, 4214184975/1024, 0, 0, 0, 0, 0, 0, 0, 0, 0, 0, 0, 0, 0, 0, 0, 0, 0, 58615481925/1024, 0, 0, 0, 0, -13252621412905875/2097152, 0, 0, 0, 0, 0, 0, 0, 0, 0, 0, 0, 28733079375/64, 0, 0, 0, 0, 0, 0, 173547799425/512, 0, 0, 0, 0, 0, 0, 0, 0, 626381130375/256, 0, 0, 0, 0, 0, 0, 0, 0, 539032569075/64, 0, 0, 0, 0, -89123106704506875/65536, 1189549486125/128, 0, 0, 0, 0, 0, 0, 0, 0, 0, 0, 3396249982125/32, 0, 0, 0, 0, 0, 0, 1113694156575/32, 0, 0, 0, 0, 0, 0, 0, 0, 56954709937125/64, 0, 0, 0, 0, 0, 0, 0, 0, 38080524757275/32, 0, 0, 0, 0, -75602796007577713875/262144, 282095626687875/64, 0, 0, 0, 0, 0, 0, 0, 0, 0, 0, 649177955551125/32, 0, 0, 0, 0, 0, 0, 265294820515725/64, 0, 0, 0, 0, 0, 0, 0, 0, 3711239238081375/16, 0, 0, 0, 0, 0, 0, 0, 0, 673812548484075/4, 0, 0, 0, 0}, {-5630619369375/2097152, 0, 0, 0, 0, 0, 0, 0, 0, 0, 0, 0, 0, 0, 0, 0, 0, 0, 0, 443918475/1024, 0, 0, 0, 0, 0, 0, 0, 0, 0, 0, 0, 0, 0, 0, 0, 0, 0, 6220939725/1024, 0, 0, 0, 0, -1301325208808625/2097152, 0, 0, 0, 0, 0, 0, 0, 0, 0, 0, 0, 6111480375/128, 0, 0, 0, 0, 0, 0, 18626332725/512, 0, 0, 0, 0, 0, 0, 0, 0, 66678987375/256, 0, 0, 0, 0, 0, 0, 0, 0, 57995212275/64, 0, 0, 0, 0, -36706743843895125/262144, 126699197625/128, 0, 0, 0, 0, 0, 0, 0, 0, 0, 0, 91489773375/8, 0, 0, 0, 0, 0, 0, 120751906275/32, 0, 0, 0, 0, 0, 0, 0, 0, 6140031022125/64, 0, 0, 0, 0, 0, 0, 0, 0, 4136158701675/32, 0, 0, 0, 0, -8019107672752551375/262144, 30455148598875/64, 0, 0, 0, 0, 0, 0, 0, 0, 0, 0, 70565250380625/32, 0, 0, 0, 0, 0, 0, 28957781177325/64, 0, 0, 0, 0, 0, 0, 0, 0, 403492248534375/16, 0, 0, 0, 0, 0, 0, 0, 0, 73680354022275/4, 0, 0, 0, 0}, {0, 0, 0, 0, 0, 0, 0, 0, 0, 0, 0, 0, 0, 0, 0, 0, 0, 0, 0, 0, 0, -4104725625/128, 0, 0, 0, 0, 0, 0, 0, 0, 0, 0, 0, 0, 0, 0, 0, 0, 0, 0, 0, 0, 0, 0, 0, 0, 0, 0, 0, 0, 0, 0, 0, 0, 0, 0, 0, 0, 0, 0, 0, 0, 0, -59928994125/32, 0, 0, 0, 0, 0, 0, 0, 0, 0, 0, 0, 0, 0, 0, 0, 0, 0, 0, 0, 0, 0, 0, 0, 0, 0, 0, 0, 0, 0, 0, 0, 0, 0, 0, 0, 0, 0, 0, 0, 0, 0, -907144363125/8, 0, 0, 0, 0, 0, 0, 0, 0, 0, 0, 0, 0, 0, 0, 0, 0, 0, 0, 0, 0, 0, 0, 0, 0, 0, 0, 0, 0, 0, 0, 0, 0, 0, 0, 0, 0, 0, 0, 0, 0, 0, -14048833924125/2, 0, 0, 0, 0, 0, 0, 0, 0, 0, 0, 0, 0, 0, 0, 0, 0, 0, 0, 0, 0}, {-893918025/512, 0, 0, 0, 0, 0, 0, 0, 0, 0, 0, 0, 0, 0, 0, 0, 0, 0, 0, 0, 0, 0, 0, 0, 0, 0, 0, 0, 0, 0, 0, 0, 0, 0, 0, 0, 0, 0, 0, 0, 0, 0, -3447969525/32, 0, 0, 0, 0, 0, 0, 0, 0, 0, 0, 0, 0, 0, 0, 0, 0, 0, 0, 0, 0, 0, 0, 0, 0, 0, 0, 0, 0, 0, 0, 0, 0, 0, 0, 0, 0, 0, 0, 0, 0, 0, -54018189225/8, 0, 0, 0, 0, 0, 0, 0, 0, 0, 0, 0, 0, 0, 0, 0, 0, 0, 0, 0, 0, 0, 0, 0, 0, 0, 0, 0, 0, 0, 0, 0, 0, 0, 0, 0, 0, 0, 0, 0, 0, 0, -853947119025/2, 0, 0, 0, 0, 0, 0, 0, 0, 0, 0, 0, 0, 0, 0, 0, 0, 0, 0, 0, 0, 0, 0, 0, 0, 0, 0, 0, 0, 0, 0, 0, 0, 0, 0, 0, 0, 0, 0, 0, 0, 0}, {0, 0, 0, 0, 0, 0, 0, 0, 0, 0, 0, 0, 0, 0, 0, 0, 0, 0, 0, 0, 0, 33330372075/1024, 0, 0, 0, 0, 0, 0, 0, 0, 0, 0, 0, 0, 0, 0, 0, 0, 0, 0, 0, 0, 0, 0, 0, 0, 0, 0, 0, 0, 0, 0, 0, 0, 0, 0, 0, 0, 0, 0, 0, 0, 0, 506851520175/256, 0, 0, 0, 0, 0, 0, 0, 0, 0, 0, 0, 0, 0, 0, 0, 0, 0, 0, 0, 0, 0, 0, 0, 0, 0, 0, 0, 0, 0, 0, 0, 0, 0, 0, 0, 0, 0, 0, 0, 0, 0, 7871714425575/64, 0, 0, 0, 0, 0, 0, 0, 0, 0, 0, 0, 0, 0, 0, 0, 0, 0, 0, 0, 0, 0, 0, 0, 0, 0, 0, 0, 0, 0, 0, 0, 0, 0, 0, 0, 0, 0, 0, 0, 0, 0, 123806241734175/16, 0, 0, 0, 0, 0, 0, 0, 0, 0, 0, 0, 0, 0, 0, 0, 0, 0, 0, 0, 0}, {0, 0, 0, 0, 0, 0, 0, 0, 0, 0, 0, 0, 0, 0, 0, 0, 0, 0, 0, 0, 0, 3557428875/1024, 0, 0, 0, 0, 0, 0, 0, 0, 0, 0, 0, 0, 0, 0, 0, 0, 0, 0, 0, 0, 0, 0, 0, 0, 0, 0, 0, 0, 0, 0, 0, 0, 0, 0, 0, 0, 0, 0, 0, 0, 0, 55003323375/256, 0, 0, 0, 0, 0, 0, 0, 0, 0, 0, 0, 0, 0, 0, 0, 0, 0, 0, 0, 0, 0, 0, 0, 0, 0, 0, 0, 0, 0, 0, 0, 0, 0, 0, 0, 0, 0, 0, 0, 0, 0, 862813326375/64, 0, 0, 0, 0, 0, 0, 0, 0, 0, 0, 0, 0, 0, 0, 0, 0, 0, 0, 0, 0, 0, 0, 0, 0, 0, 0, 0, 0, 0, 0, 0, 0, 0, 0, 0, 0, 0, 0, 0, 0, 0, 13649854593375/16, 0, 0, 0, 0, 0, 0, 0, 0, 0, 0, 0, 0, 0, 0, 0, 0, 0, 0, 0, 0}, {0, 0, 0, 0, 0, 0, 0, 0, 0, 0, 0, 0, 0, 0, 0, 0, 0, 0, 0, 0, 0, 122144320423125/524288, 0, 0, 0, 0, 0, 0, 0, 0, 0, 0, 0, 0, 0, 0, 0, 0, 0, 0, -4104725625/128, 0, 0, 0, 0, 0, 0, 0, 0, 0, 0, 0, 0, 0, 0, 0, 0, 0, -12314176875/32, 0, 0, 0, 0, 25031184134331375/524288, 0, 0, 0, 0, 0, 0, 0, 0, 0, 0, 0, -184712653125/64, 0, 0, 0, 0, 0, 0, -156800518875/64, 0, 0, 0, 0, 0, 0, 0, 0, -61570884375/4, 0, 0, 0, 0, 0, 0, 0, 0, -229043689875/4, 0, 0, 0, 0, 1249124834329997625/131072, -923563265625/16, 0, 0, 0, 0, 0, 0, 0, 0, 0, 0, -11144330071875/16, 0, 0, 0, 0, 0, 0, -964610521875/4, 0, 0, 0, 0, 0, 0, 0, 0, -11390613609375/2, 0, 0, 0, 0, 0, 0, 0, 0, -15946859053125/2, 0, 0, 0, 0, 63088427220344150625/32768, -55598508590625/2, 0, 0, 0, 0, 0, 0, 0, 0, 0, 0, -529694318278125/4, 0, 0, 0, 0, 0, 0, -111797128067625/4, 0}, {7213279948875/2097152, 0, 0, 0, 0, 0, 0, 0, 0, 0, 0, 0, 0, 0, 0, 0, 0, 0, 0, -893918025/512, 0, 0, 0, 0, 0, 0, 0, 0, 0, 0, 0, 0, 0, 0, 0, 0, 0, -2681754075/256, 0, 0, 0, 0, 2427515488022625/2097152, 0, 0, 0, 0, 0, 0, 0, 0, 0, 0, 0, -13408770375/256, 0, 0, 0, 0, 0, 0, -30265510275/256, 0, 0, 0, 0, 0, 0, 0, 0, -13408770375/64, 0, 0, 0, 0, 0, 0, 0, 0, -4214184975/2, 0, 0, 0, 0, 139783607016928875/524288, -40226311125/64, 0, 0, 0, 0, 0, 0, 0, 0, 0, 0, -1335130421625/64, 0, 0, 0, 0, 0, 0, -172781583975/16, 0, 0, 0, 0, 0, 0, 0, 0, -2243095729875/16, 0, 0, 0, 0, 0, 0, 0, 0, -1234756197675/4, 0, 0, 0, 0, 7774344416833619625/131072, -9832459762125/16, 0, 0, 0, 0, 0, 0, 0, 0, 0, 0, -71076060680625/16, 0, 0, 0, 0, 0, 0, -4770074283975/4, 0, 0, 0, 0, 0, 0, 0, 0, -171699304651875/4, 0, 0, 0, 0, 0, 0, 0, 0, -44138990320425, 0, 0, 0, 0}, {0, 0, 0, 0, 0, 0, 0, 0, 0, 0, 0, 0, 0, 0, 0, 0, 0, 0, 0, 0, 0, -794348965785375/4194304, 0, 0, 0, 0, 0, 0, 0, 0, 0, 0, 0, 0, 0, 0, 0, 0, 0, 0, 33330372075/1024, 0, 0, 0, 0, 0, 0, 0, 0, 0, 0, 0, 0, 0, 0, 0, 0, 0, 99991116225/256, 0, 0, 0, 0, -180879096347074125/4194304, 0, 0, 0, 0, 0, 0, 0, 0, 0, 0, 0, 1499866743375/512, 0, 0, 0, 0, 0, 0, 1313676389025/512, 0, 0, 0, 0, 0, 0, 0, 0, 499955581125/32, 0, 0, 0, 0, 0, 0, 0, 0, 1920519025425/32, 0, 0, 0, 0, -9813870706785019875/1048576, 7499333716875/128, 0, 0, 0, 0, 0, 0, 0, 0, 0, 0, 93526173365625/128, 0, 0, 0, 0, 0, 0, 8237199195225/32, 0, 0, 0, 0, 0, 0, 0, 0, 95525995690125/16, 0, 0, 0, 0, 0, 0, 0, 0, 136467185829975/16, 0, 0, 0, 0, -523585875796968859875/262144, 467389508961375/16, 0, 0, 0, 0, 0, 0, 0, 0, 0, 0, 4534752279432375/32, 0, 0, 0, 0, 0, 0, 967607135770275/32, 0}, {0, 0, 0, 0, 0, 0, 0, 0, 0, 0, 0, 0, 0, 0, 0, 0, 0, 0, 0, 0, 0, -74780712381375/4194304, 0, 0, 0, 0, 0, 0, 0, 0, 0, 0, 0, 0, 0, 0, 0, 0, 0, 0, 3557428875/1024, 0, 0, 0, 0, 0, 0, 0, 0, 0, 0, 0, 0, 0, 0, 0, 0, 0, 10672286625/256, 0, 0, 0, 0, -18043417993726125/4194304, 0, 0, 0, 0, 0, 0, 0, 0, 0, 0, 0, 160084299375/512, 0, 0, 0, 0, 0, 0, 142023506625/512, 0, 0, 0, 0, 0, 0, 0, 0, 53361433125/32, 0, 0, 0, 0, 0, 0, 0, 0, 207699116625/32, 0, 0, 0, 0, -1020745459270411875/1048576, 800421496875/128, 0, 0, 0, 0, 0, 0, 0, 0, 0, 0, 10118148665625/128, 0, 0, 0, 0, 0, 0, 897293021625/32, 0, 0, 0, 0, 0, 0, 0, 0, 10331594398125/16, 0, 0, 0, 0, 0, 0, 0, 0, 14877988500375/16, 0, 0, 0, 0, -55888990453348927875/262144, 50598952779375/16, 0, 0, 0, 0, 0, 0, 0, 0, 0, 0, 494467562964375/32, 0, 0, 0, 0, 0, 0, 105953640667875/32, 0}}
LOWER_BASE_IDEAL={-6*b^2-6*b*c-3*c^2+3, -8*b^3-18*b^2*c-12*b*c^2-2*c^3, -3*b^4-18*b^3*c-18*b^2*c^2-6*b*c^3-3, -6*b^4*c-12*b^3*c^2-6*b^2*c^3, -3*b^4*c^2-2*b^3*c^3+1} POWER=3 LOWER_BASIS={1, b, b^2, b^3, b^4, b^5, b^4*c, b^3*c, b^3*c^2, b^2*c, b^2*c^2, b^2*c^3, b^2*c^4, b*c, b*c^2, b*c^3, b*c^4, b*c^5, c, c^2, c^3, c^4, c^5, c^6}
UPPER_RELATIONS_QQ={{28/43, 0, 0, 0, 0, 0, 0, 0, 0, 0, 0, 0, 84/43, 0, 0, 0, 0, 144/215, 0, 0, 0, 0, 168/215, 0, 252/43, 0, 72/43, -306/43, 0, -432/215, 0, -108/43, 0, 0, -504/215, 0, 0, 0, 0, 0, 0, 0, 0, 0, 0, 0, 0, 0, -504/43, 0, -144/43, 612/43, 0, 864/215, 0, 216/43, 0, 0, 1008/215, 0, 0, 0, 0, 0, 0, 0, 0, 0, 0, 0, 0, 0, 252/43, 0, 72/43, -306/43, 0, -432/215, 0, -108/43, 0, 0, -504/215, 0, 0, 0, 0, 0, -21/86, 0, 0, 0, -147/172, -113/86, 0, 2597/4300, 42/43, 0, 102/43, 84/43, 0, -162/215, 0, 87/43, 0, 0, -189/215, 0, 0, 513/215, 0, 0, -963/1075, 0, 997/430, 0, -8247/2150, -13783/2150, 0, -20223/10750, 42/43, 0, -114/43, -240/43, 0, 54/215, 0, -165/43, 0, 0, 63/215, 0, 0, -45/43, 0, 0, 27/43, 0, -225/86, 0, 303/86, 687/86, 0, 567/430, -84/43, 0, 273/430, -1053/430, 0, -684/215, 0, -923/860, 0, 0, -3313/860, 0, 1134/43, 0, 378/43, -1296/43, 0, -1998/215, 0, -423/43, 0, 0, -2331/215, 0, 0, -45/43, 0, 0, 27/43, 0, -225/86, 0, 303/86, 687/86, 0, 567/430, -546/43, 0, -246/43, 528/43, 0, 1026/215, 0, 3, 0, 0, 1197/215, 0, 0, -3/430, 0, 0, -471/1075, 0, -407/860, 0, 238/1075, 7603/4300, 0, -1833/5375, -126/43, 0, 126/43, 396/43, 0, 54/215, 0, 243/43, 0, 0, 63/215, 0, 0, -63/215, 0, 0, -9/25, 0, 1253/430, 0, -6903/2150, -20567/2150, 0, -189/250, 7/86, 0, -267/215, 247/215, 0, 5139/2150, 0, -169/1290, 0, 0, 3929/1075, 0, 210/43, 0, 186/43, -66/43, 0, -486/215, 0, 57/43, 0, 0, -567/215, 0}, {0, 196/215, 0, 0, 0, 0, 686/645, 0, 0, 0, 0, 0, 0, 588/215, 0, 0, 0, 0, 686/215, 0, 0, 0, 0, 12474/5375, 0, 1764/215, 0, 0, -3564/1075, 0, 2058/215, 0, -16158/1075, -29262/1075, 0, -37422/5375, 0, 0, 0, 0, 0, 0, 0, 0, 0, 0, 0, 0, 0, -3528/215, 0, 0, 7128/1075, 0, -4116/215, 0, 32316/1075, 58524/1075, 0, 74844/5375, 0, 0, 0, 0, 0, 0, 0, 0, 0, 0, 0, 0, 0, 1764/215, 0, 0, -3564/1075, 0, 2058/215, 0, -16158/1075, -29262/1075, 0, -37422/5375, 0, 0, 0, 0, 0, 0, 0, 0, 0, 0, 0, 0, 0, 0, 0, 0, 0, 0, 0, 0, 0, 0, 0, 0, 0, 0, 0, 0, 0, 0, 0, 0, 0, 0, 0, 0, 0, 0, 0, 0, 0, 0, 0, 0, 0, 0, 0, 0, 0, 0, 0, 0, 0, 0, 0, 0, 0, 0, 0, 0, 0, -588/215, 0, 0, -1188/1075, 0, -686/215, 0, -5386/1075, -9754/1075, 0, -37422/5375, 0, 7056/215, 0, 0, -14256/1075, 0, 8232/215, 0, -64632/1075, -117048/1075, 0, -149688/5375, 0, 0, 0, 0, 0, 0, 0, 0, 0, 0, 0, 0, 0, -3528/215, 0, 0, 7128/1075, 0, -4116/215, 0, 32316/1075, 58524/1075, 0, 74844/5375, 0, 0, 0, 0, 0, 0, 0, 0, 0, 0, 0, 0, 0, 0, 0, 0, 0, 0, 0, 0, 0, 0, 0, 0, 0, 0, 0, 0, 0, 0, 0, 0, 0, 0, 0, 0, 0, 0, 0, 0, 1188/1075, 0, 0, 0, 5386/1075, 9754/1075, 0, 24948/5375, 0, 1764/215, 0, 0, -3564/1075, 0, 2058/215, 0, -16158/1075, -29262/1075, 0, -37422/5375}, {0, 0, 276/215, 64/215, 0, 0, 0, 886/645, 0, 0, 0, 0, -168/43, 0, 828/215, 192/215, 0, -1719/1075, 0, 886/215, 0, 0, -5213/1075, 0, -1008/43, 0, -504/43, 900/43, 0, 1944/215, 0, 180/43, 0, 0, 2268/215, 0, 0, -54/5, 0, 0, 3222/1075, 0, -709/215, 0, 9759/1075, 6151/1075, 0, 33831/5375, 1386/43, 0, 882/43, -954/43, 0, -2862/215, 0, -27/43, 0, 0, -3339/215, 0, 0, 1746/215, 0, 0, -2646/1075, 0, 837/215, 0, -9087/1075, -9543/1075, 0, -27783/5375, -546/43, 0, -354/43, 366/43, 0, 1134/215, 0, 3/43, 0, 0, 1323/215, 0, 0, 0, 0, 0, -1599/1075, 0, 0, 0, -10181/2150, -14626/3225, 0, -32123/10750, 84/43, 0, 204/43, 168/43, 0, -324/215, 0, 174/43, 0, 0, -378/215, 0, 0, 1134/43, 0, 0, -1674/215, 0, 483/43, 0, -5553/215, -5217/215, 0, -17577/1075, 84/43, 0, -228/43, -480/43, 0, 108/215, 0, -330/43, 0, 0, 126/215, 0, 0, -2772/215, 0, 0, 4572/1075, 0, -1834/215, 0, 17334/1075, 23326/1075, 0, 48006/5375, 0, 0, -2253/215, -327/215, 0, 738/1075, 0, -99/10, 0, 0, 13947/2150, 0, -1260/43, 0, -1332/43, 72/43, 0, 3132/215, 0, -594/43, 0, 0, 3654/215, 0, 0, -3942/215, 0, 0, 6642/1075, 0, -2799/215, 0, 25749/1075, 36261/1075, 0, 69741/5375, 378/43, 0, 378/43, -54/43, 0, -918/215, 0, 153/43, 0, 0, -1071/215, 0, 0, -117/43, 0, 0, 822/1075, 0, -193/86, 0, 6534/1075, 20327/2150, 0, 24117/5375, -252/43, 0, 252/43, 792/43, 0, 108/215, 0, 486/43, 0, 0, 126/215, 0, 0, 324/43, 0, 0, -684/215, 0, 418/43, 0, -3198/215, -6022/215, 0, -7182/1075, 21/43, 0, 874/215, -54/215, 0, 54/43, 0, 53/15, 0, 0, 46/215, 0, -168/43, 0, 24/43, 312/43, 0, 216/215, 0, 156/43, 0, 0, 252/215, 0}, {0, 0, 0, 0, 988/1075, 0, 0, 0, 1658/3225, -1196/1075, 0, 0, 0, -1176/215, 0, 0, 2964/1075, 0, -1372/215, 0, 1658/1075, -3588/1075, 0, -103254/5375, 0, -7056/215, 0, 0, 14256/1075, 0, -8232/215, 0, 64632/1075, 117048/1075, 0, 149688/5375, -672/43, 0, -768/43, -48/43, 0, 1728/215, 0, -384/43, 0, 0, 2016/215, 0, 0, 8856/215, 0, 0, -19656/1075, 0, 12732/215, 0, -94932/1075, -185748/1075, 0, -206388/5375, 0, 0, 864/43, 1296/43, 0, -864/215, 0, 1008/43, 0, 0, -1008/215, 0, 0, -4104/215, 0, 0, 7704/1075, 0, -3988/215, 0, 32988/1075, 55132/1075, 0, 80892/5375, -224/43, 0, 0, 0, 0, -576/215, 0, 0, 0, 0, -672/215, 0, 0, 0, 0, 0, 0, 0, 0, 0, 0, 0, 0, 0, 1344/43, 0, 1536/43, 96/43, 0, -3456/215, 0, 768/43, 0, 0, -4032/215, 0, 0, 0, 0, 0, 0, 0, 0, 0, 0, 0, 0, 0, -672/43, 0, -768/43, -48/43, 0, 1728/215, 0, -384/43, 0, 0, 2016/215, 0, 0, 0, 0, 0, -96/25, 0, 0, 0, 6784/1075, 30076/1075, 0, 194412/5375, 0, -1440/43, 0, 0, 864/43, 0, -3600/43, 0, 4848/43, 10992/43, 0, 9072/215, 0, 0, -1728/43, -2592/43, 0, 1728/215, 0, -2016/43, 0, 0, 2016/215, 0, 0, 2952/215, 0, 0, -6552/1075, 0, 4244/215, 0, -31644/1075, -61916/1075, 0, -68796/5375, 0, 0, -288/43, -432/43, 0, 576/215, 0, -336/43, 0, 0, 672/215, 0, 0, 0, 0, 0, 0, 0, 0, 0, 0, 0, 0, 0, 0, 0, 864/43, 1296/43, 0, -864/215, 0, 1008/43, 0, 0, -1008/215, 0, 0, 192/215, 0, 0, 12/5, 0, -128/645, 0, 242/215, -796/645, 0, -84354/5375, 0, -1152/215, 0, 0, 1152/1075, 0, 256/215, 0, 1344/1075, -6784/1075, 0, 12096/5375}, {0, 0, 0, 0, 0, 1964/1075, 0, 0, 0, 0, 8134/3225, 0, 0, 0, -1656/215, -384/215, 0, -3708/1075, 0, -1772/215, 0, 0, -856/1075, 0, 1008/43, 0, 720/43, -576/43, 0, -432/43, 0, 72/43, 0, 0, -504/43, 0, 0, 5832/215, 0, 0, -9432/1075, 0, 3604/215, 0, -35004/1075, -44956/1075, 0, -99036/5375, -504/43, 0, -792/43, -360/43, 0, 1512/215, 0, -540/43, 0, 0, 1764/215, 0, 0, -3528/215, 0, 0, 7128/1075, 0, -4116/215, 0, 32316/1075, 58524/1075, 0, 74844/5375, 168/43, 0, -24/43, -312/43, 0, -216/215, 0, -156/43, 0, 0, -252/215, 0, 0, -1568/215, 0, 0, -5508/1075, 0, -5488/645, 0, 10322/3225, 15836/1075, 0, 132578/5375, 1344/43, 0, 672/43, -1200/43, 0, -2592/215, 0, -240/43, 0, 0, -3024/215, 0, 0, -4104/215, 0, 0, 7704/1075, 0, -3988/215, 0, 32988/1075, 55132/1075, 0, 80892/5375, -672/43, 0, -768/43, -48/43, 0, 1728/215, 0, -384/43, 0, 0, 2016/215, 0, 0, 576/215, 0, 0, -576/1075, 0, -128/215, 0, -672/1075, 3392/1075, 0, -6048/5375, -84/43, 0, 528/215, 432/215, 0, 252/43, 0, 856/215, 0, 0, 1712/215, 0, 0, 0, 864/43, 1296/43, 0, -864/215, 0, 1008/43, 0, 0, -1008/215, 0, 0, 360/43, 0, 0, -216/43, 0, 900/43, 0, -1212/43, -2748/43, 0, -2268/215, -168/43, 0, 24/43, 312/43, 0, 216/215, 0, 156/43, 0, 0, 252/215, 0, 0, 588/215, 0, 0, 1776/1075, 0, 686/215, 0, -3728/1075, -13342/1075, 0, -18156/1075, 0, 0, 864/43, 1296/43, 0, -864/215, 0, 1008/43, 0, 0, -1008/215, 0, 0, -576/215, 0, 0, 576/1075, 0, 128/215, 0, 672/1075, -3392/1075, 0, 6048/5375, 0, 0, -156/215, 116/215, 0, 444/1075, 0, -466/645, 0, 0, 2078/1075, 0, 0, 0, 0, 0, 0, 0, 0, 0, 0, 0, 0, 0}, {0, 0, 0, 0, 0, 0, 0, 0, 0, 0, 0, -3926/16125, 0, 0, 0, 0, -5928/1075, 0, 0, 0, -3316/1075, 7176/1075, 0, 156612/5375, 0, 7056/215, 0, 0, -14256/1075, 0, 8232/215, 0, -64632/1075, -117048/1075, 0, -149688/5375, 1344/43, 0, 1536/43, 96/43, 0, -3456/215, 0, 768/43, 0, 0, -4032/215, 0, 0, -720/43, 0, 0, 432/43, 0, -1800/43, 0, 2424/43, 5496/43, 0, 4536/215, 0, 0, -1728/43, -2592/43, 0, 1728/215, 0, -2016/43, 0, 0, 2016/215, 0, 0, 1152/215, 0, 0, -1152/1075, 0, -256/215, 0, -1344/1075, 6784/1075, 0, -12096/5375, 0, 0, -2208/215, -512/215, 0, -9672/1075, 0, -7088/645, 0, 0, -10584/1075, 0, 0, 1872/43, 0, 0, -3312/215, 0, 1544/43, 0, -13464/215, -20696/215, 0, -34776/1075, -336/43, 0, -1680/43, -1968/43, 0, 432/43, 0, -1704/43, 0, 0, 504/43, 0, 0, -4752/215, 0, 0, 11952/1075, 0, -8744/215, 0, 61944/1075, 130616/1075, 0, 125496/5375, 336/43, 0, -48/43, -624/43, 0, -432/215, 0, -312/43, 0, 0, -504/215, 0, 0, -588/215, 0, 0, -1452/1075, 0, -686/215, 0, -5194/1075, -18066/1075, 0, -112626/5375, 0, 144/215, 0, 0, -7344/1075, 0, 9768/215, 0, -56568/1075, -157752/1075, 0, -77112/5375, -1008/43, 0, 1872/43, 4464/43, 0, -432/215, 0, 2952/43, 0, 0, -504/215, 0, 0, -1152/215, 0, 0, 1152/1075, 0, 256/215, 0, 1344/1075, -6784/1075, 0, 12096/5375, 0, 0, 288/43, 432/43, 0, 12744/1075, 0, 336/43, 0, 0, 26648/1075, 0, 0, 144/215, 0, 0, -7344/1075, 0, 9768/215, 0, -56568/1075, -157752/1075, 0, -77112/5375, -336/43, 0, 48/43, 624/43, 0, 432/215, 0, 312/43, 0, 0, 504/215, 0, 0, 4/215, 0, 0, -612/215, 0, 814/645, 0, -3722/645, -6758/645, 0, 8362/5375, 0, 0, 0, 0, 0, 0, 0, 0, 0, 0, 0, 0}, {0, 0, 0, 0, 0, 0, 0, 0, 0, 0, 0, 68018/16125, 0, 0, 0, 0, -19896/1075, 0, 0, 0, -20912/1075, 10332/1075, 0, 495144/5375, 0, 17712/215, 0, 0, -39312/1075, 0, 25464/215, 0, -189864/1075, -371496/1075, 0, -412776/5375, 4368/43, 0, 6288/43, 2256/43, 0, -12528/215, 0, 4008/43, 0, 0, -14616/215, 0, 0, 3168/215, 0, 0, 11232/1075, 0, -20304/215, 0, 109104/1075, 335856/1075, 0, 117936/5375, 1008/43, 0, -7056/43, -12240/43, 0, 5616/215, 0, -9000/43, 0, 0, 6552/215, 0, 0, -2448/215, 0, 0, 9648/1075, 0, -9256/215, 0, 59256/1075, 144184/1075, 0, 101304/5375, 0, 0, -7784/215, -3456/215, 0, -62304/1075, 0, -29644/645, 0, 0, -78548/1075, 0, 0, 1008/5, 0, 0, -79344/1075, 0, 39368/215, 0, -332568/1075, -537752/1075, 0, -833112/5375, 2016/43, 0, -5472/43, -11520/43, 0, 2592/215, 0, -7920/43, 0, 0, 3024/215, 0, 0, -20304/215, 0, 0, 56304/1075, 0, -44488/215, 0, 305688/1075, 673432/1075, 0, 591192/5375, 336/43, 0, -1776/43, -3216/43, 0, 1296/215, 0, -2328/43, 0, 0, 1512/215, 0, 0, -3828/215, 0, 0, -21996/1075, 0, -4866/215, 0, -15862/1075, -29618/1075, 0, -24174/1075, 0, -17136/215, 0, 0, 9936/1075, 0, 13608/215, 0, -36408/1075, -259512/1075, 0, 104328/5375, -6048/43, 0, 6048/43, 19008/43, 0, 2592/215, 0, 11664/43, 0, 0, 3024/215, 0, 0, 144/215, 0, 0, -7344/1075, 0, 9768/215, 0, -56568/1075, -157752/1075, 0, -77112/5375, -168/43, 0, 2784/215, 7656/215, 0, 73944/1075, 0, 4048/215, 0, 0, 154528/1075, 0, 0, -2736/215, 0, 0, -33264/1075, 0, 49608/215, 0, -278808/1075, -809112/1075, 0, -349272/5375, -1680/43, 0, 1968/43, 5712/43, 0, 432/215, 0, 3576/43, 0, 0, 504/215, 0, 0, 140/43, 0, 0, -252/25, 0, 350/43, 0, -96226/3225, -66038/1075, 0, -134206/5375, 0, -2304/215, 0, 0, 2304/1075, 0, 512/215, 0, 2688/1075, -13568/1075, 0, 24192/5375}, {0, 0, 0, 0, 0, 1324/215, 0, 0, 0, 0, 2112/215, 0, 0, 0, -3768/215, -2112/215, 0, -25416/1075, 0, -5196/215, 0, 0, -25132/1075, 0, 2016/43, 0, 2304/43, 144/43, 0, -5184/215, 0, 1152/43, 0, 0, -6048/215, 0, 0, 19872/215, 0, 0, -34272/1075, 0, 15184/215, 0, -135984/1075, -200176/1075, 0, -359856/5375, 1008/43, 0, -1872/43, -4464/43, 0, 432/215, 0, -2952/43, 0, 0, 504/215, 0, 0, -10656/215, 0, 0, 25056/1075, 0, -17232/215, 0, 125232/1075, 254448/1075, 0, 263088/5375, -336/43, 0, -816/43, -672/43, 0, 1296/215, 0, -696/43, 0, 0, 1512/215, 0, 0, -4328/215, 0, 0, -28428/1075, 0, -6116/215, 0, -19798/3225, 131528/3225, 0, 499078/5375, 5712/43, 0, 3504/43, -96, 0, -11664/215, 0, -264/43, 0, 0, -13608/215, 0, 0, -1080/43, 0, 0, 648/43, 0, -2700/43, 0, 3636/43, 8244/43, 0, 6804/215, -2352/43, 0, -3984/43, -2112/43, 0, 7344/215, 0, -2856/43, 0, 0, 8568/215, 0, 0, -2952/215, 0, 0, 6552/1075, 0, -4244/215, 0, 31644/1075, 61916/1075, 0, 68796/5375, -504/43, 0, -3588/215, 1188/215, 0, 33048/1075, 0, -1546/215, 0, 0, 60906/1075, 0, -3024/43, 0, 1296/43, 6912/43, 0, 3024/215, 0, 3816/43, 0, 0, 3528/215, 0, 0, -1512/215, 0, 0, -216/25, 0, 15036/215, 0, -82836/1075, -246804/1075, 0, -2268/125, 0, 0, 864/43, 1296/43, 0, -864/215, 0, 1008/43, 0, 0, -1008/215, 0, 0, 12/215, 0, 0, 8016/1075, 0, 814/215, 0, 452/1075, -32222/1075, 0, -316548/5375, -1008/43, 0, 4464/43, 8352/43, 0, -3024/215, 0, 5976/43, 0, 0, -3528/215, 0, 0, 648/215, 0, 0, -4248/1075, 0, 4756/215, 0, -28956/1075, -75484/1075, 0, -44604/5375, 84/43, 0, 1256/215, 384/215, 0, 4188/1075, 0, 2716/645, 0, 0, 9216/1075, 0, -336/43, 0, 48/43, 624/43, 0, 432/215, 0, 312/43, 0, 0, 504/215, 0}, {0, 0, 0, 0, 0, 0, 0, 0, 0, 0, 0, 3526/375, 0, 0, 0, 0, -23556/1075, 0, 0, 0, -32382/1075, 4252/1075, 0, 698154/5375, 0, 21312/215, 0, 0, -50112/1075, 0, 34464/215, 0, -250464/1075, -508896/1075, 0, -526176/5375, 5712/43, 0, 10416/43, 6240/43, 0, -432/5, 0, 7800/43, 0, 0, -504/5, 0, 0, 15336/215, 0, 0, -4536/1075, 0, -18108/215, 0, 66708/1075, 328212/1075, 0, -47628/5375, 3024/43, 0, -11664/43, -22464/43, 0, 7344/215, 0, -15912/43, 0, 0, 8568/215, 0, 0, -6696/215, 0, 0, 24696/1075, 0, -23012/215, 0, 148812/1075, 357068/1075, 0, 259308/5375, 0, 0, -10096/215, -5664/215, 0, -3312/25, 0, -44936/645, 0, 0, -196592/1075, 0, 0, 79776/215, 0, 0, -151776/1075, 0, 80272/215, 0, -657072/1075, -1116208/1075, 0, -1593648/5375, 8064/43, 0, -6336/43, -22752/43, 0, -5184/215, 0, -13536/43, 0, 0, -6048/215, 0, 0, -33696/215, 0, 0, 105696/1075, 0, -90512/215, 0, 603312/1075, 1387568/1075, 0, 1109808/5375, -336/43, 0, -6000/43, -8448/43, 0, 1296/43, 0, -6744/43, 0, 0, 1512/43, 0, 0, -5328/215, 0, 0, -14112/215, 0, -8616/215, 0, -13584/215, -10596/215, 0, 80676/5375, 0, -20736/215, 0, 0, 20736/1075, 0, 4608/215, 0, 24192/1075, -122112/1075, 0, 217728/5375, -12096/43, 0, 6912/43, 30240/43, 0, 10368/215, 0, 17280/43, 0, 0, 12096/215, 0, 0, -8424/215, 0, 0, -2376/1075, 0, 16572/215, 0, -74772/1075, -287508/1075, 0, -24948/5375, -336/43, 0, -864/215, 7104/215, 0, 157536/1075, 0, -368/215, 0, 0, 339032/1075, 0, 0, -288/5, 0, 0, -59616/1075, 0, 100752/215, 0, -549552/1075, -1658928/1075, 0, -625968/5375, -4368/43, 0, 6672/43, 17184/43, 0, -432/215, 0, 11112/43, 0, 0, -504/215, 0, 0, 24/215, 0, 0, -14196/1075, 0, 1628/215, 0, -38062/1075, -281804/3225, 0, -352874/5375, 0, -1008/215, 0, 0, -144/25, 0, 10024/215, 0, -55224/1075, -164536/1075, 0, -1512/125}, {0, 0, 0, 0, 2328/1075, 0, 0, 0, 8798/3225, -526/1075, 0, 0, 0, -1776/215, 0, 0, 6984/1075, 0, -2872/215, 0, 8798/1075, -1578/1075, 0, -213114/5375, 0, -10656/215, 0, 0, 25056/1075, 0, -17232/215, 0, 125232/1075, 254448/1075, 0, 263088/5375, -1512/43, 0, -2376/43, -1080/43, 0, 4536/215, 0, -1620/43, 0, 0, 5292/215, 0, 0, 7272/215, 0, 0, -25272/1075, 0, 22884/215, 0, -149484/1075, -353676/1075, 0, -265356/5375, -504/43, 0, 2664/43, 4824/43, 0, -1944/215, 0, 3492/43, 0, 0, -2268/215, 0, 0, -3528/215, 0, 0, 7128/1075, 0, -4116/215, 0, 32316/1075, 58524/1075, 0, 74844/5375, -504/43, 0, 0, 0, 0, -1512/215, 0, 0, 0, 0, -1764/215, 0, 0, 0, 0, 0, 0, 0, 0, 0, 0, 0, 0, 0, 3024/43, 0, 4752/43, 2160/43, 0, -9072/215, 0, 3240/43, 0, 0, -10584/215, 0, 0, 0, 0, 0, 0, 0, 0, 0, 0, 0, 0, 0, -1512/43, 0, -2376/43, -1080/43, 0, 4536/215, 0, -1620/43, 0, 0, 5292/215, 0, 0, 0, 0, 0, -13896/1075, 0, 0, 0, -9512/1075, 36232/1075, 0, 7908/125, 0, 13536/215, 0, 0, 864/1075, 0, -22608/215, 0, 2256/25, 396912/1075, 0, 9072/5375, 1008/43, 0, -5328/43, -9648/43, 0, 3888/215, 0, -6984/43, 0, 0, 4536/215, 0, 0, -6984/215, 0, 0, 10584/1075, 0, -3348/215, 0, 36348/1075, 38172/1075, 0, 111132/5375, 0, 0, -888/43, -1608/43, 0, 1296/215, 0, -1164/43, 0, 0, 1512/215, 0, 0, 0, 0, 0, 0, 0, 0, 0, 0, 0, 0, 0, -504/43, 0, 2664/43, 4824/43, 0, -1944/215, 0, 3492/43, 0, 0, -2268/215, 0, 0, -120/43, 0, 0, 10584/1075, 0, -300/43, 0, 28998/1075, 44222/1075, 0, -112566/5375, 0, 720/43, 0, 0, -432/43, 0, 1800/43, 0, -2424/43, -5496/43, 0, -4536/215}, {0, 0, 0, 0, 0, 6312/1075, 0, 0, 0, 0, 11794/1075, 0, 0, 0, -3276/215, -1704/215, 0, -1098/25, 0, -5182/215, 0, 0, -60608/1075, 0, 2016/43, 0, 3168/43, 1440/43, 0, -6048/215, 0, 2160/43, 0, 0, -7056/215, 0, 0, 5508/43, 0, 0, -10188/215, 0, 5146/43, 0, -1002/5, -70654/215, 0, -106974/1075, 2772/43, 0, -1692/43, -7092/43, 0, -2268/215, 0, -4086/43, 0, 0, -2646/215, 0, 0, -12564/215, 0, 0, 35964/1075, 0, -29058/215, 0, 197958/1075, 441462/1075, 0, 377622/5375, -420/43, 0, -2100/43, -2460/43, 0, 540/43, 0, -2130/43, 0, 0, 630/43, 0, 0, -4152/215, 0, 0, -52188/1075, 0, -7244/215, 0, -41286/1075, 87938/3225, 0, 766796/5375, 9408/43, 0, 7296/43, -4512/43, 0, -20736/215, 0, 1344/43, 0, 0, -24192/215, 0, 0, 6696/215, 0, 0, 4104/1075, 0, -16188/215, 0, 76788/1075, 277332/1075, 0, 43092/5375, -2688/43, 0, -192, -7968/43, 0, 12096/215, 0, -7584/43, 0, 0, 14112/215, 0, 0, -11196/215, 0, 0, 23796/1075, 0, -14662/215, 0, 111762/1075, 211618/1075, 0, 249858/5375, -504/43, 0, -9444/215, -5076/215, 0, 37692/1075, 0, -10058/215, 0, 0, 99084/1075, 0, -3024/43, 0, 432/43, 5616/43, 0, 3888/215, 0, 2808/43, 0, 0, 4536/215, 0, 0, -13608/215, 0, 0, 2808/1075, 0, 17724/215, 0, -68724/1075, -318036/1075, 0, 29484/5375, -1764/43, 0, 36, 5220/43, 0, 972/215, 0, 3150/43, 0, 0, 1134/215, 0, 0, -468/43, 0, 0, 6672/1075, 0, -386/43, 0, 14184/1075, -17524/1075, 0, -463098/5375, -4032/43, 0, 9216/43, 20448/43, 0, -3456/215, 0, 13824/43, 0, 0, -4032/215, 0, 0, 3132/215, 0, 0, -15732/1075, 0, 16454/215, 0, -102354/1075, -259106/1075, 0, -165186/5375, -84/43, 0, 356/43, 552/43, 0, 594/25, 0, 1678/129, 0, 0, 42614/1075, 0, -168/43, 0, 888/43, 1608/43, 0, -648/215, 0, 1164/43, 0, 0, -756/215, 0}, {0, 0, 0, 0, 0, 0, 0, 0, 0, 0, 0, 85234/16125, 0, 0, 0, 0, -12768/1075, 0, 0, 0, -21446/1075, 4006/1075, 0, 537882/5375, 0, 14256/215, 0, 0, -35856/1075, 0, 26232/215, 0, -185832/1075, -391848/1075, 0, -376488/5375, 3864/43, 0, 8952/43, 7080/43, 0, -14472/215, 0, 7500/43, 0, 0, -16884/215, 0, 0, 17208/215, 0, 0, -13608/1075, 0, -8724/215, 0, 8124/1075, 180636/1075, 0, -142884/5375, 3528/43, 0, -10008/43, -20808/43, 0, 4968/215, 0, -14364/43, 0, 0, 5796/215, 0, 0, -1224/43, 0, 0, 4824/215, 0, -4628/43, 0, 29628/215, 72092/215, 0, 50652/1075, 0, 0, -5784/215, -2936/215, 0, -152304/1075, 0, -30164/645, 0, 0, -226848/1075, 0, 0, 72864/215, 0, 0, -144864/1075, 0, 81808/215, 0, -649008/1075, -1156912/1075, 0, -1521072/5375, 9744/43, 0, -3120/43, -20688/43, 0, -2160/43, 0, -11064/43, 0, 0, -2520/43, 0, 0, -26784/215, 0, 0, 98784/1075, 0, -92048/215, 0, 595248/1075, 1428272/1075, 0, 1037232/5375, -168/43, 0, -7752/43, -264, 0, 7992/215, 0, -8916/43, 0, 0, 9324/215, 0, 0, -2976/215, 0, 0, -83928/1075, 0, -5872/215, 0, -104416/1075, -92624/1075, 0, 200604/5375, 0, -6912/215, 0, 0, 6912/1075, 0, 1536/215, 0, 8064/1075, -40704/1075, 0, 72576/5375, -11088/43, 0, 3312/43, 23184/43, 0, 12528/215, 0, 12312/43, 0, 0, 14616/215, 0, 0, -14904/215, 0, 0, 11304/1075, 0, 8212/215, 0, -10812/1075, -167068/1075, 0, 118692/5375, -168/43, 0, -4656/215, 96/215, 0, 159624/1075, 0, -7032/215, 0, 0, 360188/1075, 0, 0, -19296/215, 0, 0, -52704/1075, 0, 102288/215, 0, -541488/1075, -1699632/1075, 0, -553392/5375, -5880/43, 0, 8616/43, 22584/43, 0, -216/215, 0, 14532/43, 0, 0, -252/215, 0, 0, -584/215, 0, 0, -15696/1075, 0, -1244/645, 0, -67786/3225, -157054/3225, 0, -371498/5375, 0, 288/215, 0, 0, -14688/1075, 0, 19536/215, 0, -113136/1075, -315504/1075, 0, -154224/5375}, {0, 0, 0, 0, 0, 0, 0, 0, 0, 0, 0, 0, 0, 0, 0, 0, 0, 1773/1075, 0, 0, 0, 0, 3541/1075, 0, 0, 0, -216/43, -324/43, 0, 216/215, 0, -252/43, 0, 0, 252/215, 0, 0, -594/215, 0, 0, 1494/1075, 0, -1093/215, 0, 7743/1075, 16327/1075, 0, 15687/5375, -126/43, 0, 234/43, 558/43, 0, -54/215, 0, 369/43, 0, 0, -63/215, 0, 0, 18/215, 0, 0, -918/1075, 0, 1221/215, 0, -7071/1075, -19719/1075, 0, -9639/5375, -42/43, 0, 6/43, 78/43, 0, 54/215, 0, 39/43, 0, 0, 63/215, 0, 0, 0, 0, 0, 2127/1075, 0, 0, 0, 13213/2150, 26048/3225, 0, -85841/10750, -420/43, 0, -1020/43, -840/43, 0, 324/43, 0, -870/43, 0, 0, 378/43, 0, 0, -3942/215, 0, 0, 6642/1075, 0, -2799/215, 0, 25749/1075, 36261/1075, 0, 69741/5375, -420/43, 0, 1140/43, 2400/43, 0, -108/43, 0, 1650/43, 0, 0, -126/43, 0, 0, 1656/215, 0, 0, -5256/1075, 0, 4532/215, 0, -30132/1075, -69548/1075, 0, -55188/5375, 0, 0, -39/43, -45/43, 0, 8154/1075, 0, 125/86, 0, 0, 16161/2150, 0, -756/43, 0, -972/43, -216/43, 0, 2052/215, 0, -558/43, 0, 0, 2394/215, 0, 0, 2214/215, 0, 0, -4914/1075, 0, 3183/215, 0, -23733/1075, -46437/1075, 0, -51597/5375, 378/43, 0, 810/43, 594/43, 0, -270/43, 0, 657/43, 0, 0, -315/43, 0, 0, 9/215, 0, 0, 5322/1075, 0, 1221/430, 0, 2334/1075, -11723/2150, 0, 27969/5375, 1260/43, 0, -1260/43, -3960/43, 0, -108/43, 0, -2430/43, 0, 0, -126/43, 0, 0, 648/215, 0, 0, 2952/1075, 0, -5044/215, 0, 27444/1075, 83116/1075, 0, 30996/5375, -21/43, 0, 218/43, 366/43, 0, -9072/1075, 0, 919/129, 0, 0, -18424/1075, 0, 336/43, 0, -912/43, -1920/43, 0, 432/215, 0, -1320/43, 0, 0, 504/215, 0}, {0, 0, 352/215, 288/215, 0, 0, 0, 1712/645, 0, 0, 0, 0, -168/43, 0, 1056/215, 864/215, 0, 882/1075, 0, 1712/215, 0, 0, -5386/1075, 0, -1008/43, 0, -936/43, 252/43, 0, 2376/215, 0, -324/43, 0, 0, 2772/215, 0, 0, -108/5, 0, 0, 6444/1075, 0, -1418/215, 0, 19518/1075, 12302/1075, 0, 67662/5375, 756/43, 0, 1620/43, 1188/43, 0, -540/43, 0, 1314/43, 0, 0, -630/43, 0, 0, 3492/215, 0, 0, -5292/1075, 0, 1674/215, 0, -18174/1075, -19086/1075, 0, -55566/5375, -84/43, 0, -636/43, -816/43, 0, 756/215, 0, -678/43, 0, 0, 882/215, 0, 0, 0, 0, 0, -111/25, 0, 0, 0, -31387/2150, -54677/3225, 0, -25291/10750, 420/43, 0, 1020/43, 840/43, 0, -324/43, 0, 870/43, 0, 0, -378/43, 0, 0, 14418/215, 0, 0, -22518/1075, 0, 7821/215, 0, -80271/1075, -93519/1075, 0, -236439/5375, 420/43, 0, -1140/43, -2400/43, 0, 108/43, 0, -1650/43, 0, 0, 126/43, 0, 0, -6894/215, 0, 0, 13194/1075, 0, -7043/215, 0, 57393/1075, 98177/1075, 0, 138537/5375, 0, 0, -3087/215, -4293/215, 0, -17244/1075, 0, -11163/430, 0, 0, -17601/2150, 0, 2268/43, 0, -1836/43, -6480/43, 0, -1404/215, 0, -90, 0, 0, -1638/215, 0, 0, -9234/215, 0, 0, 17334/1075, 0, -8973/215, 0, 74223/1075, 124047/1075, 0, 182007/5375, -1512/43, 0, 0, 2484/43, 0, 432/43, 0, 1152/43, 0, 0, 504/43, 0, 0, -1179/215, 0, 0, -1182/1075, 0, -3151/430, 0, 14496/1075, 63463/2150, 0, 37236/5375, -1260/43, 0, 1260/43, 3960/43, 0, 108/43, 0, 2430/43, 0, 0, 126/43, 0, 0, 2862/215, 0, 0, -9162/1075, 0, 7939/215, 0, -52689/1075, -121921/1075, 0, -96201/5375, -105/43, 0, 146/215, 1374/215, 0, 16317/1075, 0, 4051/645, 0, 0, 21934/1075, 0, 420/43, 0, 804/43, 12, 0, -1404/215, 0, 618/43, 0, 0, -1638/215, 0}, {0, 0, 0, 0, 1104/1075, 0, 0, 0, 2188/1075, 1246/3225, 0, 0, 0, -1188/215, 0, 0, 3312/1075, 0, -2186/215, 0, 6564/1075, 1246/1075, 0, -172032/5375, 0, -7128/215, 0, 0, 17928/1075, 0, -13116/215, 0, 92916/1075, 195924/1075, 0, 188244/5375, -1008/43, 0, -2448/43, -2016/43, 0, 3888/215, 0, -2088/43, 0, 0, 4536/215, 0, 0, 1944/215, 0, 0, -12744/1075, 0, 14268/215, 0, -86868/1075, -226452/1075, 0, -133812/5375, -1008/43, 0, 2736/43, 5760/43, 0, -1296/215, 0, 3960/43, 0, 0, -1512/215, 0, 0, -1728/215, 0, 0, 1728/1075, 0, 384/215, 0, 2016/1075, -10176/1075, 0, 18144/5375, -336/43, 0, 0, 0, 0, -1296/215, 0, 0, 0, 0, -1512/215, 0, 0, 0, 0, 0, 0, 0, 0, 0, 0, 0, 0, 0, 2016/43, 0, 4896/43, 4032/43, 0, -7776/215, 0, 4176/43, 0, 0, -9072/215, 0, 0, 0, 0, 0, 0, 0, 0, 0, 0, 0, 0, 0, -1008/43, 0, -2448/43, -2016/43, 0, 3888/215, 0, -2088/43, 0, 0, 4536/215, 0, 0, 0, 0, 0, -8352/1075, 0, 0, 0, -15144/1075, 7684/1075, 0, 245028/5375, 0, 20736/215, 0, 0, -20736/1075, 0, -4608/215, 0, -24192/1075, 122112/1075, 0, -217728/5375, 2016/43, 0, -5472/43, -11520/43, 0, 2592/215, 0, -7920/43, 0, 0, 3024/215, 0, 0, -8856/215, 0, 0, 19656/1075, 0, -12732/215, 0, 94932/1075, 185748/1075, 0, 206388/5375, 0, 0, -912/43, -1920/43, 0, 864/215, 0, -1320/43, 0, 0, 1008/215, 0, 0, 0, 0, 0, 0, 0, 0, 0, 0, 0, 0, 0, -1008/43, 0, 2736/43, 5760/43, 0, -1296/215, 0, 3960/43, 0, 0, -1512/215, 0, 0, -612/215, 0, 0, 8136/1075, 0, -2314/215, 0, 36192/1075, 73338/1075, 0, -12936/1075, 0, 3672/215, 0, 0, -14472/1075, 0, 13884/215, 0, -88884/1075, -216276/1075, 0, -151956/5375}, {0, 0, 0, 0, 0, 316/215, 0, 0, 0, 0, 2324/645, 0, 0, 0, -1392/215, -648/215, 0, -38772/1075, 0, -2584/215, 0, 0, -55964/1075, 0, 1008/43, 0, 2016/43, 1368/43, 0, -3456/215, 0, 1584/43, 0, 0, -4032/215, 0, 0, 18792/215, 0, 0, -36792/1075, 0, 20324/215, 0, -162924/1075, -285836/1075, 0, -386316/5375, 2520/43, 0, -360/43, -4680/43, 0, -648/43, 0, -2340/43, 0, 0, -756/43, 0, 0, -7272/215, 0, 0, 25272/1075, 0, -22884/215, 0, 149484/1075, 353676/1075, 0, 265356/5375, -168/43, 0, -2136/43, -2928/43, 0, 2376/215, 0, -2364/43, 0, 0, 2772/215, 0, 0, -1592/215, 0, 0, -37974/1075, 0, -10372/645, 0, -113959/3225, 22174/3225, 0, 105543/1075, 6552/43, 0, 5544/43, -2448/43, 0, -14904/215, 0, 1476/43, 0, 0, -17388/215, 0, 0, 1404/43, 0, 0, 396/215, 0, -2762/43, 0, 12462/215, 47918/215, 0, 4158/1075, -1512/43, 0, -6264/43, -6912/43, 0, 8424/215, 0, -6156/43, 0, 0, 9828/215, 0, 0, -8532/215, 0, 0, 17532/1075, 0, -10354/215, 0, 80454/1075, 3442/25, 0, 184086/5375, -168/43, 0, -1530/43, -1134/43, 0, 144/5, 0, -1857/43, 0, 0, 17189/215, 0, -2520/43, 0, -1800/43, 1440/43, 0, 1080/43, 0, -180/43, 0, 0, 1260/43, 0, 0, -2556/43, 0, 0, 756/215, 0, 3018/43, 0, -11118/215, -54702/215, 0, 7938/1075, -1680/43, 0, 2400/43, 6360/43, 0, 0, 0, 4080/43, 0, 0, 0, 0, 0, -2346/215, 0, 0, 2052/1075, 0, -2337/215, 0, 9244/1075, -14559/1075, 0, -317676/5375, -3528/43, 0, 6984/43, 16272/43, 0, -1944/215, 0, 252, 0, 0, -2268/215, 0, 0, 2772/215, 0, 0, -11772/1075, 0, 11634/215, 0, -73734/1075, -181926/1075, 0, -123606/5375, -126/43, 0, 44/5, 3908/215, 0, 18102/1075, 0, 3314/215, 0, 0, 28824/1075, 0, 168/43, 0, -24/43, -312/43, 0, -216/215, 0, -156/43, 0, 0, -252/215, 0}, {0, 0, 0, 0, 0, 0, 0, 0, 0, 0, 0, -17254/16125, 0, 0, 0, 0, -2472/1075, 0, 0, 0, -6084/1075, 3674/1075, 0, 227958/5375, 0, 5364/215, 0, 0, -14364/1075, 0, 11058/215, 0, -76758/1075, -166662/1075, 0, -150822/5375, 1344/43, 0, 96, 3984/43, 0, -6048/215, 0, 3792/43, 0, 0, -7056/215, 0, 0, 1728/43, 0, 0, -1728/215, 0, -384/43, 0, -2016/215, 10176/215, 0, -18144/1075, 2016/43, 0, -4608/43, -10224/43, 0, 1728/215, 0, -6912/43, 0, 0, 2016/215, 0, 0, -2484/215, 0, 0, 11484/1075, 0, -11698/215, 0, 73398/1075, 183622/1075, 0, 120582/5375, 0, 0, -32/5, -144/215, 0, -78216/1075, 0, -8656/645, 0, 0, -125192/1075, 0, 0, 32976/215, 0, 0, -68976/1075, 0, 41672/215, 0, -320472/1075, -598808/1075, 0, -724248/5375, 5040/43, 0, -720/43, -9360/43, 0, -1296/43, 0, -4680/43, 0, 0, -1512/43, 0, 0, -9936/215, 0, 0, 45936/1075, 0, -46792/215, 0, 293592/1075, 734488/1075, 0, 482328/5375, 336/43, 0, -4368/43, -7104/43, 0, 3888/215, 0, -5352/43, 0, 0, 4536/215, 0, 0, -120/43, 0, 0, -8784/215, 0, -300/43, 0, -12548/215, -12672/215, 0, 23196/1075, 0, 0, 0, 0, 0, 0, 0, 0, 0, 0, 0, 0, -5040/43, 0, 720/43, 9360/43, 0, 1296/43, 0, 4680/43, 0, 0, 1512/43, 0, 0, -1728/43, 0, 0, 1728/215, 0, 384/43, 0, 2016/215, -10176/215, 0, 18144/1075, 0, 0, -2784/215, -1296/215, 0, 78696/1075, 0, -5168/215, 0, 0, 188152/1075, 0, 0, -13104/215, 0, 0, -22896/1075, 0, 51912/215, 0, -266712/1075, -870168/1075, 0, -240408/5375, -3696/43, 0, 4848/43, 13344/43, 0, 432/215, 0, 8472/43, 0, 0, 504/215, 0, 0, -40/43, 0, 0, -12168/1075, 0, -100/43, 0, -44488/3225, -24794/1075, 0, -189298/5375, 0, -396/215, 0, 0, -8604/1075, 0, 12338/215, 0, -70038/1075, -200582/1075, 0, -90342/5375}, {0, 0, 0, 0, 0, 0, 0, 0, 0, 0, 0, 0, 0, 0, 0, 0, 0, 3906/1075, 0, 0, 0, 0, 7502/1075, 0, 0, 0, -216/43, -324/43, 0, 216/215, 0, -252/43, 0, 0, 252/215, 0, 0, -1188/215, 0, 0, 2988/1075, 0, -2186/215, 0, 15486/1075, 32654/1075, 0, 31374/5375, -252/43, 0, 36/43, 468/43, 0, 324/215, 0, 234/43, 0, 0, 378/215, 0, 0, 36/215, 0, 0, -1836/1075, 0, 2442/215, 0, -14142/1075, -39438/1075, 0, -19278/5375, -84/43, 0, 228/43, 480/43, 0, -108/215, 0, 330/43, 0, 0, -126/215, 0, 0, 0, 0, 0, 2679/1075, 0, 0, 0, 15401/2150, 26671/3225, 0, -132727/10750, -588/43, 0, -1428/43, -1176/43, 0, 2268/215, 0, -1218/43, 0, 0, 2646/215, 0, 0, -4806/215, 0, 0, 7506/1075, 0, -2607/215, 0, 26757/1075, 31173/1075, 0, 78813/5375, -588/43, 0, 1596/43, 3360/43, 0, -756/215, 0, 2310/43, 0, 0, -882/215, 0, 0, 1962/215, 0, 0, -6462/1075, 0, 5689/215, 0, -873/25, -87571/1075, 0, -67851/5375, 0, 0, 69/215, -9/215, 0, 7668/1075, 0, 1481/430, 0, 0, 10347/2150, 0, -756/43, 0, -540/43, 432/43, 0, 324/43, 0, -54/43, 0, 0, 378/43, 0, 0, 3078/215, 0, 0, -5778/1075, 0, 2991/215, 0, -24741/1075, -41349/1075, 0, -60669/5375, 504/43, 0, 576/43, 36/43, 0, -1296/215, 0, 288/43, 0, 0, -1512/215, 0, 0, 9/215, 0, 0, 7818/1075, 0, 1221/430, 0, 6096/1075, -637/2150, 0, 8988/1075, 1764/43, 0, -1764/43, -5544/43, 0, -756/215, 0, -3402/43, 0, 0, -882/215, 0, 0, 918/215, 0, 0, 3582/1075, 0, -6329/215, 0, 34179/1075, 104531/1075, 0, 37611/5375, -21/43, 0, 938/215, 1542/215, 0, -10647/1075, 0, 4183/645, 0, 0, -22514/1075, 0, 420/43, 0, -924/43, -2076/43, 0, 324/215, 0, -1398/43, 0, 0, 378/215, 0}, {0, 20/43, 0, 0, 0, 0, 50/43, 0, 0, 0, 0, 0, 0, 60/43, 0, 0, 0, 0, 150/43, 0, 0, 0, 0, 378/215, 0, 180/43, 0, 0, -108/43, 0, 450/43, 0, -606/43, -1374/43, 0, -1134/215, 0, 0, 0, 0, 0, 0, 0, 0, 0, 0, 0, 0, 0, -360/43, 0, 0, 216/43, 0, -900/43, 0, 1212/43, 2748/43, 0, 2268/215, 0, 0, 0, 0, 0, 0, 0, 0, 0, 0, 0, 0, 0, 180/43, 0, 0, -108/43, 0, 450/43, 0, -606/43, -1374/43, 0, -1134/215, 0, 0, 0, 0, 0, 0, 0, 0, 0, 0, 0, 0, 0, 0, 0, 0, 0, 0, 0, 0, 0, 0, 0, 0, 0, 0, 0, 0, 0, 0, 0, 0, 0, 0, 0, 0, 0, 0, 0, 0, 0, 0, 0, 0, 0, 0, 0, 0, 0, 0, 0, 0, 0, 0, 0, 0, 0, 0, 0, 0, 0, -60/43, 0, 0, -36/43, 0, -150/43, 0, -202/43, -458/43, 0, -1134/215, 0, 720/43, 0, 0, -432/43, 0, 1800/43, 0, -2424/43, -5496/43, 0, -4536/215, 0, 0, 0, 0, 0, 0, 0, 0, 0, 0, 0, 0, 0, -360/43, 0, 0, 216/43, 0, -900/43, 0, 1212/43, 2748/43, 0, 2268/215, 0, 0, 0, 0, 0, 0, 0, 0, 0, 0, 0, 0, 0, 0, 0, 0, 0, 0, 0, 0, 0, 0, 0, 0, 0, 0, 0, 0, 0, 0, 0, 0, 0, 0, 0, 0, 0, 0, 0, 0, 36/43, 0, 0, 0, 202/43, 458/43, 0, 756/215, 0, 180/43, 0, 0, -108/43, 0, 450/43, 0, -606/43, -1374/43, 0, -1134/215}, {0, 0, 56/215, -36/215, 0, 0, 0, 436/645, 0, 0, 0, 0, -84/43, 0, 168/215, -108/215, 0, 441/1075, 0, 436/215, 0, 0, -2693/1075, 0, -504/43, 0, -684/43, -198/43, 0, 1404/215, 0, -414/43, 0, 0, 1638/215, 0, 0, -54/5, 0, 0, 3222/1075, 0, -709/215, 0, 9759/1075, 6151/1075, 0, 33831/5375, 378/43, 0, 1242/43, 1242/43, 0, -1782/215, 0, 27, 0, 0, -2079/215, 0, 0, 1746/215, 0, 0, -2646/1075, 0, 837/215, 0, -9087/1075, -9543/1075, 0, -27783/5375, -42/43, 0, -534/43, -732/43, 0, 594/215, 0, -591/43, 0, 0, 693/215, 0, 0, 0, 0, 0, -111/50, 0, 0, 0, -31387/4300, -54677/6450, 0, -25291/21500, 210/43, 0, 510/43, 420/43, 0, -162/43, 0, 435/43, 0, 0, -189/43, 0, 0, 7209/215, 0, 0, -11259/1075, 0, 7821/430, 0, -80271/2150, -93519/2150, 0, -236439/10750, 210/43, 0, -570/43, -1200/43, 0, 54/43, 0, -825/43, 0, 0, 63/43, 0, 0, -3447/215, 0, 0, 6597/1075, 0, -7043/430, 0, 57393/2150, 98177/2150, 0, 138537/10750, 0, 0, -2367/430, -3213/430, 0, -8262/1075, 0, -9483/860, 0, 0, -15921/4300, 0, 1134/43, 0, -1782/43, -4536/43, 0, 162/215, 0, -2943/43, 0, 0, 189/215, 0, 0, -4617/215, 0, 0, 8667/1075, 0, -8973/430, 0, 74223/2150, 124047/2150, 0, 182007/10750, -756/43, 0, 432/43, 1890/43, 0, 648/215, 0, 1080/43, 0, 0, 756/215, 0, 0, -1179/430, 0, 0, -591/1075, 0, -3151/860, 0, 7248/1075, 63463/4300, 0, 18618/5375, -630/43, 0, 630/43, 1980/43, 0, 54/43, 0, 1215/43, 0, 0, 63/43, 0, 0, 1431/215, 0, 0, -4581/1075, 0, 7939/430, 0, -52689/2150, -121921/2150, 0, -96201/10750, -105/86, 0, 73/215, 687/215, 0, 15597/2150, 0, 4051/1290, 0, 0, 10547/1075, 0, 210/43, 0, 186/43, -66/43, 0, -486/215, 0, 57/43, 0, 0, -567/215, 0}, {0, 0, 0, 0, -28/215, 0, 0, 0, -16/215, -164/215, 0, 0, 0, -60/43, 0, 0, -84/215, 0, -150/43, 0, -48/215, -492/215, 0, -2124/215, 0, -360/43, 0, 0, 216/43, 0, -900/43, 0, 1212/43, 2748/43, 0, 2268/215, -168/43, 0, -840/43, -984/43, 0, 216/43, 0, -852/43, 0, 0, 252/43, 0, 0, 72/215, 0, 0, -3672/1075, 0, 4884/215, 0, -28284/1075, -78876/1075, 0, -38556/5375, -504/43, 0, 936/43, 2232/43, 0, -216/215, 0, 1476/43, 0, 0, -252/215, 0, 0, -576/215, 0, 0, 576/1075, 0, 128/215, 0, 672/1075, -3392/1075, 0, 6048/5375, -56/43, 0, 0, 0, 0, -72/43, 0, 0, 0, 0, -84/43, 0, 0, 0, 0, 0, 0, 0, 0, 0, 0, 0, 0, 0, 336/43, 0, 1680/43, 1968/43, 0, -432/43, 0, 1704/43, 0, 0, -504/43, 0, 0, 0, 0, 0, 0, 0, 0, 0, 0, 0, 0, 0, -168/43, 0, -840/43, -984/43, 0, 216/43, 0, -852/43, 0, 0, 252/43, 0, 0, 0, 0, 0, 264/1075, 0, 0, 0, -192/1075, 8312/1075, 0, 75204/5375, 0, 6912/215, 0, 0, -6912/1075, 0, -1536/215, 0, -8064/1075, 40704/1075, 0, -72576/5375, 1008/43, 0, -1872/43, -4464/43, 0, 432/215, 0, -2952/43, 0, 0, 504/215, 0, 0, -2376/215, 0, 0, 5976/1075, 0, -4372/215, 0, 30972/1075, 65308/1075, 0, 62748/5375, 0, 0, -312/43, -744/43, 0, 144/215, 0, -492/43, 0, 0, 168/215, 0, 0, 0, 0, 0, 0, 0, 0, 0, 0, 0, 0, 0, -504/43, 0, 936/43, 2232/43, 0, -216/215, 0, 1476/43, 0, 0, -252/215, 0, 0, -108/215, 0, 0, 996/1075, 0, -2378/645, 0, 9412/1075, 68104/3225, 0, -21348/5375, 0, 648/215, 0, 0, -4248/1075, 0, 4756/215, 0, -28956/1075, -75484/1075, 0, -44604/5375}, {0, 0, 0, 0, 0, -256/1075, 0, 0, 0, 0, -282/1075, 0, 0, 0, -168/215, 108/215, 0, -11646/1075, 0, -436/215, 0, 0, -17742/1075, 0, 252/43, 0, 720/43, 666/43, 0, -216/43, 0, 648/43, 0, 0, -252/43, 0, 0, 5292/215, 0, 0, -10692/1075, 0, 6174/215, 0, -48474/1075, -87786/1075, 0, -112266/5375, 756/43, 0, -324/43, -1728/43, 0, -756/215, 0, -954/43, 0, 0, -882/215, 0, 0, -1836/215, 0, 0, 7236/1075, 0, -6942/215, 0, 44442/1075, 108138/1075, 0, 75978/5375, 0, 0, -540/43, -810/43, 0, 108/43, 0, -630/43, 0, 0, 126/43, 0, 0, -40/43, 0, 0, -18987/2150, 0, -100/43, 0, -113959/12900, 11087/6450, 0, 548631/21500, 1638/43, 0, 1386/43, -612/43, 0, -3726/215, 0, 369/43, 0, 0, -4347/215, 0, 0, 567/215, 0, 0, 81/25, 0, -11277/430, 0, 62127/2150, 185103/2150, 0, 1701/250, -378/43, 0, -1566/43, -1728/43, 0, 2106/215, 0, -1539/43, 0, 0, 2457/215, 0, 0, -1539/215, 0, 0, 2889/1075, 0, -2991/430, 0, 24741/2150, 41349/2150, 0, 60669/10750, 0, 0, -765/86, -567/86, 0, 11916/1075, 0, -1857/172, 0, 0, 117213/4300, 0, -1134/43, 0, -378/43, 1296/43, 0, 1998/215, 0, 423/43, 0, 0, 2331/215, 0, 0, -3159/215, 0, 0, -891/1075, 0, 12429/430, 0, -56079/2150, -215631/2150, 0, -18711/10750, -378/43, 0, 810/43, 1836/43, 0, -54/43, 0, 1233/43, 0, 0, -63/43, 0, 0, -1173/430, 0, 0, 207/1075, 0, -2337/860, 0, -46/1075, -40851/4300, 0, -17169/1075, -882/43, 0, 1746/43, 4068/43, 0, -486/215, 0, 63, 0, 0, -567/215, 0, 0, 135/43, 0, 0, -81/43, 0, 675/86, 0, -909/86, -2061/86, 0, -1701/430, -63/86, 0, 663/215, 1377/215, 0, 957/430, 0, 2207/430, 0, 0, 649/215, 0, 126/43, 0, -234/43, -558/43, 0, 54/215, 0, -369/43, 0, 0, 63/215, 0}, {0, 0, 0, 0, 0, 0, 0, 0, 0, 0, 0, -3958/3225, 0, 0, 0, 0, 84/215, 0, 0, 0, 48/215, 492/215, 0, 1746/215, 0, 180/43, 0, 0, -108/43, 0, 450/43, 0, -606/43, -1374/43, 0, -1134/215, 168/43, 0, 840/43, 984/43, 0, -216/43, 0, 852/43, 0, 0, -252/43, 0, 0, 1728/215, 0, 0, -1728/1075, 0, -384/215, 0, -2016/1075, 10176/1075, 0, -18144/5375, 504/43, 0, -936/43, -2232/43, 0, 216/215, 0, -1476/43, 0, 0, 252/215, 0, 0, -324/215, 0, 0, 2124/1075, 0, -2378/215, 0, 14478/1075, 37742/1075, 0, 22302/5375, 0, 0, -112/215, 72/215, 0, -15696/1075, 0, -872/645, 0, 0, -26972/1075, 0, 0, 5904/215, 0, 0, -13104/1075, 0, 8488/215, 0, -63288/1075, -123832/1075, 0, -137592/5375, 1008/43, 0, -144/43, -1872/43, 0, -1296/215, 0, -936/43, 0, 0, -1512/215, 0, 0, -1296/215, 0, 0, 8496/1075, 0, -9512/215, 0, 57912/1075, 150968/1075, 0, 89208/5375, 168/43, 0, -888/43, -1608/43, 0, 648/215, 0, -1164/43, 0, 0, 756/215, 0, 0, 0, 0, 0, -9144/1075, 0, 0, 0, -14568/1075, -17252/1075, 0, 19416/5375, 0, 0, 0, 0, 0, 0, 0, 0, 0, 0, 0, 0, -1008/43, 0, 144/43, 1872/43, 0, 1296/215, 0, 936/43, 0, 0, 1512/215, 0, 0, -1728/215, 0, 0, 1728/1075, 0, 384/215, 0, 2016/1075, -10176/1075, 0, 18144/5375, 0, 0, -336/215, 216/215, 0, 15408/1075, 0, -872/215, 0, 0, 39116/1075, 0, 0, -3312/215, 0, 0, -3888/1075, 0, 10536/215, 0, -52536/1075, -178104/1075, 0, -40824/5375, -840/43, 0, 984/43, 2856/43, 0, 216/215, 0, 1788/43, 0, 0, 252/215, 0, 0, 0, 0, 0, -3468/1075, 0, 0, 0, -5096/1075, -24632/3225, 0, -37178/5375, 0, -252/215, 0, 0, -36/25, 0, 2506/215, 0, -13806/1075, -41134/1075, 0, -378/125}, {0, 0, 0, 0, 0, 0, 0, 0, 0, 0, 0, 0, 0, 0, 0, 0, 0, 1953/1075, 0, 0, 0, 0, 3751/1075, 0, 0, 0, -108/43, -162/43, 0, 108/215, 0, -126/43, 0, 0, 126/215, 0, 0, -594/215, 0, 0, 1494/1075, 0, -1093/215, 0, 7743/1075, 16327/1075, 0, 15687/5375, -126/43, 0, 18/43, 234/43, 0, 162/215, 0, 117/43, 0, 0, 189/215, 0, 0, 18/215, 0, 0, -918/1075, 0, 1221/215, 0, -7071/1075, -19719/1075, 0, -9639/5375, -42/43, 0, 114/43, 240/43, 0, -54/215, 0, 165/43, 0, 0, -63/215, 0, 0, 0, 0, 0, 1629/2150, 0, 0, 0, 8051/4300, 9721/6450, 0, -106757/21500, -210/43, 0, -510/43, -420/43, 0, 162/43, 0, -435/43, 0, 0, 189/43, 0, 0, -1377/215, 0, 0, 1827/1075, 0, -613/430, 0, 10263/2150, 3607/2150, 0, 38367/10750, -210/43, 0, 570/43, 1200/43, 0, -54/43, 0, 825/43, 0, 0, -63/43, 0, 0, 531/215, 0, 0, -1881/1075, 0, 3439/430, 0, -22389/2150, -53221/2150, 0, -39501/10750, 0, 0, 27/86, -15/86, 0, 1314/1075, 0, 5/4, 0, 0, -61/100, 0, -126/43, 0, -90/43, 72/43, 0, 54/43, 0, -9/43, 0, 0, 63/43, 0, 0, 1089/215, 0, 0, -1539/1075, 0, 741/430, 0, -9591/2150, -6999/2150, 0, -32319/10750, 168/43, 0, 84/43, -150/43, 0, -324/215, 0, -30/43, 0, 0, -378/215, 0, 0, 3/430, 0, 0, 69/25, 0, 407/860, 0, 3524/1075, 14569/4300, 0, 18804/5375, 630/43, 0, -630/43, -1980/43, 0, -54/43, 0, -1215/43, 0, 0, -63/43, 0, 0, 333/215, 0, 0, 1017/1075, 0, -3823/430, 0, 20373/2150, 63397/2150, 0, 21357/10750, -7/86, 0, 35/43, 49/43, 0, -6129/2150, 0, 337/258, 0, 0, -6759/1075, 0, 126/43, 0, -234/43, -558/43, 0, 54/215, 0, -369/43, 0, 0, 63/215, 0}, {0, 0, 0, 0, 0, 0, 0, 0, 0, 0, 0, 0, 0, 0, 0, 0, 0, 0, 0, 0, 0, 0, 0, 0, 0, 0, 0, 0, 0, 0, 0, 0, 0, 0, 0, 0, 0, 0, 0, 0, 0, 0, 0, 0, 0, 0, 0, 0, 0, 0, 0, 0, 0, 0, 0, 0, 0, 0, 0, 0, 0, 0, 0, 0, 0, 0, 0, 0, 0, 0, 0, 0, 0, 0, 0, 0, 0, 0, 0, 0, 0, 0, 0, 0, 0, 0, 0, 0, 0, 0, 0, 0, 0, 0, 0, 0, 0, 0, 0, 0, 0, 0, 0, 0, 0, 0, 0, 0, 0, 0, 0, 0, 0, 0, 0, 0, 0, 0, 0, 0, 0, 0, 0, 0, 0, 0, 0, 0, 0, 0, 0, 0, 0, 0, 0, 0, 0, 0, 0, 0, 0, 0, 0, 0, 0, 0, 0, 0, 0, 0, 0, 0, 0, 0, 0, 0, 0, 0, 0, 0, 0, 0, 0, 0, 0, 0, 0, 0, 0, 0, 0, 0, 0, 0, 0, 0, 0, 0, 0, 0, 0, 0, 0, 0, 0, 0, 0, 0, 0, 0, 0, 0, 0, 0, 0, 0, 0, 0, 0, 0, 0, 0, 0, 0, 0, 0, 0, 0, 0, 0, 0, 0, 0, 0, 0, 0, 0, 0, 0, 0, 0, 0, 0, 0, 0, 0, 0, 0, 0, 0, 0, 0, 0, 0, 0, 0, 0, 0, 0, 0, 0, 0, 0, 0, 0, 0, 0, 0, 0, 0, 0, 0}, {0, 0, 0, 0, 0, 0, 0, 0, 0, 0, 0, 0, 0, 0, 0, 0, 0, 0, 0, 0, 0, 0, 0, 0, 0, 0, 0, 0, 0, 0, 0, 0, 0, 0, 0, 0, 0, 0, 0, 0, 0, 0, 0, 0, 0, 0, 0, 0, 0, 0, 0, 0, 0, 0, 0, 0, 0, 0, 0, 0, 0, 0, 0, 0, 0, 0, 0, 0, 0, 0, 0, 0, 0, 0, 0, 0, 0, 0, 0, 0, 0, 0, 0, 0, 0, 0, 0, 0, 0, 0, 0, 0, 0, 0, 0, 0, 0, 0, 0, 0, 0, 0, 0, 0, 0, 0, 0, 0, 0, 0, 0, 0, 0, 0, 0, 0, 0, 0, 0, 0, 0, 0, 0, 0, 0, 0, 0, 0, 0, 0, 0, 0, 0, 0, 0, 0, 0, 0, 0, 0, 0, 0, 0, 0, 0, 0, 0, 0, 0, 0, 0, 0, 0, 0, 0, 0, 0, 0, 0, 0, 0, 0, 0, 0, 0, 0, 0, 0, 0, 0, 0, 0, 0, 0, 0, 0, 0, 0, 0, 0, 0, 0, 0, 0, 0, 0, 0, 0, 0, 0, 0, 0, 0, 0, 0, 0, 0, 0, 0, 0, 0, 0, 0, 0, 0, 0, 0, 0, 0, 0, 0, 0, 0, 0, 0, 0, 0, 0, 0, 0, 0, 0, 0, 0, 0, 0, 0, 0, 0, 0, 0, 0, 0, 0, 0, 0, 0, 0, 0, 0, 0, 0, 0, 0, 0, 0, 0, 0, 0, 0, 0, 0}, {0, 0, 0, 0, 0, 0, 0, 0, 0, 0, 0, 0, 0, 0, 0, 0, 0, 0, 0, 0, 0, 0, 0, 0, 0, 0, 0, 0, 0, 0, 0, 0, 0, 0, 0, 0, 0, 0, 0, 0, 0, 0, 0, 0, 0, 0, 0, 0, 0, 0, 0, 0, 0, 0, 0, 0, 0, 0, 0, 0, 0, 0, 0, 0, 0, 0, 0, 0, 0, 0, 0, 0, 0, 0, 0, 0, 0, 0, 0, 0, 0, 0, 0, 0, 0, 0, 0, 0, 0, 0, 0, 0, 0, 0, 0, 0, 0, 0, 0, 0, 0, 0, 0, 0, 0, 0, 0, 0, 0, 0, 0, 0, 0, 0, 0, 0, 0, 0, 0, 0, 0, 0, 0, 0, 0, 0, 0, 0, 0, 0, 0, 0, 0, 0, 0, 0, 0, 0, 0, 0, 0, 0, 0, 0, 0, 0, 0, 0, 0, 0, 0, 0, 0, 0, 0, 0, 0, 0, 0, 0, 0, 0, 0, 0, 0, 0, 0, 0, 0, 0, 0, 0, 0, 0, 0, 0, 0, 0, 0, 0, 0, 0, 0, 0, 0, 0, 0, 0, 0, 0, 0, 0, 0, 0, 0, 0, 0, 0, 0, 0, 0, 0, 0, 0, 0, 0, 0, 0, 0, 0, 0, 0, 0, 0, 0, 0, 0, 0, 0, 0, 0, 0, 0, 0, 0, 0, 0, 0, 0, 0, 0, 0, 0, 0, 0, 0, 0, 0, 0, 0, 0, 0, 0, 0, 0, 0, 0, 0, 0, 0, 0, 0}, {0, 0, 0, 0, 0, 0, 0, 0, 0, 0, 0, 0, 0, 0, 0, 0, 0, 0, 0, 0, 0, 0, 0, 0, 0, 0, 0, 0, 0, 0, 0, 0, 0, 0, 0, 0, 0, 0, 0, 0, 0, 0, 0, 0, 0, 0, 0, 0, 0, 0, 0, 0, 0, 0, 0, 0, 0, 0, 0, 0, 0, 0, 0, 0, 0, 0, 0, 0, 0, 0, 0, 0, 0, 0, 0, 0, 0, 0, 0, 0, 0, 0, 0, 0, 0, 0, 0, 0, 0, 0, 0, 0, 0, 0, 0, 0, 0, 0, 0, 0, 0, 0, 0, 0, 0, 0, 0, 0, 0, 0, 0, 0, 0, 0, 0, 0, 0, 0, 0, 0, 0, 0, 0, 0, 0, 0, 0, 0, 0, 0, 0, 0, 0, 0, 0, 0, 0, 0, 0, 0, 0, 0, 0, 0, 0, 0, 0, 0, 0, 0, 0, 0, 0, 0, 0, 0, 0, 0, 0, 0, 0, 0, 0, 0, 0, 0, 0, 0, 0, 0, 0, 0, 0, 0, 0, 0, 0, 0, 0, 0, 0, 0, 0, 0, 0, 0, 0, 0, 0, 0, 0, 0, 0, 0, 0, 0, 0, 0, 0, 0, 0, 0, 0, 0, 0, 0, 0, 0, 0, 0, 0, 0, 0, 0, 0, 0, 0, 0, 0, 0, 0, 0, 0, 0, 0, 0, 0, 0, 0, 0, 0, 0, 0, 0, 0, 0, 0, 0, 0, 0, 0, 0, 0, 0, 0, 0, 0, 0, 0, 0, 0, 0}, {2/5, 0, 18/25, 2/25, 0, 162/125, 0, 21/25, 0, 0, 189/125, 0, 0, 0, 0, 0, 0, 0, 0, 0, 0, 0, 0, 0, 0, 0, 0, 0, 0, 0, 0, 0, 0, 0, 0, 0, 0, 0, 0, 0, 0, 0, 0, 0, 0, 0, 0, 0, 0, 0, 0, 0, 0, 0, 0, 0, 0, 0, 0, 0, 0, 0, 0, 0, 0, 0, 0, 0, 0, 0, 0, 0, 0, 0, 0, 0, 0, 0, 0, 0, 0, 0, 0, 0, 0, 0, 0, 0, 0, 0, 0, 0, 0, 0, 0, 0, 0, 0, 0, 0, 0, 0, 0, 0, 0, 0, 0, 0, 0, 0, 0, 0, 0, 0, 0, 0, 0, 0, 0, 0, 0, 0, 0, 0, 0, 0, 0, 0, 0, 0, 0, 0, 0, 0, 0, 0, 0, 0, 0, 0, 0, 0, 0, 0, 0, 0, 0, 0, 0, 0, 0, 0, 0, 0, 0, 0, 0, 0, 0, 0, 0, 0, 0, 0, 0, 0, 0, 0, 0, 0, 0, 0, 0, 0, 0, 0, 0, 0, 0, 0, 0, 0, 0, 0, 0, 0, 0, 0, 0, 0, 0, 0, 0, 0, 0, 0, 0, 0, 0, 0, 0, 0, 0, 0, 0, 0, 0, 0, 0, 0, 0, 0, 0, 0, 0, 0, 0, 0, 0, 0, 0, 0, 0, 0, 0, 0, 0, 0, 0, 0, 0, 0, 0, 0, 0, 0, 0, 0, 0, 0, 0, 0, 0, 0, 0, 0, 0, 0, 0, 0, 0, 0}, {0, 2/5, 0, 0, 18/25, 0, 7/15, 0, 21/25, 7/75, 0, 189/125, 0, 0, 0, 0, 0, 0, 0, 0, 0, 0, 0, 0, 0, 0, 0, 0, 0, 0, 0, 0, 0, 0, 0, 0, 0, 0, 0, 0, 0, 0, 0, 0, 0, 0, 0, 0, 0, 0, 0, 0, 0, 0, 0, 0, 0, 0, 0, 0, 0, 0, 0, 0, 0, 0, 0, 0, 0, 0, 0, 0, 0, 0, 0, 0, 0, 0, 0, 0, 0, 0, 0, 0, 0, 0, 0, 0, 0, 0, 0, 0, 0, 0, 0, 0, 0, 0, 0, 0, 0, 0, 0, 0, 0, 0, 0, 0, 0, 0, 0, 0, 0, 0, 0, 0, 0, 0, 0, 0, 0, 0, 0, 0, 0, 0, 0, 0, 0, 0, 0, 0, 0, 0, 0, 0, 0, 0, 0, 0, 0, 0, 0, 0, 0, 0, 0, 0, 0, 0, 0, 0, 0, 0, 0, 0, 0, 0, 0, 0, 0, 0, 0, 0, 0, 0, 0, 0, 0, 0, 0, 0, 0, 0, 0, 0, 0, 0, 0, 0, 0, 0, 0, 0, 0, 0, 0, 0, 0, 0, 0, 0, 0, 0, 0, 0, 0, 0, 0, 0, 0, 0, 0, 0, 0, 0, 0, 0, 0, 0, 0, 0, 0, 0, 0, 0, 0, 0, 0, 0, 0, 0, 0, 0, 0, 0, 0, 0, 0, 0, 0, 0, 0, 0, 0, 0, 0, 0, 0, 0, 0, 0, 0, 0, 0, 0, 0, 0, 0, 0, 0, 0}, {0, 0, 0, 0, 0, 0, -1/3, 0, 0, 4/3, 0, 0, 0, 0, 0, 0, 0, 0, 0, 0, 0, 0, 0, 0, 0, 0, 0, 0, 0, 0, 0, 0, 0, 0, 0, 0, 0, 0, 0, 0, 0, 0, 0, 0, 0, 0, 0, 0, 0, 0, 0, 0, 0, 0, 0, 0, 0, 0, 0, 0, 0, 0, 0, 0, 0, 0, 0, 0, 0, 0, 0, 0, 0, 0, 0, 0, 0, 0, 0, 0, 0, 0, 0, 0, 0, 0, 0, 0, 0, 0, 0, 0, 0, 0, 0, 0, 0, 0, 0, 0, 0, 0, 0, 0, 0, 0, 0, 0, 0, 0, 0, 0, 0, 0, 0, 0, 0, 0, 0, 0, 0, 0, 0, 0, 0, 0, 0, 0, 0, 0, 0, 0, 0, 0, 0, 0, 0, 0, 0, 0, 0, 0, 0, 0, 0, 0, 0, 0, 0, 0, 0, 0, 0, 0, 0, 0, 0, 0, 0, 0, 0, 0, 0, 0, 0, 0, 0, 0, 0, 0, 0, 0, 0, 0, 0, 0, 0, 0, 0, 0, 0, 0, 0, 0, 0, 0, 0, 0, 0, 0, 0, 0, 0, 0, 0, 0, 0, 0, 0, 0, 0, 0, 0, 0, 0, 0, 0, 0, 0, 0, 0, 0, 0, 0, 0, 0, 0, 0, 0, 0, 0, 0, 0, 0, 0, 0, 0, 0, 0, 0, 0, 0, 0, 0, 0, 0, 0, 0, 0, 0, 0, 0, 0, 0, 0, 0, 0, 0, 0, 0, 0, 0}, {8/5, 0, 12/25, -32/25, 0, 108/125, 0, 39/25, 0, 0, 126/125, 0, 0, 0, 0, 0, 0, 0, 0, 0, 0, 0, 0, 0, 0, 0, 0, 0, 0, 0, 0, 0, 0, 0, 0, 0, 0, 0, 0, 0, 0, 0, 0, 0, 0, 0, 0, 0, 0, 0, 0, 0, 0, 0, 0, 0, 0, 0, 0, 0, 0, 0, 0, 0, 0, 0, 0, 0, 0, 0, 0, 0, 0, 0, 0, 0, 0, 0, 0, 0, 0, 0, 0, 0, 0, 0, 0, 0, 0, 0, 0, 0, 0, 0, 0, 0, 0, 0, 0, 0, 0, 0, 0, 0, 0, 0, 0, 0, 0, 0, 0, 0, 0, 0, 0, 0, 0, 0, 0, 0, 0, 0, 0, 0, 0, 0, 0, 0, 0, 0, 0, 0, 0, 0, 0, 0, 0, 0, 0, 0, 0, 0, 0, 0, 0, 0, 0, 0, 0, 0, 0, 0, 0, 0, 0, 0, 0, 0, 0, 0, 0, 0, 0, 0, 0, 0, 0, 0, 0, 0, 0, 0, 0, 0, 0, 0, 0, 0, 0, 0, 0, 0, 0, 0, 0, 0, 0, 0, 0, 0, 0, 0, 0, 0, 0, 0, 0, 0, 0, 0, 0, 0, 0, 0, 0, 0, 0, 0, 0, 0, 0, 0, 0, 0, 0, 0, 0, 0, 0, 0, 0, 0, 0, 0, 0, 0, 0, 0, 0, 0, 0, 0, 0, 0, 0, 0, 0, 0, 0, 0, 0, 0, 0, 0, 0, 0, 0, 0, 0, 0, 0, 0}, {0, 8/5, 0, 0, 12/25, 0, 16/5, 0, 39/25, -112/75, 0, 126/125, 0, 0, 0, 0, 0, 0, 0, 0, 0, 0, 0, 0, 0, 0, 0, 0, 0, 0, 0, 0, 0, 0, 0, 0, 0, 0, 0, 0, 0, 0, 0, 0, 0, 0, 0, 0, 0, 0, 0, 0, 0, 0, 0, 0, 0, 0, 0, 0, 0, 0, 0, 0, 0, 0, 0, 0, 0, 0, 0, 0, 0, 0, 0, 0, 0, 0, 0, 0, 0, 0, 0, 0, 0, 0, 0, 0, 0, 0, 0, 0, 0, 0, 0, 0, 0, 0, 0, 0, 0, 0, 0, 0, 0, 0, 0, 0, 0, 0, 0, 0, 0, 0, 0, 0, 0, 0, 0, 0, 0, 0, 0, 0, 0, 0, 0, 0, 0, 0, 0, 0, 0, 0, 0, 0, 0, 0, 0, 0, 0, 0, 0, 0, 0, 0, 0, 0, 0, 0, 0, 0, 0, 0, 0, 0, 0, 0, 0, 0, 0, 0, 0, 0, 0, 0, 0, 0, 0, 0, 0, 0, 0, 0, 0, 0, 0, 0, 0, 0, 0, 0, 0, 0, 0, 0, 0, 0, 0, 0, 0, 0, 0, 0, 0, 0, 0, 0, 0, 0, 0, 0, 0, 0, 0, 0, 0, 0, 0, 0, 0, 0, 0, 0, 0, 0, 0, 0, 0, 0, 0, 0, 0, 0, 0, 0, 0, 0, 0, 0, 0, 0, 0, 0, 0, 0, 0, 0, 0, 0, 0, 0, 0, 0, 0, 0, 0, 0, 0, 0, 0, 0}, {0, 0, 0, 0, 0, 0, -4/3, 0, 0, 7/3, 0, 0, 0, 0, 0, 0, 0, 0, 0, 0, 0, 0, 0, 0, 0, 0, 0, 0, 0, 0, 0, 0, 0, 0, 0, 0, 0, 0, 0, 0, 0, 0, 0, 0, 0, 0, 0, 0, 0, 0, 0, 0, 0, 0, 0, 0, 0, 0, 0, 0, 0, 0, 0, 0, 0, 0, 0, 0, 0, 0, 0, 0, 0, 0, 0, 0, 0, 0, 0, 0, 0, 0, 0, 0, 0, 0, 0, 0, 0, 0, 0, 0, 0, 0, 0, 0, 0, 0, 0, 0, 0, 0, 0, 0, 0, 0, 0, 0, 0, 0, 0, 0, 0, 0, 0, 0, 0, 0, 0, 0, 0, 0, 0, 0, 0, 0, 0, 0, 0, 0, 0, 0, 0, 0, 0, 0, 0, 0, 0, 0, 0, 0, 0, 0, 0, 0, 0, 0, 0, 0, 0, 0, 0, 0, 0, 0, 0, 0, 0, 0, 0, 0, 0, 0, 0, 0, 0, 0, 0, 0, 0, 0, 0, 0, 0, 0, 0, 0, 0, 0, 0, 0, 0, 0, 0, 0, 0, 0, 0, 0, 0, 0, 0, 0, 0, 0, 0, 0, 0, 0, 0, 0, 0, 0, 0, 0, 0, 0, 0, 0, 0, 0, 0, 0, 0, 0, 0, 0, 0, 0, 0, 0, 0, 0, 0, 0, 0, 0, 0, 0, 0, 0, 0, 0, 0, 0, 0, 0, 0, 0, 0, 0, 0, 0, 0, 0, 0, 0, 0, 0, 0, 0}, {-2/15, 0, 28/25, 76/75, 0, 258/125, 0, 394/225, 0, 0, 526/125, 0, 2/5, 0, 18/25, 2/25, 0, 162/125, 0, 21/25, 0, 0, 189/125, 0, 0, 0, 0, 0, 0, 0, 0, 0, 0, 0, 0, 0, 0, 0, 0, 0, 0, 0, 0, 0, 0, 0, 0, 0, 0, 0, 0, 0, 0, 0, 0, 0, 0, 0, 0, 0, 0, 0, 0, 0, 0, 0, 0, 0, 0, 0, 0, 0, 0, 0, 0, 0, 0, 0, 0, 0, 0, 0, 0, 0, 0, 0, 0, 0, 0, 0, 0, 0, 0, 0, 0, 0, 0, 0, 0, 0, 0, 0, 0, 0, 0, 0, 0, 0, 0, 0, 0, 0, 0, 0, 0, 0, 0, 0, 0, 0, 0, 0, 0, 0, 0, 0, 0, 0, 0, 0, 0, 0, 0, 0, 0, 0, 0, 0, 0, 0, 0, 0, 0, 0, 0, 0, 0, 0, 0, 0, 0, 0, 0, 0, 0, 0, 0, 0, 0, 0, 0, 0, 0, 0, 0, 0, 0, 0, 0, 0, 0, 0, 0, 0, 0, 0, 0, 0, 0, 0, 0, 0, 0, 0, 0, 0, 0, 0, 0, 0, 0, 0, 0, 0, 0, 0, 0, 0, 0, 0, 0, 0, 0, 0, 0, 0, 0, 0, 0, 0, 0, 0, 0, 0, 0, 0, 0, 0, 0, 0, 0, 0, 0, 0, 0, 0, 0, 0, 0, 0, 0, 0, 0, 0, 0, 0, 0, 0, 0, 0, 0, 0, 0, 0, 0, 0, 0, 0, 0, 0, 0, 0}, {0, -2/15, 0, 0, 28/25, 0, -7/45, 0, 394/225, 166/225, 0, 526/125, 0, 2/5, 0, 0, 18/25, 0, 7/15, 0, 21/25, 7/75, 0, 189/125, 0, 0, 0, 0, 0, 0, 0, 0, 0, 0, 0, 0, 0, 0, 0, 0, 0, 0, 0, 0, 0, 0, 0, 0, 0, 0, 0, 0, 0, 0, 0, 0, 0, 0, 0, 0, 0, 0, 0, 0, 0, 0, 0, 0, 0, 0, 0, 0, 0, 0, 0, 0, 0, 0, 0, 0, 0, 0, 0, 0, 0, 0, 0, 0, 0, 0, 0, 0, 0, 0, 0, 0, 0, 0, 0, 0, 0, 0, 0, 0, 0, 0, 0, 0, 0, 0, 0, 0, 0, 0, 0, 0, 0, 0, 0, 0, 0, 0, 0, 0, 0, 0, 0, 0, 0, 0, 0, 0, 0, 0, 0, 0, 0, 0, 0, 0, 0, 0, 0, 0, 0, 0, 0, 0, 0, 0, 0, 0, 0, 0, 0, 0, 0, 0, 0, 0, 0, 0, 0, 0, 0, 0, 0, 0, 0, 0, 0, 0, 0, 0, 0, 0, 0, 0, 0, 0, 0, 0, 0, 0, 0, 0, 0, 0, 0, 0, 0, 0, 0, 0, 0, 0, 0, 0, 0, 0, 0, 0, 0, 0, 0, 0, 0, 0, 0, 0, 0, 0, 0, 0, 0, 0, 0, 0, 0, 0, 0, 0, 0, 0, 0, 0, 0, 0, 0, 0, 0, 0, 0, 0, 0, 0, 0, 0, 0, 0, 0, 0, 0, 0, 0, 0, 0, 0, 0, 0, 0, 0}, {0, 0, 0, 0, 0, 0, 0, 0, 0, -2/9, 0, 0, 0, 0, 0, 0, 0, 0, -1/3, 0, 0, 4/3, 0, 0, 0, 0, 0, 0, 0, 0, 0, 0, 0, 0, 0, 0, 0, 0, 0, 0, 0, 0, 0, 0, 0, 0, 0, 0, 0, 0, 0, 0, 0, 0, 0, 0, 0, 0, 0, 0, 0, 0, 0, 0, 0, 0, 0, 0, 0, 0, 0, 0, 0, 0, 0, 0, 0, 0, 0, 0, 0, 0, 0, 0, 0, 0, 0, 0, 0, 0, 0, 0, 0, 0, 0, 0, 0, 0, 0, 0, 0, 0, 0, 0, 0, 0, 0, 0, 0, 0, 0, 0, 0, 0, 0, 0, 0, 0, 0, 0, 0, 0, 0, 0, 0, 0, 0, 0, 0, 0, 0, 0, 0, 0, 0, 0, 0, 0, 0, 0, 0, 0, 0, 0, 0, 0, 0, 0, 0, 0, 0, 0, 0, 0, 0, 0, 0, 0, 0, 0, 0, 0, 0, 0, 0, 0, 0, 0, 0, 0, 0, 0, 0, 0, 0, 0, 0, 0, 0, 0, 0, 0, 0, 0, 0, 0, 0, 0, 0, 0, 0, 0, 0, 0, 0, 0, 0, 0, 0, 0, 0, 0, 0, 0, 0, 0, 0, 0, 0, 0, 0, 0, 0, 0, 0, 0, 0, 0, 0, 0, 0, 0, 0, 0, 0, 0, 0, 0, 0, 0, 0, 0, 0, 0, 0, 0, 0, 0, 0, 0, 0, 0, 0, 0, 0, 0, 0, 0, 0, 0, 0, 0}, {-4/15, 0, -6/25, 16/25, 0, 6/5, 0, -71/75, 0, 0, 29/15, 0, 8/5, 0, 12/25, -32/25, 0, 108/125, 0, 39/25, 0, 0, 126/125, 0, 0, 0, 0, 0, 0, 0, 0, 0, 0, 0, 0, 0, 0, 0, 0, 0, 0, 0, 0, 0, 0, 0, 0, 0, 0, 0, 0, 0, 0, 0, 0, 0, 0, 0, 0, 0, 0, 0, 0, 0, 0, 0, 0, 0, 0, 0, 0, 0, 0, 0, 0, 0, 0, 0, 0, 0, 0, 0, 0, 0, 0, 0, 0, 0, 0, 0, 0, 0, 0, 0, 0, 0, 0, 0, 0, 0, 0, 0, 0, 0, 0, 0, 0, 0, 0, 0, 0, 0, 0, 0, 0, 0, 0, 0, 0, 0, 0, 0, 0, 0, 0, 0, 0, 0, 0, 0, 0, 0, 0, 0, 0, 0, 0, 0, 0, 0, 0, 0, 0, 0, 0, 0, 0, 0, 0, 0, 0, 0, 0, 0, 0, 0, 0, 0, 0, 0, 0, 0, 0, 0, 0, 0, 0, 0, 0, 0, 0, 0, 0, 0, 0, 0, 0, 0, 0, 0, 0, 0, 0, 0, 0, 0, 0, 0, 0, 0, 0, 0, 0, 0, 0, 0, 0, 0, 0, 0, 0, 0, 0, 0, 0, 0, 0, 0, 0, 0, 0, 0, 0, 0, 0, 0, 0, 0, 0, 0, 0, 0, 0, 0, 0, 0, 0, 0, 0, 0, 0, 0, 0, 0, 0, 0, 0, 0, 0, 0, 0, 0, 0, 0, 0, 0, 0, 0, 0, 0, 0, 0}, {0, -4/15, 0, 0, -6/25, 0, -8/15, 0, -71/75, 56/75, 0, 29/15, 0, 8/5, 0, 0, 12/25, 0, 16/5, 0, 39/25, -112/75, 0, 126/125, 0, 0, 0, 0, 0, 0, 0, 0, 0, 0, 0, 0, 0, 0, 0, 0, 0, 0, 0, 0, 0, 0, 0, 0, 0, 0, 0, 0, 0, 0, 0, 0, 0, 0, 0, 0, 0, 0, 0, 0, 0, 0, 0, 0, 0, 0, 0, 0, 0, 0, 0, 0, 0, 0, 0, 0, 0, 0, 0, 0, 0, 0, 0, 0, 0, 0, 0, 0, 0, 0, 0, 0, 0, 0, 0, 0, 0, 0, 0, 0, 0, 0, 0, 0, 0, 0, 0, 0, 0, 0, 0, 0, 0, 0, 0, 0, 0, 0, 0, 0, 0, 0, 0, 0, 0, 0, 0, 0, 0, 0, 0, 0, 0, 0, 0, 0, 0, 0, 0, 0, 0, 0, 0, 0, 0, 0, 0, 0, 0, 0, 0, 0, 0, 0, 0, 0, 0, 0, 0, 0, 0, 0, 0, 0, 0, 0, 0, 0, 0, 0, 0, 0, 0, 0, 0, 0, 0, 0, 0, 0, 0, 0, 0, 0, 0, 0, 0, 0, 0, 0, 0, 0, 0, 0, 0, 0, 0, 0, 0, 0, 0, 0, 0, 0, 0, 0, 0, 0, 0, 0, 0, 0, 0, 0, 0, 0, 0, 0, 0, 0, 0, 0, 0, 0, 0, 0, 0, 0, 0, 0, 0, 0, 0, 0, 0, 0, 0, 0, 0, 0, 0, 0, 0, 0, 0, 0, 0, 0}, {0, 0, 0, 0, 0, 0, 2/9, 0, 0, -4/3, 0, 0, 0, 0, 0, 0, 0, 0, -4/3, 0, 0, 7/3, 0, 0, 0, 0, 0, 0, 0, 0, 0, 0, 0, 0, 0, 0, 0, 0, 0, 0, 0, 0, 0, 0, 0, 0, 0, 0, 0, 0, 0, 0, 0, 0, 0, 0, 0, 0, 0, 0, 0, 0, 0, 0, 0, 0, 0, 0, 0, 0, 0, 0, 0, 0, 0, 0, 0, 0, 0, 0, 0, 0, 0, 0, 0, 0, 0, 0, 0, 0, 0, 0, 0, 0, 0, 0, 0, 0, 0, 0, 0, 0, 0, 0, 0, 0, 0, 0, 0, 0, 0, 0, 0, 0, 0, 0, 0, 0, 0, 0, 0, 0, 0, 0, 0, 0, 0, 0, 0, 0, 0, 0, 0, 0, 0, 0, 0, 0, 0, 0, 0, 0, 0, 0, 0, 0, 0, 0, 0, 0, 0, 0, 0, 0, 0, 0, 0, 0, 0, 0, 0, 0, 0, 0, 0, 0, 0, 0, 0, 0, 0, 0, 0, 0, 0, 0, 0, 0, 0, 0, 0, 0, 0, 0, 0, 0, 0, 0, 0, 0, 0, 0, 0, 0, 0, 0, 0, 0, 0, 0, 0, 0, 0, 0, 0, 0, 0, 0, 0, 0, 0, 0, 0, 0, 0, 0, 0, 0, 0, 0, 0, 0, 0, 0, 0, 0, 0, 0, 0, 0, 0, 0, 0, 0, 0, 0, 0, 0, 0, 0, 0, 0, 0, 0, 0, 0, 0, 0, 0, 0, 0, 0}, {0, 0, -14/75, -38/225, 0, -156/125, 0, -197/675, 0, 0, -946/375, 0, -2/15, 0, 28/25, 76/75, 0, 258/125, 0, 394/225, 0, 0, 526/125, 0, 2/5, 0, 18/25, 2/25, 0, 162/125, 0, 21/25, 0, 0, 189/125, 0, 0, 0, 0, 0, 0, 0, 0, 0, 0, 0, 0, 0, 0, 0, 0, 0, 0, 0, 0, 0, 0, 0, 0, 0, 0, 0, 0, 0, 0, 0, 0, 0, 0, 0, 0, 0, 0, 0, 0, 0, 0, 0, 0, 0, 0, 0, 0, 0, 0, 0, 0, 0, 0, 0, 0, 0, 0, 0, 0, 0, 0, 0, 0, 0, 0, 0, 0, 0, 0, 0, 0, 0, 0, 0, 0, 0, 0, 0, 0, 0, 0, 0, 0, 0, 0, 0, 0, 0, 0, 0, 0, 0, 0, 0, 0, 0, 0, 0, 0, 0, 0, 0, 0, 0, 0, 0, 0, 0, 0, 0, 0, 0, 0, 0, 0, 0, 0, 0, 0, 0, 0, 0, 0, 0, 0, 0, 0, 0, 0, 0, 0, 0, 0, 0, 0, 0, 0, 0, 0, 0, 0, 0, 0, 0, 0, 0, 0, 0, 0, 0, 0, 0, 0, 0, 0, 0, 0, 0, 0, 0, 0, 0, 0, 0, 0, 0, 0, 0, 0, 0, 0, 0, 0, 0, 0, 0, 0, 0, 0, 0, 0, 0, 0, 0, 0, 0, 0, 0, 0, 0, 0, 0, 0, 0, 0, 0, 0, 0, 0, 0, 0, 0, 0, 0, 0, 0, 0, 0, 0, 0, 0, 0, 0, 0, 0, 0}, {0, 0, 0, 0, -14/75, 0, 0, 0, -197/675, -83/675, 0, -946/375, 0, -2/15, 0, 0, 28/25, 0, -7/45, 0, 394/225, 166/225, 0, 526/125, 0, 2/5, 0, 0, 18/25, 0, 7/15, 0, 21/25, 7/75, 0, 189/125, 0, 0, 0, 0, 0, 0, 0, 0, 0, 0, 0, 0, 0, 0, 0, 0, 0, 0, 0, 0, 0, 0, 0, 0, 0, 0, 0, 0, 0, 0, 0, 0, 0, 0, 0, 0, 0, 0, 0, 0, 0, 0, 0, 0, 0, 0, 0, 0, 0, 0, 0, 0, 0, 0, 0, 0, 0, 0, 0, 0, 0, 0, 0, 0, 0, 0, 0, 0, 0, 0, 0, 0, 0, 0, 0, 0, 0, 0, 0, 0, 0, 0, 0, 0, 0, 0, 0, 0, 0, 0, 0, 0, 0, 0, 0, 0, 0, 0, 0, 0, 0, 0, 0, 0, 0, 0, 0, 0, 0, 0, 0, 0, 0, 0, 0, 0, 0, 0, 0, 0, 0, 0, 0, 0, 0, 0, 0, 0, 0, 0, 0, 0, 0, 0, 0, 0, 0, 0, 0, 0, 0, 0, 0, 0, 0, 0, 0, 0, 0, 0, 0, 0, 0, 0, 0, 0, 0, 0, 0, 0, 0, 0, 0, 0, 0, 0, 0, 0, 0, 0, 0, 0, 0, 0, 0, 0, 0, 0, 0, 0, 0, 0, 0, 0, 0, 0, 0, 0, 0, 0, 0, 0, 0, 0, 0, 0, 0, 0, 0, 0, 0, 0, 0, 0, 0, 0, 0, 0, 0, 0, 0, 0, 0, 0, 0, 0}, {2/15, 0, 2/25, -16/75, 0, -33/125, 0, 71/225, 0, 0, -331/750, 0, -2/5, 0, -3/25, -17/25, 0, -27/125, 0, -7/50, 0, 0, -63/250, 0, 0, 0, 0, 0, 0, 0, 0, 0, 0, 0, 0, 0, 0, 0, 0, 0, 0, 0, 0, 0, 0, 0, 0, 0, 0, 0, 0, 0, 0, 0, 0, 0, 0, 0, 0, 0, 0, 0, 0, 0, 0, 0, 0, 0, 0, 0, 0, 0, 0, 0, 0, 0, 0, 0, 0, 0, 0, 0, 0, 0, 0, 0, 0, 0, 0, 0, -1/3, 0, 0, 4/3, 0, 0, 0, 0, 0, 0, 0, 0, 0, 0, 0, 0, 0, 0, 0, 0, 0, 0, 0, 0, 0, 0, 0, 0, 0, 0, 0, 0, 0, 0, 0, 0, 0, 0, 0, 0, 0, 0, 0, 0, 0, 0, 0, 0, 0, 0, 0, 0, 0, 0, 0, 0, 0, 0, 0, 0, 0, 0, 0, 0, 0, 0, 0, 0, 0, 0, 0, 0, 0, 0, 0, 0, 0, 0, 0, 0, 0, 0, 0, 0, 0, 0, 0, 0, 0, 0, 0, 0, 0, 0, 0, 0, 0, 0, 0, 0, 0, 0, 0, 0, 0, 0, 0, 0, 0, 0, 0, 0, 0, 0, 0, 0, 0, 0, 0, 0, 0, 0, 0, 0, 0, 0, 0, 0, 0, 0, 0, 0, 0, 0, 0, 0, 0, 0, 0, 0, 0, 0, 0, 0, 0, 0, 0, 0, 0, 0, 0, 0, 0, 0, 0, 0, 0, 0, 0, 0, 0, 0}, {0, 1/3, 0, 0, -6/25, 0, 8/9, 0, 32/225, -532/225, 0, -446/125, 0, -1, 0, 0, 0, 0, -8/3, 0, 0, 8/3, 0, 0, 0, 0, 0, 0, 0, 0, 0, 0, 0, 0, 0, 0, 0, 0, 0, 0, 0, 0, 0, 0, 0, 0, 0, 0, 0, 0, 0, 0, 0, 0, 0, 0, 0, 0, 0, 0, 0, 0, 0, 0, 0, 0, 0, 0, 0, 0, 0, 0, 0, 0, 0, 0, 0, 0, 0, 0, 0, 0, 0, 0, 8/5, 0, 12/25, -32/25, 0, 108/125, 0, 39/25, 0, 0, 126/125, 0, 0, 0, 0, 0, 0, 0, 0, 0, 0, 0, 0, 0, 0, 0, 0, 0, 0, 0, 0, 0, 0, 0, 0, 0, 0, 0, 0, 0, 0, 0, 0, 0, 0, 0, 0, 0, 0, 0, 0, 0, 0, 0, 0, 0, 0, 0, 0, 0, 0, 0, 0, 0, 0, 0, 0, 0, 0, 0, 0, 0, 0, 0, 0, 0, 0, 0, 0, 0, 0, 0, 0, 0, 0, 0, 0, 0, 0, 0, 0, 0, 0, 0, 0, 0, 0, 0, 0, 0, 0, 0, 0, 0, 0, 0, 0, 0, 0, 0, 0, 0, 0, 0, 0, 0, 0, 0, 0, 0, 0, 0, 0, 0, 0, 0, 0, 0, 0, 0, 0, 0, 0, 0, 0, 0, 0, 0, 0, 0, 0, 0, 0, 0, 0, 0, 0, 0, 0, 0, 0, 0, 0, 0, 0, 0, 0, 0, 0, 0, 0, 0, 0, 0, 0, 0, 0, 0}, {0, 0, 9/25, 1/25, 0, -58/125, 0, 23/25, 0, 0, -26/125, 0, -3/5, 0, -27/25, -3/25, 0, -18/125, 0, -69/25, 0, 0, -21/125, 0, 0, 0, 0, 0, 0, 0, 0, 0, 0, 0, 0, 0, 0, 0, 0, 0, 0, 0, 0, 0, 0, 0, 0, 0, 0, 0, 0, 0, 0, 0, 0, 0, 0, 0, 0, 0, 0, 0, 0, 0, 0, 0, 0, 0, 0, 0, 0, 0, 0, 0, 0, 0, 0, 0, 0, 0, 0, 0, 0, 0, 0, 8/5, 0, 0, 12/25, 0, 16/5, 0, 39/25, -112/75, 0, 126/125, 0, 0, 0, 0, 0, 0, 0, 0, 0, 0, 0, 0, 0, 0, 0, 0, 0, 0, 0, 0, 0, 0, 0, 0, 0, 0, 0, 0, 0, 0, 0, 0, 0, 0, 0, 0, 0, 0, 0, 0, 0, 0, 0, 0, 0, 0, 0, 0, 0, 0, 0, 0, 0, 0, 0, 0, 0, 0, 0, 0, 0, 0, 0, 0, 0, 0, 0, 0, 0, 0, 0, 0, 0, 0, 0, 0, 0, 0, 0, 0, 0, 0, 0, 0, 0, 0, 0, 0, 0, 0, 0, 0, 0, 0, 0, 0, 0, 0, 0, 0, 0, 0, 0, 0, 0, 0, 0, 0, 0, 0, 0, 0, 0, 0, 0, 0, 0, 0, 0, 0, 0, 0, 0, 0, 0, 0, 0, 0, 0, 0, 0, 0, 0, 0, 0, 0, 0, 0, 0, 0, 0, 0, 0, 0, 0, 0, 0, 0, 0, 0, 0, 0, 0, 0, 0, 0}, {0, 0, 1/25, 14/25, 0, -42/125, 0, 7/150, 0, 0, -197/375, 0, 3/5, 0, -3/25, -42/25, 0, -27/125, 0, -7/50, 0, 0, -63/250, 0, 0, 0, 0, 0, 0, 0, 0, 0, 0, 0, 0, 0, 0, 0, 0, 0, 0, 0, 0, 0, 0, 0, 0, 0, 0, 0, 0, 0, 0, 0, 0, 0, 0, 0, 0, 0, 0, 0, 0, 0, 0, 0, 0, 0, 0, 0, 0, 0, 0, 0, 0, 0, 0, 0, 0, 0, 0, 0, 0, 0, 0, 0, 0, 0, 0, 0, -4/3, 0, 0, 7/3, 0, 0, 0, 0, 0, 0, 0, 0, 0, 0, 0, 0, 0, 0, 0, 0, 0, 0, 0, 0, 0, 0, 0, 0, 0, 0, 0, 0, 0, 0, 0, 0, 0, 0, 0, 0, 0, 0, 0, 0, 0, 0, 0, 0, 0, 0, 0, 0, 0, 0, 0, 0, 0, 0, 0, 0, 0, 0, 0, 0, 0, 0, 0, 0, 0, 0, 0, 0, 0, 0, 0, 0, 0, 0, 0, 0, 0, 0, 0, 0, 0, 0, 0, 0, 0, 0, 0, 0, 0, 0, 0, 0, 0, 0, 0, 0, 0, 0, 0, 0, 0, 0, 0, 0, 0, 0, 0, 0, 0, 0, 0, 0, 0, 0, 0, 0, 0, 0, 0, 0, 0, 0, 0, 0, 0, 0, 0, 0, 0, 0, 0, 0, 0, 0, 0, 0, 0, 0, 0, 0, 0, 0, 0, 0, 0, 0, 0, 0, 0, 0, 0, 0, 0, 0, 0, 0, 0, 0}, {0, 0, 0, 0, 38/75, 0, 0, 0, 223/225, 299/450, 0, 3386/1125, 0, -1/5, 0, 0, -38/25, 0, -1/15, 0, -223/75, -299/150, 0, -711/125, 0, 0, 0, 0, 0, 0, 0, 0, 0, 0, 0, 0, 2/5, 0, 18/25, 2/25, 0, 162/125, 0, 21/25, 0, 0, 189/125, 0, 0, 0, 0, 0, 0, 0, 0, 0, 0, 0, 0, 0, 0, 0, 0, 0, 0, 0, 0, 0, 0, 0, 0, 0, 0, 0, 0, 0, 0, 0, 0, 0, 0, 0, 0, 0, -2/15, 0, 28/25, 76/75, 0, 258/125, 0, 394/225, 0, 0, 526/125, 0, 0, 0, 0, 0, 0, 0, 0, 0, 0, 0, 0, 0, 0, 0, 0, 0, 0, 0, 0, 0, 0, 0, 0, 0, 0, 0, 0, 0, 0, 0, 0, 0, 0, 0, 0, 0, 0, 0, 0, 0, 0, 0, 0, 0, 0, 0, 0, 0, 0, 0, 0, 0, 0, 0, 0, 0, 0, 0, 0, 0, 0, 0, 0, 0, 0, 0, 0, 0, 0, 0, 0, 0, 0, 0, 0, 0, 0, 0, 0, 0, 0, 0, 0, 0, 0, 0, 0, 0, 0, 0, 0, 0, 0, 0, 0, 0, 0, 0, 0, 0, 0, 0, 0, 0, 0, 0, 0, 0, 0, 0, 0, 0, 0, 0, 0, 0, 0, 0, 0, 0, 0, 0, 0, 0, 0, 0, 0, 0, 0, 0, 0, 0, 0, 0, 0, 0, 0, 0, 0, 0, 0, 0, 0, 0, 0, 0, 0, 0, 0, 0, 0, 0, 0, 0, 0, 0}, {0, 0, 0, 0, 0, 38/75, 0, 0, 0, 0, 223/225, 0, 0, 0, -1/5, 1/5, 0, -38/25, 0, -1/15, 0, 0, -223/75, 0, 0, 0, 0, 0, 0, 0, 0, 0, 0, 0, 0, 0, 0, 2/5, 0, 0, 18/25, 0, 7/15, 0, 21/25, 7/75, 0, 189/125, 0, 0, 0, 0, 0, 0, 0, 0, 0, 0, 0, 0, 0, 0, 0, 0, 0, 0, 0, 0, 0, 0, 0, 0, 0, 0, 0, 0, 0, 0, 0, 0, 0, 0, 0, 0, 0, -2/15, 0, 0, 28/25, 0, -7/45, 0, 394/225, 166/225, 0, 526/125, 0, 0, 0, 0, 0, 0, 0, 0, 0, 0, 0, 0, 0, 0, 0, 0, 0, 0, 0, 0, 0, 0, 0, 0, 0, 0, 0, 0, 0, 0, 0, 0, 0, 0, 0, 0, 0, 0, 0, 0, 0, 0, 0, 0, 0, 0, 0, 0, 0, 0, 0, 0, 0, 0, 0, 0, 0, 0, 0, 0, 0, 0, 0, 0, 0, 0, 0, 0, 0, 0, 0, 0, 0, 0, 0, 0, 0, 0, 0, 0, 0, 0, 0, 0, 0, 0, 0, 0, 0, 0, 0, 0, 0, 0, 0, 0, 0, 0, 0, 0, 0, 0, 0, 0, 0, 0, 0, 0, 0, 0, 0, 0, 0, 0, 0, 0, 0, 0, 0, 0, 0, 0, 0, 0, 0, 0, 0, 0, 0, 0, 0, 0, 0, 0, 0, 0, 0, 0, 0, 0, 0, 0, 0, 0, 0, 0, 0, 0, 0, 0, 0, 0, 0, 0, 0, 0}, {0, 0, 0, 0, 0, 0, -1/9, 0, 0, 4/9, 0, 0, 0, 0, 0, 0, 0, 0, 1/3, 0, 0, 2/3, 0, 0, 0, 0, 0, 0, 0, 0, 0, 0, 0, 0, 0, 0, 0, 0, 0, 0, 0, 0, 0, 0, 0, 0, 0, 0, 0, 0, 0, 0, 0, 0, 0, 0, 0, 0, 0, 0, 0, 0, 0, 0, 0, 0, 0, 0, 0, 0, 0, 0, 0, 0, 0, 0, 0, 0, 0, 0, 0, 0, 0, 0, 0, 0, 0, 0, 0, 0, 0, 0, 0, 0, 0, 0, 0, 0, 0, 0, 0, 0, 0, 0, 0, 0, 0, 0, 0, 0, 0, 0, 0, 0, 0, 0, 0, 0, 0, 0, 0, 0, 0, 0, 0, 0, 0, 0, 0, 0, 0, 0, 0, 0, 0, 0, 0, 0, 0, 0, 0, 0, 0, 0, 0, 0, 0, 0, 0, 0, -1/3, 0, 0, 4/3, 0, 0, 0, 0, 0, 0, 0, 0, 0, 0, 0, 0, 0, 0, 0, 0, 0, 0, 0, 0, 0, 0, 0, 0, 0, 0, 0, 0, 0, 0, 0, 0, 0, 0, 0, 0, 0, 0, 0, 0, 0, 0, 0, 0, 0, 0, 0, 0, 0, 0, 0, 0, 0, 0, 0, 0, 0, 0, 0, 0, 0, 0, 0, 0, 0, 0, 0, 0, 0, 0, 0, 0, 0, 0, 0, 0, 0, 0, 0, 0, 0, 0, 0, 0, 0, 0, 0, 0, 0, 0, 0, 0, 0, 0, 0, 0, 0, 0}, {0, 0, -2/25, 16/75, 0, 204/125, 0, -32/75, 0, 0, 914/375, 0, 4/5, 0, 6/25, -16/25, 0, 54/125, 0, 32/25, 0, 0, 63/125, 0, 0, 0, 0, 0, 0, 0, 0, 0, 0, 0, 0, 0, 0, 0, 0, 0, 0, 0, 0, 0, 0, 0, 0, 0, 0, 0, 0, 0, 0, 0, 0, 0, 0, 0, 0, 0, 0, 0, 0, 0, 0, 0, 0, 0, 0, 0, 0, 0, 0, 0, 0, 0, 0, 0, 0, 0, 0, 0, 0, 0, 0, 0, 0, 0, 0, 0, 0, 0, 0, 0, 0, 0, 0, 0, 0, 0, 0, 0, 0, 0, 0, 0, 0, 0, 0, 0, 0, 0, 0, 0, 0, 0, 0, 0, 0, 0, 0, 0, 0, 0, 0, 0, 0, 0, 0, 0, 0, 0, 0, 0, 0, 0, 0, 0, 0, 0, 0, 0, 0, 0, 8/5, 0, 12/25, -32/25, 0, 108/125, 0, 39/25, 0, 0, 126/125, 0, 0, 0, 0, 0, 0, 0, 0, 0, 0, 0, 0, 0, 0, 0, 0, 0, 0, 0, 0, 0, 0, 0, 0, 0, 0, 0, 0, 0, 0, 0, 0, 0, 0, 0, 0, 0, 0, 0, 0, 0, 0, 0, 0, 0, 0, 0, 0, 0, 0, 0, 0, 0, 0, 0, 0, 0, 0, 0, 0, 0, 0, 0, 0, 0, 0, 0, 0, 0, 0, 0, 0, 0, 0, 0, 0, 0, 0, 0, 0, 0, 0, 0, 0, 0, 0, 0, 0, 0, 0, 0, 0, 0, 0, 0, 0, 0}, {0, 0, 0, 0, -2/25, 0, 0, 0, -32/75, 56/225, 0, 914/375, 0, 4/5, 0, 0, 6/25, 0, 8/5, 0, 32/25, -56/75, 0, 63/125, 0, 0, 0, 0, 0, 0, 0, 0, 0, 0, 0, 0, 0, 0, 0, 0, 0, 0, 0, 0, 0, 0, 0, 0, 0, 0, 0, 0, 0, 0, 0, 0, 0, 0, 0, 0, 0, 0, 0, 0, 0, 0, 0, 0, 0, 0, 0, 0, 0, 0, 0, 0, 0, 0, 0, 0, 0, 0, 0, 0, 0, 0, 0, 0, 0, 0, 0, 0, 0, 0, 0, 0, 0, 0, 0, 0, 0, 0, 0, 0, 0, 0, 0, 0, 0, 0, 0, 0, 0, 0, 0, 0, 0, 0, 0, 0, 0, 0, 0, 0, 0, 0, 0, 0, 0, 0, 0, 0, 0, 0, 0, 0, 0, 0, 0, 0, 0, 0, 0, 0, 0, 8/5, 0, 0, 12/25, 0, 16/5, 0, 39/25, -112/75, 0, 126/125, 0, 0, 0, 0, 0, 0, 0, 0, 0, 0, 0, 0, 0, 0, 0, 0, 0, 0, 0, 0, 0, 0, 0, 0, 0, 0, 0, 0, 0, 0, 0, 0, 0, 0, 0, 0, 0, 0, 0, 0, 0, 0, 0, 0, 0, 0, 0, 0, 0, 0, 0, 0, 0, 0, 0, 0, 0, 0, 0, 0, 0, 0, 0, 0, 0, 0, 0, 0, 0, 0, 0, 0, 0, 0, 0, 0, 0, 0, 0, 0, 0, 0, 0, 0, 0, 0, 0, 0, 0, 0, 0, 0, 0, 0, 0, 0}, {0, 0, 0, 0, 0, 0, 0, 0, 0, -5/9, 0, 0, 0, 0, 0, 0, 0, 0, -2/3, 0, 0, 5/3, 0, 0, 0, 0, 0, 0, 0, 0, 0, 0, 0, 0, 0, 0, 0, 0, 0, 0, 0, 0, 0, 0, 0, 0, 0, 0, 0, 0, 0, 0, 0, 0, 0, 0, 0, 0, 0, 0, 0, 0, 0, 0, 0, 0, 0, 0, 0, 0, 0, 0, 0, 0, 0, 0, 0, 0, 0, 0, 0, 0, 0, 0, 0, 0, 0, 0, 0, 0, 0, 0, 0, 0, 0, 0, 0, 0, 0, 0, 0, 0, 0, 0, 0, 0, 0, 0, 0, 0, 0, 0, 0, 0, 0, 0, 0, 0, 0, 0, 0, 0, 0, 0, 0, 0, 0, 0, 0, 0, 0, 0, 0, 0, 0, 0, 0, 0, 0, 0, 0, 0, 0, 0, 0, 0, 0, 0, 0, 0, -4/3, 0, 0, 7/3, 0, 0, 0, 0, 0, 0, 0, 0, 0, 0, 0, 0, 0, 0, 0, 0, 0, 0, 0, 0, 0, 0, 0, 0, 0, 0, 0, 0, 0, 0, 0, 0, 0, 0, 0, 0, 0, 0, 0, 0, 0, 0, 0, 0, 0, 0, 0, 0, 0, 0, 0, 0, 0, 0, 0, 0, 0, 0, 0, 0, 0, 0, 0, 0, 0, 0, 0, 0, 0, 0, 0, 0, 0, 0, 0, 0, 0, 0, 0, 0, 0, 0, 0, 0, 0, 0, 0, 0, 0, 0, 0, 0, 0, 0, 0, 0, 0, 0}, {0, 0, 0, 0, 0, -14/25, 0, 0, 0, 0, -28/25, 0, 0, 0, 4/5, 8/15, 0, 42/25, 0, 52/45, 0, 0, 84/25, 0, 0, 0, 0, 0, 0, 0, 0, 0, 0, 0, 0, 0, 0, 0, 0, 0, 0, 0, 0, 0, 0, 0, 0, 0, 2/5, 0, 18/25, 2/25, 0, 162/125, 0, 21/25, 0, 0, 189/125, 0, 0, 0, 0, 0, 0, 0, 0, 0, 0, 0, 0, 0, 0, 0, 0, 0, 0, 0, 0, 0, 0, 0, 0, 0, 0, 0, 0, 0, 0, 0, 0, 0, 0, 0, 0, 0, 0, 0, 0, 0, 0, 0, 0, 0, 0, 0, 0, 0, 0, 0, 0, 0, 0, 0, 0, 0, 0, 0, 0, 0, 0, 0, 0, 0, 0, 0, 0, 0, 0, 0, 0, 0, 0, 0, 0, 0, 0, 0, 0, 0, 0, 0, 0, 0, -2/15, 0, 28/25, 76/75, 0, 258/125, 0, 394/225, 0, 0, 526/125, 0, 0, 0, 0, 0, 0, 0, 0, 0, 0, 0, 0, 0, 0, 0, 0, 0, 0, 0, 0, 0, 0, 0, 0, 0, 0, 0, 0, 0, 0, 0, 0, 0, 0, 0, 0, 0, 0, 0, 0, 0, 0, 0, 0, 0, 0, 0, 0, 0, 0, 0, 0, 0, 0, 0, 0, 0, 0, 0, 0, 0, 0, 0, 0, 0, 0, 0, 0, 0, 0, 0, 0, 0, 0, 0, 0, 0, 0, 0, 0, 0, 0, 0, 0, 0, 0, 0, 0, 0, 0, 0, 0, 0, 0, 0, 0, 0}, {0, 0, 0, 0, 0, 0, 0, 0, 0, 0, 0, -28/25, 0, 0, 0, 0, 4/5, 0, 0, 0, 52/45, 2/5, 0, 84/25, 0, 0, 0, 0, 0, 0, 0, 0, 0, 0, 0, 0, 0, 0, 0, 0, 0, 0, 0, 0, 0, 0, 0, 0, 0, 2/5, 0, 0, 18/25, 0, 7/15, 0, 21/25, 7/75, 0, 189/125, 0, 0, 0, 0, 0, 0, 0, 0, 0, 0, 0, 0, 0, 0, 0, 0, 0, 0, 0, 0, 0, 0, 0, 0, 0, 0, 0, 0, 0, 0, 0, 0, 0, 0, 0, 0, 0, 0, 0, 0, 0, 0, 0, 0, 0, 0, 0, 0, 0, 0, 0, 0, 0, 0, 0, 0, 0, 0, 0, 0, 0, 0, 0, 0, 0, 0, 0, 0, 0, 0, 0, 0, 0, 0, 0, 0, 0, 0, 0, 0, 0, 0, 0, 0, 0, -2/15, 0, 0, 28/25, 0, -7/45, 0, 394/225, 166/225, 0, 526/125, 0, 0, 0, 0, 0, 0, 0, 0, 0, 0, 0, 0, 0, 0, 0, 0, 0, 0, 0, 0, 0, 0, 0, 0, 0, 0, 0, 0, 0, 0, 0, 0, 0, 0, 0, 0, 0, 0, 0, 0, 0, 0, 0, 0, 0, 0, 0, 0, 0, 0, 0, 0, 0, 0, 0, 0, 0, 0, 0, 0, 0, 0, 0, 0, 0, 0, 0, 0, 0, 0, 0, 0, 0, 0, 0, 0, 0, 0, 0, 0, 0, 0, 0, 0, 0, 0, 0, 0, 0, 0, 0, 0, 0, 0, 0, 0}, {0, 0, 0, 0, 0, 0, 0, 0, 0, 0, 0, 0, -1, 0, 0, 0, 0, 0, 0, 0, 0, 0, 0, 0, 0, 0, 0, 0, 0, 0, 0, 0, 0, 0, 0, 0, 0, 0, 0, 0, 0, 0, 0, 0, 0, 0, 0, 0, 0, 0, 0, 0, 0, 0, 0, 0, 0, 0, 0, 0, 0, 0, 0, 0, 0, 0, 0, 0, 0, 0, 0, 0, 0, 0, 0, 0, 0, 0, 0, 0, 0, 0, 0, 0, 0, 0, 0, 0, 0, 0, 0, 0, 0, 0, 0, 0, 0, 0, 0, 0, 0, 0, 0, 0, 0, 0, 0, 0, 0, 0, 0, 0, 0, 0, 0, 0, 0, 0, 0, 0, 0, 0, 0, 0, 0, 0, 0, 0, 0, 0, 0, 0, 0, 0, 0, 0, 0, 0, 0, 0, 0, 0, 0, 0, 0, 0, 0, 0, 0, 0, 0, 0, 0, 0, 0, 0, 0, 0, 0, 0, 0, 0, 0, 0, 0, 0, 0, 0, 0, 0, 0, 0, 0, 0, 0, 0, 0, 0, 0, 0, 0, 0, 0, 0, 0, 0, 0, 0, 0, 0, 0, 0, 0, 0, 0, 0, 0, 0, -1/3, 0, 0, 4/3, 0, 0, 0, 0, 0, 0, 0, 0, 0, 0, 0, 0, 0, 0, 0, 0, 0, 0, 0, 0, 0, 0, 0, 0, 0, 0, 0, 0, 0, 0, 0, 0, 0, 0, 0, 0, 0, 0, 0, 0, 0, 0, 0, 0, 0, 0, 0, 0, 0, 0}, {0, 0, 0, 0, 0, 0, 0, 0, 0, -2/3, 0, -12/5, 0, -1, 0, 0, 0, 0, -2, 0, 0, 2, 0, 0, 0, 0, 0, 0, 0, 0, 0, 0, 0, 0, 0, 0, 0, 0, 0, 0, 0, 0, 0, 0, 0, 0, 0, 0, 0, 0, 0, 0, 0, 0, 0, 0, 0, 0, 0, 0, 0, 0, 0, 0, 0, 0, 0, 0, 0, 0, 0, 0, 0, 0, 0, 0, 0, 0, 0, 0, 0, 0, 0, 0, 0, 0, 0, 0, 0, 0, 0, 0, 0, 0, 0, 0, 0, 0, 0, 0, 0, 0, 0, 0, 0, 0, 0, 0, 0, 0, 0, 0, 0, 0, 0, 0, 0, 0, 0, 0, 0, 0, 0, 0, 0, 0, 0, 0, 0, 0, 0, 0, 0, 0, 0, 0, 0, 0, 0, 0, 0, 0, 0, 0, 0, 0, 0, 0, 0, 0, 0, 0, 0, 0, 0, 0, 0, 0, 0, 0, 0, 0, 0, 0, 0, 0, 0, 0, 0, 0, 0, 0, 0, 0, 0, 0, 0, 0, 0, 0, 0, 0, 0, 0, 0, 0, 0, 0, 0, 0, 0, 0, 8/5, 0, 12/25, -32/25, 0, 108/125, 0, 39/25, 0, 0, 126/125, 0, 0, 0, 0, 0, 0, 0, 0, 0, 0, 0, 0, 0, 0, 0, 0, 0, 0, 0, 0, 0, 0, 0, 0, 0, 0, 0, 0, 0, 0, 0, 0, 0, 0, 0, 0, 0, 0, 0, 0, 0, 0, 0, 0, 0, 0, 0, 0, 0}, {0, 0, 0, 0, 0, 0, 0, 0, 0, 0, 0, 0, 0, 0, -1, 0, 0, 0, 0, -2, 0, 0, 0, 0, 0, 0, 0, 0, 0, 0, 0, 0, 0, 0, 0, 0, 0, 0, 0, 0, 0, 0, 0, 0, 0, 0, 0, 0, 0, 0, 0, 0, 0, 0, 0, 0, 0, 0, 0, 0, 0, 0, 0, 0, 0, 0, 0, 0, 0, 0, 0, 0, 0, 0, 0, 0, 0, 0, 0, 0, 0, 0, 0, 0, 0, 0, 0, 0, 0, 0, 0, 0, 0, 0, 0, 0, 0, 0, 0, 0, 0, 0, 0, 0, 0, 0, 0, 0, 0, 0, 0, 0, 0, 0, 0, 0, 0, 0, 0, 0, 0, 0, 0, 0, 0, 0, 0, 0, 0, 0, 0, 0, 0, 0, 0, 0, 0, 0, 0, 0, 0, 0, 0, 0, 0, 0, 0, 0, 0, 0, 0, 0, 0, 0, 0, 0, 0, 0, 0, 0, 0, 0, 0, 0, 0, 0, 0, 0, 0, 0, 0, 0, 0, 0, 0, 0, 0, 0, 0, 0, 0, 0, 0, 0, 0, 0, 0, 0, 0, 0, 0, 0, 0, 8/5, 0, 0, 12/25, 0, 16/5, 0, 39/25, -112/75, 0, 126/125, 0, 0, 0, 0, 0, 0, 0, 0, 0, 0, 0, 0, 0, 0, 0, 0, 0, 0, 0, 0, 0, 0, 0, 0, 0, 0, 0, 0, 0, 0, 0, 0, 0, 0, 0, 0, 0, 0, 0, 0, 0, 0, 0, 0, 0, 0, 0, 0}, {0, 0, 0, 0, 0, 0, 0, 0, 0, 0, 0, 0, 0, 0, 0, -1, 0, 0, 0, 0, 0, 0, 0, 0, 0, 0, 0, 0, 0, 0, 0, 0, 0, 0, 0, 0, 0, 0, 0, 0, 0, 0, 0, 0, 0, 0, 0, 0, 0, 0, 0, 0, 0, 0, 0, 0, 0, 0, 0, 0, 0, 0, 0, 0, 0, 0, 0, 0, 0, 0, 0, 0, 0, 0, 0, 0, 0, 0, 0, 0, 0, 0, 0, 0, 0, 0, 0, 0, 0, 0, 0, 0, 0, 0, 0, 0, 0, 0, 0, 0, 0, 0, 0, 0, 0, 0, 0, 0, 0, 0, 0, 0, 0, 0, 0, 0, 0, 0, 0, 0, 0, 0, 0, 0, 0, 0, 0, 0, 0, 0, 0, 0, 0, 0, 0, 0, 0, 0, 0, 0, 0, 0, 0, 0, 0, 0, 0, 0, 0, 0, 0, 0, 0, 0, 0, 0, 0, 0, 0, 0, 0, 0, 0, 0, 0, 0, 0, 0, 0, 0, 0, 0, 0, 0, 0, 0, 0, 0, 0, 0, 0, 0, 0, 0, 0, 0, 0, 0, 0, 0, 0, 0, 0, 0, 0, 0, 0, 0, -4/3, 0, 0, 7/3, 0, 0, 0, 0, 0, 0, 0, 0, 0, 0, 0, 0, 0, 0, 0, 0, 0, 0, 0, 0, 0, 0, 0, 0, 0, 0, 0, 0, 0, 0, 0, 0, 0, 0, 0, 0, 0, 0, 0, 0, 0, 0, 0, 0, 0, 0, 0, 0, 0, 0}, {0, 0, 0, 0, 0, 0, 0, 0, 0, 0, 0, 6/5, 0, 0, 0, 0, -1, 0, 0, 0, -2, -4/3, 0, -18/5, 0, 0, 0, 0, 0, 0, 0, 0, 0, 0, 0, 0, 0, 0, 0, 0, 0, 0, 0, 0, 0, 0, 0, 0, 0, 0, 0, 0, 0, 0, 0, 0, 0, 0, 0, 0, 2/5, 0, 18/25, 2/25, 0, 162/125, 0, 21/25, 0, 0, 189/125, 0, 0, 0, 0, 0, 0, 0, 0, 0, 0, 0, 0, 0, 0, 0, 0, 0, 0, 0, 0, 0, 0, 0, 0, 0, 0, 0, 0, 0, 0, 0, 0, 0, 0, 0, 0, 0, 0, 0, 0, 0, 0, 0, 0, 0, 0, 0, 0, 0, 0, 0, 0, 0, 0, 0, 0, 0, 0, 0, 0, 0, 0, 0, 0, 0, 0, 0, 0, 0, 0, 0, 0, 0, 0, 0, 0, 0, 0, 0, 0, 0, 0, 0, 0, 0, 0, 0, 0, 0, 0, 0, 0, 0, 0, 0, 0, 0, 0, 0, 0, 0, 0, 0, 0, 0, 0, 0, 0, 0, 0, 0, 0, 0, 0, 0, 0, 0, 0, 0, 0, 0, -2/15, 0, 28/25, 76/75, 0, 258/125, 0, 394/225, 0, 0, 526/125, 0, 0, 0, 0, 0, 0, 0, 0, 0, 0, 0, 0, 0, 0, 0, 0, 0, 0, 0, 0, 0, 0, 0, 0, 0, 0, 0, 0, 0, 0, 0, 0, 0, 0, 0, 0, 0, 0, 0, 0, 0, 0, 0, 0, 0, 0, 0, 0, 0}, {0, 0, 0, 0, 0, 0, 0, 0, 0, 0, 0, 0, 0, 0, 0, 0, 0, -1, 0, 0, 0, 0, -2, 0, 0, 0, 0, 0, 0, 0, 0, 0, 0, 0, 0, 0, 0, 0, 0, 0, 0, 0, 0, 0, 0, 0, 0, 0, 0, 0, 0, 0, 0, 0, 0, 0, 0, 0, 0, 0, 0, 2/5, 0, 0, 18/25, 0, 7/15, 0, 21/25, 7/75, 0, 189/125, 0, 0, 0, 0, 0, 0, 0, 0, 0, 0, 0, 0, 0, 0, 0, 0, 0, 0, 0, 0, 0, 0, 0, 0, 0, 0, 0, 0, 0, 0, 0, 0, 0, 0, 0, 0, 0, 0, 0, 0, 0, 0, 0, 0, 0, 0, 0, 0, 0, 0, 0, 0, 0, 0, 0, 0, 0, 0, 0, 0, 0, 0, 0, 0, 0, 0, 0, 0, 0, 0, 0, 0, 0, 0, 0, 0, 0, 0, 0, 0, 0, 0, 0, 0, 0, 0, 0, 0, 0, 0, 0, 0, 0, 0, 0, 0, 0, 0, 0, 0, 0, 0, 0, 0, 0, 0, 0, 0, 0, 0, 0, 0, 0, 0, 0, 0, 0, 0, 0, 0, 0, -2/15, 0, 0, 28/25, 0, -7/45, 0, 394/225, 166/225, 0, 526/125, 0, 0, 0, 0, 0, 0, 0, 0, 0, 0, 0, 0, 0, 0, 0, 0, 0, 0, 0, 0, 0, 0, 0, 0, 0, 0, 0, 0, 0, 0, 0, 0, 0, 0, 0, 0, 0, 0, 0, 0, 0, 0, 0, 0, 0, 0, 0, 0}, {0, 0, 0, 0, 0, 0, 0, 0, 0, 0, 0, 0, 0, 0, 0, 0, 0, 0, 1, 0, 0, 0, 0, 0, 0, 0, 0, 0, 0, 0, 0, 0, 0, 0, 0, 0, 0, 0, 0, 0, 0, 0, 0, 0, 0, 0, 0, 0, 0, 0, 0, 0, 0, 0, 0, 0, 0, 0, 0, 0, 0, 0, 0, 0, 0, 0, 0, 0, 0, 0, 0, 0, 0, 0, 0, 0, 0, 0, 0, 0, 0, 0, 0, 0, 0, 0, 0, 0, 0, 0, 0, 0, 0, 0, 0, 0, 0, 0, 0, 0, 0, 0, 0, 0, 0, 0, 0, 0, 0, 0, 0, 0, 0, 0, 0, 0, 0, 0, 0, 0, 0, 0, 0, 0, 0, 0, 0, 0, 0, 0, 0, 0, 0, 0, 0, 0, 0, 0, 0, 0, 0, 0, 0, 0, 0, 0, 0, 0, 0, 0, 0, 0, 0, 0, 0, 0, 0, 0, 0, 0, 0, 0, 0, 0, 0, 0, 0, 0, 0, 0, 0, 0, 0, 0, 0, 0, 0, 0, 0, 0, 0, 0, 0, 0, 0, 0, 0, 0, 0, 0, 0, 0, 0, 0, 0, 0, 0, 0, 0, 0, 0, 0, 0, 0, 0, 0, 0, 0, 0, 0, 0, 0, 0, 0, 0, 0, 0, 0, 0, 0, 0, 0, 0, 0, 0, 0, 0, 0, 0, 0, 0, 0, 0, 0, -1/3, 0, 0, 4/3, 0, 0, 0, 0, 0, 0, 0, 0, 0, 0, 0, 0, 0, 0}, {0, 0, 0, 0, 0, 0, 0, 0, 0, 0, 0, 0, 0, 0, 0, 0, 0, 0, 0, 1, 0, 0, 0, 0, 0, 0, 0, 0, 0, 0, 0, 0, 0, 0, 0, 0, 0, 0, 0, 0, 0, 0, 0, 0, 0, 0, 0, 0, 0, 0, 0, 0, 0, 0, 0, 0, 0, 0, 0, 0, 0, 0, 0, 0, 0, 0, 0, 0, 0, 0, 0, 0, 0, 0, 0, 0, 0, 0, 0, 0, 0, 0, 0, 0, 0, 0, 0, 0, 0, 0, 0, 0, 0, 0, 0, 0, 0, 0, 0, 0, 0, 0, 0, 0, 0, 0, 0, 0, 0, 0, 0, 0, 0, 0, 0, 0, 0, 0, 0, 0, 0, 0, 0, 0, 0, 0, 0, 0, 0, 0, 0, 0, 0, 0, 0, 0, 0, 0, 0, 0, 0, 0, 0, 0, 0, 0, 0, 0, 0, 0, 0, 0, 0, 0, 0, 0, 0, 0, 0, 0, 0, 0, 0, 0, 0, 0, 0, 0, 0, 0, 0, 0, 0, 0, 0, 0, 0, 0, 0, 0, 0, 0, 0, 0, 0, 0, 0, 0, 0, 0, 0, 0, 0, 0, 0, 0, 0, 0, 0, 0, 0, 0, 0, 0, 0, 0, 0, 0, 0, 0, 0, 0, 0, 0, 0, 0, 0, 0, 0, 0, 0, 0, 0, 0, 0, 0, 0, 0, 8/5, 0, 12/25, -32/25, 0, 108/125, 0, 39/25, 0, 0, 126/125, 0, 0, 0, 0, 0, 0, 0, 0, 0, 0, 0, 0, 0}, {0, 0, 0, 0, 0, 0, 0, 0, 0, 0, 0, 0, 0, 0, 0, 0, 0, 0, 0, 0, 1, 0, 0, 0, 0, 0, 0, 0, 0, 0, 0, 0, 0, 0, 0, 0, 0, 0, 0, 0, 0, 0, 0, 0, 0, 0, 0, 0, 0, 0, 0, 0, 0, 0, 0, 0, 0, 0, 0, 0, 0, 0, 0, 0, 0, 0, 0, 0, 0, 0, 0, 0, 0, 0, 0, 0, 0, 0, 0, 0, 0, 0, 0, 0, 0, 0, 0, 0, 0, 0, 0, 0, 0, 0, 0, 0, 0, 0, 0, 0, 0, 0, 0, 0, 0, 0, 0, 0, 0, 0, 0, 0, 0, 0, 0, 0, 0, 0, 0, 0, 0, 0, 0, 0, 0, 0, 0, 0, 0, 0, 0, 0, 0, 0, 0, 0, 0, 0, 0, 0, 0, 0, 0, 0, 0, 0, 0, 0, 0, 0, 0, 0, 0, 0, 0, 0, 0, 0, 0, 0, 0, 0, 0, 0, 0, 0, 0, 0, 0, 0, 0, 0, 0, 0, 0, 0, 0, 0, 0, 0, 0, 0, 0, 0, 0, 0, 0, 0, 0, 0, 0, 0, 0, 0, 0, 0, 0, 0, 0, 0, 0, 0, 0, 0, 0, 0, 0, 0, 0, 0, 0, 0, 0, 0, 0, 0, 0, 0, 0, 0, 0, 0, 0, 0, 0, 0, 0, 0, 0, 8/5, 0, 0, 12/25, 0, 16/5, 0, 39/25, -112/75, 0, 126/125, 0, 0, 0, 0, 0, 0, 0, 0, 0, 0, 0, 0}, {0, 0, 0, 0, 0, 0, 0, 0, 0, 0, 0, 0, 0, 0, 0, 0, 0, 0, 0, 0, 0, 1, 0, 0, 0, 0, 0, 0, 0, 0, 0, 0, 0, 0, 0, 0, 0, 0, 0, 0, 0, 0, 0, 0, 0, 0, 0, 0, 0, 0, 0, 0, 0, 0, 0, 0, 0, 0, 0, 0, 0, 0, 0, 0, 0, 0, 0, 0, 0, 0, 0, 0, 0, 0, 0, 0, 0, 0, 0, 0, 0, 0, 0, 0, 0, 0, 0, 0, 0, 0, 0, 0, 0, 0, 0, 0, 0, 0, 0, 0, 0, 0, 0, 0, 0, 0, 0, 0, 0, 0, 0, 0, 0, 0, 0, 0, 0, 0, 0, 0, 0, 0, 0, 0, 0, 0, 0, 0, 0, 0, 0, 0, 0, 0, 0, 0, 0, 0, 0, 0, 0, 0, 0, 0, 0, 0, 0, 0, 0, 0, 0, 0, 0, 0, 0, 0, 0, 0, 0, 0, 0, 0, 0, 0, 0, 0, 0, 0, 0, 0, 0, 0, 0, 0, 0, 0, 0, 0, 0, 0, 0, 0, 0, 0, 0, 0, 0, 0, 0, 0, 0, 0, 0, 0, 0, 0, 0, 0, 0, 0, 0, 0, 0, 0, 0, 0, 0, 0, 0, 0, 0, 0, 0, 0, 0, 0, 0, 0, 0, 0, 0, 0, 0, 0, 0, 0, 0, 0, 0, 0, 0, 0, 0, 0, -4/3, 0, 0, 7/3, 0, 0, 0, 0, 0, 0, 0, 0, 0, 0, 0, 0, 0, 0}, {0, 0, 0, 0, 0, 0, 0, 0, 0, 0, 0, 0, 0, 0, 0, 0, 0, 0, 0, 0, 0, 0, 1, 0, 0, 0, 0, 0, 0, 0, 0, 0, 0, 0, 0, 0, 0, 0, 0, 0, 0, 0, 0, 0, 0, 0, 0, 0, 0, 0, 0, 0, 0, 0, 0, 0, 0, 0, 0, 0, 0, 0, 0, 0, 0, 0, 0, 0, 0, 0, 0, 0, 2/5, 0, 18/25, 2/25, 0, 162/125, 0, 21/25, 0, 0, 189/125, 0, 0, 0, 0, 0, 0, 0, 0, 0, 0, 0, 0, 0, 0, 0, 0, 0, 0, 0, 0, 0, 0, 0, 0, 0, 0, 0, 0, 0, 0, 0, 0, 0, 0, 0, 0, 0, 0, 0, 0, 0, 0, 0, 0, 0, 0, 0, 0, 0, 0, 0, 0, 0, 0, 0, 0, 0, 0, 0, 0, 0, 0, 0, 0, 0, 0, 0, 0, 0, 0, 0, 0, 0, 0, 0, 0, 0, 0, 0, 0, 0, 0, 0, 0, 0, 0, 0, 0, 0, 0, 0, 0, 0, 0, 0, 0, 0, 0, 0, 0, 0, 0, 0, 0, 0, 0, 0, 0, 0, 0, 0, 0, 0, 0, 0, 0, 0, 0, 0, 0, 0, 0, 0, 0, 0, 0, 0, 0, 0, 0, 0, 0, 0, 0, 0, 0, 0, 0, 0, 0, 0, 0, 0, 0, 0, -2/15, 0, 28/25, 76/75, 0, 258/125, 0, 394/225, 0, 0, 526/125, 0, 0, 0, 0, 0, 0, 0, 0, 0, 0, 0, 0, 0}, {0, 0, 0, 0, 0, 0, 0, 0, 0, 0, 0, 0, 0, 0, 0, 0, 0, 0, 0, 0, 0, 0, 0, 1, 0, 0, 0, 0, 0, 0, 0, 0, 0, 0, 0, 0, 0, 0, 0, 0, 0, 0, 0, 0, 0, 0, 0, 0, 0, 0, 0, 0, 0, 0, 0, 0, 0, 0, 0, 0, 0, 0, 0, 0, 0, 0, 0, 0, 0, 0, 0, 0, 0, 2/5, 0, 0, 18/25, 0, 7/15, 0, 21/25, 7/75, 0, 189/125, 0, 0, 0, 0, 0, 0, 0, 0, 0, 0, 0, 0, 0, 0, 0, 0, 0, 0, 0, 0, 0, 0, 0, 0, 0, 0, 0, 0, 0, 0, 0, 0, 0, 0, 0, 0, 0, 0, 0, 0, 0, 0, 0, 0, 0, 0, 0, 0, 0, 0, 0, 0, 0, 0, 0, 0, 0, 0, 0, 0, 0, 0, 0, 0, 0, 0, 0, 0, 0, 0, 0, 0, 0, 0, 0, 0, 0, 0, 0, 0, 0, 0, 0, 0, 0, 0, 0, 0, 0, 0, 0, 0, 0, 0, 0, 0, 0, 0, 0, 0, 0, 0, 0, 0, 0, 0, 0, 0, 0, 0, 0, 0, 0, 0, 0, 0, 0, 0, 0, 0, 0, 0, 0, 0, 0, 0, 0, 0, 0, 0, 0, 0, 0, 0, 0, 0, 0, 0, 0, 0, 0, 0, 0, 0, 0, -2/15, 0, 0, 28/25, 0, -7/45, 0, 394/225, 166/225, 0, 526/125, 0, 0, 0, 0, 0, 0, 0, 0, 0, 0, 0, 0}, {-2/5, 0, -3/25, -17/25, 0, -27/125, 0, -7/50, 0, 0, -63/250, 0, 0, 0, 0, 0, 0, 0, 0, 0, 0, 0, 0, 0, 0, 0, 0, 0, 0, 0, 0, 0, 0, 0, 0, 0, 0, 0, 0, 0, 0, 0, 0, 0, 0, 0, 0, 0, 0, 0, 0, 0, 0, 0, 0, 0, 0, 0, 0, 0, 0, 0, 0, 0, 0, 0, 0, 0, 0, 0, 0, 0, 0, 0, 0, 0, 0, 0, 0, 0, 0, 0, 0, 0, 0, 0, 0, 0, 0, 0, 0, 0, 0, 0, 0, 0, 0, 0, 0, 0, 0, 0, 0, 0, 0, 0, 0, 0, 0, 0, 0, 0, 0, 0, 0, 0, 0, 0, 0, 0, 0, 0, 0, 0, 0, 0, 0, 0, 0, 0, 0, 0, 0, 0, 0, 0, 0, 0, 0, 0, 0, 0, 0, 0, 0, 0, 0, 0, 0, 0, 0, 0, 0, 0, 0, 0, 0, 0, 0, 0, 0, 0, 0, 0, 0, 0, 0, 0, 0, 0, 0, 0, 0, 0, 0, 0, 0, 0, 0, 0, 0, 0, 0, 0, 0, 0, 0, 0, 0, 0, 0, 0, 0, 0, 0, 0, 0, 0, 0, 0, 0, 0, 0, 0, 0, 0, 0, 0, 0, 0, 0, 0, 0, 0, 0, 0, 0, 0, 0, 0, 0, 0, 0, 0, 0, 0, 0, 0, 0, 0, 0, 0, 0, 0, 0, 0, 0, 0, 0, 0, 0, 0, 0, 0, 0, 0, 0, 0, 0, 0, 0, 0}, {0, -1, 0, 0, 0, 0, -8/3, 0, 0, 8/3, 0, 0, 0, 0, 0, 0, 0, 0, 0, 0, 0, 0, 0, 0, 0, 0, 0, 0, 0, 0, 0, 0, 0, 0, 0, 0, 0, 0, 0, 0, 0, 0, 0, 0, 0, 0, 0, 0, 0, 0, 0, 0, 0, 0, 0, 0, 0, 0, 0, 0, 0, 0, 0, 0, 0, 0, 0, 0, 0, 0, 0, 0, 0, 0, 0, 0, 0, 0, 0, 0, 0, 0, 0, 0, 0, 0, 0, 0, 0, 0, 0, 0, 0, 0, 0, 0, 0, 0, 0, 0, 0, 0, 0, 0, 0, 0, 0, 0, 0, 0, 0, 0, 0, 0, 0, 0, 0, 0, 0, 0, 0, 0, 0, 0, 0, 0, 0, 0, 0, 0, 0, 0, 0, 0, 0, 0, 0, 0, 0, 0, 0, 0, 0, 0, 0, 0, 0, 0, 0, 0, 0, 0, 0, 0, 0, 0, 0, 0, 0, 0, 0, 0, 0, 0, 0, 0, 0, 0, 0, 0, 0, 0, 0, 0, 0, 0, 0, 0, 0, 0, 0, 0, 0, 0, 0, 0, 0, 0, 0, 0, 0, 0, 0, 0, 0, 0, 0, 0, 0, 0, 0, 0, 0, 0, 0, 0, 0, 0, 0, 0, 0, 0, 0, 0, 0, 0, 0, 0, 0, 0, 0, 0, 0, 0, 0, 0, 0, 0, 0, 0, 0, 0, 0, 0, 0, 0, 0, 0, 0, 0, 0, 0, 0, 0, 0, 0, 0, 0, 0, 0, 0, 0}, {-3/5, 0, -27/25, -3/25, 0, -18/125, 0, -69/25, 0, 0, -21/125, 0, 0, 0, 0, 0, 0, 0, 0, 0, 0, 0, 0, 0, 0, 0, 0, 0, 0, 0, 0, 0, 0, 0, 0, 0, 0, 0, 0, 0, 0, 0, 0, 0, 0, 0, 0, 0, 0, 0, 0, 0, 0, 0, 0, 0, 0, 0, 0, 0, 0, 0, 0, 0, 0, 0, 0, 0, 0, 0, 0, 0, 0, 0, 0, 0, 0, 0, 0, 0, 0, 0, 0, 0, 0, 0, 0, 0, 0, 0, 0, 0, 0, 0, 0, 0, 0, 0, 0, 0, 0, 0, 0, 0, 0, 0, 0, 0, 0, 0, 0, 0, 0, 0, 0, 0, 0, 0, 0, 0, 0, 0, 0, 0, 0, 0, 0, 0, 0, 0, 0, 0, 0, 0, 0, 0, 0, 0, 0, 0, 0, 0, 0, 0, 0, 0, 0, 0, 0, 0, 0, 0, 0, 0, 0, 0, 0, 0, 0, 0, 0, 0, 0, 0, 0, 0, 0, 0, 0, 0, 0, 0, 0, 0, 0, 0, 0, 0, 0, 0, 0, 0, 0, 0, 0, 0, 0, 0, 0, 0, 0, 0, 0, 0, 0, 0, 0, 0, 0, 0, 0, 0, 0, 0, 0, 0, 0, 0, 0, 0, 0, 0, 0, 0, 0, 0, 0, 0, 0, 0, 0, 0, 0, 0, 0, 0, 0, 0, 0, 0, 0, 0, 0, 0, 0, 0, 0, 0, 0, 0, 0, 0, 0, 0, 0, 0, 0, 0, 0, 0, 0, 0}, {3/5, 0, -3/25, -42/25, 0, -27/125, 0, -7/50, 0, 0, -63/250, 0, 0, 0, 0, 0, 0, 0, 0, 0, 0, 0, 0, 0, 0, 0, 0, 0, 0, 0, 0, 0, 0, 0, 0, 0, 0, 0, 0, 0, 0, 0, 0, 0, 0, 0, 0, 0, 0, 0, 0, 0, 0, 0, 0, 0, 0, 0, 0, 0, 0, 0, 0, 0, 0, 0, 0, 0, 0, 0, 0, 0, 0, 0, 0, 0, 0, 0, 0, 0, 0, 0, 0, 0, 0, 0, 0, 0, 0, 0, 0, 0, 0, 0, 0, 0, 0, 0, 0, 0, 0, 0, 0, 0, 0, 0, 0, 0, 0, 0, 0, 0, 0, 0, 0, 0, 0, 0, 0, 0, 0, 0, 0, 0, 0, 0, 0, 0, 0, 0, 0, 0, 0, 0, 0, 0, 0, 0, 0, 0, 0, 0, 0, 0, 0, 0, 0, 0, 0, 0, 0, 0, 0, 0, 0, 0, 0, 0, 0, 0, 0, 0, 0, 0, 0, 0, 0, 0, 0, 0, 0, 0, 0, 0, 0, 0, 0, 0, 0, 0, 0, 0, 0, 0, 0, 0, 0, 0, 0, 0, 0, 0, 0, 0, 0, 0, 0, 0, 0, 0, 0, 0, 0, 0, 0, 0, 0, 0, 0, 0, 0, 0, 0, 0, 0, 0, 0, 0, 0, 0, 0, 0, 0, 0, 0, 0, 0, 0, 0, 0, 0, 0, 0, 0, 0, 0, 0, 0, 0, 0, 0, 0, 0, 0, 0, 0, 0, 0, 0, 0, 0, 0}, {0, -1/5, 0, 0, -38/25, 0, -1/15, 0, -223/75, -299/150, 0, -711/125, 0, 0, 0, 0, 0, 0, 0, 0, 0, 0, 0, 0, 0, 0, 0, 0, 0, 0, 0, 0, 0, 0, 0, 0, 0, 0, 0, 0, 0, 0, 0, 0, 0, 0, 0, 0, 0, 0, 0, 0, 0, 0, 0, 0, 0, 0, 0, 0, 0, 0, 0, 0, 0, 0, 0, 0, 0, 0, 0, 0, 0, 0, 0, 0, 0, 0, 0, 0, 0, 0, 0, 0, 2/5, 0, 18/25, 2/25, 0, 162/125, 0, 21/25, 0, 0, 189/125, 0, 0, 0, 0, 0, 0, 0, 0, 0, 0, 0, 0, 0, 0, 0, 0, 0, 0, 0, 0, 0, 0, 0, 0, 0, 0, 0, 0, 0, 0, 0, 0, 0, 0, 0, 0, 0, 0, 0, 0, 0, 0, 0, 0, 0, 0, 0, 0, 0, 0, 0, 0, 0, 0, 0, 0, 0, 0, 0, 0, 0, 0, 0, 0, 0, 0, 0, 0, 0, 0, 0, 0, 0, 0, 0, 0, 0, 0, 0, 0, 0, 0, 0, 0, 0, 0, 0, 0, 0, 0, 0, 0, 0, 0, 0, 0, 0, 0, 0, 0, 0, 0, 0, 0, 0, 0, 0, 0, 0, 0, 0, 0, 0, 0, 0, 0, 0, 0, 0, 0, 0, 0, 0, 0, 0, 0, 0, 0, 0, 0, 0, 0, 0, 0, 0, 0, 0, 0, 0, 0, 0, 0, 0, 0, 0, 0, 0, 0, 0, 0, 0, 0, 0, 0, 0, 0, 0}, {0, 0, -1/5, 1/5, 0, -38/25, 0, -1/15, 0, 0, -223/75, 0, 0, 0, 0, 0, 0, 0, 0, 0, 0, 0, 0, 0, 0, 0, 0, 0, 0, 0, 0, 0, 0, 0, 0, 0, 0, 0, 0, 0, 0, 0, 0, 0, 0, 0, 0, 0, 0, 0, 0, 0, 0, 0, 0, 0, 0, 0, 0, 0, 0, 0, 0, 0, 0, 0, 0, 0, 0, 0, 0, 0, 0, 0, 0, 0, 0, 0, 0, 0, 0, 0, 0, 0, 0, 2/5, 0, 0, 18/25, 0, 7/15, 0, 21/25, 7/75, 0, 189/125, 0, 0, 0, 0, 0, 0, 0, 0, 0, 0, 0, 0, 0, 0, 0, 0, 0, 0, 0, 0, 0, 0, 0, 0, 0, 0, 0, 0, 0, 0, 0, 0, 0, 0, 0, 0, 0, 0, 0, 0, 0, 0, 0, 0, 0, 0, 0, 0, 0, 0, 0, 0, 0, 0, 0, 0, 0, 0, 0, 0, 0, 0, 0, 0, 0, 0, 0, 0, 0, 0, 0, 0, 0, 0, 0, 0, 0, 0, 0, 0, 0, 0, 0, 0, 0, 0, 0, 0, 0, 0, 0, 0, 0, 0, 0, 0, 0, 0, 0, 0, 0, 0, 0, 0, 0, 0, 0, 0, 0, 0, 0, 0, 0, 0, 0, 0, 0, 0, 0, 0, 0, 0, 0, 0, 0, 0, 0, 0, 0, 0, 0, 0, 0, 0, 0, 0, 0, 0, 0, 0, 0, 0, 0, 0, 0, 0, 0, 0, 0, 0, 0, 0, 0, 0, 0, 0}, {0, -1/10, 0, 0, 2/25, 0, -17/60, 0, 13/300, 71/150, 0, 467/500, 0, 0, 0, 0, 0, 0, 0, 0, 0, 0, 0, 0, 0, 0, 0, 0, 0, 0, 0, 0, 0, 0, 0, 0, 0, 0, 0, 0, 0, 0, 0, 0, 0, 0, 0, 0, 0, 0, 0, 0, 0, 0, 0, 0, 0, 0, 0, 0, 0, 0, 0, 0, 0, 0, 0, 0, 0, 0, 0, 0, 0, 0, 0, 0, 0, 0, 0, 0, 0, 0, 0, 0, -2/5, 0, -3/25, -17/25, 0, -27/125, 0, -7/50, 0, 0, -63/250, 0, 0, 0, 0, 0, 0, 0, 0, 0, 0, 0, 0, 0, 0, 0, 0, 0, 0, 0, 0, 0, 0, 0, 0, 0, 0, 0, 0, 0, 0, 0, 0, 0, 0, 0, 0, 0, 0, 0, 0, 0, 0, 0, 0, 0, 0, 0, 0, 0, 0, 0, 0, 0, 0, 0, 0, 0, 0, 0, 0, 0, 0, 0, 0, 0, 0, 0, 0, 0, 0, 0, 0, 0, 0, 0, 0, 0, 0, 0, 0, 0, 0, 0, 0, 0, 0, 0, 0, 0, 0, 0, 0, 0, 0, 0, 0, 0, 0, 0, 0, 0, 0, 0, 0, 0, 0, 0, 0, 0, 0, 0, 0, 0, 0, 0, 0, 0, 0, 0, 0, 0, 0, 0, 0, 0, 0, 0, 0, 0, 0, 0, 0, 0, 0, 0, 0, 0, 0, 0, 0, 0, 0, 0, 0, 0, 0, 0, 0, 0, 0, 0, 0, 0, 0, 0, 0, 0}, {0, 0, -1/10, 1/10, 0, 1/50, 0, -17/60, 0, 0, 7/300, 0, 0, 0, 0, 0, 0, 0, 0, 0, 0, 0, 0, 0, 0, 0, 0, 0, 0, 0, 0, 0, 0, 0, 0, 0, 0, 0, 0, 0, 0, 0, 0, 0, 0, 0, 0, 0, 0, 0, 0, 0, 0, 0, 0, 0, 0, 0, 0, 0, 0, 0, 0, 0, 0, 0, 0, 0, 0, 0, 0, 0, 0, 0, 0, 0, 0, 0, 0, 0, 0, 0, 0, 0, 0, -1, 0, 0, 0, 0, -8/3, 0, 0, 8/3, 0, 0, 0, 0, 0, 0, 0, 0, 0, 0, 0, 0, 0, 0, 0, 0, 0, 0, 0, 0, 0, 0, 0, 0, 0, 0, 0, 0, 0, 0, 0, 0, 0, 0, 0, 0, 0, 0, 0, 0, 0, 0, 0, 0, 0, 0, 0, 0, 0, 0, 0, 0, 0, 0, 0, 0, 0, 0, 0, 0, 0, 0, 0, 0, 0, 0, 0, 0, 0, 0, 0, 0, 0, 0, 0, 0, 0, 0, 0, 0, 0, 0, 0, 0, 0, 0, 0, 0, 0, 0, 0, 0, 0, 0, 0, 0, 0, 0, 0, 0, 0, 0, 0, 0, 0, 0, 0, 0, 0, 0, 0, 0, 0, 0, 0, 0, 0, 0, 0, 0, 0, 0, 0, 0, 0, 0, 0, 0, 0, 0, 0, 0, 0, 0, 0, 0, 0, 0, 0, 0, 0, 0, 0, 0, 0, 0, 0, 0, 0, 0, 0, 0, 0, 0, 0, 0, 0, 0}, {0, 0, 0, 0, -3/50, 0, 0, 0, -27/100, 1/50, 0, 309/500, 0, 0, 0, 0, 0, 0, 0, 0, 0, 0, 0, 0, 0, 0, 0, 0, 0, 0, 0, 0, 0, 0, 0, 0, 0, 0, 0, 0, 0, 0, 0, 0, 0, 0, 0, 0, 0, 0, 0, 0, 0, 0, 0, 0, 0, 0, 0, 0, 0, 0, 0, 0, 0, 0, 0, 0, 0, 0, 0, 0, 0, 0, 0, 0, 0, 0, 0, 0, 0, 0, 0, 0, -3/5, 0, -27/25, -3/25, 0, -18/125, 0, -69/25, 0, 0, -21/125, 0, 0, 0, 0, 0, 0, 0, 0, 0, 0, 0, 0, 0, 0, 0, 0, 0, 0, 0, 0, 0, 0, 0, 0, 0, 0, 0, 0, 0, 0, 0, 0, 0, 0, 0, 0, 0, 0, 0, 0, 0, 0, 0, 0, 0, 0, 0, 0, 0, 0, 0, 0, 0, 0, 0, 0, 0, 0, 0, 0, 0, 0, 0, 0, 0, 0, 0, 0, 0, 0, 0, 0, 0, 0, 0, 0, 0, 0, 0, 0, 0, 0, 0, 0, 0, 0, 0, 0, 0, 0, 0, 0, 0, 0, 0, 0, 0, 0, 0, 0, 0, 0, 0, 0, 0, 0, 0, 0, 0, 0, 0, 0, 0, 0, 0, 0, 0, 0, 0, 0, 0, 0, 0, 0, 0, 0, 0, 0, 0, 0, 0, 0, 0, 0, 0, 0, 0, 0, 0, 0, 0, 0, 0, 0, 0, 0, 0, 0, 0, 0, 0, 0, 0, 0, 0, 0, 0}, {0, 0, 0, 0, 3/50, 0, 0, 0, 1/50, -27/100, 0, 223/250, 0, 0, 0, 0, 0, 0, 0, 0, 0, 0, 0, 0, 0, 0, 0, 0, 0, 0, 0, 0, 0, 0, 0, 0, 0, 0, 0, 0, 0, 0, 0, 0, 0, 0, 0, 0, 0, 0, 0, 0, 0, 0, 0, 0, 0, 0, 0, 0, 0, 0, 0, 0, 0, 0, 0, 0, 0, 0, 0, 0, 0, 0, 0, 0, 0, 0, 0, 0, 0, 0, 0, 0, 3/5, 0, -3/25, -42/25, 0, -27/125, 0, -7/50, 0, 0, -63/250, 0, 0, 0, 0, 0, 0, 0, 0, 0, 0, 0, 0, 0, 0, 0, 0, 0, 0, 0, 0, 0, 0, 0, 0, 0, 0, 0, 0, 0, 0, 0, 0, 0, 0, 0, 0, 0, 0, 0, 0, 0, 0, 0, 0, 0, 0, 0, 0, 0, 0, 0, 0, 0, 0, 0, 0, 0, 0, 0, 0, 0, 0, 0, 0, 0, 0, 0, 0, 0, 0, 0, 0, 0, 0, 0, 0, 0, 0, 0, 0, 0, 0, 0, 0, 0, 0, 0, 0, 0, 0, 0, 0, 0, 0, 0, 0, 0, 0, 0, 0, 0, 0, 0, 0, 0, 0, 0, 0, 0, 0, 0, 0, 0, 0, 0, 0, 0, 0, 0, 0, 0, 0, 0, 0, 0, 0, 0, 0, 0, 0, 0, 0, 0, 0, 0, 0, 0, 0, 0, 0, 0, 0, 0, 0, 0, 0, 0, 0, 0, 0, 0, 0, 0, 0, 0, 0, 0}, {0, 0, 0, 0, 0, -1/50, 0, 0, 0, 0, -77/300, 0, 0, 0, 0, 0, 0, 0, 0, 0, 0, 0, 0, 0, 0, 0, 0, 0, 0, 0, 0, 0, 0, 0, 0, 0, 0, 0, 0, 0, 0, 0, 0, 0, 0, 0, 0, 0, 0, 0, 0, 0, 0, 0, 0, 0, 0, 0, 0, 0, 0, 0, 0, 0, 0, 0, 0, 0, 0, 0, 0, 0, 0, 0, 0, 0, 0, 0, 0, 0, 0, 0, 0, 0, 0, -1/5, 0, 0, -38/25, 0, -1/15, 0, -223/75, -299/150, 0, -711/125, 2/5, 0, 18/25, 2/25, 0, 162/125, 0, 21/25, 0, 0, 189/125, 0, 0, 0, 0, 0, 0, 0, 0, 0, 0, 0, 0, 0, 0, 0, 0, 0, 0, 0, 0, 0, 0, 0, 0, 0, 0, 0, 0, 0, 0, 0, 0, 0, 0, 0, 0, 0, 0, 0, 0, 0, 0, 0, 0, 0, 0, 0, 0, 0, 0, 0, 0, 0, 0, 0, 0, 0, 0, 0, 0, 0, 0, 0, 0, 0, 0, 0, 0, 0, 0, 0, 0, 0, 0, 0, 0, 0, 0, 0, 0, 0, 0, 0, 0, 0, 0, 0, 0, 0, 0, 0, 0, 0, 0, 0, 0, 0, 0, 0, 0, 0, 0, 0, 0, 0, 0, 0, 0, 0, 0, 0, 0, 0, 0, 0, 0, 0, 0, 0, 0, 0, 0, 0, 0, 0, 0, 0, 0, 0, 0, 0, 0, 0, 0, 0, 0, 0, 0, 0, 0, 0, 0, 0, 0, 0}, {0, 0, 0, 0, 0, 0, 0, 0, 0, 0, 0, -77/300, 0, 0, 0, 0, 0, 0, 0, 0, 0, 0, 0, 0, 0, 0, 0, 0, 0, 0, 0, 0, 0, 0, 0, 0, 0, 0, 0, 0, 0, 0, 0, 0, 0, 0, 0, 0, 0, 0, 0, 0, 0, 0, 0, 0, 0, 0, 0, 0, 0, 0, 0, 0, 0, 0, 0, 0, 0, 0, 0, 0, 0, 0, 0, 0, 0, 0, 0, 0, 0, 0, 0, 0, 0, 0, -1/5, 1/5, 0, -38/25, 0, -1/15, 0, 0, -223/75, 0, 0, 2/5, 0, 0, 18/25, 0, 7/15, 0, 21/25, 7/75, 0, 189/125, 0, 0, 0, 0, 0, 0, 0, 0, 0, 0, 0, 0, 0, 0, 0, 0, 0, 0, 0, 0, 0, 0, 0, 0, 0, 0, 0, 0, 0, 0, 0, 0, 0, 0, 0, 0, 0, 0, 0, 0, 0, 0, 0, 0, 0, 0, 0, 0, 0, 0, 0, 0, 0, 0, 0, 0, 0, 0, 0, 0, 0, 0, 0, 0, 0, 0, 0, 0, 0, 0, 0, 0, 0, 0, 0, 0, 0, 0, 0, 0, 0, 0, 0, 0, 0, 0, 0, 0, 0, 0, 0, 0, 0, 0, 0, 0, 0, 0, 0, 0, 0, 0, 0, 0, 0, 0, 0, 0, 0, 0, 0, 0, 0, 0, 0, 0, 0, 0, 0, 0, 0, 0, 0, 0, 0, 0, 0, 0, 0, 0, 0, 0, 0, 0, 0, 0, 0, 0, 0, 0, 0, 0, 0, 0}, {0, 0, 0, -1/3, 0, -6/25, 0, 1/9, 0, 0, -26/75, 0, 0, 0, 0, 0, 0, 0, 0, 0, 0, 0, 0, 0, 0, 0, 0, 0, 0, 0, 0, 0, 0, 0, 0, 0, 0, 0, 0, 0, 0, 0, 0, 0, 0, 0, 0, 0, 0, 0, 0, 0, 0, 0, 0, 0, 0, 0, 0, 0, 0, 0, 0, 0, 0, 0, 0, 0, 0, 0, 0, 0, 0, 0, 0, 0, 0, 0, 0, 0, 0, 0, 0, 0, 0, 0, 0, 0, 0, 0, 1/3, 0, 0, 2/3, 0, 0, 0, 0, 0, 0, 0, 0, 0, 0, 0, 0, 0, 0, 0, 0, 0, 0, 0, 0, 0, 0, 0, 0, 0, 0, 0, 0, 0, 0, 0, 0, 0, 0, 0, 0, 0, 0, 0, 0, 0, 0, 0, 0, 0, 0, 0, 0, 0, 0, -2/5, 0, -3/25, -17/25, 0, -27/125, 0, -7/50, 0, 0, -63/250, 0, 0, 0, 0, 0, 0, 0, 0, 0, 0, 0, 0, 0, 0, 0, 0, 0, 0, 0, 0, 0, 0, 0, 0, 0, 0, 0, 0, 0, 0, 0, 0, 0, 0, 0, 0, 0, 0, 0, 0, 0, 0, 0, 0, 0, 0, 0, 0, 0, 0, 0, 0, 0, 0, 0, 0, 0, 0, 0, 0, 0, 0, 0, 0, 0, 0, 0, 0, 0, 0, 0, 0, 0, 0, 0, 0, 0, 0, 0, 0, 0, 0, 0, 0, 0, 0, 0, 0, 0, 0, 0, 0, 0, 0, 0, 0, 0}, {0, 0, 0, 0, -3/25, 0, 0, 0, 16/225, -22/75, 0, -223/125, 0, 0, 0, 0, 0, 0, 0, 0, 0, 0, 0, 0, 0, 0, 0, 0, 0, 0, 0, 0, 0, 0, 0, 0, 0, 0, 0, 0, 0, 0, 0, 0, 0, 0, 0, 0, 0, 0, 0, 0, 0, 0, 0, 0, 0, 0, 0, 0, 0, 0, 0, 0, 0, 0, 0, 0, 0, 0, 0, 0, 0, 0, 0, 0, 0, 0, 0, 0, 0, 0, 0, 0, 4/5, 0, 6/25, -16/25, 0, 54/125, 0, 32/25, 0, 0, 63/125, 0, 0, 0, 0, 0, 0, 0, 0, 0, 0, 0, 0, 0, 0, 0, 0, 0, 0, 0, 0, 0, 0, 0, 0, 0, 0, 0, 0, 0, 0, 0, 0, 0, 0, 0, 0, 0, 0, 0, 0, 0, 0, 0, 0, 0, 0, 0, 0, 0, 0, -1, 0, 0, 0, 0, -8/3, 0, 0, 8/3, 0, 0, 0, 0, 0, 0, 0, 0, 0, 0, 0, 0, 0, 0, 0, 0, 0, 0, 0, 0, 0, 0, 0, 0, 0, 0, 0, 0, 0, 0, 0, 0, 0, 0, 0, 0, 0, 0, 0, 0, 0, 0, 0, 0, 0, 0, 0, 0, 0, 0, 0, 0, 0, 0, 0, 0, 0, 0, 0, 0, 0, 0, 0, 0, 0, 0, 0, 0, 0, 0, 0, 0, 0, 0, 0, 0, 0, 0, 0, 0, 0, 0, 0, 0, 0, 0, 0, 0, 0, 0, 0, 0, 0, 0, 0, 0, 0, 0}, {0, 0, 0, 0, 0, -7/25, 0, 0, 0, 0, -4/25, 0, 0, 0, 0, 0, 0, 0, 0, 0, 0, 0, 0, 0, 0, 0, 0, 0, 0, 0, 0, 0, 0, 0, 0, 0, 0, 0, 0, 0, 0, 0, 0, 0, 0, 0, 0, 0, 0, 0, 0, 0, 0, 0, 0, 0, 0, 0, 0, 0, 0, 0, 0, 0, 0, 0, 0, 0, 0, 0, 0, 0, 0, 0, 0, 0, 0, 0, 0, 0, 0, 0, 0, 0, 0, 4/5, 0, 0, 6/25, 0, 8/5, 0, 32/25, -56/75, 0, 63/125, 0, 0, 0, 0, 0, 0, 0, 0, 0, 0, 0, 0, 0, 0, 0, 0, 0, 0, 0, 0, 0, 0, 0, 0, 0, 0, 0, 0, 0, 0, 0, 0, 0, 0, 0, 0, 0, 0, 0, 0, 0, 0, 0, 0, 0, 0, 0, 0, -3/5, 0, -27/25, -3/25, 0, -18/125, 0, -69/25, 0, 0, -21/125, 0, 0, 0, 0, 0, 0, 0, 0, 0, 0, 0, 0, 0, 0, 0, 0, 0, 0, 0, 0, 0, 0, 0, 0, 0, 0, 0, 0, 0, 0, 0, 0, 0, 0, 0, 0, 0, 0, 0, 0, 0, 0, 0, 0, 0, 0, 0, 0, 0, 0, 0, 0, 0, 0, 0, 0, 0, 0, 0, 0, 0, 0, 0, 0, 0, 0, 0, 0, 0, 0, 0, 0, 0, 0, 0, 0, 0, 0, 0, 0, 0, 0, 0, 0, 0, 0, 0, 0, 0, 0, 0, 0, 0, 0, 0, 0, 0}, {0, 0, 0, 0, 0, -6/25, 0, 0, 0, 0, -26/75, 0, 0, 0, 0, 0, 0, 0, 0, 0, 0, 0, 0, 0, 0, 0, 0, 0, 0, 0, 0, 0, 0, 0, 0, 0, 0, 0, 0, 0, 0, 0, 0, 0, 0, 0, 0, 0, 0, 0, 0, 0, 0, 0, 0, 0, 0, 0, 0, 0, 0, 0, 0, 0, 0, 0, 0, 0, 0, 0, 0, 0, 0, 0, 0, 0, 0, 0, 0, 0, 0, 0, 0, 0, 0, 0, 0, 0, 0, 0, -2/3, 0, 0, 5/3, 0, 0, 0, 0, 0, 0, 0, 0, 0, 0, 0, 0, 0, 0, 0, 0, 0, 0, 0, 0, 0, 0, 0, 0, 0, 0, 0, 0, 0, 0, 0, 0, 0, 0, 0, 0, 0, 0, 0, 0, 0, 0, 0, 0, 0, 0, 0, 0, 0, 0, 3/5, 0, -3/25, -42/25, 0, -27/125, 0, -7/50, 0, 0, -63/250, 0, 0, 0, 0, 0, 0, 0, 0, 0, 0, 0, 0, 0, 0, 0, 0, 0, 0, 0, 0, 0, 0, 0, 0, 0, 0, 0, 0, 0, 0, 0, 0, 0, 0, 0, 0, 0, 0, 0, 0, 0, 0, 0, 0, 0, 0, 0, 0, 0, 0, 0, 0, 0, 0, 0, 0, 0, 0, 0, 0, 0, 0, 0, 0, 0, 0, 0, 0, 0, 0, 0, 0, 0, 0, 0, 0, 0, 0, 0, 0, 0, 0, 0, 0, 0, 0, 0, 0, 0, 0, 0, 0, 0, 0, 0, 0, 0}, {0, 0, 0, 0, 0, 0, 0, 0, 0, 0, 0, -88/225, 0, 0, 0, 0, 0, 0, 0, 0, 0, 0, 0, 0, 0, 0, 0, 0, 0, 0, 0, 0, 0, 0, 0, 0, 0, 0, 0, 0, 0, 0, 0, 0, 0, 0, 0, 0, 0, 0, 0, 0, 0, 0, 0, 0, 0, 0, 0, 0, 0, 0, 0, 0, 0, 0, 0, 0, 0, 0, 0, 0, 0, 0, 0, 0, 0, 0, 0, 0, 0, 0, 0, 0, 0, 0, 4/5, 8/15, 0, 42/25, 0, 52/45, 0, 0, 84/25, 0, 0, 0, 0, 0, 0, 0, 0, 0, 0, 0, 0, 0, 2/5, 0, 18/25, 2/25, 0, 162/125, 0, 21/25, 0, 0, 189/125, 0, 0, 0, 0, 0, 0, 0, 0, 0, 0, 0, 0, 0, 0, 0, 0, 0, 0, 0, 0, 0, 0, 0, 0, 0, 0, -1/5, 0, 0, -38/25, 0, -1/15, 0, -223/75, -299/150, 0, -711/125, 0, 0, 0, 0, 0, 0, 0, 0, 0, 0, 0, 0, 0, 0, 0, 0, 0, 0, 0, 0, 0, 0, 0, 0, 0, 0, 0, 0, 0, 0, 0, 0, 0, 0, 0, 0, 0, 0, 0, 0, 0, 0, 0, 0, 0, 0, 0, 0, 0, 0, 0, 0, 0, 0, 0, 0, 0, 0, 0, 0, 0, 0, 0, 0, 0, 0, 0, 0, 0, 0, 0, 0, 0, 0, 0, 0, 0, 0, 0, 0, 0, 0, 0, 0, 0, 0, 0, 0, 0, 0, 0, 0, 0, 0, 0, 0}, {0, 0, 0, 0, 0, 0, 0, 0, 0, 0, 0, 0, 0, 0, 0, 0, 0, 0, 0, 0, 0, 0, 0, 0, 0, 0, 0, 0, 0, 0, 0, 0, 0, 0, 0, 0, 0, 0, 0, 0, 0, 0, 0, 0, 0, 0, 0, 0, 0, 0, 0, 0, 0, 0, 0, 0, 0, 0, 0, 0, 0, 0, 0, 0, 0, 0, 0, 0, 0, 0, 0, 0, 0, 0, 0, 0, 0, 0, 0, 0, 0, 0, 0, 0, 0, 0, 0, 0, 4/5, 0, 0, 0, 52/45, 2/5, 0, 84/25, 0, 0, 0, 0, 0, 0, 0, 0, 0, 0, 0, 0, 0, 2/5, 0, 0, 18/25, 0, 7/15, 0, 21/25, 7/75, 0, 189/125, 0, 0, 0, 0, 0, 0, 0, 0, 0, 0, 0, 0, 0, 0, 0, 0, 0, 0, 0, 0, 0, 0, 0, 0, 0, 0, -1/5, 1/5, 0, -38/25, 0, -1/15, 0, 0, -223/75, 0, 0, 0, 0, 0, 0, 0, 0, 0, 0, 0, 0, 0, 0, 0, 0, 0, 0, 0, 0, 0, 0, 0, 0, 0, 0, 0, 0, 0, 0, 0, 0, 0, 0, 0, 0, 0, 0, 0, 0, 0, 0, 0, 0, 0, 0, 0, 0, 0, 0, 0, 0, 0, 0, 0, 0, 0, 0, 0, 0, 0, 0, 0, 0, 0, 0, 0, 0, 0, 0, 0, 0, 0, 0, 0, 0, 0, 0, 0, 0, 0, 0, 0, 0, 0, 0, 0, 0, 0, 0, 0, 0, 0, 0, 0, 0, 0}, {0, 0, 0, 0, 0, 0, 0, 0, 0, 1/3, 0, 3/5, 0, 0, 0, 0, 0, 0, 0, 0, 0, 0, 0, 0, 0, 0, 0, 0, 0, 0, 0, 0, 0, 0, 0, 0, 0, 0, 0, 0, 0, 0, 0, 0, 0, 0, 0, 0, 0, 0, 0, 0, 0, 0, 0, 0, 0, 0, 0, 0, 0, 0, 0, 0, 0, 0, 0, 0, 0, 0, 0, 0, 0, 0, 0, 0, 0, 0, 0, 0, 0, 0, 0, 0, -1, 0, 0, 0, 0, 0, 0, 0, 0, 0, 0, 0, 0, 0, 0, 0, 0, 0, 0, 0, 0, 0, 0, 0, 0, 0, 0, 0, 0, 0, 0, 0, 0, 0, 0, 0, 0, 0, 0, 0, 0, 0, 0, 0, 0, 0, 0, 0, 0, 0, 0, 0, 0, 0, 0, 0, 0, 0, 0, 0, 0, 0, 0, 0, 0, 0, 0, 0, 0, 0, 0, 0, 0, 0, 0, 0, 0, 0, 0, 0, 0, 0, 0, 0, 0, 0, 0, 0, 0, 0, 0, 0, 0, 0, 0, 0, 0, 0, 0, 0, 0, 0, 0, 0, 0, 0, 0, 0, -2/5, 0, -3/25, -17/25, 0, -27/125, 0, -7/50, 0, 0, -63/250, 0, 0, 0, 0, 0, 0, 0, 0, 0, 0, 0, 0, 0, 0, 0, 0, 0, 0, 0, 0, 0, 0, 0, 0, 0, 0, 0, 0, 0, 0, 0, 0, 0, 0, 0, 0, 0, 0, 0, 0, 0, 0, 0, 0, 0, 0, 0, 0, 0}, {0, 0, 0, 0, 0, 0, 0, 0, 0, 0, 0, 0, 0, 0, 0, 0, 0, 0, 0, 0, 0, 0, 0, 0, 0, 0, 0, 0, 0, 0, 0, 0, 0, 0, 0, 0, 0, 0, 0, 0, 0, 0, 0, 0, 0, 0, 0, 0, 0, 0, 0, 0, 0, 0, 0, 0, 0, 0, 0, 0, 0, 0, 0, 0, 0, 0, 0, 0, 0, 0, 0, 0, 0, 0, 0, 0, 0, 0, 0, 0, 0, 0, 0, 0, 0, -1, 0, 0, 0, 0, -2, 0, 0, 2, 0, 0, 0, 0, 0, 0, 0, 0, 0, 0, 0, 0, 0, 0, 0, 0, 0, 0, 0, 0, 0, 0, 0, 0, 0, 0, 0, 0, 0, 0, 0, 0, 0, 0, 0, 0, 0, 0, 0, 0, 0, 0, 0, 0, 0, 0, 0, 0, 0, 0, 0, 0, 0, 0, 0, 0, 0, 0, 0, 0, 0, 0, 0, 0, 0, 0, 0, 0, 0, 0, 0, 0, 0, 0, 0, 0, 0, 0, 0, 0, 0, 0, 0, 0, 0, 0, 0, 0, 0, 0, 0, 0, 0, 0, 0, 0, 0, 0, 0, -1, 0, 0, 0, 0, -8/3, 0, 0, 8/3, 0, 0, 0, 0, 0, 0, 0, 0, 0, 0, 0, 0, 0, 0, 0, 0, 0, 0, 0, 0, 0, 0, 0, 0, 0, 0, 0, 0, 0, 0, 0, 0, 0, 0, 0, 0, 0, 0, 0, 0, 0, 0, 0, 0, 0, 0, 0, 0, 0, 0}, {0, 0, 0, 0, 0, 0, 0, 0, 0, 0, 0, 2/5, 0, 0, 0, 0, 0, 0, 0, 0, 0, 0, 0, 0, 0, 0, 0, 0, 0, 0, 0, 0, 0, 0, 0, 0, 0, 0, 0, 0, 0, 0, 0, 0, 0, 0, 0, 0, 0, 0, 0, 0, 0, 0, 0, 0, 0, 0, 0, 0, 0, 0, 0, 0, 0, 0, 0, 0, 0, 0, 0, 0, 0, 0, 0, 0, 0, 0, 0, 0, 0, 0, 0, 0, 0, 0, -1, 0, 0, 0, 0, -2, 0, 0, 0, 0, 0, 0, 0, 0, 0, 0, 0, 0, 0, 0, 0, 0, 0, 0, 0, 0, 0, 0, 0, 0, 0, 0, 0, 0, 0, 0, 0, 0, 0, 0, 0, 0, 0, 0, 0, 0, 0, 0, 0, 0, 0, 0, 0, 0, 0, 0, 0, 0, 0, 0, 0, 0, 0, 0, 0, 0, 0, 0, 0, 0, 0, 0, 0, 0, 0, 0, 0, 0, 0, 0, 0, 0, 0, 0, 0, 0, 0, 0, 0, 0, 0, 0, 0, 0, 0, 0, 0, 0, 0, 0, 0, 0, 0, 0, 0, 0, -3/5, 0, -27/25, -3/25, 0, -18/125, 0, -69/25, 0, 0, -21/125, 0, 0, 0, 0, 0, 0, 0, 0, 0, 0, 0, 0, 0, 0, 0, 0, 0, 0, 0, 0, 0, 0, 0, 0, 0, 0, 0, 0, 0, 0, 0, 0, 0, 0, 0, 0, 0, 0, 0, 0, 0, 0, 0, 0, 0, 0, 0, 0, 0}, {0, 0, 0, 0, 0, 0, 0, 0, 0, 0, 0, 3/5, 0, 0, 0, 0, 0, 0, 0, 0, 0, 0, 0, 0, 0, 0, 0, 0, 0, 0, 0, 0, 0, 0, 0, 0, 0, 0, 0, 0, 0, 0, 0, 0, 0, 0, 0, 0, 0, 0, 0, 0, 0, 0, 0, 0, 0, 0, 0, 0, 0, 0, 0, 0, 0, 0, 0, 0, 0, 0, 0, 0, 0, 0, 0, 0, 0, 0, 0, 0, 0, 0, 0, 0, 0, 0, 0, -1, 0, 0, 0, 0, 0, 0, 0, 0, 0, 0, 0, 0, 0, 0, 0, 0, 0, 0, 0, 0, 0, 0, 0, 0, 0, 0, 0, 0, 0, 0, 0, 0, 0, 0, 0, 0, 0, 0, 0, 0, 0, 0, 0, 0, 0, 0, 0, 0, 0, 0, 0, 0, 0, 0, 0, 0, 0, 0, 0, 0, 0, 0, 0, 0, 0, 0, 0, 0, 0, 0, 0, 0, 0, 0, 0, 0, 0, 0, 0, 0, 0, 0, 0, 0, 0, 0, 0, 0, 0, 0, 0, 0, 0, 0, 0, 0, 0, 0, 0, 0, 0, 0, 0, 0, 3/5, 0, -3/25, -42/25, 0, -27/125, 0, -7/50, 0, 0, -63/250, 0, 0, 0, 0, 0, 0, 0, 0, 0, 0, 0, 0, 0, 0, 0, 0, 0, 0, 0, 0, 0, 0, 0, 0, 0, 0, 0, 0, 0, 0, 0, 0, 0, 0, 0, 0, 0, 0, 0, 0, 0, 0, 0, 0, 0, 0, 0, 0, 0}, {0, 0, 0, 0, 0, 0, 0, 0, 0, 0, 0, 0, 0, 0, 0, 0, 0, 0, 0, 0, 0, 0, 0, 0, 0, 0, 0, 0, 0, 0, 0, 0, 0, 0, 0, 0, 0, 0, 0, 0, 0, 0, 0, 0, 0, 0, 0, 0, 0, 0, 0, 0, 0, 0, 0, 0, 0, 0, 0, 0, 0, 0, 0, 0, 0, 0, 0, 0, 0, 0, 0, 0, 0, 0, 0, 0, 0, 0, 0, 0, 0, 0, 0, 0, 0, 0, 0, 0, -1, 0, 0, 0, -2, -4/3, 0, -18/5, 0, 0, 0, 0, 0, 0, 0, 0, 0, 0, 0, 0, 0, 0, 0, 0, 0, 0, 0, 0, 0, 0, 0, 0, 2/5, 0, 18/25, 2/25, 0, 162/125, 0, 21/25, 0, 0, 189/125, 0, 0, 0, 0, 0, 0, 0, 0, 0, 0, 0, 0, 0, 0, 0, 0, 0, 0, 0, 0, 0, 0, 0, 0, 0, 0, 0, 0, 0, 0, 0, 0, 0, 0, 0, 0, 0, 0, 0, 0, 0, 0, 0, 0, 0, 0, 0, 0, 0, 0, 0, 0, 0, 0, 0, 0, 0, 0, 0, 0, 0, 0, -1/5, 0, 0, -38/25, 0, -1/15, 0, -223/75, -299/150, 0, -711/125, 0, 0, 0, 0, 0, 0, 0, 0, 0, 0, 0, 0, 0, 0, 0, 0, 0, 0, 0, 0, 0, 0, 0, 0, 0, 0, 0, 0, 0, 0, 0, 0, 0, 0, 0, 0, 0, 0, 0, 0, 0, 0, 0, 0, 0, 0, 0, 0}, {0, 0, 0, 0, 0, 0, 0, 0, 0, 0, 0, 0, 0, 0, 0, 0, 0, 0, 0, 0, 0, 0, 0, 0, 0, 0, 0, 0, 0, 0, 0, 0, 0, 0, 0, 0, 0, 0, 0, 0, 0, 0, 0, 0, 0, 0, 0, 0, 0, 0, 0, 0, 0, 0, 0, 0, 0, 0, 0, 0, 0, 0, 0, 0, 0, 0, 0, 0, 0, 0, 0, 0, 0, 0, 0, 0, 0, 0, 0, 0, 0, 0, 0, 0, 0, 0, 0, 0, 0, -1, 0, 0, 0, 0, -2, 0, 0, 0, 0, 0, 0, 0, 0, 0, 0, 0, 0, 0, 0, 0, 0, 0, 0, 0, 0, 0, 0, 0, 0, 0, 0, 2/5, 0, 0, 18/25, 0, 7/15, 0, 21/25, 7/75, 0, 189/125, 0, 0, 0, 0, 0, 0, 0, 0, 0, 0, 0, 0, 0, 0, 0, 0, 0, 0, 0, 0, 0, 0, 0, 0, 0, 0, 0, 0, 0, 0, 0, 0, 0, 0, 0, 0, 0, 0, 0, 0, 0, 0, 0, 0, 0, 0, 0, 0, 0, 0, 0, 0, 0, 0, 0, 0, 0, 0, 0, 0, 0, 0, -1/5, 1/5, 0, -38/25, 0, -1/15, 0, 0, -223/75, 0, 0, 0, 0, 0, 0, 0, 0, 0, 0, 0, 0, 0, 0, 0, 0, 0, 0, 0, 0, 0, 0, 0, 0, 0, 0, 0, 0, 0, 0, 0, 0, 0, 0, 0, 0, 0, 0, 0, 0, 0, 0, 0, 0, 0, 0, 0, 0, 0}, {0, 0, 0, 0, 0, 0, 0, 0, 0, 0, 0, 0, 0, 0, 0, 0, 0, 0, 0, 0, 0, 0, 0, 0, 0, 0, 0, 0, 0, 0, 0, 0, 0, 0, 0, 0, 0, 0, 0, 0, 0, 0, 0, 0, 0, 0, 0, 0, 0, 0, 0, 0, 0, 0, 0, 0, 0, 0, 0, 0, 0, 0, 0, 0, 0, 0, 0, 0, 0, 0, 0, 0, 0, 0, 0, 0, 0, 0, 0, 0, 0, 0, 0, 0, 0, 0, 0, 0, 0, 0, 1, 0, 0, 0, 0, 0, 0, 0, 0, 0, 0, 0, 0, 0, 0, 0, 0, 0, 0, 0, 0, 0, 0, 0, 0, 0, 0, 0, 0, 0, 0, 0, 0, 0, 0, 0, 0, 0, 0, 0, 0, 0, 0, 0, 0, 0, 0, 0, 0, 0, 0, 0, 0, 0, 0, 0, 0, 0, 0, 0, 0, 0, 0, 0, 0, 0, 0, 0, 0, 0, 0, 0, 0, 0, 0, 0, 0, 0, 0, 0, 0, 0, 0, 0, 0, 0, 0, 0, 0, 0, 0, 0, 0, 0, 0, 0, 0, 0, 0, 0, 0, 0, 0, 0, 0, 0, 0, 0, 0, 0, 0, 0, 0, 0, 0, 0, 0, 0, 0, 0, 0, 0, 0, 0, 0, 0, 0, 0, 0, 0, 0, 0, 0, 0, 0, 0, 0, 0, -2/5, 0, -3/25, -17/25, 0, -27/125, 0, -7/50, 0, 0, -63/250, 0, 0, 0, 0, 0, 0, 0, 0, 0, 0, 0, 0, 0}, {0, 0, 0, 0, 0, 0, 0, 0, 0, 0, 0, 0, 0, 0, 0, 0, 0, 0, 0, 0, 0, 0, 0, 0, 0, 0, 0, 0, 0, 0, 0, 0, 0, 0, 0, 0, 0, 0, 0, 0, 0, 0, 0, 0, 0, 0, 0, 0, 0, 0, 0, 0, 0, 0, 0, 0, 0, 0, 0, 0, 0, 0, 0, 0, 0, 0, 0, 0, 0, 0, 0, 0, 0, 0, 0, 0, 0, 0, 0, 0, 0, 0, 0, 0, 0, 0, 0, 0, 0, 0, 0, 1, 0, 0, 0, 0, 0, 0, 0, 0, 0, 0, 0, 0, 0, 0, 0, 0, 0, 0, 0, 0, 0, 0, 0, 0, 0, 0, 0, 0, 0, 0, 0, 0, 0, 0, 0, 0, 0, 0, 0, 0, 0, 0, 0, 0, 0, 0, 0, 0, 0, 0, 0, 0, 0, 0, 0, 0, 0, 0, 0, 0, 0, 0, 0, 0, 0, 0, 0, 0, 0, 0, 0, 0, 0, 0, 0, 0, 0, 0, 0, 0, 0, 0, 0, 0, 0, 0, 0, 0, 0, 0, 0, 0, 0, 0, 0, 0, 0, 0, 0, 0, 0, 0, 0, 0, 0, 0, 0, 0, 0, 0, 0, 0, 0, 0, 0, 0, 0, 0, 0, 0, 0, 0, 0, 0, 0, 0, 0, 0, 0, 0, 0, 0, 0, 0, 0, 0, 0, -1, 0, 0, 0, 0, -8/3, 0, 0, 8/3, 0, 0, 0, 0, 0, 0, 0, 0, 0, 0, 0, 0, 0, 0}, {0, 0, 0, 0, 0, 0, 0, 0, 0, 0, 0, 0, 0, 0, 0, 0, 0, 0, 0, 0, 0, 0, 0, 0, 0, 0, 0, 0, 0, 0, 0, 0, 0, 0, 0, 0, 0, 0, 0, 0, 0, 0, 0, 0, 0, 0, 0, 0, 0, 0, 0, 0, 0, 0, 0, 0, 0, 0, 0, 0, 0, 0, 0, 0, 0, 0, 0, 0, 0, 0, 0, 0, 0, 0, 0, 0, 0, 0, 0, 0, 0, 0, 0, 0, 0, 0, 0, 0, 0, 0, 0, 0, 1, 0, 0, 0, 0, 0, 0, 0, 0, 0, 0, 0, 0, 0, 0, 0, 0, 0, 0, 0, 0, 0, 0, 0, 0, 0, 0, 0, 0, 0, 0, 0, 0, 0, 0, 0, 0, 0, 0, 0, 0, 0, 0, 0, 0, 0, 0, 0, 0, 0, 0, 0, 0, 0, 0, 0, 0, 0, 0, 0, 0, 0, 0, 0, 0, 0, 0, 0, 0, 0, 0, 0, 0, 0, 0, 0, 0, 0, 0, 0, 0, 0, 0, 0, 0, 0, 0, 0, 0, 0, 0, 0, 0, 0, 0, 0, 0, 0, 0, 0, 0, 0, 0, 0, 0, 0, 0, 0, 0, 0, 0, 0, 0, 0, 0, 0, 0, 0, 0, 0, 0, 0, 0, 0, 0, 0, 0, 0, 0, 0, 0, 0, 0, 0, 0, 0, -3/5, 0, -27/25, -3/25, 0, -18/125, 0, -69/25, 0, 0, -21/125, 0, 0, 0, 0, 0, 0, 0, 0, 0, 0, 0, 0, 0}, {0, 0, 0, 0, 0, 0, 0, 0, 0, 0, 0, 0, 0, 0, 0, 0, 0, 0, 0, 0, 0, 0, 0, 0, 0, 0, 0, 0, 0, 0, 0, 0, 0, 0, 0, 0, 0, 0, 0, 0, 0, 0, 0, 0, 0, 0, 0, 0, 0, 0, 0, 0, 0, 0, 0, 0, 0, 0, 0, 0, 0, 0, 0, 0, 0, 0, 0, 0, 0, 0, 0, 0, 0, 0, 0, 0, 0, 0, 0, 0, 0, 0, 0, 0, 0, 0, 0, 0, 0, 0, 0, 0, 0, 1, 0, 0, 0, 0, 0, 0, 0, 0, 0, 0, 0, 0, 0, 0, 0, 0, 0, 0, 0, 0, 0, 0, 0, 0, 0, 0, 0, 0, 0, 0, 0, 0, 0, 0, 0, 0, 0, 0, 0, 0, 0, 0, 0, 0, 0, 0, 0, 0, 0, 0, 0, 0, 0, 0, 0, 0, 0, 0, 0, 0, 0, 0, 0, 0, 0, 0, 0, 0, 0, 0, 0, 0, 0, 0, 0, 0, 0, 0, 0, 0, 0, 0, 0, 0, 0, 0, 0, 0, 0, 0, 0, 0, 0, 0, 0, 0, 0, 0, 0, 0, 0, 0, 0, 0, 0, 0, 0, 0, 0, 0, 0, 0, 0, 0, 0, 0, 0, 0, 0, 0, 0, 0, 0, 0, 0, 0, 0, 0, 0, 0, 0, 0, 0, 0, 3/5, 0, -3/25, -42/25, 0, -27/125, 0, -7/50, 0, 0, -63/250, 0, 0, 0, 0, 0, 0, 0, 0, 0, 0, 0, 0, 0}, {0, 0, 0, 0, 0, 0, 0, 0, 0, 0, 0, 0, 0, 0, 0, 0, 0, 0, 0, 0, 0, 0, 0, 0, 0, 0, 0, 0, 0, 0, 0, 0, 0, 0, 0, 0, 0, 0, 0, 0, 0, 0, 0, 0, 0, 0, 0, 0, 0, 0, 0, 0, 0, 0, 0, 0, 0, 0, 0, 0, 0, 0, 0, 0, 0, 0, 0, 0, 0, 0, 0, 0, 0, 0, 0, 0, 0, 0, 0, 0, 0, 0, 0, 0, 0, 0, 0, 0, 0, 0, 0, 0, 0, 0, 1, 0, 0, 0, 0, 0, 0, 0, 0, 0, 0, 0, 0, 0, 0, 0, 0, 0, 0, 0, 0, 0, 0, 0, 0, 0, 0, 0, 0, 0, 0, 0, 0, 0, 0, 0, 0, 0, 2/5, 0, 18/25, 2/25, 0, 162/125, 0, 21/25, 0, 0, 189/125, 0, 0, 0, 0, 0, 0, 0, 0, 0, 0, 0, 0, 0, 0, 0, 0, 0, 0, 0, 0, 0, 0, 0, 0, 0, 0, 0, 0, 0, 0, 0, 0, 0, 0, 0, 0, 0, 0, 0, 0, 0, 0, 0, 0, 0, 0, 0, 0, 0, 0, 0, 0, 0, 0, 0, 0, 0, 0, 0, 0, 0, 0, 0, 0, 0, 0, 0, 0, 0, 0, 0, 0, 0, 0, 0, 0, 0, 0, 0, 0, 0, 0, 0, 0, 0, 0, -1/5, 0, 0, -38/25, 0, -1/15, 0, -223/75, -299/150, 0, -711/125, 0, 0, 0, 0, 0, 0, 0, 0, 0, 0, 0, 0}, {0, 0, 0, 0, 0, 0, 0, 0, 0, 0, 0, 0, 0, 0, 0, 0, 0, 0, 0, 0, 0, 0, 0, 0, 0, 0, 0, 0, 0, 0, 0, 0, 0, 0, 0, 0, 0, 0, 0, 0, 0, 0, 0, 0, 0, 0, 0, 0, 0, 0, 0, 0, 0, 0, 0, 0, 0, 0, 0, 0, 0, 0, 0, 0, 0, 0, 0, 0, 0, 0, 0, 0, 0, 0, 0, 0, 0, 0, 0, 0, 0, 0, 0, 0, 0, 0, 0, 0, 0, 0, 0, 0, 0, 0, 0, 1, 0, 0, 0, 0, 0, 0, 0, 0, 0, 0, 0, 0, 0, 0, 0, 0, 0, 0, 0, 0, 0, 0, 0, 0, 0, 0, 0, 0, 0, 0, 0, 0, 0, 0, 0, 0, 0, 2/5, 0, 0, 18/25, 0, 7/15, 0, 21/25, 7/75, 0, 189/125, 0, 0, 0, 0, 0, 0, 0, 0, 0, 0, 0, 0, 0, 0, 0, 0, 0, 0, 0, 0, 0, 0, 0, 0, 0, 0, 0, 0, 0, 0, 0, 0, 0, 0, 0, 0, 0, 0, 0, 0, 0, 0, 0, 0, 0, 0, 0, 0, 0, 0, 0, 0, 0, 0, 0, 0, 0, 0, 0, 0, 0, 0, 0, 0, 0, 0, 0, 0, 0, 0, 0, 0, 0, 0, 0, 0, 0, 0, 0, 0, 0, 0, 0, 0, 0, 0, -1/5, 1/5, 0, -38/25, 0, -1/15, 0, 0, -223/75, 0, 0, 0, 0, 0, 0, 0, 0, 0, 0, 0, 0, 0}, {0, 0, 0, 0, 0, 0, 1/3, 0, 0, 2/3, 0, 0, 0, 0, 0, 0, 0, 0, 0, 0, 0, 0, 0, 0, 0, 0, 0, 0, 0, 0, 0, 0, 0, 0, 0, 0, 0, 0, 0, 0, 0, 0, 0, 0, 0, 0, 0, 0, 0, 0, 0, 0, 0, 0, 0, 0, 0, 0, 0, 0, 0, 0, 0, 0, 0, 0, 0, 0, 0, 0, 0, 0, 0, 0, 0, 0, 0, 0, 0, 0, 0, 0, 0, 0, 0, 0, 0, 0, 0, 0, 0, 0, 0, 0, 0, 0, 0, 0, 0, 0, 0, 0, 0, 0, 0, 0, 0, 0, 0, 0, 0, 0, 0, 0, 0, 0, 0, 0, 0, 0, 0, 0, 0, 0, 0, 0, 0, 0, 0, 0, 0, 0, 0, 0, 0, 0, 0, 0, 0, 0, 0, 0, 0, 0, 0, 0, 0, 0, 0, 0, 0, 0, 0, 0, 0, 0, 0, 0, 0, 0, 0, 0, 0, 0, 0, 0, 0, 0, 0, 0, 0, 0, 0, 0, 0, 0, 0, 0, 0, 0, 0, 0, 0, 0, 0, 0, 0, 0, 0, 0, 0, 0, 0, 0, 0, 0, 0, 0, 0, 0, 0, 0, 0, 0, 0, 0, 0, 0, 0, 0, 0, 0, 0, 0, 0, 0, 0, 0, 0, 0, 0, 0, 0, 0, 0, 0, 0, 0, 0, 0, 0, 0, 0, 0, 0, 0, 0, 0, 0, 0, 0, 0, 0, 0, 0, 0, 0, 0, 0, 0, 0, 0}, {4/5, 0, 6/25, -16/25, 0, 54/125, 0, 32/25, 0, 0, 63/125, 0, 0, 0, 0, 0, 0, 0, 0, 0, 0, 0, 0, 0, 0, 0, 0, 0, 0, 0, 0, 0, 0, 0, 0, 0, 0, 0, 0, 0, 0, 0, 0, 0, 0, 0, 0, 0, 0, 0, 0, 0, 0, 0, 0, 0, 0, 0, 0, 0, 0, 0, 0, 0, 0, 0, 0, 0, 0, 0, 0, 0, 0, 0, 0, 0, 0, 0, 0, 0, 0, 0, 0, 0, 0, 0, 0, 0, 0, 0, 0, 0, 0, 0, 0, 0, 0, 0, 0, 0, 0, 0, 0, 0, 0, 0, 0, 0, 0, 0, 0, 0, 0, 0, 0, 0, 0, 0, 0, 0, 0, 0, 0, 0, 0, 0, 0, 0, 0, 0, 0, 0, 0, 0, 0, 0, 0, 0, 0, 0, 0, 0, 0, 0, 0, 0, 0, 0, 0, 0, 0, 0, 0, 0, 0, 0, 0, 0, 0, 0, 0, 0, 0, 0, 0, 0, 0, 0, 0, 0, 0, 0, 0, 0, 0, 0, 0, 0, 0, 0, 0, 0, 0, 0, 0, 0, 0, 0, 0, 0, 0, 0, 0, 0, 0, 0, 0, 0, 0, 0, 0, 0, 0, 0, 0, 0, 0, 0, 0, 0, 0, 0, 0, 0, 0, 0, 0, 0, 0, 0, 0, 0, 0, 0, 0, 0, 0, 0, 0, 0, 0, 0, 0, 0, 0, 0, 0, 0, 0, 0, 0, 0, 0, 0, 0, 0, 0, 0, 0, 0, 0, 0}, {0, 4/5, 0, 0, 6/25, 0, 8/5, 0, 32/25, -56/75, 0, 63/125, 0, 0, 0, 0, 0, 0, 0, 0, 0, 0, 0, 0, 0, 0, 0, 0, 0, 0, 0, 0, 0, 0, 0, 0, 0, 0, 0, 0, 0, 0, 0, 0, 0, 0, 0, 0, 0, 0, 0, 0, 0, 0, 0, 0, 0, 0, 0, 0, 0, 0, 0, 0, 0, 0, 0, 0, 0, 0, 0, 0, 0, 0, 0, 0, 0, 0, 0, 0, 0, 0, 0, 0, 0, 0, 0, 0, 0, 0, 0, 0, 0, 0, 0, 0, 0, 0, 0, 0, 0, 0, 0, 0, 0, 0, 0, 0, 0, 0, 0, 0, 0, 0, 0, 0, 0, 0, 0, 0, 0, 0, 0, 0, 0, 0, 0, 0, 0, 0, 0, 0, 0, 0, 0, 0, 0, 0, 0, 0, 0, 0, 0, 0, 0, 0, 0, 0, 0, 0, 0, 0, 0, 0, 0, 0, 0, 0, 0, 0, 0, 0, 0, 0, 0, 0, 0, 0, 0, 0, 0, 0, 0, 0, 0, 0, 0, 0, 0, 0, 0, 0, 0, 0, 0, 0, 0, 0, 0, 0, 0, 0, 0, 0, 0, 0, 0, 0, 0, 0, 0, 0, 0, 0, 0, 0, 0, 0, 0, 0, 0, 0, 0, 0, 0, 0, 0, 0, 0, 0, 0, 0, 0, 0, 0, 0, 0, 0, 0, 0, 0, 0, 0, 0, 0, 0, 0, 0, 0, 0, 0, 0, 0, 0, 0, 0, 0, 0, 0, 0, 0, 0}, {0, 0, 0, 0, 0, 0, -2/3, 0, 0, 5/3, 0, 0, 0, 0, 0, 0, 0, 0, 0, 0, 0, 0, 0, 0, 0, 0, 0, 0, 0, 0, 0, 0, 0, 0, 0, 0, 0, 0, 0, 0, 0, 0, 0, 0, 0, 0, 0, 0, 0, 0, 0, 0, 0, 0, 0, 0, 0, 0, 0, 0, 0, 0, 0, 0, 0, 0, 0, 0, 0, 0, 0, 0, 0, 0, 0, 0, 0, 0, 0, 0, 0, 0, 0, 0, 0, 0, 0, 0, 0, 0, 0, 0, 0, 0, 0, 0, 0, 0, 0, 0, 0, 0, 0, 0, 0, 0, 0, 0, 0, 0, 0, 0, 0, 0, 0, 0, 0, 0, 0, 0, 0, 0, 0, 0, 0, 0, 0, 0, 0, 0, 0, 0, 0, 0, 0, 0, 0, 0, 0, 0, 0, 0, 0, 0, 0, 0, 0, 0, 0, 0, 0, 0, 0, 0, 0, 0, 0, 0, 0, 0, 0, 0, 0, 0, 0, 0, 0, 0, 0, 0, 0, 0, 0, 0, 0, 0, 0, 0, 0, 0, 0, 0, 0, 0, 0, 0, 0, 0, 0, 0, 0, 0, 0, 0, 0, 0, 0, 0, 0, 0, 0, 0, 0, 0, 0, 0, 0, 0, 0, 0, 0, 0, 0, 0, 0, 0, 0, 0, 0, 0, 0, 0, 0, 0, 0, 0, 0, 0, 0, 0, 0, 0, 0, 0, 0, 0, 0, 0, 0, 0, 0, 0, 0, 0, 0, 0, 0, 0, 0, 0, 0, 0}, {0, 0, 4/5, 8/15, 0, 42/25, 0, 52/45, 0, 0, 84/25, 0, 0, 0, 0, 0, 0, 0, 0, 0, 0, 0, 0, 0, 0, 0, 0, 0, 0, 0, 0, 0, 0, 0, 0, 0, 0, 0, 0, 0, 0, 0, 0, 0, 0, 0, 0, 0, 0, 0, 0, 0, 0, 0, 0, 0, 0, 0, 0, 0, 0, 0, 0, 0, 0, 0, 0, 0, 0, 0, 0, 0, 0, 0, 0, 0, 0, 0, 0, 0, 0, 0, 0, 0, 0, 0, 0, 0, 0, 0, 0, 0, 0, 0, 0, 0, 0, 0, 0, 0, 0, 0, 0, 0, 0, 0, 0, 0, 0, 0, 0, 0, 0, 0, 0, 0, 0, 0, 0, 0, 0, 0, 0, 0, 0, 0, 0, 0, 0, 0, 0, 0, 0, 0, 0, 0, 0, 0, 0, 0, 0, 0, 0, 0, 2/5, 0, 18/25, 2/25, 0, 162/125, 0, 21/25, 0, 0, 189/125, 0, 0, 0, 0, 0, 0, 0, 0, 0, 0, 0, 0, 0, 0, 0, 0, 0, 0, 0, 0, 0, 0, 0, 0, 0, 0, 0, 0, 0, 0, 0, 0, 0, 0, 0, 0, 0, 0, 0, 0, 0, 0, 0, 0, 0, 0, 0, 0, 0, 0, 0, 0, 0, 0, 0, 0, 0, 0, 0, 0, 0, 0, 0, 0, 0, 0, 0, 0, 0, 0, 0, 0, 0, 0, 0, 0, 0, 0, 0, 0, 0, 0, 0, 0, 0, 0, 0, 0, 0, 0, 0, 0, 0, 0, 0, 0, 0}, {0, 0, 0, 0, 4/5, 0, 0, 0, 52/45, 2/5, 0, 84/25, 0, 0, 0, 0, 0, 0, 0, 0, 0, 0, 0, 0, 0, 0, 0, 0, 0, 0, 0, 0, 0, 0, 0, 0, 0, 0, 0, 0, 0, 0, 0, 0, 0, 0, 0, 0, 0, 0, 0, 0, 0, 0, 0, 0, 0, 0, 0, 0, 0, 0, 0, 0, 0, 0, 0, 0, 0, 0, 0, 0, 0, 0, 0, 0, 0, 0, 0, 0, 0, 0, 0, 0, 0, 0, 0, 0, 0, 0, 0, 0, 0, 0, 0, 0, 0, 0, 0, 0, 0, 0, 0, 0, 0, 0, 0, 0, 0, 0, 0, 0, 0, 0, 0, 0, 0, 0, 0, 0, 0, 0, 0, 0, 0, 0, 0, 0, 0, 0, 0, 0, 0, 0, 0, 0, 0, 0, 0, 0, 0, 0, 0, 0, 0, 2/5, 0, 0, 18/25, 0, 7/15, 0, 21/25, 7/75, 0, 189/125, 0, 0, 0, 0, 0, 0, 0, 0, 0, 0, 0, 0, 0, 0, 0, 0, 0, 0, 0, 0, 0, 0, 0, 0, 0, 0, 0, 0, 0, 0, 0, 0, 0, 0, 0, 0, 0, 0, 0, 0, 0, 0, 0, 0, 0, 0, 0, 0, 0, 0, 0, 0, 0, 0, 0, 0, 0, 0, 0, 0, 0, 0, 0, 0, 0, 0, 0, 0, 0, 0, 0, 0, 0, 0, 0, 0, 0, 0, 0, 0, 0, 0, 0, 0, 0, 0, 0, 0, 0, 0, 0, 0, 0, 0, 0, 0}, {0, 0, 0, 0, 0, 0, 0, 0, 0, 2/9, 0, 0, 0, 0, 0, 0, 0, 0, 0, 0, 0, 0, 0, 0, 0, 0, 0, 0, 0, 0, 0, 0, 0, 0, 0, 0, 0, 0, 0, 0, 0, 0, 0, 0, 0, 0, 0, 0, 0, 0, 0, 0, 0, 0, 0, 0, 0, 0, 0, 0, 0, 0, 0, 0, 0, 0, 0, 0, 0, 0, 0, 0, 0, 0, 0, 0, 0, 0, 0, 0, 0, 0, 0, 0, 0, 0, 0, 0, 0, 0, 0, 0, 0, 0, 0, 0, 0, 0, 0, 0, 0, 0, 0, 0, 0, 0, 0, 0, 0, 0, 0, 0, 0, 0, 0, 0, 0, 0, 0, 0, 0, 0, 0, 0, 0, 0, 0, 0, 0, 0, 0, 0, 0, 0, 0, 0, 0, 0, 0, 0, 0, 0, 0, 0, 0, 0, 0, 0, 0, 0, 1/3, 0, 0, 2/3, 0, 0, 0, 0, 0, 0, 0, 0, 0, 0, 0, 0, 0, 0, 0, 0, 0, 0, 0, 0, 0, 0, 0, 0, 0, 0, 0, 0, 0, 0, 0, 0, 0, 0, 0, 0, 0, 0, 0, 0, 0, 0, 0, 0, 0, 0, 0, 0, 0, 0, 0, 0, 0, 0, 0, 0, 0, 0, 0, 0, 0, 0, 0, 0, 0, 0, 0, 0, 0, 0, 0, 0, 0, 0, 0, 0, 0, 0, 0, 0, 0, 0, 0, 0, 0, 0, 0, 0, 0, 0, 0, 0, 0, 0, 0, 0, 0, 0}, {0, 0, 0, 0, 0, 12/25, 0, 0, 0, 0, 52/75, 0, 0, 0, 0, 0, 0, 0, 0, 0, 0, 0, 0, 0, 0, 0, 0, 0, 0, 0, 0, 0, 0, 0, 0, 0, 0, 0, 0, 0, 0, 0, 0, 0, 0, 0, 0, 0, 0, 0, 0, 0, 0, 0, 0, 0, 0, 0, 0, 0, 0, 0, 0, 0, 0, 0, 0, 0, 0, 0, 0, 0, 0, 0, 0, 0, 0, 0, 0, 0, 0, 0, 0, 0, 0, 0, 0, 0, 0, 0, 0, 0, 0, 0, 0, 0, 0, 0, 0, 0, 0, 0, 0, 0, 0, 0, 0, 0, 0, 0, 0, 0, 0, 0, 0, 0, 0, 0, 0, 0, 0, 0, 0, 0, 0, 0, 0, 0, 0, 0, 0, 0, 0, 0, 0, 0, 0, 0, 0, 0, 0, 0, 0, 0, 4/5, 0, 6/25, -16/25, 0, 54/125, 0, 32/25, 0, 0, 63/125, 0, 0, 0, 0, 0, 0, 0, 0, 0, 0, 0, 0, 0, 0, 0, 0, 0, 0, 0, 0, 0, 0, 0, 0, 0, 0, 0, 0, 0, 0, 0, 0, 0, 0, 0, 0, 0, 0, 0, 0, 0, 0, 0, 0, 0, 0, 0, 0, 0, 0, 0, 0, 0, 0, 0, 0, 0, 0, 0, 0, 0, 0, 0, 0, 0, 0, 0, 0, 0, 0, 0, 0, 0, 0, 0, 0, 0, 0, 0, 0, 0, 0, 0, 0, 0, 0, 0, 0, 0, 0, 0, 0, 0, 0, 0, 0, 0}, {0, 0, 0, 0, 0, 0, 0, 0, 0, 0, 0, 52/75, 0, 0, 0, 0, 0, 0, 0, 0, 0, 0, 0, 0, 0, 0, 0, 0, 0, 0, 0, 0, 0, 0, 0, 0, 0, 0, 0, 0, 0, 0, 0, 0, 0, 0, 0, 0, 0, 0, 0, 0, 0, 0, 0, 0, 0, 0, 0, 0, 0, 0, 0, 0, 0, 0, 0, 0, 0, 0, 0, 0, 0, 0, 0, 0, 0, 0, 0, 0, 0, 0, 0, 0, 0, 0, 0, 0, 0, 0, 0, 0, 0, 0, 0, 0, 0, 0, 0, 0, 0, 0, 0, 0, 0, 0, 0, 0, 0, 0, 0, 0, 0, 0, 0, 0, 0, 0, 0, 0, 0, 0, 0, 0, 0, 0, 0, 0, 0, 0, 0, 0, 0, 0, 0, 0, 0, 0, 0, 0, 0, 0, 0, 0, 0, 4/5, 0, 0, 6/25, 0, 8/5, 0, 32/25, -56/75, 0, 63/125, 0, 0, 0, 0, 0, 0, 0, 0, 0, 0, 0, 0, 0, 0, 0, 0, 0, 0, 0, 0, 0, 0, 0, 0, 0, 0, 0, 0, 0, 0, 0, 0, 0, 0, 0, 0, 0, 0, 0, 0, 0, 0, 0, 0, 0, 0, 0, 0, 0, 0, 0, 0, 0, 0, 0, 0, 0, 0, 0, 0, 0, 0, 0, 0, 0, 0, 0, 0, 0, 0, 0, 0, 0, 0, 0, 0, 0, 0, 0, 0, 0, 0, 0, 0, 0, 0, 0, 0, 0, 0, 0, 0, 0, 0, 0, 0}, {0, 0, 0, 0, 0, 0, 0, 0, 0, 0, 0, 0, 0, 0, 0, 0, 0, 0, 0, 0, 0, 0, 0, 0, 0, 0, 0, 0, 0, 0, 0, 0, 0, 0, 0, 0, 0, 0, 0, 0, 0, 0, 0, 0, 0, 0, 0, 0, 0, 0, 0, 0, 0, 0, 0, 0, 0, 0, 0, 0, 0, 0, 0, 0, 0, 0, 0, 0, 0, 0, 0, 0, 0, 0, 0, 0, 0, 0, 0, 0, 0, 0, 0, 0, 0, 0, 0, 0, 0, 0, 0, 0, 0, 0, 0, 0, 0, 0, 0, 0, 0, 0, 0, 0, 0, 0, 0, 0, 0, 0, 0, 0, 0, 0, 0, 0, 0, 0, 0, 0, 0, 0, 0, 0, 0, 0, 0, 0, 0, 0, 0, 0, 0, 0, 0, 0, 0, 0, 0, 0, 0, 0, 0, 0, 0, 0, 0, 0, 0, 0, -2/3, 0, 0, 5/3, 0, 0, 0, 0, 0, 0, 0, 0, 0, 0, 0, 0, 0, 0, 0, 0, 0, 0, 0, 0, 0, 0, 0, 0, 0, 0, 0, 0, 0, 0, 0, 0, 0, 0, 0, 0, 0, 0, 0, 0, 0, 0, 0, 0, 0, 0, 0, 0, 0, 0, 0, 0, 0, 0, 0, 0, 0, 0, 0, 0, 0, 0, 0, 0, 0, 0, 0, 0, 0, 0, 0, 0, 0, 0, 0, 0, 0, 0, 0, 0, 0, 0, 0, 0, 0, 0, 0, 0, 0, 0, 0, 0, 0, 0, 0, 0, 0, 0}, {0, 0, 0, 0, 0, 0, 0, 0, 0, 0, 0, 0, 0, 0, 0, 0, 0, 0, 0, 0, 0, 0, 0, 0, 0, 0, 0, 0, 0, 0, 0, 0, 0, 0, 0, 0, 0, 0, 0, 0, 0, 0, 0, 0, 0, 0, 0, 0, 0, 0, 0, 0, 0, 0, 0, 0, 0, 0, 0, 0, 0, 0, 0, 0, 0, 0, 0, 0, 0, 0, 0, 0, 0, 0, 0, 0, 0, 0, 0, 0, 0, 0, 0, 0, 0, 0, 0, 0, 0, 0, 0, 0, 0, 0, 0, 0, 0, 0, 0, 0, 0, 0, 0, 0, 0, 0, 0, 0, 0, 0, 0, 0, 0, 0, 0, 0, 0, 0, 0, 0, 0, 0, 0, 0, 0, 0, 0, 0, 0, 0, 0, 0, 0, 0, 0, 0, 0, 0, 0, 0, 0, 0, 0, 0, 0, 0, 4/5, 8/15, 0, 42/25, 0, 52/45, 0, 0, 84/25, 0, 2/5, 0, 18/25, 2/25, 0, 162/125, 0, 21/25, 0, 0, 189/125, 0, 0, 0, 0, 0, 0, 0, 0, 0, 0, 0, 0, 0, 0, 0, 0, 0, 0, 0, 0, 0, 0, 0, 0, 0, 0, 0, 0, 0, 0, 0, 0, 0, 0, 0, 0, 0, 0, 0, 0, 0, 0, 0, 0, 0, 0, 0, 0, 0, 0, 0, 0, 0, 0, 0, 0, 0, 0, 0, 0, 0, 0, 0, 0, 0, 0, 0, 0, 0, 0, 0, 0, 0, 0, 0, 0, 0, 0, 0, 0, 0, 0, 0, 0, 0}, {0, 0, 0, 0, 0, 0, 0, 0, 0, 0, 0, 0, 0, 0, 0, 0, 0, 0, 0, 0, 0, 0, 0, 0, 0, 0, 0, 0, 0, 0, 0, 0, 0, 0, 0, 0, 0, 0, 0, 0, 0, 0, 0, 0, 0, 0, 0, 0, 0, 0, 0, 0, 0, 0, 0, 0, 0, 0, 0, 0, 0, 0, 0, 0, 0, 0, 0, 0, 0, 0, 0, 0, 0, 0, 0, 0, 0, 0, 0, 0, 0, 0, 0, 0, 0, 0, 0, 0, 0, 0, 0, 0, 0, 0, 0, 0, 0, 0, 0, 0, 0, 0, 0, 0, 0, 0, 0, 0, 0, 0, 0, 0, 0, 0, 0, 0, 0, 0, 0, 0, 0, 0, 0, 0, 0, 0, 0, 0, 0, 0, 0, 0, 0, 0, 0, 0, 0, 0, 0, 0, 0, 0, 0, 0, 0, 0, 0, 0, 4/5, 0, 0, 0, 52/45, 2/5, 0, 84/25, 0, 2/5, 0, 0, 18/25, 0, 7/15, 0, 21/25, 7/75, 0, 189/125, 0, 0, 0, 0, 0, 0, 0, 0, 0, 0, 0, 0, 0, 0, 0, 0, 0, 0, 0, 0, 0, 0, 0, 0, 0, 0, 0, 0, 0, 0, 0, 0, 0, 0, 0, 0, 0, 0, 0, 0, 0, 0, 0, 0, 0, 0, 0, 0, 0, 0, 0, 0, 0, 0, 0, 0, 0, 0, 0, 0, 0, 0, 0, 0, 0, 0, 0, 0, 0, 0, 0, 0, 0, 0, 0, 0, 0, 0, 0, 0, 0, 0, 0, 0}, {0, 0, 0, 0, 0, 0, 0, 0, 0, 0, 0, 0, 0, 0, 0, 0, 0, 0, 0, 0, 0, 0, 0, 0, 0, 0, 0, 0, 0, 0, 0, 0, 0, 0, 0, 0, 0, 0, 0, 0, 0, 0, 0, 0, 0, 0, 0, 0, 0, 0, 0, 0, 0, 0, 0, 0, 0, 0, 0, 0, 0, 0, 0, 0, 0, 0, 0, 0, 0, 0, 0, 0, 0, 0, 0, 0, 0, 0, 0, 0, 0, 0, 0, 0, 0, 0, 0, 0, 0, 0, 0, 0, 0, 0, 0, 0, 0, 0, 0, 0, 0, 0, 0, 0, 0, 0, 0, 0, 0, 0, 0, 0, 0, 0, 0, 0, 0, 0, 0, 0, 0, 0, 0, 0, 0, 0, 0, 0, 0, 0, 0, 0, 0, 0, 0, 0, 0, 0, 0, 0, 0, 0, 0, 0, -1, 0, 0, 0, 0, 0, 0, 0, 0, 0, 0, 0, 0, 0, 0, 0, 0, 0, 0, 0, 0, 0, 0, 0, 0, 0, 0, 0, 0, 0, 0, 0, 0, 0, 0, 0, 0, 0, 0, 0, 0, 0, 0, 0, 0, 0, 0, 0, 0, 0, 0, 0, 0, 0, 1/3, 0, 0, 2/3, 0, 0, 0, 0, 0, 0, 0, 0, 0, 0, 0, 0, 0, 0, 0, 0, 0, 0, 0, 0, 0, 0, 0, 0, 0, 0, 0, 0, 0, 0, 0, 0, 0, 0, 0, 0, 0, 0, 0, 0, 0, 0, 0, 0, 0, 0, 0, 0, 0, 0}, {0, 0, 0, 0, 0, 0, 0, 0, 0, 0, 0, -6/5, 0, 0, 0, 0, 0, 0, 0, 0, 0, 0, 0, 0, 0, 0, 0, 0, 0, 0, 0, 0, 0, 0, 0, 0, 0, 0, 0, 0, 0, 0, 0, 0, 0, 0, 0, 0, 0, 0, 0, 0, 0, 0, 0, 0, 0, 0, 0, 0, 0, 0, 0, 0, 0, 0, 0, 0, 0, 0, 0, 0, 0, 0, 0, 0, 0, 0, 0, 0, 0, 0, 0, 0, 0, 0, 0, 0, 0, 0, 0, 0, 0, 0, 0, 0, 0, 0, 0, 0, 0, 0, 0, 0, 0, 0, 0, 0, 0, 0, 0, 0, 0, 0, 0, 0, 0, 0, 0, 0, 0, 0, 0, 0, 0, 0, 0, 0, 0, 0, 0, 0, 0, 0, 0, 0, 0, 0, 0, 0, 0, 0, 0, 0, 0, -1, 0, 0, 0, 0, -2, 0, 0, 2, 0, 0, 0, 0, 0, 0, 0, 0, 0, 0, 0, 0, 0, 0, 0, 0, 0, 0, 0, 0, 0, 0, 0, 0, 0, 0, 0, 0, 0, 0, 0, 0, 0, 0, 0, 0, 0, 0, 4/5, 0, 6/25, -16/25, 0, 54/125, 0, 32/25, 0, 0, 63/125, 0, 0, 0, 0, 0, 0, 0, 0, 0, 0, 0, 0, 0, 0, 0, 0, 0, 0, 0, 0, 0, 0, 0, 0, 0, 0, 0, 0, 0, 0, 0, 0, 0, 0, 0, 0, 0, 0, 0, 0, 0, 0, 0, 0, 0, 0, 0, 0, 0}, {0, 0, 0, 0, 0, 0, 0, 0, 0, 0, 0, 0, 0, 0, 0, 0, 0, 0, 0, 0, 0, 0, 0, 0, 0, 0, 0, 0, 0, 0, 0, 0, 0, 0, 0, 0, 0, 0, 0, 0, 0, 0, 0, 0, 0, 0, 0, 0, 0, 0, 0, 0, 0, 0, 0, 0, 0, 0, 0, 0, 0, 0, 0, 0, 0, 0, 0, 0, 0, 0, 0, 0, 0, 0, 0, 0, 0, 0, 0, 0, 0, 0, 0, 0, 0, 0, 0, 0, 0, 0, 0, 0, 0, 0, 0, 0, 0, 0, 0, 0, 0, 0, 0, 0, 0, 0, 0, 0, 0, 0, 0, 0, 0, 0, 0, 0, 0, 0, 0, 0, 0, 0, 0, 0, 0, 0, 0, 0, 0, 0, 0, 0, 0, 0, 0, 0, 0, 0, 0, 0, 0, 0, 0, 0, 0, 0, -1, 0, 0, 0, 0, -2, 0, 0, 0, 0, 0, 0, 0, 0, 0, 0, 0, 0, 0, 0, 0, 0, 0, 0, 0, 0, 0, 0, 0, 0, 0, 0, 0, 0, 0, 0, 0, 0, 0, 0, 0, 0, 0, 0, 0, 0, 0, 4/5, 0, 0, 6/25, 0, 8/5, 0, 32/25, -56/75, 0, 63/125, 0, 0, 0, 0, 0, 0, 0, 0, 0, 0, 0, 0, 0, 0, 0, 0, 0, 0, 0, 0, 0, 0, 0, 0, 0, 0, 0, 0, 0, 0, 0, 0, 0, 0, 0, 0, 0, 0, 0, 0, 0, 0, 0, 0, 0, 0, 0, 0}, {0, 0, 0, 0, 0, 0, 0, 0, 0, 0, 0, 0, 0, 0, 0, 0, 0, 0, 0, 0, 0, 0, 0, 0, 0, 0, 0, 0, 0, 0, 0, 0, 0, 0, 0, 0, 0, 0, 0, 0, 0, 0, 0, 0, 0, 0, 0, 0, 0, 0, 0, 0, 0, 0, 0, 0, 0, 0, 0, 0, 0, 0, 0, 0, 0, 0, 0, 0, 0, 0, 0, 0, 0, 0, 0, 0, 0, 0, 0, 0, 0, 0, 0, 0, 0, 0, 0, 0, 0, 0, 0, 0, 0, 0, 0, 0, 0, 0, 0, 0, 0, 0, 0, 0, 0, 0, 0, 0, 0, 0, 0, 0, 0, 0, 0, 0, 0, 0, 0, 0, 0, 0, 0, 0, 0, 0, 0, 0, 0, 0, 0, 0, 0, 0, 0, 0, 0, 0, 0, 0, 0, 0, 0, 0, 0, 0, 0, -1, 0, 0, 0, 0, 0, 0, 0, 0, 0, 0, 0, 0, 0, 0, 0, 0, 0, 0, 0, 0, 0, 0, 0, 0, 0, 0, 0, 0, 0, 0, 0, 0, 0, 0, 0, 0, 0, 0, 0, 0, 0, 0, 0, 0, 0, 0, 0, 0, 0, 0, -2/3, 0, 0, 5/3, 0, 0, 0, 0, 0, 0, 0, 0, 0, 0, 0, 0, 0, 0, 0, 0, 0, 0, 0, 0, 0, 0, 0, 0, 0, 0, 0, 0, 0, 0, 0, 0, 0, 0, 0, 0, 0, 0, 0, 0, 0, 0, 0, 0, 0, 0, 0, 0, 0, 0}, {0, 0, 0, 0, 0, 0, 0, 0, 0, 0, 0, 0, 0, 0, 0, 0, 0, 0, 0, 0, 0, 0, 0, 0, 0, 0, 0, 0, 0, 0, 0, 0, 0, 0, 0, 0, 0, 0, 0, 0, 0, 0, 0, 0, 0, 0, 0, 0, 0, 0, 0, 0, 0, 0, 0, 0, 0, 0, 0, 0, 0, 0, 0, 0, 0, 0, 0, 0, 0, 0, 0, 0, 0, 0, 0, 0, 0, 0, 0, 0, 0, 0, 0, 0, 0, 0, 0, 0, 0, 0, 0, 0, 0, 0, 0, 0, 0, 0, 0, 0, 0, 0, 0, 0, 0, 0, 0, 0, 0, 0, 0, 0, 0, 0, 0, 0, 0, 0, 0, 0, 0, 0, 0, 0, 0, 0, 0, 0, 0, 0, 0, 0, 0, 0, 0, 0, 0, 0, 0, 0, 0, 0, 0, 0, 0, 0, 0, 0, -1, 0, 0, 0, -2, -4/3, 0, -18/5, 0, 0, 0, 0, 0, 0, 0, 0, 0, 0, 0, 0, 2/5, 0, 18/25, 2/25, 0, 162/125, 0, 21/25, 0, 0, 189/125, 0, 0, 0, 0, 0, 0, 0, 0, 0, 0, 0, 0, 0, 0, 0, 4/5, 8/15, 0, 42/25, 0, 52/45, 0, 0, 84/25, 0, 0, 0, 0, 0, 0, 0, 0, 0, 0, 0, 0, 0, 0, 0, 0, 0, 0, 0, 0, 0, 0, 0, 0, 0, 0, 0, 0, 0, 0, 0, 0, 0, 0, 0, 0, 0, 0, 0, 0, 0, 0, 0, 0, 0, 0, 0, 0, 0}, {0, 0, 0, 0, 0, 0, 0, 0, 0, 0, 0, 0, 0, 0, 0, 0, 0, 0, 0, 0, 0, 0, 0, 0, 0, 0, 0, 0, 0, 0, 0, 0, 0, 0, 0, 0, 0, 0, 0, 0, 0, 0, 0, 0, 0, 0, 0, 0, 0, 0, 0, 0, 0, 0, 0, 0, 0, 0, 0, 0, 0, 0, 0, 0, 0, 0, 0, 0, 0, 0, 0, 0, 0, 0, 0, 0, 0, 0, 0, 0, 0, 0, 0, 0, 0, 0, 0, 0, 0, 0, 0, 0, 0, 0, 0, 0, 0, 0, 0, 0, 0, 0, 0, 0, 0, 0, 0, 0, 0, 0, 0, 0, 0, 0, 0, 0, 0, 0, 0, 0, 0, 0, 0, 0, 0, 0, 0, 0, 0, 0, 0, 0, 0, 0, 0, 0, 0, 0, 0, 0, 0, 0, 0, 0, 0, 0, 0, 0, 0, -1, 0, 0, 0, 0, -2, 0, 0, 0, 0, 0, 0, 0, 0, 0, 0, 0, 0, 0, 0, 2/5, 0, 0, 18/25, 0, 7/15, 0, 21/25, 7/75, 0, 189/125, 0, 0, 0, 0, 0, 0, 0, 0, 0, 0, 0, 0, 0, 0, 0, 0, 4/5, 0, 0, 0, 52/45, 2/5, 0, 84/25, 0, 0, 0, 0, 0, 0, 0, 0, 0, 0, 0, 0, 0, 0, 0, 0, 0, 0, 0, 0, 0, 0, 0, 0, 0, 0, 0, 0, 0, 0, 0, 0, 0, 0, 0, 0, 0, 0, 0, 0, 0, 0, 0, 0, 0, 0, 0, 0}, {0, 0, 0, 0, 0, 0, 0, 0, 0, 0, 0, 0, 0, 0, 0, 0, 0, 0, 0, 0, 0, 0, 0, 0, 0, 0, 0, 0, 0, 0, 0, 0, 0, 0, 0, 0, 0, 0, 0, 0, 0, 0, 0, 0, 0, 0, 0, 0, 0, 0, 0, 0, 0, 0, 0, 0, 0, 0, 0, 0, 0, 0, 0, 0, 0, 0, 0, 0, 0, 0, 0, 0, 0, 0, 0, 0, 0, 0, 0, 0, 0, 0, 0, 0, 0, 0, 0, 0, 0, 0, 0, 0, 0, 0, 0, 0, 0, 0, 0, 0, 0, 0, 0, 0, 0, 0, 0, 0, 0, 0, 0, 0, 0, 0, 0, 0, 0, 0, 0, 0, 0, 0, 0, 0, 0, 0, 0, 0, 0, 0, 0, 0, 0, 0, 0, 0, 0, 0, 0, 0, 0, 0, 0, 0, 0, 0, 0, 0, 0, 0, 1, 0, 0, 0, 0, 0, 0, 0, 0, 0, 0, 0, 0, 0, 0, 0, 0, 0, 0, 0, 0, 0, 0, 0, 0, 0, 0, 0, 0, 0, 0, 0, 0, 0, 0, 0, 0, 0, 0, 0, 0, 0, 0, 0, 0, 0, 0, 0, 0, 0, 0, 0, 0, 0, 0, 0, 0, 0, 0, 0, 0, 0, 0, 0, 0, 0, 0, 0, 0, 0, 0, 0, 0, 0, 0, 0, 0, 0, 0, 0, 0, 0, 0, 0, 1/3, 0, 0, 2/3, 0, 0, 0, 0, 0, 0, 0, 0, 0, 0, 0, 0, 0, 0}, {0, 0, 0, 0, 0, 0, 0, 0, 0, 0, 0, 0, 0, 0, 0, 0, 0, 0, 0, 0, 0, 0, 0, 0, 0, 0, 0, 0, 0, 0, 0, 0, 0, 0, 0, 0, 0, 0, 0, 0, 0, 0, 0, 0, 0, 0, 0, 0, 0, 0, 0, 0, 0, 0, 0, 0, 0, 0, 0, 0, 0, 0, 0, 0, 0, 0, 0, 0, 0, 0, 0, 0, 0, 0, 0, 0, 0, 0, 0, 0, 0, 0, 0, 0, 0, 0, 0, 0, 0, 0, 0, 0, 0, 0, 0, 0, 0, 0, 0, 0, 0, 0, 0, 0, 0, 0, 0, 0, 0, 0, 0, 0, 0, 0, 0, 0, 0, 0, 0, 0, 0, 0, 0, 0, 0, 0, 0, 0, 0, 0, 0, 0, 0, 0, 0, 0, 0, 0, 0, 0, 0, 0, 0, 0, 0, 0, 0, 0, 0, 0, 0, 1, 0, 0, 0, 0, 0, 0, 0, 0, 0, 0, 0, 0, 0, 0, 0, 0, 0, 0, 0, 0, 0, 0, 0, 0, 0, 0, 0, 0, 0, 0, 0, 0, 0, 0, 0, 0, 0, 0, 0, 0, 0, 0, 0, 0, 0, 0, 0, 0, 0, 0, 0, 0, 0, 0, 0, 0, 0, 0, 0, 0, 0, 0, 0, 0, 0, 0, 0, 0, 0, 0, 0, 0, 0, 0, 0, 0, 4/5, 0, 6/25, -16/25, 0, 54/125, 0, 32/25, 0, 0, 63/125, 0, 0, 0, 0, 0, 0, 0, 0, 0, 0, 0, 0, 0}, {0, 0, 0, 0, 0, 0, 0, 0, 0, 0, 0, 0, 0, 0, 0, 0, 0, 0, 0, 0, 0, 0, 0, 0, 0, 0, 0, 0, 0, 0, 0, 0, 0, 0, 0, 0, 0, 0, 0, 0, 0, 0, 0, 0, 0, 0, 0, 0, 0, 0, 0, 0, 0, 0, 0, 0, 0, 0, 0, 0, 0, 0, 0, 0, 0, 0, 0, 0, 0, 0, 0, 0, 0, 0, 0, 0, 0, 0, 0, 0, 0, 0, 0, 0, 0, 0, 0, 0, 0, 0, 0, 0, 0, 0, 0, 0, 0, 0, 0, 0, 0, 0, 0, 0, 0, 0, 0, 0, 0, 0, 0, 0, 0, 0, 0, 0, 0, 0, 0, 0, 0, 0, 0, 0, 0, 0, 0, 0, 0, 0, 0, 0, 0, 0, 0, 0, 0, 0, 0, 0, 0, 0, 0, 0, 0, 0, 0, 0, 0, 0, 0, 0, 1, 0, 0, 0, 0, 0, 0, 0, 0, 0, 0, 0, 0, 0, 0, 0, 0, 0, 0, 0, 0, 0, 0, 0, 0, 0, 0, 0, 0, 0, 0, 0, 0, 0, 0, 0, 0, 0, 0, 0, 0, 0, 0, 0, 0, 0, 0, 0, 0, 0, 0, 0, 0, 0, 0, 0, 0, 0, 0, 0, 0, 0, 0, 0, 0, 0, 0, 0, 0, 0, 0, 0, 0, 0, 0, 0, 0, 4/5, 0, 0, 6/25, 0, 8/5, 0, 32/25, -56/75, 0, 63/125, 0, 0, 0, 0, 0, 0, 0, 0, 0, 0, 0, 0}, {0, 0, 0, 0, 0, 0, 0, 0, 0, 0, 0, 0, 0, 0, 0, 0, 0, 0, 0, 0, 0, 0, 0, 0, 0, 0, 0, 0, 0, 0, 0, 0, 0, 0, 0, 0, 0, 0, 0, 0, 0, 0, 0, 0, 0, 0, 0, 0, 0, 0, 0, 0, 0, 0, 0, 0, 0, 0, 0, 0, 0, 0, 0, 0, 0, 0, 0, 0, 0, 0, 0, 0, 0, 0, 0, 0, 0, 0, 0, 0, 0, 0, 0, 0, 0, 0, 0, 0, 0, 0, 0, 0, 0, 0, 0, 0, 0, 0, 0, 0, 0, 0, 0, 0, 0, 0, 0, 0, 0, 0, 0, 0, 0, 0, 0, 0, 0, 0, 0, 0, 0, 0, 0, 0, 0, 0, 0, 0, 0, 0, 0, 0, 0, 0, 0, 0, 0, 0, 0, 0, 0, 0, 0, 0, 0, 0, 0, 0, 0, 0, 0, 0, 0, 1, 0, 0, 0, 0, 0, 0, 0, 0, 0, 0, 0, 0, 0, 0, 0, 0, 0, 0, 0, 0, 0, 0, 0, 0, 0, 0, 0, 0, 0, 0, 0, 0, 0, 0, 0, 0, 0, 0, 0, 0, 0, 0, 0, 0, 0, 0, 0, 0, 0, 0, 0, 0, 0, 0, 0, 0, 0, 0, 0, 0, 0, 0, 0, 0, 0, 0, 0, 0, 0, 0, 0, 0, 0, 0, 0, 0, 0, 0, 0, 0, -2/3, 0, 0, 5/3, 0, 0, 0, 0, 0, 0, 0, 0, 0, 0, 0, 0, 0, 0}, {0, 0, 0, 0, 0, 0, 0, 0, 0, 0, 0, 0, 0, 0, 0, 0, 0, 0, 0, 0, 0, 0, 0, 0, 0, 0, 0, 0, 0, 0, 0, 0, 0, 0, 0, 0, 0, 0, 0, 0, 0, 0, 0, 0, 0, 0, 0, 0, 0, 0, 0, 0, 0, 0, 0, 0, 0, 0, 0, 0, 0, 0, 0, 0, 0, 0, 0, 0, 0, 0, 0, 0, 0, 0, 0, 0, 0, 0, 0, 0, 0, 0, 0, 0, 0, 0, 0, 0, 0, 0, 0, 0, 0, 0, 0, 0, 0, 0, 0, 0, 0, 0, 0, 0, 0, 0, 0, 0, 0, 0, 0, 0, 0, 0, 0, 0, 0, 0, 0, 0, 0, 0, 0, 0, 0, 0, 0, 0, 0, 0, 0, 0, 0, 0, 0, 0, 0, 0, 0, 0, 0, 0, 0, 0, 0, 0, 0, 0, 0, 0, 0, 0, 0, 0, 1, 0, 0, 0, 0, 0, 0, 0, 0, 0, 0, 0, 0, 0, 0, 0, 0, 0, 0, 0, 0, 0, 0, 0, 0, 0, 2/5, 0, 18/25, 2/25, 0, 162/125, 0, 21/25, 0, 0, 189/125, 0, 0, 0, 0, 0, 0, 0, 0, 0, 0, 0, 0, 0, 0, 0, 0, 0, 0, 0, 0, 0, 0, 0, 0, 0, 0, 0, 0, 0, 0, 0, 0, 0, 0, 0, 0, 0, 0, 0, 4/5, 8/15, 0, 42/25, 0, 52/45, 0, 0, 84/25, 0, 0, 0, 0, 0, 0, 0, 0, 0, 0, 0, 0, 0}, {0, 0, 0, 0, 0, 0, 0, 0, 0, 0, 0, 0, 0, 0, 0, 0, 0, 0, 0, 0, 0, 0, 0, 0, 0, 0, 0, 0, 0, 0, 0, 0, 0, 0, 0, 0, 0, 0, 0, 0, 0, 0, 0, 0, 0, 0, 0, 0, 0, 0, 0, 0, 0, 0, 0, 0, 0, 0, 0, 0, 0, 0, 0, 0, 0, 0, 0, 0, 0, 0, 0, 0, 0, 0, 0, 0, 0, 0, 0, 0, 0, 0, 0, 0, 0, 0, 0, 0, 0, 0, 0, 0, 0, 0, 0, 0, 0, 0, 0, 0, 0, 0, 0, 0, 0, 0, 0, 0, 0, 0, 0, 0, 0, 0, 0, 0, 0, 0, 0, 0, 0, 0, 0, 0, 0, 0, 0, 0, 0, 0, 0, 0, 0, 0, 0, 0, 0, 0, 0, 0, 0, 0, 0, 0, 0, 0, 0, 0, 0, 0, 0, 0, 0, 0, 0, 1, 0, 0, 0, 0, 0, 0, 0, 0, 0, 0, 0, 0, 0, 0, 0, 0, 0, 0, 0, 0, 0, 0, 0, 0, 0, 2/5, 0, 0, 18/25, 0, 7/15, 0, 21/25, 7/75, 0, 189/125, 0, 0, 0, 0, 0, 0, 0, 0, 0, 0, 0, 0, 0, 0, 0, 0, 0, 0, 0, 0, 0, 0, 0, 0, 0, 0, 0, 0, 0, 0, 0, 0, 0, 0, 0, 0, 0, 0, 0, 0, 4/5, 0, 0, 0, 52/45, 2/5, 0, 84/25, 0, 0, 0, 0, 0, 0, 0, 0, 0, 0, 0, 0}, {-1, 0, 0, 0, 0, 0, 0, 0, 0, 0, 0, 0, 0, 0, 0, 0, 0, 0, 0, 0, 0, 0, 0, 0, 0, 0, 0, 0, 0, 0, 0, 0, 0, 0, 0, 0, 0, 0, 0, 0, 0, 0, 0, 0, 0, 0, 0, 0, 0, 0, 0, 0, 0, 0, 0, 0, 0, 0, 0, 0, 0, 0, 0, 0, 0, 0, 0, 0, 0, 0, 0, 0, 0, 0, 0, 0, 0, 0, 0, 0, 0, 0, 0, 0, 0, 0, 0, 0, 0, 0, 0, 0, 0, 0, 0, 0, 0, 0, 0, 0, 0, 0, 0, 0, 0, 0, 0, 0, 0, 0, 0, 0, 0, 0, 0, 0, 0, 0, 0, 0, 0, 0, 0, 0, 0, 0, 0, 0, 0, 0, 0, 0, 0, 0, 0, 0, 0, 0, 0, 0, 0, 0, 0, 0, 0, 0, 0, 0, 0, 0, 0, 0, 0, 0, 0, 0, 0, 0, 0, 0, 0, 0, 0, 0, 0, 0, 0, 0, 0, 0, 0, 0, 0, 0, 0, 0, 0, 0, 0, 0, 0, 0, 0, 0, 0, 0, 0, 0, 0, 0, 0, 0, 0, 0, 0, 0, 0, 0, 0, 0, 0, 0, 0, 0, 0, 0, 0, 0, 0, 0, 0, 0, 0, 0, 0, 0, 0, 0, 0, 0, 0, 0, 0, 0, 0, 0, 0, 0, 0, 0, 0, 0, 0, 0, 0, 0, 0, 0, 0, 0, 0, 0, 0, 0, 0, 0, 0, 0, 0, 0, 0, 0}, {0, -1, 0, 0, 0, 0, -2, 0, 0, 2, 0, 0, 0, 0, 0, 0, 0, 0, 0, 0, 0, 0, 0, 0, 0, 0, 0, 0, 0, 0, 0, 0, 0, 0, 0, 0, 0, 0, 0, 0, 0, 0, 0, 0, 0, 0, 0, 0, 0, 0, 0, 0, 0, 0, 0, 0, 0, 0, 0, 0, 0, 0, 0, 0, 0, 0, 0, 0, 0, 0, 0, 0, 0, 0, 0, 0, 0, 0, 0, 0, 0, 0, 0, 0, 0, 0, 0, 0, 0, 0, 0, 0, 0, 0, 0, 0, 0, 0, 0, 0, 0, 0, 0, 0, 0, 0, 0, 0, 0, 0, 0, 0, 0, 0, 0, 0, 0, 0, 0, 0, 0, 0, 0, 0, 0, 0, 0, 0, 0, 0, 0, 0, 0, 0, 0, 0, 0, 0, 0, 0, 0, 0, 0, 0, 0, 0, 0, 0, 0, 0, 0, 0, 0, 0, 0, 0, 0, 0, 0, 0, 0, 0, 0, 0, 0, 0, 0, 0, 0, 0, 0, 0, 0, 0, 0, 0, 0, 0, 0, 0, 0, 0, 0, 0, 0, 0, 0, 0, 0, 0, 0, 0, 0, 0, 0, 0, 0, 0, 0, 0, 0, 0, 0, 0, 0, 0, 0, 0, 0, 0, 0, 0, 0, 0, 0, 0, 0, 0, 0, 0, 0, 0, 0, 0, 0, 0, 0, 0, 0, 0, 0, 0, 0, 0, 0, 0, 0, 0, 0, 0, 0, 0, 0, 0, 0, 0, 0, 0, 0, 0, 0, 0}, {0, 0, -1, 0, 0, 0, 0, -2, 0, 0, 0, 0, 0, 0, 0, 0, 0, 0, 0, 0, 0, 0, 0, 0, 0, 0, 0, 0, 0, 0, 0, 0, 0, 0, 0, 0, 0, 0, 0, 0, 0, 0, 0, 0, 0, 0, 0, 0, 0, 0, 0, 0, 0, 0, 0, 0, 0, 0, 0, 0, 0, 0, 0, 0, 0, 0, 0, 0, 0, 0, 0, 0, 0, 0, 0, 0, 0, 0, 0, 0, 0, 0, 0, 0, 0, 0, 0, 0, 0, 0, 0, 0, 0, 0, 0, 0, 0, 0, 0, 0, 0, 0, 0, 0, 0, 0, 0, 0, 0, 0, 0, 0, 0, 0, 0, 0, 0, 0, 0, 0, 0, 0, 0, 0, 0, 0, 0, 0, 0, 0, 0, 0, 0, 0, 0, 0, 0, 0, 0, 0, 0, 0, 0, 0, 0, 0, 0, 0, 0, 0, 0, 0, 0, 0, 0, 0, 0, 0, 0, 0, 0, 0, 0, 0, 0, 0, 0, 0, 0, 0, 0, 0, 0, 0, 0, 0, 0, 0, 0, 0, 0, 0, 0, 0, 0, 0, 0, 0, 0, 0, 0, 0, 0, 0, 0, 0, 0, 0, 0, 0, 0, 0, 0, 0, 0, 0, 0, 0, 0, 0, 0, 0, 0, 0, 0, 0, 0, 0, 0, 0, 0, 0, 0, 0, 0, 0, 0, 0, 0, 0, 0, 0, 0, 0, 0, 0, 0, 0, 0, 0, 0, 0, 0, 0, 0, 0, 0, 0, 0, 0, 0, 0}, {0, 0, 0, -1, 0, 0, 0, 0, 0, 0, 0, 0, 0, 0, 0, 0, 0, 0, 0, 0, 0, 0, 0, 0, 0, 0, 0, 0, 0, 0, 0, 0, 0, 0, 0, 0, 0, 0, 0, 0, 0, 0, 0, 0, 0, 0, 0, 0, 0, 0, 0, 0, 0, 0, 0, 0, 0, 0, 0, 0, 0, 0, 0, 0, 0, 0, 0, 0, 0, 0, 0, 0, 0, 0, 0, 0, 0, 0, 0, 0, 0, 0, 0, 0, 0, 0, 0, 0, 0, 0, 0, 0, 0, 0, 0, 0, 0, 0, 0, 0, 0, 0, 0, 0, 0, 0, 0, 0, 0, 0, 0, 0, 0, 0, 0, 0, 0, 0, 0, 0, 0, 0, 0, 0, 0, 0, 0, 0, 0, 0, 0, 0, 0, 0, 0, 0, 0, 0, 0, 0, 0, 0, 0, 0, 0, 0, 0, 0, 0, 0, 0, 0, 0, 0, 0, 0, 0, 0, 0, 0, 0, 0, 0, 0, 0, 0, 0, 0, 0, 0, 0, 0, 0, 0, 0, 0, 0, 0, 0, 0, 0, 0, 0, 0, 0, 0, 0, 0, 0, 0, 0, 0, 0, 0, 0, 0, 0, 0, 0, 0, 0, 0, 0, 0, 0, 0, 0, 0, 0, 0, 0, 0, 0, 0, 0, 0, 0, 0, 0, 0, 0, 0, 0, 0, 0, 0, 0, 0, 0, 0, 0, 0, 0, 0, 0, 0, 0, 0, 0, 0, 0, 0, 0, 0, 0, 0, 0, 0, 0, 0, 0, 0}, {0, 0, 0, 0, -1, 0, 0, 0, -2, -4/3, 0, -18/5, 0, 0, 0, 0, 0, 0, 0, 0, 0, 0, 0, 0, 0, 0, 0, 0, 0, 0, 0, 0, 0, 0, 0, 0, 0, 0, 0, 0, 0, 0, 0, 0, 0, 0, 0, 0, 0, 0, 0, 0, 0, 0, 0, 0, 0, 0, 0, 0, 0, 0, 0, 0, 0, 0, 0, 0, 0, 0, 0, 0, 0, 0, 0, 0, 0, 0, 0, 0, 0, 0, 0, 0, 0, 0, 0, 0, 0, 0, 0, 0, 0, 0, 0, 0, 0, 0, 0, 0, 0, 0, 0, 0, 0, 0, 0, 0, 0, 0, 0, 0, 0, 0, 0, 0, 0, 0, 0, 0, 0, 0, 0, 0, 0, 0, 0, 0, 0, 0, 0, 0, 0, 0, 0, 0, 0, 0, 0, 0, 0, 0, 0, 0, 0, 0, 0, 0, 0, 0, 0, 0, 0, 0, 0, 0, 0, 0, 0, 0, 0, 0, 0, 0, 0, 0, 0, 0, 0, 0, 0, 0, 0, 0, 0, 0, 0, 0, 0, 0, 0, 0, 0, 0, 0, 0, 0, 0, 0, 0, 0, 0, 2/5, 0, 18/25, 2/25, 0, 162/125, 0, 21/25, 0, 0, 189/125, 0, 0, 0, 0, 0, 0, 0, 0, 0, 0, 0, 0, 0, 0, 0, 0, 0, 0, 0, 0, 0, 0, 0, 0, 0, 0, 0, 0, 0, 0, 0, 0, 0, 0, 0, 0, 0, 0, 0, 0, 0, 0, 0, 0, 0, 0, 0, 0, 0}, {0, 0, 0, 0, 0, -1, 0, 0, 0, 0, -2, 0, 0, 0, 0, 0, 0, 0, 0, 0, 0, 0, 0, 0, 0, 0, 0, 0, 0, 0, 0, 0, 0, 0, 0, 0, 0, 0, 0, 0, 0, 0, 0, 0, 0, 0, 0, 0, 0, 0, 0, 0, 0, 0, 0, 0, 0, 0, 0, 0, 0, 0, 0, 0, 0, 0, 0, 0, 0, 0, 0, 0, 0, 0, 0, 0, 0, 0, 0, 0, 0, 0, 0, 0, 0, 0, 0, 0, 0, 0, 0, 0, 0, 0, 0, 0, 0, 0, 0, 0, 0, 0, 0, 0, 0, 0, 0, 0, 0, 0, 0, 0, 0, 0, 0, 0, 0, 0, 0, 0, 0, 0, 0, 0, 0, 0, 0, 0, 0, 0, 0, 0, 0, 0, 0, 0, 0, 0, 0, 0, 0, 0, 0, 0, 0, 0, 0, 0, 0, 0, 0, 0, 0, 0, 0, 0, 0, 0, 0, 0, 0, 0, 0, 0, 0, 0, 0, 0, 0, 0, 0, 0, 0, 0, 0, 0, 0, 0, 0, 0, 0, 0, 0, 0, 0, 0, 0, 0, 0, 0, 0, 0, 0, 2/5, 0, 0, 18/25, 0, 7/15, 0, 21/25, 7/75, 0, 189/125, 0, 0, 0, 0, 0, 0, 0, 0, 0, 0, 0, 0, 0, 0, 0, 0, 0, 0, 0, 0, 0, 0, 0, 0, 0, 0, 0, 0, 0, 0, 0, 0, 0, 0, 0, 0, 0, 0, 0, 0, 0, 0, 0, 0, 0, 0, 0, 0}, {0, 0, 0, 0, 0, 0, 0, 0, 0, 0, 0, 0, 0, 0, 0, 0, 0, 0, 0, 0, 0, 0, 0, 0, 0, 0, 0, 0, 0, 0, 0, 0, 0, 0, 0, 0, 0, 0, 0, 0, 0, 0, 0, 0, 0, 0, 0, 0, 0, 0, 0, 0, 0, 0, 0, 0, 0, 0, 0, 0, 0, 0, 0, 0, 0, 0, 0, 0, 0, 0, 0, 0, 0, 0, 0, 0, 0, 0, 0, 0, 0, 0, 0, 0, 0, 0, 0, 0, 0, 0, 0, 0, 0, 0, 0, 0, 0, 0, 0, 0, 0, 0, 0, 0, 0, 0, 0, 0, 0, 0, 0, 0, 0, 0, 0, 0, 0, 0, 0, 0, 0, 0, 0, 0, 0, 0, 0, 0, 0, 0, 0, 0, 0, 0, 0, 0, 0, 0, 0, 0, 0, 0, 0, 0, 0, 0, 0, 0, 0, 0, 0, 0, 0, 0, 0, 0, 0, 0, 0, 0, 0, 0, 0, 0, 0, 0, 0, 0, 0, 0, 0, 0, 0, 0, 0, 0, 0, 0, 0, 0, 0, 0, 0, 0, 0, 0, 0, 0, 0, 0, 0, 0, -1, 0, 0, 0, 0, 0, 0, 0, 0, 0, 0, 0, 0, 0, 0, 0, 0, 0, 0, 0, 0, 0, 0, 0, 0, 0, 0, 0, 0, 0, 0, 0, 0, 0, 0, 0, 0, 0, 0, 0, 0, 0, 0, 0, 0, 0, 0, 0, 0, 0, 0, 0, 0, 0, 0, 0, 0, 0, 0, 0}, {0, 0, 0, 0, 0, 0, 0, 0, 0, 0, 0, 0, 0, 0, 0, 0, 0, 0, 0, 0, 0, 0, 0, 0, 0, 0, 0, 0, 0, 0, 0, 0, 0, 0, 0, 0, 0, 0, 0, 0, 0, 0, 0, 0, 0, 0, 0, 0, 0, 0, 0, 0, 0, 0, 0, 0, 0, 0, 0, 0, 0, 0, 0, 0, 0, 0, 0, 0, 0, 0, 0, 0, 0, 0, 0, 0, 0, 0, 0, 0, 0, 0, 0, 0, 0, 0, 0, 0, 0, 0, 0, 0, 0, 0, 0, 0, 0, 0, 0, 0, 0, 0, 0, 0, 0, 0, 0, 0, 0, 0, 0, 0, 0, 0, 0, 0, 0, 0, 0, 0, 0, 0, 0, 0, 0, 0, 0, 0, 0, 0, 0, 0, 0, 0, 0, 0, 0, 0, 0, 0, 0, 0, 0, 0, 0, 0, 0, 0, 0, 0, 0, 0, 0, 0, 0, 0, 0, 0, 0, 0, 0, 0, 0, 0, 0, 0, 0, 0, 0, 0, 0, 0, 0, 0, 0, 0, 0, 0, 0, 0, 0, 0, 0, 0, 0, 0, 0, 0, 0, 0, 0, 0, 0, -1, 0, 0, 0, 0, -2, 0, 0, 2, 0, 0, 0, 0, 0, 0, 0, 0, 0, 0, 0, 0, 0, 0, 0, 0, 0, 0, 0, 0, 0, 0, 0, 0, 0, 0, 0, 0, 0, 0, 0, 0, 0, 0, 0, 0, 0, 0, 0, 0, 0, 0, 0, 0, 0, 0, 0, 0, 0, 0}, {0, 0, 0, 0, 0, 0, 0, 0, 0, 0, 0, 0, 0, 0, 0, 0, 0, 0, 0, 0, 0, 0, 0, 0, 0, 0, 0, 0, 0, 0, 0, 0, 0, 0, 0, 0, 0, 0, 0, 0, 0, 0, 0, 0, 0, 0, 0, 0, 0, 0, 0, 0, 0, 0, 0, 0, 0, 0, 0, 0, 0, 0, 0, 0, 0, 0, 0, 0, 0, 0, 0, 0, 0, 0, 0, 0, 0, 0, 0, 0, 0, 0, 0, 0, 0, 0, 0, 0, 0, 0, 0, 0, 0, 0, 0, 0, 0, 0, 0, 0, 0, 0, 0, 0, 0, 0, 0, 0, 0, 0, 0, 0, 0, 0, 0, 0, 0, 0, 0, 0, 0, 0, 0, 0, 0, 0, 0, 0, 0, 0, 0, 0, 0, 0, 0, 0, 0, 0, 0, 0, 0, 0, 0, 0, 0, 0, 0, 0, 0, 0, 0, 0, 0, 0, 0, 0, 0, 0, 0, 0, 0, 0, 0, 0, 0, 0, 0, 0, 0, 0, 0, 0, 0, 0, 0, 0, 0, 0, 0, 0, 0, 0, 0, 0, 0, 0, 0, 0, 0, 0, 0, 0, 0, 0, -1, 0, 0, 0, 0, -2, 0, 0, 0, 0, 0, 0, 0, 0, 0, 0, 0, 0, 0, 0, 0, 0, 0, 0, 0, 0, 0, 0, 0, 0, 0, 0, 0, 0, 0, 0, 0, 0, 0, 0, 0, 0, 0, 0, 0, 0, 0, 0, 0, 0, 0, 0, 0, 0, 0, 0, 0, 0}, {0, 0, 0, 0, 0, 0, 0, 0, 0, 0, 0, 0, 0, 0, 0, 0, 0, 0, 0, 0, 0, 0, 0, 0, 0, 0, 0, 0, 0, 0, 0, 0, 0, 0, 0, 0, 0, 0, 0, 0, 0, 0, 0, 0, 0, 0, 0, 0, 0, 0, 0, 0, 0, 0, 0, 0, 0, 0, 0, 0, 0, 0, 0, 0, 0, 0, 0, 0, 0, 0, 0, 0, 0, 0, 0, 0, 0, 0, 0, 0, 0, 0, 0, 0, 0, 0, 0, 0, 0, 0, 0, 0, 0, 0, 0, 0, 0, 0, 0, 0, 0, 0, 0, 0, 0, 0, 0, 0, 0, 0, 0, 0, 0, 0, 0, 0, 0, 0, 0, 0, 0, 0, 0, 0, 0, 0, 0, 0, 0, 0, 0, 0, 0, 0, 0, 0, 0, 0, 0, 0, 0, 0, 0, 0, 0, 0, 0, 0, 0, 0, 0, 0, 0, 0, 0, 0, 0, 0, 0, 0, 0, 0, 0, 0, 0, 0, 0, 0, 0, 0, 0, 0, 0, 0, 0, 0, 0, 0, 0, 0, 0, 0, 0, 0, 0, 0, 0, 0, 0, 0, 0, 0, 0, 0, 0, -1, 0, 0, 0, 0, 0, 0, 0, 0, 0, 0, 0, 0, 0, 0, 0, 0, 0, 0, 0, 0, 0, 0, 0, 0, 0, 0, 0, 0, 0, 0, 0, 0, 0, 0, 0, 0, 0, 0, 0, 0, 0, 0, 0, 0, 0, 0, 0, 0, 0, 0, 0, 0, 0, 0, 0, 0}, {0, 0, 0, 0, 0, 0, 0, 0, 0, 0, 0, 0, 0, 0, 0, 0, 0, 0, 0, 0, 0, 0, 0, 0, 0, 0, 0, 0, 0, 0, 0, 0, 0, 0, 0, 0, 0, 0, 0, 0, 0, 0, 0, 0, 0, 0, 0, 0, 0, 0, 0, 0, 0, 0, 0, 0, 0, 0, 0, 0, 0, 0, 0, 0, 0, 0, 0, 0, 0, 0, 0, 0, 0, 0, 0, 0, 0, 0, 0, 0, 0, 0, 0, 0, 0, 0, 0, 0, 0, 0, 0, 0, 0, 0, 0, 0, 0, 0, 0, 0, 0, 0, 0, 0, 0, 0, 0, 0, 0, 0, 0, 0, 0, 0, 0, 0, 0, 0, 0, 0, 0, 0, 0, 0, 0, 0, 0, 0, 0, 0, 0, 0, 0, 0, 0, 0, 0, 0, 0, 0, 0, 0, 0, 0, 0, 0, 0, 0, 0, 0, 0, 0, 0, 0, 0, 0, 0, 0, 0, 0, 0, 0, 0, 0, 0, 0, 0, 0, 0, 0, 0, 0, 0, 0, 0, 0, 0, 0, 0, 0, 0, 0, 0, 0, 0, 0, 0, 0, 0, 0, 0, 0, 0, 0, 0, 0, -1, 0, 0, 0, -2, -4/3, 0, -18/5, 2/5, 0, 18/25, 2/25, 0, 162/125, 0, 21/25, 0, 0, 189/125, 0, 0, 0, 0, 0, 0, 0, 0, 0, 0, 0, 0, 0, 0, 0, 0, 0, 0, 0, 0, 0, 0, 0, 0, 0, 0, 0, 0, 0, 0, 0, 0, 0, 0, 0, 0, 0}, {0, 0, 0, 0, 0, 0, 0, 0, 0, 0, 0, 0, 0, 0, 0, 0, 0, 0, 0, 0, 0, 0, 0, 0, 0, 0, 0, 0, 0, 0, 0, 0, 0, 0, 0, 0, 0, 0, 0, 0, 0, 0, 0, 0, 0, 0, 0, 0, 0, 0, 0, 0, 0, 0, 0, 0, 0, 0, 0, 0, 0, 0, 0, 0, 0, 0, 0, 0, 0, 0, 0, 0, 0, 0, 0, 0, 0, 0, 0, 0, 0, 0, 0, 0, 0, 0, 0, 0, 0, 0, 0, 0, 0, 0, 0, 0, 0, 0, 0, 0, 0, 0, 0, 0, 0, 0, 0, 0, 0, 0, 0, 0, 0, 0, 0, 0, 0, 0, 0, 0, 0, 0, 0, 0, 0, 0, 0, 0, 0, 0, 0, 0, 0, 0, 0, 0, 0, 0, 0, 0, 0, 0, 0, 0, 0, 0, 0, 0, 0, 0, 0, 0, 0, 0, 0, 0, 0, 0, 0, 0, 0, 0, 0, 0, 0, 0, 0, 0, 0, 0, 0, 0, 0, 0, 0, 0, 0, 0, 0, 0, 0, 0, 0, 0, 0, 0, 0, 0, 0, 0, 0, 0, 0, 0, 0, 0, 0, -1, 0, 0, 0, 0, -2, 0, 0, 2/5, 0, 0, 18/25, 0, 7/15, 0, 21/25, 7/75, 0, 189/125, 0, 0, 0, 0, 0, 0, 0, 0, 0, 0, 0, 0, 0, 0, 0, 0, 0, 0, 0, 0, 0, 0, 0, 0, 0, 0, 0, 0, 0, 0, 0, 0, 0, 0, 0, 0}, {0, 0, 0, 0, 0, 0, 0, 0, 0, 0, 0, 0, 0, 0, 0, 0, 0, 0, 0, 0, 0, 0, 0, 0, 0, 0, 0, 0, 0, 0, 0, 0, 0, 0, 0, 0, 0, 0, 0, 0, 0, 0, 0, 0, 0, 0, 0, 0, 0, 0, 0, 0, 0, 0, 0, 0, 0, 0, 0, 0, 0, 0, 0, 0, 0, 0, 0, 0, 0, 0, 0, 0, 0, 0, 0, 0, 0, 0, 0, 0, 0, 0, 0, 0, 0, 0, 0, 0, 0, 0, 0, 0, 0, 0, 0, 0, 0, 0, 0, 0, 0, 0, 0, 0, 0, 0, 0, 0, 0, 0, 0, 0, 0, 0, 0, 0, 0, 0, 0, 0, 0, 0, 0, 0, 0, 0, 0, 0, 0, 0, 0, 0, 0, 0, 0, 0, 0, 0, 0, 0, 0, 0, 0, 0, 0, 0, 0, 0, 0, 0, 0, 0, 0, 0, 0, 0, 0, 0, 0, 0, 0, 0, 0, 0, 0, 0, 0, 0, 0, 0, 0, 0, 0, 0, 0, 0, 0, 0, 0, 0, 0, 0, 0, 0, 0, 0, 0, 0, 0, 0, 0, 0, 0, 0, 0, 0, 0, 0, 1, 0, 0, 0, 0, 0, 0, 0, 0, 0, 0, 0, 0, 0, 0, 0, 0, 0, 0, 0, 0, 0, 0, 0, 0, 0, 0, 0, 0, 0, -1, 0, 0, 0, 0, 0, 0, 0, 0, 0, 0, 0, 0, 0, 0, 0, 0, 0, 0, 0, 0, 0, 0, 0}, {0, 0, 0, 0, 0, 0, 0, 0, 0, 0, 0, 0, 0, 0, 0, 0, 0, 0, 0, 0, 0, 0, 0, 0, 0, 0, 0, 0, 0, 0, 0, 0, 0, 0, 0, 0, 0, 0, 0, 0, 0, 0, 0, 0, 0, 0, 0, 0, 0, 0, 0, 0, 0, 0, 0, 0, 0, 0, 0, 0, 0, 0, 0, 0, 0, 0, 0, 0, 0, 0, 0, 0, 0, 0, 0, 0, 0, 0, 0, 0, 0, 0, 0, 0, 0, 0, 0, 0, 0, 0, 0, 0, 0, 0, 0, 0, 0, 0, 0, 0, 0, 0, 0, 0, 0, 0, 0, 0, 0, 0, 0, 0, 0, 0, 0, 0, 0, 0, 0, 0, 0, 0, 0, 0, 0, 0, 0, 0, 0, 0, 0, 0, 0, 0, 0, 0, 0, 0, 0, 0, 0, 0, 0, 0, 0, 0, 0, 0, 0, 0, 0, 0, 0, 0, 0, 0, 0, 0, 0, 0, 0, 0, 0, 0, 0, 0, 0, 0, 0, 0, 0, 0, 0, 0, 0, 0, 0, 0, 0, 0, 0, 0, 0, 0, 0, 0, 0, 0, 0, 0, 0, 0, 0, 0, 0, 0, 0, 0, 0, 1, 0, 0, 0, 0, 0, 0, 0, 0, 0, 0, 0, 0, 0, 0, 0, 0, 0, 0, 0, 0, 0, 0, 0, 0, 0, 0, 0, 0, 0, -1, 0, 0, 0, 0, -2, 0, 0, 2, 0, 0, 0, 0, 0, 0, 0, 0, 0, 0, 0, 0, 0, 0}, {0, 0, 0, 0, 0, 0, 0, 0, 0, 0, 0, 0, 0, 0, 0, 0, 0, 0, 0, 0, 0, 0, 0, 0, 0, 0, 0, 0, 0, 0, 0, 0, 0, 0, 0, 0, 0, 0, 0, 0, 0, 0, 0, 0, 0, 0, 0, 0, 0, 0, 0, 0, 0, 0, 0, 0, 0, 0, 0, 0, 0, 0, 0, 0, 0, 0, 0, 0, 0, 0, 0, 0, 0, 0, 0, 0, 0, 0, 0, 0, 0, 0, 0, 0, 0, 0, 0, 0, 0, 0, 0, 0, 0, 0, 0, 0, 0, 0, 0, 0, 0, 0, 0, 0, 0, 0, 0, 0, 0, 0, 0, 0, 0, 0, 0, 0, 0, 0, 0, 0, 0, 0, 0, 0, 0, 0, 0, 0, 0, 0, 0, 0, 0, 0, 0, 0, 0, 0, 0, 0, 0, 0, 0, 0, 0, 0, 0, 0, 0, 0, 0, 0, 0, 0, 0, 0, 0, 0, 0, 0, 0, 0, 0, 0, 0, 0, 0, 0, 0, 0, 0, 0, 0, 0, 0, 0, 0, 0, 0, 0, 0, 0, 0, 0, 0, 0, 0, 0, 0, 0, 0, 0, 0, 0, 0, 0, 0, 0, 0, 0, 1, 0, 0, 0, 0, 0, 0, 0, 0, 0, 0, 0, 0, 0, 0, 0, 0, 0, 0, 0, 0, 0, 0, 0, 0, 0, 0, 0, 0, 0, -1, 0, 0, 0, 0, -2, 0, 0, 0, 0, 0, 0, 0, 0, 0, 0, 0, 0, 0, 0, 0, 0}, {0, 0, 0, 0, 0, 0, 0, 0, 0, 0, 0, 0, 0, 0, 0, 0, 0, 0, 0, 0, 0, 0, 0, 0, 0, 0, 0, 0, 0, 0, 0, 0, 0, 0, 0, 0, 0, 0, 0, 0, 0, 0, 0, 0, 0, 0, 0, 0, 0, 0, 0, 0, 0, 0, 0, 0, 0, 0, 0, 0, 0, 0, 0, 0, 0, 0, 0, 0, 0, 0, 0, 0, 0, 0, 0, 0, 0, 0, 0, 0, 0, 0, 0, 0, 0, 0, 0, 0, 0, 0, 0, 0, 0, 0, 0, 0, 0, 0, 0, 0, 0, 0, 0, 0, 0, 0, 0, 0, 0, 0, 0, 0, 0, 0, 0, 0, 0, 0, 0, 0, 0, 0, 0, 0, 0, 0, 0, 0, 0, 0, 0, 0, 0, 0, 0, 0, 0, 0, 0, 0, 0, 0, 0, 0, 0, 0, 0, 0, 0, 0, 0, 0, 0, 0, 0, 0, 0, 0, 0, 0, 0, 0, 0, 0, 0, 0, 0, 0, 0, 0, 0, 0, 0, 0, 0, 0, 0, 0, 0, 0, 0, 0, 0, 0, 0, 0, 0, 0, 0, 0, 0, 0, 0, 0, 0, 0, 0, 0, 0, 0, 0, 1, 0, 0, 0, 0, 0, 0, 0, 0, 0, 0, 0, 0, 0, 0, 0, 0, 0, 0, 0, 0, 0, 0, 0, 0, 0, 0, 0, 0, 0, -1, 0, 0, 0, 0, 0, 0, 0, 0, 0, 0, 0, 0, 0, 0, 0, 0, 0, 0, 0, 0}, {0, 0, 0, 0, 0, 0, 0, 0, 0, 0, 0, 0, 0, 0, 0, 0, 0, 0, 0, 0, 0, 0, 0, 0, 0, 0, 0, 0, 0, 0, 0, 0, 0, 0, 0, 0, 0, 0, 0, 0, 0, 0, 0, 0, 0, 0, 0, 0, 0, 0, 0, 0, 0, 0, 0, 0, 0, 0, 0, 0, 0, 0, 0, 0, 0, 0, 0, 0, 0, 0, 0, 0, 0, 0, 0, 0, 0, 0, 0, 0, 0, 0, 0, 0, 0, 0, 0, 0, 0, 0, 0, 0, 0, 0, 0, 0, 0, 0, 0, 0, 0, 0, 0, 0, 0, 0, 0, 0, 0, 0, 0, 0, 0, 0, 0, 0, 0, 0, 0, 0, 0, 0, 0, 0, 0, 0, 0, 0, 0, 0, 0, 0, 0, 0, 0, 0, 0, 0, 0, 0, 0, 0, 0, 0, 0, 0, 0, 0, 0, 0, 0, 0, 0, 0, 0, 0, 0, 0, 0, 0, 0, 0, 0, 0, 0, 0, 0, 0, 0, 0, 0, 0, 0, 0, 0, 0, 0, 0, 0, 0, 0, 0, 0, 0, 0, 0, 0, 0, 0, 0, 0, 0, 0, 0, 0, 0, 0, 0, 0, 0, 0, 0, 1, 0, 0, 0, 0, 0, 0, 0, 0, 0, 0, 0, 0, 0, 2/5, 0, 18/25, 2/25, 0, 162/125, 0, 21/25, 0, 0, 189/125, 0, 0, 0, 0, 0, -1, 0, 0, 0, -2, -4/3, 0, -18/5, 0, 0, 0, 0, 0, 0, 0, 0, 0, 0, 0, 0}, {0, 0, 0, 0, 0, 0, 0, 0, 0, 0, 0, 0, 0, 0, 0, 0, 0, 0, 0, 0, 0, 0, 0, 0, 0, 0, 0, 0, 0, 0, 0, 0, 0, 0, 0, 0, 0, 0, 0, 0, 0, 0, 0, 0, 0, 0, 0, 0, 0, 0, 0, 0, 0, 0, 0, 0, 0, 0, 0, 0, 0, 0, 0, 0, 0, 0, 0, 0, 0, 0, 0, 0, 0, 0, 0, 0, 0, 0, 0, 0, 0, 0, 0, 0, 0, 0, 0, 0, 0, 0, 0, 0, 0, 0, 0, 0, 0, 0, 0, 0, 0, 0, 0, 0, 0, 0, 0, 0, 0, 0, 0, 0, 0, 0, 0, 0, 0, 0, 0, 0, 0, 0, 0, 0, 0, 0, 0, 0, 0, 0, 0, 0, 0, 0, 0, 0, 0, 0, 0, 0, 0, 0, 0, 0, 0, 0, 0, 0, 0, 0, 0, 0, 0, 0, 0, 0, 0, 0, 0, 0, 0, 0, 0, 0, 0, 0, 0, 0, 0, 0, 0, 0, 0, 0, 0, 0, 0, 0, 0, 0, 0, 0, 0, 0, 0, 0, 0, 0, 0, 0, 0, 0, 0, 0, 0, 0, 0, 0, 0, 0, 0, 0, 0, 1, 0, 0, 0, 0, 0, 0, 0, 0, 0, 0, 0, 0, 0, 2/5, 0, 0, 18/25, 0, 7/15, 0, 21/25, 7/75, 0, 189/125, 0, 0, 0, 0, 0, -1, 0, 0, 0, 0, -2, 0, 0, 0, 0, 0, 0, 0, 0, 0, 0, 0, 0, 0}, {0, 0, 0, 0, 0, 0, 1, 0, 0, 0, 0, 0, 0, 0, 0, 0, 0, 0, 0, 0, 0, 0, 0, 0, 0, 0, 0, 0, 0, 0, 0, 0, 0, 0, 0, 0, 0, 0, 0, 0, 0, 0, 0, 0, 0, 0, 0, 0, 0, 0, 0, 0, 0, 0, 0, 0, 0, 0, 0, 0, 0, 0, 0, 0, 0, 0, 0, 0, 0, 0, 0, 0, 0, 0, 0, 0, 0, 0, 0, 0, 0, 0, 0, 0, 0, 0, 0, 0, 0, 0, 0, 0, 0, 0, 0, 0, 0, 0, 0, 0, 0, 0, 0, 0, 0, 0, 0, 0, 0, 0, 0, 0, 0, 0, 0, 0, 0, 0, 0, 0, 0, 0, 0, 0, 0, 0, 0, 0, 0, 0, 0, 0, 0, 0, 0, 0, 0, 0, 0, 0, 0, 0, 0, 0, 0, 0, 0, 0, 0, 0, 0, 0, 0, 0, 0, 0, 0, 0, 0, 0, 0, 0, 0, 0, 0, 0, 0, 0, 0, 0, 0, 0, 0, 0, 0, 0, 0, 0, 0, 0, 0, 0, 0, 0, 0, 0, 0, 0, 0, 0, 0, 0, 0, 0, 0, 0, 0, 0, 0, 0, 0, 0, 0, 0, 0, 0, 0, 0, 0, 0, 0, 0, 0, 0, 0, 0, 0, 0, 0, 0, 0, 0, 0, 0, 0, 0, 0, 0, 0, 0, 0, 0, 0, 0, 0, 0, 0, 0, 0, 0, 0, 0, 0, 0, 0, 0, 0, 0, 0, 0, 0, 0}, {0, 0, 0, 0, 0, 0, 0, 1, 0, 0, 0, 0, 0, 0, 0, 0, 0, 0, 0, 0, 0, 0, 0, 0, 0, 0, 0, 0, 0, 0, 0, 0, 0, 0, 0, 0, 0, 0, 0, 0, 0, 0, 0, 0, 0, 0, 0, 0, 0, 0, 0, 0, 0, 0, 0, 0, 0, 0, 0, 0, 0, 0, 0, 0, 0, 0, 0, 0, 0, 0, 0, 0, 0, 0, 0, 0, 0, 0, 0, 0, 0, 0, 0, 0, 0, 0, 0, 0, 0, 0, 0, 0, 0, 0, 0, 0, 0, 0, 0, 0, 0, 0, 0, 0, 0, 0, 0, 0, 0, 0, 0, 0, 0, 0, 0, 0, 0, 0, 0, 0, 0, 0, 0, 0, 0, 0, 0, 0, 0, 0, 0, 0, 0, 0, 0, 0, 0, 0, 0, 0, 0, 0, 0, 0, 0, 0, 0, 0, 0, 0, 0, 0, 0, 0, 0, 0, 0, 0, 0, 0, 0, 0, 0, 0, 0, 0, 0, 0, 0, 0, 0, 0, 0, 0, 0, 0, 0, 0, 0, 0, 0, 0, 0, 0, 0, 0, 0, 0, 0, 0, 0, 0, 0, 0, 0, 0, 0, 0, 0, 0, 0, 0, 0, 0, 0, 0, 0, 0, 0, 0, 0, 0, 0, 0, 0, 0, 0, 0, 0, 0, 0, 0, 0, 0, 0, 0, 0, 0, 0, 0, 0, 0, 0, 0, 0, 0, 0, 0, 0, 0, 0, 0, 0, 0, 0, 0, 0, 0, 0, 0, 0, 0}, {0, 0, 0, 0, 0, 0, 0, 0, 1, 0, 0, 0, 0, 0, 0, 0, 0, 0, 0, 0, 0, 0, 0, 0, 0, 0, 0, 0, 0, 0, 0, 0, 0, 0, 0, 0, 0, 0, 0, 0, 0, 0, 0, 0, 0, 0, 0, 0, 0, 0, 0, 0, 0, 0, 0, 0, 0, 0, 0, 0, 0, 0, 0, 0, 0, 0, 0, 0, 0, 0, 0, 0, 0, 0, 0, 0, 0, 0, 0, 0, 0, 0, 0, 0, 0, 0, 0, 0, 0, 0, 0, 0, 0, 0, 0, 0, 0, 0, 0, 0, 0, 0, 0, 0, 0, 0, 0, 0, 0, 0, 0, 0, 0, 0, 0, 0, 0, 0, 0, 0, 0, 0, 0, 0, 0, 0, 0, 0, 0, 0, 0, 0, 0, 0, 0, 0, 0, 0, 0, 0, 0, 0, 0, 0, 0, 0, 0, 0, 0, 0, 0, 0, 0, 0, 0, 0, 0, 0, 0, 0, 0, 0, 0, 0, 0, 0, 0, 0, 0, 0, 0, 0, 0, 0, 0, 0, 0, 0, 0, 0, 0, 0, 0, 0, 0, 0, 0, 0, 0, 0, 0, 0, 0, 0, 0, 0, 0, 0, 0, 0, 0, 0, 0, 0, 0, 0, 0, 0, 0, 0, 0, 0, 0, 0, 0, 0, 0, 0, 0, 0, 0, 0, 0, 0, 0, 0, 0, 0, 0, 0, 0, 0, 0, 0, 0, 0, 0, 0, 0, 0, 0, 0, 0, 0, 0, 0, 0, 0, 0, 0, 0, 0}, {0, 0, 0, 0, 0, 0, 0, 0, 0, 1, 0, 0, 0, 0, 0, 0, 0, 0, 0, 0, 0, 0, 0, 0, 0, 0, 0, 0, 0, 0, 0, 0, 0, 0, 0, 0, 0, 0, 0, 0, 0, 0, 0, 0, 0, 0, 0, 0, 0, 0, 0, 0, 0, 0, 0, 0, 0, 0, 0, 0, 0, 0, 0, 0, 0, 0, 0, 0, 0, 0, 0, 0, 0, 0, 0, 0, 0, 0, 0, 0, 0, 0, 0, 0, 0, 0, 0, 0, 0, 0, 0, 0, 0, 0, 0, 0, 0, 0, 0, 0, 0, 0, 0, 0, 0, 0, 0, 0, 0, 0, 0, 0, 0, 0, 0, 0, 0, 0, 0, 0, 0, 0, 0, 0, 0, 0, 0, 0, 0, 0, 0, 0, 0, 0, 0, 0, 0, 0, 0, 0, 0, 0, 0, 0, 0, 0, 0, 0, 0, 0, 0, 0, 0, 0, 0, 0, 0, 0, 0, 0, 0, 0, 0, 0, 0, 0, 0, 0, 0, 0, 0, 0, 0, 0, 0, 0, 0, 0, 0, 0, 0, 0, 0, 0, 0, 0, 0, 0, 0, 0, 0, 0, 0, 0, 0, 0, 0, 0, 0, 0, 0, 0, 0, 0, 0, 0, 0, 0, 0, 0, 0, 0, 0, 0, 0, 0, 0, 0, 0, 0, 0, 0, 0, 0, 0, 0, 0, 0, 0, 0, 0, 0, 0, 0, 0, 0, 0, 0, 0, 0, 0, 0, 0, 0, 0, 0, 0, 0, 0, 0, 0, 0}, {0, 0, 0, 0, 0, 0, 0, 0, 0, 0, 1, 0, 0, 0, 0, 0, 0, 0, 0, 0, 0, 0, 0, 0, 0, 0, 0, 0, 0, 0, 0, 0, 0, 0, 0, 0, 0, 0, 0, 0, 0, 0, 0, 0, 0, 0, 0, 0, 0, 0, 0, 0, 0, 0, 0, 0, 0, 0, 0, 0, 0, 0, 0, 0, 0, 0, 0, 0, 0, 0, 0, 0, 0, 0, 0, 0, 0, 0, 0, 0, 0, 0, 0, 0, 0, 0, 0, 0, 0, 0, 0, 0, 0, 0, 0, 0, 0, 0, 0, 0, 0, 0, 0, 0, 0, 0, 0, 0, 0, 0, 0, 0, 0, 0, 0, 0, 0, 0, 0, 0, 0, 0, 0, 0, 0, 0, 0, 0, 0, 0, 0, 0, 0, 0, 0, 0, 0, 0, 0, 0, 0, 0, 0, 0, 0, 0, 0, 0, 0, 0, 0, 0, 0, 0, 0, 0, 0, 0, 0, 0, 0, 0, 0, 0, 0, 0, 0, 0, 0, 0, 0, 0, 0, 0, 0, 0, 0, 0, 0, 0, 0, 0, 0, 0, 0, 0, 0, 0, 0, 0, 0, 0, 0, 0, 0, 0, 0, 0, 0, 0, 0, 0, 0, 0, 0, 0, 0, 0, 0, 0, 0, 0, 0, 0, 0, 0, 0, 0, 0, 0, 0, 0, 0, 0, 0, 0, 0, 0, 2/5, 0, 18/25, 2/25, 0, 162/125, 0, 21/25, 0, 0, 189/125, 0, 0, 0, 0, 0, 0, 0, 0, 0, 0, 0, 0, 0}, {0, 0, 0, 0, 0, 0, 0, 0, 0, 0, 0, 1, 0, 0, 0, 0, 0, 0, 0, 0, 0, 0, 0, 0, 0, 0, 0, 0, 0, 0, 0, 0, 0, 0, 0, 0, 0, 0, 0, 0, 0, 0, 0, 0, 0, 0, 0, 0, 0, 0, 0, 0, 0, 0, 0, 0, 0, 0, 0, 0, 0, 0, 0, 0, 0, 0, 0, 0, 0, 0, 0, 0, 0, 0, 0, 0, 0, 0, 0, 0, 0, 0, 0, 0, 0, 0, 0, 0, 0, 0, 0, 0, 0, 0, 0, 0, 0, 0, 0, 0, 0, 0, 0, 0, 0, 0, 0, 0, 0, 0, 0, 0, 0, 0, 0, 0, 0, 0, 0, 0, 0, 0, 0, 0, 0, 0, 0, 0, 0, 0, 0, 0, 0, 0, 0, 0, 0, 0, 0, 0, 0, 0, 0, 0, 0, 0, 0, 0, 0, 0, 0, 0, 0, 0, 0, 0, 0, 0, 0, 0, 0, 0, 0, 0, 0, 0, 0, 0, 0, 0, 0, 0, 0, 0, 0, 0, 0, 0, 0, 0, 0, 0, 0, 0, 0, 0, 0, 0, 0, 0, 0, 0, 0, 0, 0, 0, 0, 0, 0, 0, 0, 0, 0, 0, 0, 0, 0, 0, 0, 0, 0, 0, 0, 0, 0, 0, 0, 0, 0, 0, 0, 0, 0, 0, 0, 0, 0, 0, 0, 2/5, 0, 0, 18/25, 0, 7/15, 0, 21/25, 7/75, 0, 189/125, 0, 0, 0, 0, 0, 0, 0, 0, 0, 0, 0, 0}, {0, 0, 0, 0, 0, 0, 0, 0, 0, 0, 0, 0, 0, 0, 0, 0, 0, 0, 0, 0, 0, 0, 0, 0, 0, 0, 0, 0, 0, 0, 0, 0, 0, 0, 0, 0, 0, 0, 0, 0, 0, 0, 0, 0, 0, 0, 0, 0, 0, 0, 0, 0, 0, 0, 0, 0, 0, 0, 0, 0, 0, 0, 0, 0, 0, 0, 0, 0, 0, 0, 0, 0, 0, 0, 0, 0, 0, 0, 0, 0, 0, 0, 0, 0, 0, 0, 0, 0, 0, 0, 0, 0, 0, 0, 0, 0, 0, 0, 0, 0, 0, 0, 0, 0, 0, 0, 0, 0, 0, 0, 0, 0, 0, 0, 0, 0, 0, 0, 0, 0, 0, 0, 0, 0, 0, 0, 0, 0, 0, 0, 0, 0, 0, 0, 0, 0, 0, 0, 0, 0, 0, 0, 0, 0, 0, 0, 0, 0, 0, 0, 0, 0, 0, 0, 0, 0, 0, 0, 0, 0, 0, 0, 0, 0, 0, 0, 0, 0, 0, 0, 0, 0, 0, 0, 0, 0, 0, 0, 0, 0, 0, 0, 0, 0, 0, 0, 0, 0, 0, 0, 0, 0, 0, 0, 0, 0, 0, 0, 0, 0, 0, 0, 0, 0, 0, 0, 0, 0, 0, 0, 0, 0, 0, 0, 0, 0, 0, 0, 0, 0, 0, 0, 0, 0, 0, 0, 0, 0, 0, 0, 0, 0, 0, 0, 1, 0, 0, 0, 0, 0, 0, 0, 0, 0, 0, 0, 0, 0, 0, 0, 0, 0}, {0, 0, 0, 0, 0, 0, 0, 0, 0, 0, 0, 0, 0, 0, 0, 0, 0, 0, 0, 0, 0, 0, 0, 0, 0, 0, 0, 0, 0, 0, 0, 0, 0, 0, 0, 0, 0, 0, 0, 0, 0, 0, 0, 0, 0, 0, 0, 0, 0, 0, 0, 0, 0, 0, 0, 0, 0, 0, 0, 0, 0, 0, 0, 0, 0, 0, 0, 0, 0, 0, 0, 0, 0, 0, 0, 0, 0, 0, 0, 0, 0, 0, 0, 0, 0, 0, 0, 0, 0, 0, 0, 0, 0, 0, 0, 0, 0, 0, 0, 0, 0, 0, 0, 0, 0, 0, 0, 0, 0, 0, 0, 0, 0, 0, 0, 0, 0, 0, 0, 0, 0, 0, 0, 0, 0, 0, 0, 0, 0, 0, 0, 0, 0, 0, 0, 0, 0, 0, 0, 0, 0, 0, 0, 0, 0, 0, 0, 0, 0, 0, 0, 0, 0, 0, 0, 0, 0, 0, 0, 0, 0, 0, 0, 0, 0, 0, 0, 0, 0, 0, 0, 0, 0, 0, 0, 0, 0, 0, 0, 0, 0, 0, 0, 0, 0, 0, 0, 0, 0, 0, 0, 0, 0, 0, 0, 0, 0, 0, 0, 0, 0, 0, 0, 0, 0, 0, 0, 0, 0, 0, 0, 0, 0, 0, 0, 0, 0, 0, 0, 0, 0, 0, 0, 0, 0, 0, 0, 0, 0, 0, 0, 0, 0, 0, 0, 1, 0, 0, 0, 0, 0, 0, 0, 0, 0, 0, 0, 0, 0, 0, 0, 0}, {0, 0, 0, 0, 0, 0, 0, 0, 0, 0, 0, 0, 0, 0, 0, 0, 0, 0, 0, 0, 0, 0, 0, 0, 0, 0, 0, 0, 0, 0, 0, 0, 0, 0, 0, 0, 0, 0, 0, 0, 0, 0, 0, 0, 0, 0, 0, 0, 0, 0, 0, 0, 0, 0, 0, 0, 0, 0, 0, 0, 0, 0, 0, 0, 0, 0, 0, 0, 0, 0, 0, 0, 0, 0, 0, 0, 0, 0, 0, 0, 0, 0, 0, 0, 0, 0, 0, 0, 0, 0, 0, 0, 0, 0, 0, 0, 0, 0, 0, 0, 0, 0, 0, 0, 0, 0, 0, 0, 0, 0, 0, 0, 0, 0, 0, 0, 0, 0, 0, 0, 0, 0, 0, 0, 0, 0, 0, 0, 0, 0, 0, 0, 0, 0, 0, 0, 0, 0, 0, 0, 0, 0, 0, 0, 0, 0, 0, 0, 0, 0, 0, 0, 0, 0, 0, 0, 0, 0, 0, 0, 0, 0, 0, 0, 0, 0, 0, 0, 0, 0, 0, 0, 0, 0, 0, 0, 0, 0, 0, 0, 0, 0, 0, 0, 0, 0, 0, 0, 0, 0, 0, 0, 0, 0, 0, 0, 0, 0, 0, 0, 0, 0, 0, 0, 0, 0, 0, 0, 0, 0, 0, 0, 0, 0, 0, 0, 0, 0, 0, 0, 0, 0, 0, 0, 0, 0, 0, 0, 0, 0, 0, 0, 0, 0, 0, 0, 1, 0, 0, 0, 0, 0, 0, 0, 0, 0, 0, 0, 0, 0, 0, 0}, {0, 0, 0, 0, 0, 0, 0, 0, 0, 0, 0, 0, 0, 0, 0, 0, 0, 0, 0, 0, 0, 0, 0, 0, 0, 0, 0, 0, 0, 0, 0, 0, 0, 0, 0, 0, 0, 0, 0, 0, 0, 0, 0, 0, 0, 0, 0, 0, 0, 0, 0, 0, 0, 0, 0, 0, 0, 0, 0, 0, 0, 0, 0, 0, 0, 0, 0, 0, 0, 0, 0, 0, 0, 0, 0, 0, 0, 0, 0, 0, 0, 0, 0, 0, 0, 0, 0, 0, 0, 0, 0, 0, 0, 0, 0, 0, 0, 0, 0, 0, 0, 0, 0, 0, 0, 0, 0, 0, 0, 0, 0, 0, 0, 0, 0, 0, 0, 0, 0, 0, 0, 0, 0, 0, 0, 0, 0, 0, 0, 0, 0, 0, 0, 0, 0, 0, 0, 0, 0, 0, 0, 0, 0, 0, 0, 0, 0, 0, 0, 0, 0, 0, 0, 0, 0, 0, 0, 0, 0, 0, 0, 0, 0, 0, 0, 0, 0, 0, 0, 0, 0, 0, 0, 0, 0, 0, 0, 0, 0, 0, 0, 0, 0, 0, 0, 0, 0, 0, 0, 0, 0, 0, 0, 0, 0, 0, 0, 0, 0, 0, 0, 0, 0, 0, 0, 0, 0, 0, 0, 0, 0, 0, 0, 0, 0, 0, 0, 0, 0, 0, 0, 0, 0, 0, 0, 0, 0, 0, 0, 0, 0, 0, 0, 0, 0, 0, 0, 1, 0, 0, 0, 0, 0, 0, 0, 0, 0, 0, 0, 0, 0, 0}, {0, 0, 0, 0, 0, 0, 0, 0, 0, 0, 0, 0, 0, 0, 0, 0, 0, 0, 0, 0, 0, 0, 0, 0, 0, 0, 0, 0, 0, 0, 0, 0, 0, 0, 0, 0, 0, 0, 0, 0, 0, 0, 0, 0, 0, 0, 0, 0, 0, 0, 0, 0, 0, 0, 0, 0, 0, 0, 0, 0, 0, 0, 0, 0, 0, 0, 0, 0, 0, 0, 0, 0, 0, 0, 0, 0, 0, 0, 0, 0, 0, 0, 0, 0, 0, 0, 0, 0, 0, 0, 0, 0, 0, 0, 0, 0, 0, 0, 0, 0, 0, 0, 0, 0, 0, 0, 0, 0, 0, 0, 0, 0, 0, 0, 0, 0, 0, 0, 0, 0, 0, 0, 0, 0, 0, 0, 0, 0, 0, 0, 0, 0, 0, 0, 0, 0, 0, 0, 0, 0, 0, 0, 0, 0, 0, 0, 0, 0, 0, 0, 0, 0, 0, 0, 0, 0, 0, 0, 0, 0, 0, 0, 0, 0, 0, 0, 0, 0, 0, 0, 0, 0, 0, 0, 0, 0, 0, 0, 0, 0, 0, 0, 0, 0, 0, 0, 0, 0, 0, 0, 0, 0, 0, 0, 0, 0, 0, 0, 0, 0, 0, 0, 0, 0, 0, 0, 0, 0, 0, 0, 0, 0, 0, 0, 0, 0, 0, 0, 0, 0, 0, 0, 0, 0, 0, 0, 0, 0, 0, 0, 0, 0, 0, 0, 0, 0, 0, 0, 1, 0, 2/5, 0, 18/25, 2/25, 0, 162/125, 0, 21/25, 0, 0, 189/125, 0}, {0, 0, 0, 0, 0, 0, 0, 0, 0, 0, 0, 0, 0, 0, 0, 0, 0, 0, 0, 0, 0, 0, 0, 0, 0, 0, 0, 0, 0, 0, 0, 0, 0, 0, 0, 0, 0, 0, 0, 0, 0, 0, 0, 0, 0, 0, 0, 0, 0, 0, 0, 0, 0, 0, 0, 0, 0, 0, 0, 0, 0, 0, 0, 0, 0, 0, 0, 0, 0, 0, 0, 0, 0, 0, 0, 0, 0, 0, 0, 0, 0, 0, 0, 0, 0, 0, 0, 0, 0, 0, 0, 0, 0, 0, 0, 0, 0, 0, 0, 0, 0, 0, 0, 0, 0, 0, 0, 0, 0, 0, 0, 0, 0, 0, 0, 0, 0, 0, 0, 0, 0, 0, 0, 0, 0, 0, 0, 0, 0, 0, 0, 0, 0, 0, 0, 0, 0, 0, 0, 0, 0, 0, 0, 0, 0, 0, 0, 0, 0, 0, 0, 0, 0, 0, 0, 0, 0, 0, 0, 0, 0, 0, 0, 0, 0, 0, 0, 0, 0, 0, 0, 0, 0, 0, 0, 0, 0, 0, 0, 0, 0, 0, 0, 0, 0, 0, 0, 0, 0, 0, 0, 0, 0, 0, 0, 0, 0, 0, 0, 0, 0, 0, 0, 0, 0, 0, 0, 0, 0, 0, 0, 0, 0, 0, 0, 0, 0, 0, 0, 0, 0, 0, 0, 0, 0, 0, 0, 0, 0, 0, 0, 0, 0, 0, 0, 0, 0, 0, 0, 1, 0, 2/5, 0, 0, 18/25, 0, 7/15, 0, 21/25, 7/75, 0, 189/125}}
RESULT case=33 order=2 artinLength=21 coreAmbient=84 coreRank=28 fullDefect=56 upperAmbient=150 upperRank=98 upperDefect=52 normalization=40 lower=24 split=64 residualImage=4 closureSteps=9
SECOND_ORDER_FINISHED residualDetected=true cpu=14.1695
