3
5 15 192
1 1 2
2 1 1 0 1
1 0 2
1 1 2
2 1 1 0 1
1 0 2
1 1 2
2 1 1 0 1
1 0 2
1 1 2
2 1 1 0 1
1 0 2
1 1 2
2 1 1 0 1
1 0 2
1 1 2
2 1 2 0 1
1 0 1
1 1 1
2 1 1 0 2
1 0 2
1 1 2
2 1 2 0 1
1 0 1
1 1 1
2 1 1 0 2
1 0 2
1 1 2
2 1 2 0 1
1 0 1
24 122 2 120 1 118 1 112 2 110 2 108 1 94 1 92 1 90 2 86 2 84 1 82 1 40 2 38 2 36 1 32 1 30 2 28 2 14 2 12 1 10 1 4 2 2 2 0 1
24 121 1 119 1 117 2 113 2 111 1 109 1 95 1 93 2 91 2 85 1 83 1 81 2 41 2 39 1 37 1 31 2 29 2 27 1 13 1 11 1 9 2 5 2 3 1 1 1
24 122 1 120 2 118 2 112 1 110 1 108 2 94 2 92 2 90 1 86 1 84 2 82 2 40 1 38 1 36 2 32 2 30 1 28 1 14 1 12 2 10 2 4 1 2 1 0 2
24 121 2 119 2 117 1 113 1 111 2 109 2 95 2 93 1 91 1 85 2 83 2 81 1 41 1 39 2 37 2 31 1 29 1 27 2 13 2 11 2 9 1 5 1 3 2 1 2
24 122 2 120 1 118 1 112 2 110 2 108 1 94 1 92 1 90 2 86 2 84 1 82 1 40 2 38 2 36 1 32 1 30 2 28 2 14 2 12 1 10 1 4 2 2 2 0 1
24 121 1 119 1 117 2 113 2 111 1 109 1 95 1 93 2 91 2 85 1 83 1 81 2 41 2 39 1 37 1 31 2 29 2 27 1 13 1 11 1 9 2 5 2 3 1 1 1
24 122 1 120 2 118 2 112 1 110 1 108 2 94 2 92 2 90 1 86 1 84 2 82 2 40 1 38 1 36 2 32 2 30 1 28 1 14 1 12 2 10 2 4 1 2 1 0 2
24 121 2 119 2 117 1 113 1 111 2 109 2 95 2 93 1 91 1 85 2 83 2 81 1 41 1 39 2 37 2 31 1 29 1 27 2 13 2 11 2 9 1 5 1 3 2 1 2
24 122 2 120 1 118 1 112 2 110 2 108 1 94 1 92 1 90 2 86 2 84 1 82 1 40 2 38 2 36 1 32 1 30 2 28 2 14 2 12 1 10 1 4 2 2 2 0 1
24 121 1 119 1 117 2 113 2 111 1 109 1 95 1 93 2 91 2 85 1 83 1 81 2 41 2 39 1 37 1 31 2 29 2 27 1 13 1 11 1 9 2 5 2 3 1 1 1
24 122 1 120 2 118 2 112 1 110 1 108 2 94 2 92 2 90 1 86 1 84 2 82 2 40 1 38 1 36 2 32 2 30 1 28 1 14 1 12 2 10 2 4 1 2 1 0 2
24 121 2 119 2 117 1 113 1 111 2 109 2 95 2 93 1 91 1 85 2 83 2 81 1 41 1 39 2 37 2 31 1 29 1 27 2 13 2 11 2 9 1 5 1 3 2 1 2
24 122 2 120 1 118 1 112 2 110 2 108 1 94 1 92 1 90 2 86 2 84 1 82 1 40 2 38 2 36 1 32 1 30 2 28 2 14 2 12 1 10 1 4 2 2 2 0 1
24 121 1 119 1 117 2 113 2 111 1 109 1 95 1 93 2 91 2 85 1 83 1 81 2 41 2 39 1 37 1 31 2 29 2 27 1 13 1 11 1 9 2 5 2 3 1 1 1
24 122 1 120 2 118 2 112 1 110 1 108 2 94 2 92 2 90 1 86 1 84 2 82 2 40 1 38 1 36 2 32 2 30 1 28 1 14 1 12 2 10 2 4 1 2 1 0 2
0
0
0
0
0
0
0
0
0
0
0
0
0
0
1 0 1
0
0
0
0
1 0 1
1 1 1
2 2 1 0 2
2 3 2 1 2
3 4 2 2 2 0 1
3 5 2 3 1 1 1
2 4 1 2 1
2 5 1 3 2
1 4 2
2 9 2 5 2
1 10 2
0
0
0
0
0
0
0
0
0
0
0
0
0
1 0 1
1 1 1
0
0
0
0
0
1 0 1
1 1 1
2 2 1 0 1
2 3 2 1 1
2 4 2 2 1
2 5 2 3 2
1 4 2
1 5 2
0
1 9 2
0
0
0
0
0
0
0
1 0 1
1 1 1
2 2 1 0 2
2 3 2 1 2
3 4 2 2 2 0 1
3 5 2 3 1 1 1
3 4 1 2 1 0 1
3 5 1 3 2 1 1
0
0
0
0
0
0
1 0 1
1 1 1
1 2 1
1 3 2
1 4 2
1 5 2
1 0 2
1 1 2
1 2 2
136 191 1 190 1 189 2 188 1 187 1 186 1 184 1 183 2 182 1 180 2 179 1 178 1 177 2 176 1 175 2 172 2 170 2 169 2 167 2 166 1 165 1 164 2 163 2 161 2 159 2 158 1 157 1 156 2 155 1 152 2 151 2 148 2 146 2 143 1 141 2 139 1 138 1 137 1 136 1 135 2 134 2 132 2 129 2 128 2 127 1 126 2 125 1 124 1 123 1 121 1 120 2 119 1 118 1 117 1 116 1 115 2 113 2 112 1 111 2 110 1 109 1 107 2 105 2 104 2 103 1 102 2 99 1 98 1 97 1 96 2 94 1 93 2 91 2 90 1 89 2 88 1 87 1 86 2 85 1 84 2 83 1 82 1 80 1 79 1 77 2 76 2 75 1 74 2 73 2 72 1 71 1 70 2 69 1 68 2 66 1 64 1 63 2 62 2 61 1 60 1 59 2 58 1 55 2 54 2 51 2 48 2 43 1 41 1 40 2 39 1 38 1 37 2 36 2 34 2 33 1 32 1 30 1 29 2 28 1 26 1 25 1 21 1 20 1 19 1 18 2 17 2 15 1 14 1 13 2 12 1 10 1 8 1 6 2 5 1 1 2 0 2
124 190 2 189 1 188 1 186 1 185 1 184 1 183 1 181 2 179 2 178 1 177 2 176 2 175 2 173 2 171 1 169 1 168 1 167 1 166 2 165 1 164 1 163 2 160 2 159 2 157 1 155 1 153 1 151 1 150 2 149 2 147 2 146 2 144 1 143 1 142 2 138 2 137 2 136 1 133 2 132 1 131 2 129 1 128 1 124 2 123 1 121 1 120 2 119 2 118 2 117 2 116 1 115 1 114 2 109 1 107 2 106 1 105 2 104 1 103 1 102 2 100 2 99 1 98 2 97 1 96 1 95 1 94 2 85 2 83 2 82 1 81 1 80 2 79 1 78 2 76 2 75 2 72 1 70 2 69 2 68 1 67 2 65 2 64 1 63 2 62 2 60 2 58 2 56 1 55 2 53 2 52 2 47 1 46 2 44 2 43 2 42 1 41 1 40 1 39 1 38 2 37 1 33 1 32 2 31 1 30 2 29 1 28 2 27 1 26 2 25 1 23 1 21 1 18 2 16 1 15 1 14 2 13 1 11 1 10 2 9 1 8 1 6 1 5 1 4 1
131 191 2 190 1 189 2 188 2 186 1 185 2 183 2 180 2 179 2 178 2 177 1 176 2 174 1 173 2 170 1 169 2 168 2 167 2 165 2 164 1 163 1 161 1 159 1 158 1 157 1 156 1 154 2 153 2 152 1 151 2 150 2 149 2 145 1 144 1 143 2 142 2 141 2 140 2 139 1 138 2 137 2 136 2 135 1 134 1 132 1 131 1 130 1 129 1 126 2 125 2 124 1 121 1 120 2 118 2 116 2 115 1 113 1 112 1 111 2 110 1 109 1 107 1 106 1 104 1 101 2 99 1 98 2 97 2 96 1 92 1 91 2 90 2 89 1 88 1 85 1 84 1 83 2 82 2 80 2 79 2 77 2 76 2 75 2 73 2 71 2 70 1 69 1 68 1 67 1 65 2 64 1 62 1 60 2 59 2 58 2 57 2 56 1 55 2 54 2 52 1 48 1 47 1 46 2 45 2 43 1 38 2 37 2 36 2 33 1 32 2 31 2 30 1 29 1 28 1 27 2 26 2 25 2 23 2 22 2 21 2 19 1 17 1 16 2 15 2 14 2 13 2 11 1 10 2 8 2 6 2 3 2
132 191 2 190 2 189 2 187 2 186 1 183 2 181 2 180 2 179 1 178 2 177 1 175 2 174 2 170 1 169 1 166 1 164 2 163 1 160 1 158 2 157 2 155 1 154 2 153 1 152 1 151 1 150 1 147 2 146 2 145 1 143 1 142 2 141 1 140 2 137 1 136 2 133 1 131 2 129 2 127 1 126 1 125 2 124 2 123 2 122 2 120 2 119 1 118 2 116 2 115 2 114 1 113 2 112 1 111 2 110 2 109 2 108 1 107 2 106 1 103 1 98 1 97 2 96 2 93 1 92 1 90 2 89 2 88 1 87 2 86 2 85 1 84 2 83 1 82 2 81 2 80 1 79 2 78 2 77 1 76 1 75 1 74 1 73 1 71 2 70 2 68 2 67 1 66 2 65 2 63 2 61 1 60 1 59 1 58 1 57 2 56 1 54 2 53 2 51 1 48 1 47 1 45 2 44 2 42 1 40 2 38 1 37 2 33 2 32 1 31 2 30 1 29 2 28 1 27 2 26 1 25 2 24 2 23 1 21 2 20 2 19 2 17 1 16 1 14 1 13 2 12 1 11 1 9 1 7 2 6 1 4 2 3 1
134 191 1 190 1 189 2 188 1 187 1 186 1 185 1 184 2 182 2 181 1 180 1 178 2 177 2 176 2 173 2 172 1 171 1 169 1 166 2 164 2 163 2 161 2 159 2 158 2 157 2 155 2 154 1 153 2 152 1 149 1 148 2 147 1 146 1 145 2 144 1 143 2 142 2 141 2 140 1 138 2 137 1 136 1 135 2 134 2 132 2 131 2 130 2 129 1 128 1 125 2 123 1 122 2 120 2 119 2 118 2 112 2 111 2 108 1 106 2 105 2 104 2 103 2 102 2 101 2 100 2 99 2 98 2 96 2 95 2 93 2 92 1 89 1 88 2 87 1 86 1 83 1 82 1 80 1 79 1 77 1 76 1 74 1 73 1 72 2 71 2 68 2 65 2 64 2 63 2 61 1 60 2 59 1 58 2 56 1 55 1 54 2 53 2 52 1 51 2 49 2 48 2 47 1 46 1 45 2 44 2 43 1 42 2 40 2 39 2 38 1 37 1 36 1 33 2 32 1 31 1 30 2 29 2 28 2 27 1 26 1 25 1 23 1 22 1 21 2 20 2 19 2 18 1 17 1 14 1 11 1 10 1 9 1 7 2 4 2
133 191 1 189 1 187 2 186 2 183 2 180 2 179 1 178 2 175 2 174 2 171 2 169 2 168 2 166 2 165 1 164 1 163 2 160 2 158 1 157 2 156 1 155 2 154 2 152 1 151 1 149 2 148 1 147 1 146 1 145 1 144 2 142 2 141 1 140 2 139 1 138 2 137 2 136 1 133 2 131 1 130 2 127 1 126 1 125 2 124 2 122 1 119 2 117 1 115 2 113 1 111 2 110 1 109 1 108 1 107 2 106 2 105 2 104 1 102 1 100 1 99 2 94 2 93 1 92 2 90 2 88 2 87 2 86 1 85 2 83 2 82 1 81 1 80 2 79 1 78 1 77 2 76 1 75 1 74 2 73 1 72 2 71 2 70 2 69 2 68 2 67 2 66 2 65 1 64 2 62 1 60 1 58 1 57 1 56 2 55 1 54 2 52 2 50 2 48 1 47 2 46 1 45 2 43 2 41 2 39 1 38 2 37 1 33 1 32 2 31 1 30 2 29 1 28 2 27 1 26 2 25 1 24 1 23 2 22 1 21 2 20 1 19 2 18 1 17 1 16 1 15 1 14 1 13 1 12 1 11 2 10 1 8 2 5 2
132 190 1 189 2 188 1 186 1 183 1 180 2 179 1 178 2 177 1 176 1 174 2 170 1 169 2 168 2 167 1 165 2 164 1 163 1 161 1 159 1 158 1 157 1 155 1 154 2 153 2 152 2 151 2 150 1 149 2 147 1 146 2 145 1 143 1 142 2 141 2 140 2 139 1 138 1 137 2 136 2 135 2 134 1 132 2 131 1 130 1 128 2 125 1 124 1 123 1 121 1 120 2 118 2 116 1 115 1 112 1 110 2 109 1 107 1 106 1 105 1 102 1 101 2 97 2 95 1 93 1 91 2 90 2 89 1 88 1 86 1 85 1 84 1 83 2 82 2 80 2 79 2 77 2 76 2 74 2 73 2 71 1 70 1 69 2 68 1 67 1 66 1 65 1 64 1 63 1 60 1 59 2 58 2 57 2 56 2 55 2 53 1 52 1 48 1 47 2 46 2 45 1 44 1 43 1 42 1 39 2 38 2 37 2 36 2 33 1 32 2 31 2 30 1 29 1 28 1 27 1 26 2 25 2 24 2 23 2 22 2 20 1 19 1 18 2 17 2 16 2 14 2 13 2 12 1 11 2 10 2 9 1 6 2
116 191 2 189 1 188 1 187 1 186 2 185 2 182 1 180 2 179 2 178 1 177 2 176 2 174 1 171 2 170 1 169 1 166 2 165 1 163 1 160 1 158 2 157 1 156 2 155 1 154 1 151 2 149 2 147 2 146 1 144 1 143 1 142 2 141 2 140 2 139 2 138 1 137 1 136 1 134 1 128 1 127 1 126 2 125 1 122 2 120 1 119 1 115 1 114 2 113 1 112 2 111 1 110 2 109 2 107 2 106 1 104 2 103 2 98 2 97 1 96 1 93 2 89 2 88 1 87 2 86 2 84 1 82 2 81 2 80 1 79 2 78 2 77 1 76 2 75 2 74 1 73 2 72 1 70 1 69 1 66 1 62 2 61 2 60 2 57 2 55 1 54 1 53 2 48 2 47 1 45 1 43 2 41 1 40 2 39 2 38 2 37 2 33 2 32 1 31 2 30 1 29 2 28 2 27 2 24 2 21 1 20 1 19 2 18 2 17 2 15 2 14 2 13 1 12 2 11 2 10 1 7 2
125 191 2 188 2 187 1 184 2 183 1 181 1 180 2 178 1 177 1 176 2 175 1 173 1 172 2 171 1 170 1 169 2 167 2 166 1 165 1 164 1 163 1 161 2 159 2 158 2 157 2 155 2 154 1 153 1 152 2 151 2 150 2 148 1 144 1 142 1 141 2 140 1 139 2 138 2 136 1 133 2 130 1 129 2 128 2 127 2 126 2 125 2 123 1 122 1 121 1 120 2 119 1 117 1 115 2 114 2 111 2 110 2 109 1 108 1 107 1 105 1 104 1 102 2 101 1 100 1 98 1 97 2 96 2 95 1 93 1 88 1 87 1 86 2 85 1 84 2 83 2 82 2 80 1 79 1 77 1 76 1 74 1 73 1 71 1 70 1 69 1 67 1 66 1 64 1 63 1 61 1 60 1 58 2 57 2 56 1 55 2 54 2 53 1 52 2 51 2 48 2 47 2 46 1 44 2 43 1 41 1 40 2 36 1 33 2 32 1 31 1 30 2 28 2 25 2 24 2 22 2 21 1 20 1 18 2 17 1 15 1 14 2 12 1 11 2 9 1 8 2
133 188 2 187 2 186 2 185 1 183 2 182 2 179 2 178 2 177 2 176 2 175 2 173 1 171 2 170 1 169 2 167 2 166 2 164 2 163 2 162 2 160 2 158 1 157 2 156 1 155 2 154 2 153 1 152 1 151 1 149 2 148 1 147 1 145 1 144 1 143 2 142 2 141 1 140 1 139 1 138 1 137 2 136 1 135 1 134 1 133 2 131 2 130 2 128 1 127 1 124 2 123 1 122 2 116 1 115 2 114 2 110 2 109 1 108 1 106 2 105 2 101 2 100 1 99 2 98 1 96 1 94 2 93 2 89 2 88 2 87 1 86 2 85 2 84 1 83 1 82 1 81 2 80 2 79 1 78 1 77 2 76 1 75 1 74 2 73 1 72 1 71 2 70 2 69 2 68 2 67 2 66 2 65 2 64 2 63 2 62 2 60 1 59 1 58 1 57 2 56 1 55 1 54 2 53 1 52 2 48 2 47 2 46 1 45 2 44 2 43 2 41 1 39 2 37 1 36 2 33 1 32 2 31 1 29 1 28 2 26 1 25 1 24 1 23 1 22 1 21 2 19 2 18 2 16 1 15 1 13 1 12 1 10 1 9 1
122 191 2 190 2 189 1 187 1 185 1 184 2 183 2 182 2 181 1 180 1 179 1 177 1 175 2 174 2 173 1 172 2 171 1 169 2 168 1 164 2 162 1 161 1 159 1 158 1 157 1 155 1 154 2 153 2 152 1 151 1 149 1 148 2 147 2 146 1 144 1 143 1 142 2 141 1 140 2 138 1 137 2 136 1 134 2 133 1 132 1 131 2 130 2 129 2 127 1 126 2 123 1 122 1 121 2 119 1 118 1 117 1 116 1 115 2 113 2 108 1 106 1 103 1 102 2 101 1 100 2 99 1 98 2 96 1 95 1 94 2 93 2 92 1 91 1 89 2 88 1 87 1 86 2 85 1 83 1 81 2 80 2 79 2 77 2 76 2 74 2 73 2 71 2 70 2 68 2 67 2 65 2 64 2 62 2 61 2 60 1 59 1 58 2 56 1 55 2 53 1 52 1 51 1 49 1 48 1 47 2 44 2 43 2 42 1 41 1 40 2 39 1 37 1 33 1 32 2 30 1 29 1 28 2 26 1 25 1 23 1 22 1 21 1
134 191 1 188 1 187 2 185 2 184 2 183 2 182 1 181 1 180 2 179 1 178 2 177 1 176 1 174 2 173 1 171 1 170 2 169 1 168 2 167 1 166 1 165 2 164 2 163 2 160 1 158 2 157 1 156 2 155 1 154 1 153 2 152 2 151 1 150 2 149 1 148 1 147 1 145 1 144 1 143 1 142 1 141 2 140 1 139 2 138 1 136 2 135 1 134 2 133 2 132 1 131 1 130 2 129 1 128 2 126 1 123 1 122 2 120 2 119 2 116 2 115 2 114 1 112 2 111 2 109 2 108 2 106 1 104 2 103 2 102 2 100 2 99 2 98 2 97 1 96 1 95 2 94 1 91 2 90 1 89 1 88 1 86 1 85 1 83 1 82 1 81 2 80 1 79 2 78 2 77 1 76 2 75 2 74 1 73 2 72 2 71 1 70 2 69 2 68 1 67 2 66 2 65 1 64 2 63 2 62 1 61 2 60 1 58 1 57 1 55 1 54 1 53 2 52 1 50 1 48 2 47 2 46 2 45 2 44 1 43 2 42 1 40 1 38 1 33 2 32 2 31 2 30 1 28 1 27 1 26 2 25 1 24 1 23 2 22 1
123 189 1 188 1 187 1 186 2 185 1 184 2 183 1 182 2 181 1 180 2 179 1 178 1 175 1 172 2 170 2 169 2 168 2 167 2 166 1 165 1 164 1 163 1 162 1 161 2 159 1 158 2 157 2 155 2 154 1 153 1 152 2 151 2 149 2 148 1 147 1 146 2 144 2 143 2 142 1 140 1 139 2 137 1 136 1 135 1 134 1 133 2 131 1 130 1 129 1 127 2 126 1 121 1 116 1 115 2 114 2 113 1 111 2 110 1 109 1 107 2 105 2 104 1 102 2 101 1 100 1 98 2 97 2 95 2 92 1 89 2 88 1 86 2 85 1 84 2 83 2 82 2 81 2 80 1 79 1 78 1 77 1 76 1 74 1 73 1 71 1 70 1 68 1 67 1 65 1 64 1 62 1 61 1 60 1 59 2 58 2 57 2 56 2 55 2 54 2 53 2 52 2 48 1 47 1 46 1 45 2 44 1 43 1 41 2 40 2 39 1 36 2 32 1 31 1 30 1 29 2 28 2 27 2 26 2 25 2 24 2 23 2 22 2 21 2
114 191 1 189 1 188 1 186 2 183 2 182 2 179 2 176 1 175 1 174 1 171 1 170 2 168 2 167 1 165 2 163 2 161 2 157 2 156 1 155 2 154 2 153 1 152 1 151 2 150 1 149 2 148 2 147 2 145 2 144 2 143 2 142 2 141 1 139 1 138 2 137 1 135 2 134 2 132 2 130 1 129 2 128 1 126 2 123 2 122 1 119 2 117 2 116 2 115 2 112 2 111 1 110 1 109 1 107 1 105 1 103 2 101 1 100 2 99 2 98 2 97 2 96 1 95 1 94 1 89 2 87 2 86 1 85 1 84 2 82 1 81 1 78 1 76 1 75 1 74 2 73 1 72 1 71 2 70 1 69 1 68 2 67 1 66 1 65 2 64 1 63 1 62 2 61 1 60 2 59 2 58 2 57 2 56 2 54 2 48 1 46 2 45 1 44 1 43 2 42 2 41 1 40 2 38 1 37 1 35 2 34 1 33 1 32 2 31 1 30 2 29 2 27 2 24 2 22 2
118 190 1 188 1 187 1 186 2 184 1 183 2 182 1 180 1 179 2 178 1 176 2 174 1 171 2 170 2 169 2 167 1 166 2 165 1 164 2 163 1 160 1 158 2 157 2 155 1 154 2 153 2 152 1 151 1 149 1 148 2 147 2 146 1 144 1 143 1 142 2 139 2 137 2 135 1 132 2 131 1 130 1 129 2 127 1 126 2 121 1 120 2 118 2 117 2 115 2 111 2 110 2 109 1 108 2 107 2 106 1 104 2 103 1 102 1 101 2 100 2 99 2 98 2 97 1 96 2 95 2 94 2 93 2 92 2 91 2 89 1 85 1 84 2 83 1 82 2 79 1 78 1 77 1 76 1 74 2 73 2 71 2 70 2 68 2 67 2 65 2 64 2 62 2 61 2 60 2 57 1 56 1 54 2 52 2 51 1 48 2 47 2 46 1 45 2 44 1 42 1 41 1 40 1 39 2 37 2 36 2 35 2 34 1 33 1 32 2 31 2 30 2 29 1 27 2 25 2 24 2 23 2 22 2 21 1
136 191 1 190 2 189 2 188 2 187 1 186 2 184 2 183 2 182 2 180 1 179 1 178 2 177 2 176 2 175 2 172 1 170 1 169 2 167 2 166 2 165 1 164 1 163 2 161 2 159 2 158 2 157 1 156 1 155 1 152 1 151 2 148 1 146 1 143 1 141 2 139 1 138 2 137 1 136 2 135 2 134 1 132 1 129 2 128 1 127 1 126 1 125 1 124 2 123 1 121 1 120 1 119 1 118 2 117 1 116 2 115 2 113 2 112 2 111 2 110 2 109 1 107 2 105 2 104 1 103 1 102 1 99 1 98 2 97 1 96 1 94 2 93 2 91 2 90 2 89 2 88 2 87 1 86 1 85 1 84 1 83 1 82 2 80 2 79 1 77 2 76 1 75 1 74 1 73 2 72 2 71 1 70 1 69 1 68 1 66 2 64 2 63 2 62 1 61 1 60 2 59 2 58 2 55 2 54 1 51 2 48 1 43 1 41 1 40 1 39 1 38 2 37 2 36 1 34 1 33 1 32 2 30 2 29 2 28 2 26 2 25 1 21 1 20 2 19 1 18 1 17 2 15 1 14 2 13 2 12 2 10 2 8 2 6 1 5 1 1 2 0 1
124 190 2 189 2 188 1 186 1 185 2 184 1 183 2 181 1 179 1 178 1 177 1 176 2 175 1 173 1 171 2 169 2 168 1 167 2 166 2 165 2 164 1 163 1 160 2 159 1 157 2 155 2 153 2 151 2 150 2 149 1 147 1 146 2 144 1 143 2 142 2 138 2 137 1 136 1 133 1 132 1 131 1 129 2 128 1 124 2 123 2 121 2 120 2 119 1 118 2 117 1 116 1 115 2 114 2 109 2 107 1 106 1 105 1 104 1 103 2 102 2 100 2 99 2 98 2 97 2 96 1 95 2 94 2 85 1 83 1 82 1 81 2 80 2 79 2 78 2 76 2 75 1 72 1 70 2 69 1 68 1 67 1 65 1 64 1 63 1 62 2 60 2 58 2 56 1 55 1 53 1 52 2 47 2 46 2 44 2 43 1 42 1 41 2 40 1 39 2 38 2 37 2 33 2 32 2 31 2 30 2 29 2 28 2 27 2 26 2 25 2 23 2 21 2 18 2 16 1 15 2 14 2 13 2 11 2 10 2 9 2 8 1 6 1 5 2 4 1
131 191 2 190 2 189 2 188 1 186 2 185 2 183 2 180 1 179 2 178 1 177 1 176 1 174 2 173 2 170 2 169 2 168 1 167 2 165 2 164 2 163 1 161 1 159 1 158 2 157 1 156 2 154 1 153 2 152 2 151 2 150 1 149 2 145 1 144 2 143 2 142 1 141 2 140 1 139 1 138 1 137 2 136 1 135 1 134 2 132 2 131 1 130 2 129 1 126 1 125 2 124 2 121 1 120 1 118 1 116 1 115 1 113 1 112 2 111 2 110 2 109 1 107 1 106 2 104 2 101 2 99 1 98 1 97 2 96 2 92 2 91 2 90 1 89 1 88 2 85 1 84 2 83 2 82 1 80 1 79 2 77 2 76 1 75 2 73 2 71 2 70 2 69 1 68 2 67 1 65 2 64 2 62 2 60 1 59 2 58 1 57 2 56 2 55 2 54 1 52 2 48 2 47 1 46 1 45 2 43 1 38 1 37 2 36 1 33 1 32 1 31 2 30 2 29 1 28 2 27 2 26 1 25 2 23 2 22 1 21 2 19 1 17 1 16 1 15 2 14 1 13 2 11 1 10 1 8 1 6 1 3 2
132 191 1 190 2 189 1 187 1 186 1 183 1 181 1 180 2 179 2 178 2 177 2 175 1 174 2 170 1 169 2 166 1 164 2 163 2 160 1 158 2 157 1 155 2 154 2 153 2 152 1 151 2 150 1 147 1 146 2 145 2 143 2 142 2 141 2 140 2 137 2 136 2 133 2 131 1 129 1 127 2 126 1 125 1 124 2 123 1 122 2 120 2 119 2 118 2 116 2 115 1 114 1 113 1 112 1 111 1 110 2 109 1 108 1 107 1 106 1 103 2 98 1 97 1 96 2 93 2 92 1 90 2 89 1 88 1 87 1 86 2 85 2 84 2 83 2 82 2 81 1 80 1 79 1 78 2 77 2 76 1 75 2 74 1 73 2 71 1 70 2 68 2 67 2 66 2 65 1 63 1 61 2 60 1 59 2 58 1 57 1 56 1 54 2 53 1 51 2 48 1 47 2 45 1 44 2 42 1 40 2 38 1 37 1 33 1 32 1 31 1 30 1 29 1 28 1 27 1 26 1 25 1 24 2 23 2 21 1 20 2 19 1 17 2 16 1 14 1 13 1 12 1 11 2 9 2 7 1 6 1 4 2 3 2
134 191 1 190 2 189 2 188 2 187 1 186 2 185 1 184 1 182 1 181 1 180 2 178 1 177 2 176 1 173 2 172 2 171 1 169 1 166 1 164 1 163 2 161 2 159 2 158 1 157 2 155 2 154 2 153 2 152 2 149 1 148 1 147 1 146 2 145 2 144 2 143 2 142 1 141 2 140 2 138 1 137 1 136 2 135 2 134 1 132 1 131 2 130 1 129 1 128 2 125 2 123 1 122 1 120 1 119 2 118 1 112 1 111 2 108 2 106 1 105 2 104 1 103 2 102 1 101 2 100 1 99 2 98 1 96 1 95 2 93 2 92 2 89 1 88 1 87 1 86 2 83 1 82 2 80 2 79 1 77 1 76 2 74 2 73 1 72 1 71 2 68 1 65 2 64 1 63 2 61 1 60 1 59 1 58 1 56 2 55 1 54 1 53 2 52 2 51 2 49 2 48 1 47 1 46 2 45 2 44 1 43 1 42 1 40 1 39 2 38 2 37 1 36 2 33 2 32 2 31 1 30 1 29 2 28 1 27 1 26 2 25 1 23 1 22 2 21 2 20 1 19 2 18 2 17 1 14 2 11 1 10 2 9 1 7 2 4 1
133 191 2 189 2 187 1 186 2 183 1 180 2 179 2 178 2 175 1 174 2 171 1 169 1 168 2 166 2 165 2 164 1 163 1 160 2 158 1 157 1 156 1 155 1 154 2 152 1 151 2 149 1 148 1 147 2 146 1 145 2 144 2 142 2 141 2 140 2 139 2 138 2 137 1 136 1 133 1 131 2 130 2 127 2 126 1 125 1 124 2 122 1 119 1 117 2 115 1 113 2 111 1 110 1 109 2 108 1 107 1 106 2 105 1 104 1 102 1 100 1 99 1 94 2 93 2 92 2 90 2 88 2 87 1 86 1 85 1 83 1 82 1 81 2 80 2 79 2 78 1 77 1 76 1 75 2 74 2 73 2 72 2 71 1 70 2 69 1 68 2 67 1 66 2 65 2 64 2 62 1 60 1 58 1 57 2 56 2 55 2 54 2 52 2 50 2 48 1 47 1 46 1 45 1 43 1 41 1 39 2 38 2 37 2 33 2 32 2 31 2 30 2 29 2 28 2 27 2 26 2 25 2 24 1 23 1 22 1 21 1 20 1 19 1 18 1 17 2 16 1 15 2 14 1 13 2 12 1 11 1 10 1 8 2 5 1
132 190 2 189 2 188 2 186 2 183 1 180 1 179 1 178 1 177 1 176 2 174 1 170 2 169 2 168 1 167 1 165 2 164 2 163 1 161 1 159 1 158 2 157 1 155 1 154 1 153 2 152 1 151 2 150 2 149 2 147 1 146 1 145 1 143 1 142 1 141 2 140 1 139 1 138 2 137 2 136 1 135 2 134 2 132 1 131 1 130 2 128 1 125 1 124 2 123 1 121 1 120 1 118 1 116 2 115 1 112 2 110 1 109 1 107 1 106 2 105 1 102 2 101 2 97 2 95 1 93 1 91 2 90 1 89 1 88 2 86 2 85 1 84 2 83 2 82 1 80 1 79 2 77 2 76 1 74 1 73 2 71 1 70 2 69 2 68 2 67 1 66 2 65 1 64 2 63 1 60 2 59 2 58 1 57 2 56 1 55 2 53 1 52 2 48 2 47 2 46 1 45 1 44 2 43 1 42 2 39 2 38 1 37 2 36 1 33 1 32 1 31 2 30 2 29 1 28 2 27 1 26 1 25 2 24 1 23 2 22 1 20 2 19 1 18 1 17 2 16 1 14 1 13 2 12 2 11 2 10 1 9 1 6 1
116 191 1 189 2 188 1 187 2 186 2 185 1 182 1 180 2 179 1 178 1 177 1 176 2 174 1 171 1 170 1 169 2 166 2 165 2 163 2 160 1 158 2 157 2 156 2 155 2 154 1 151 1 149 1 147 1 146 1 144 1 143 2 142 2 141 1 140 2 139 1 138 1 137 2 136 1 134 1 128 1 127 2 126 2 125 2 122 2 120 1 119 2 115 2 114 2 113 2 112 2 111 2 110 2 109 1 107 1 106 1 104 2 103 1 98 2 97 2 96 1 93 1 89 1 88 1 87 1 86 2 84 1 82 2 81 1 80 1 79 1 78 2 77 2 76 2 75 1 74 1 73 1 72 1 70 1 69 2 66 1 62 2 61 1 60 2 57 1 55 2 54 1 53 1 48 2 47 2 45 2 43 1 41 2 40 2 39 1 38 2 37 1 33 1 32 1 31 1 30 1 29 1 28 2 27 1 24 2 21 2 20 1 19 1 18 2 17 1 15 1 14 2 13 2 12 2 11 1 10 1 7 1
125 191 2 188 1 187 1 184 1 183 1 181 1 180 1 178 2 177 1 176 1 175 1 173 1 172 1 171 1 170 2 169 2 167 2 166 2 165 1 164 2 163 1 161 2 159 2 158 1 157 2 155 2 154 2 153 1 152 1 151 2 150 1 148 2 144 2 142 2 141 2 140 2 139 2 138 1 136 2 133 2 130 2 129 2 128 1 127 2 126 1 125 2 123 1 122 2 121 1 120 1 119 1 117 1 115 2 114 1 111 2 110 1 109 1 108 2 107 1 105 1 104 2 102 1 101 1 100 2 98 2 97 2 96 1 95 1 93 1 88 2 87 1 86 1 85 1 84 1 83 2 82 1 80 2 79 1 77 1 76 2 74 2 73 1 71 1 70 2 69 1 67 1 66 2 64 2 63 1 61 1 60 2 58 1 57 2 56 2 55 2 54 1 53 1 52 1 51 2 48 1 47 2 46 2 44 1 43 1 41 1 40 1 36 2 33 2 32 2 31 1 30 1 28 1 25 2 24 1 22 1 21 1 20 2 18 1 17 1 15 1 14 1 12 2 11 2 9 1 8 1
133 188 2 187 1 186 2 185 2 183 1 182 2 179 1 178 2 177 1 176 2 175 1 173 2 171 1 170 1 169 1 167 1 166 2 164 2 163 1 162 2 160 2 158 1 157 1 156 1 155 1 154 2 153 2 152 1 151 2 149 1 148 1 147 2 145 2 144 1 143 1 142 2 141 2 140 1 139 2 138 1 137 1 136 1 135 2 134 1 133 1 131 1 130 2 128 1 127 2 124 2 123 2 122 2 116 1 115 1 114 2 110 2 109 2 108 1 106 2 105 1 101 1 100 1 99 1 98 1 96 1 94 2 93 1 89 1 88 2 87 2 86 2 85 1 84 1 83 2 82 1 81 1 80 2 79 2 78 1 77 1 76 1 75 2 74 2 73 2 72 1 71 1 70 2 69 1 68 2 67 1 66 2 65 1 64 2 63 1 62 2 60 1 59 2 58 1 57 1 56 1 55 2 54 2 53 2 52 2 48 2 47 1 46 1 45 1 44 2 43 1 41 2 39 1 37 2 36 2 33 2 32 2 31 2 29 2 28 2 26 1 25 2 24 1 23 2 22 1 21 1 19 1 18 2 16 1 15 2 13 2 12 1 10 1 9 2
122 191 2 190 1 189 1 187 1 185 1 184 1 183 2 182 1 181 1 180 2 179 1 177 1 175 2 174 1 173 1 172 1 171 1 169 2 168 2 164 1 162 2 161 1 159 1 158 2 157 1 155 1 154 1 153 2 152 2 151 1 149 1 148 1 147 2 146 2 144 2 143 1 142 1 141 1 140 1 138 2 137 2 136 2 134 1 133 1 132 2 131 2 130 1 129 2 127 1 126 1 123 1 122 2 121 2 119 1 118 2 117 1 116 2 115 2 113 2 108 2 106 2 103 1 102 1 101 1 100 1 99 1 98 1 96 2 95 1 94 1 93 2 92 2 91 1 89 2 88 2 87 1 86 1 85 1 83 1 81 2 80 1 79 2 77 2 76 1 74 1 73 2 71 2 70 1 68 1 67 2 65 2 64 1 62 1 61 2 60 2 59 1 58 1 56 2 55 2 53 1 52 2 51 1 49 1 48 2 47 2 44 1 43 2 42 2 41 1 40 1 39 1 37 1 33 1 32 1 30 2 29 1 28 1 26 2 25 1 23 1 22 2 21 1
134 191 2 188 1 187 1 185 1 184 2 183 1 182 1 181 2 180 2 179 2 178 2 177 2 176 1 174 2 173 2 171 2 170 2 169 2 168 2 167 2 166 1 165 1 164 2 163 1 160 1 158 2 157 2 156 2 155 2 154 1 153 1 152 2 151 2 150 2 149 2 148 1 147 2 145 2 144 1 143 2 142 1 141 1 140 1 139 1 138 1 136 2 135 2 134 2 133 1 132 1 131 2 130 2 129 2 128 2 126 1 123 2 122 2 120 2 119 1 116 2 115 1 114 1 112 2 111 1 109 1 108 2 106 1 104 2 103 1 102 2 100 2 99 1 98 2 97 2 96 1 95 1 94 1 91 1 90 1 89 2 88 1 86 1 85 2 83 2 82 1 81 1 80 1 79 1 78 2 77 2 76 2 75 1 74 1 73 1 72 2 71 2 70 2 69 1 68 1 67 1 66 2 65 2 64 2 63 1 62 1 61 1 60 1 58 1 57 2 55 2 54 1 53 1 52 1 50 1 48 2 47 1 46 2 45 1 44 1 43 1 42 1 40 1 38 1 33 1 32 2 31 1 30 1 28 1 27 2 26 2 25 2 24 1 23 1 22 1
123 189 1 188 2 187 1 186 1 185 1 184 1 183 1 182 1 181 1 180 1 179 1 178 2 175 1 172 1 170 1 169 2 168 1 167 2 166 2 165 1 164 2 163 1 162 2 161 2 159 1 158 1 157 2 155 2 154 2 153 1 152 1 151 2 149 2 148 2 147 1 146 1 144 1 143 2 142 2 140 2 139 2 137 1 136 2 135 1 134 2 133 2 131 1 130 2 129 1 127 2 126 2 121 1 116 2 115 2 114 1 113 1 111 2 110 2 109 1 107 2 105 2 104 2 102 1 101 1 100 2 98 1 97 2 95 2 92 2 89 2 88 2 86 1 85 1 84 1 83 2 82 1 81 2 80 2 79 1 78 2 77 1 76 2 74 2 73 1 71 1 70 2 68 2 67 1 65 1 64 2 62 2 61 1 60 2 59 2 58 1 57 2 56 1 55 2 54 1 53 2 52 1 48 2 47 1 46 2 45 2 44 2 43 1 41 2 40 1 39 1 36 1 32 2 31 1 30 2 29 2 28 1 27 2 26 1 25 2 24 1 23 2 22 1 21 2
114 191 2 189 2 188 1 186 2 183 1 182 2 179 1 176 1 175 2 174 1 171 2 170 2 168 2 167 2 165 1 163 1 161 1 157 1 156 1 155 1 154 2 153 2 152 1 151 1 150 1 149 1 148 2 147 1 145 1 144 2 143 1 142 2 141 2 139 2 138 2 137 2 135 1 134 2 132 2 130 1 129 1 128 1 126 2 123 1 122 1 119 1 117 1 116 2 115 1 112 2 111 2 110 1 109 2 107 2 105 2 103 1 101 2 100 2 99 1 98 2 97 1 96 1 95 2 94 1 89 1 87 1 86 1 85 2 84 2 82 1 81 2 78 1 76 1 75 2 74 2 73 2 72 1 71 1 70 1 69 2 68 2 67 2 66 1 65 1 64 1 63 2 62 2 61 2 60 2 59 1 58 2 57 1 56 2 54 2 48 1 46 2 45 2 44 1 43 1 42 2 41 2 40 2 38 1 37 2 35 1 34 1 33 2 32 2 31 2 30 2 29 1 27 1 24 2 22 2
118 190 2 188 2 187 1 186 1 184 2 183 2 182 2 180 2 179 2 178 2 176 1 174 2 171 2 170 1 169 2 167 1 166 1 165 1 164 1 163 1 160 2 158 1 157 2 155 1 154 1 153 2 152 2 151 1 149 1 148 1 147 2 146 2 144 2 143 1 142 1 139 2 137 2 135 1 132 1 131 1 130 2 129 2 127 1 126 1 121 1 120 1 118 1 117 2 115 2 111 2 110 1 109 1 108 1 107 2 106 2 104 1 103 1 102 2 101 2 100 1 99 2 98 1 97 1 96 1 95 2 94 1 93 2 92 1 91 2 89 1 85 1 84 1 83 1 82 1 79 1 78 2 77 1 76 2 74 1 73 2 71 2 70 1 68 1 67 2 65 2 64 1 62 1 61 2 60 1 57 1 56 2 54 1 52 1 51 1 48 1 47 2 46 2 45 2 44 2 42 2 41 1 40 2 39 2 37 2 36 1 35 2 34 2 33 1 32 1 31 2 30 1 29 1 27 2 25 2 24 1 23 2 22 1 21 1
48 191 2 185 2 183 2 179 2 173 1 171 2 165 1 161 1 159 2 155 1 149 1 143 1 137 1 129 2 125 1 119 2 111 1 107 2 95 1 87 2 83 2 81 2 77 2 75 1 71 2 69 2 67 2 63 2 61 2 59 1 55 1 51 1 45 1 43 2 41 1 39 1 37 1 33 1 31 1 29 2 27 1 21 1 17 2 15 1 13 1 7 1 5 1 1 2
55 190 2 188 1 186 2 182 1 178 1 174 2 168 2 164 1 162 2 160 1 156 1 154 2 150 2 148 2 144 2 140 1 134 2 132 2 130 1 126 2 124 1 122 2 118 1 116 2 112 1 106 1 102 1 100 1 98 1 92 2 88 2 86 1 84 2 82 1 80 2 78 2 70 1 68 1 62 1 58 2 56 1 54 1 52 1 46 1 44 2 40 1 38 1 34 2 32 2 30 2 26 1 16 1 14 1 8 1 4 1
67 189 1 187 2 185 1 181 2 179 2 177 2 173 2 171 2 165 2 163 2 159 2 155 1 153 2 149 1 147 2 143 2 141 2 139 2 137 2 135 1 133 1 131 1 129 2 121 1 119 2 115 1 113 1 111 1 107 2 105 2 101 1 99 1 97 2 95 2 93 2 91 1 89 2 87 2 85 2 83 2 79 1 77 1 75 2 71 2 69 2 67 2 61 2 59 1 57 1 55 2 53 1 47 1 45 1 43 1 37 2 35 2 33 2 31 1 29 1 27 2 25 2 21 1 17 2 15 2 13 2 7 2 3 2
53 190 1 188 2 184 1 182 2 178 1 176 1 174 2 172 2 170 2 162 2 160 2 154 2 148 2 146 2 142 2 140 1 138 2 136 2 134 2 132 2 128 2 126 2 124 2 118 1 116 2 114 2 110 1 106 1 104 1 102 1 98 1 96 1 94 2 90 1 86 2 82 1 78 2 76 1 70 1 66 2 60 2 58 2 54 1 48 1 40 2 36 1 30 2 28 1 24 2 16 1 12 2 6 1 4 2
68 191 1 187 1 185 2 181 1 177 2 175 1 173 1 171 1 163 1 161 1 159 1 157 2 155 2 151 2 149 2 143 2 141 2 139 2 137 2 135 1 131 2 129 1 127 2 125 1 123 2 121 1 119 2 117 1 115 2 109 2 105 1 101 1 99 2 97 2 95 2 93 1 91 1 89 2 83 1 81 1 77 2 75 2 71 2 69 2 67 1 65 1 63 2 61 2 59 1 57 1 55 2 53 1 51 2 47 1 43 1 39 1 37 1 33 2 31 1 29 1 25 1 23 1 17 2 15 2 13 1 11 1 9 2 7 2
67 190 2 188 2 186 1 184 1 182 2 174 1 172 2 170 1 164 1 160 2 158 2 156 2 154 1 152 2 148 1 146 1 144 1 142 1 140 1 138 1 136 1 134 1 132 1 130 1 124 2 122 1 120 2 118 1 110 1 104 2 102 1 100 2 98 1 96 1 94 1 92 1 90 1 88 1 86 1 82 2 78 1 76 1 70 1 68 1 66 2 64 2 62 2 60 1 58 2 56 2 52 2 48 1 46 2 44 1 42 1 38 1 36 1 32 1 28 2 26 1 24 2 22 2 16 1 14 1 12 2 10 2 8 2
53 191 2 189 1 187 1 183 2 181 1 179 1 177 2 175 2 173 2 171 2 169 1 167 2 149 2 145 1 139 2 135 2 133 1 131 2 129 2 127 1 125 2 123 2 119 1 117 2 115 1 113 2 109 2 107 2 105 2 103 2 101 1 99 2 97 2 93 1 89 2 87 2 85 1 83 1 71 2 65 1 59 1 51 2 45 1 41 1 39 1 33 2 27 1 23 1 21 2 17 1 15 2 11 2 9 1
49 188 1 184 2 182 1 168 1 166 1 162 1 160 2 158 2 156 2 150 1 146 2 142 2 134 2 130 1 124 2 122 1 118 1 112 1 108 1 106 1 104 1 102 2 96 2 92 2 90 2 86 2 80 2 78 2 74 1 70 2 66 2 64 2 62 2 60 1 58 1 54 2 52 2 42 2 40 2 38 2 36 1 34 2 32 2 30 2 24 2 20 2 18 2 14 2 10 1
59 191 1 189 1 187 2 185 2 183 1 181 2 179 2 173 1 171 1 167 2 165 1 161 2 159 1 157 1 153 2 149 1 145 1 143 2 133 1 131 2 129 2 123 2 121 2 113 2 107 2 105 2 103 2 101 2 99 1 93 2 91 1 89 1 85 1 83 2 79 1 75 2 73 2 69 2 65 1 63 1 61 1 57 1 53 2 45 1 41 1 39 2 37 1 35 2 33 1 31 1 27 1 23 2 21 2 19 1 17 2 15 2 13 1 11 2 9 1
53 190 1 188 1 186 1 182 1 180 2 178 2 176 2 172 1 170 1 168 1 166 1 162 2 156 2 150 1 148 1 146 1 144 2 140 2 134 1 132 1 130 1 128 1 126 1 124 1 118 2 116 1 112 1 110 2 108 1 106 1 104 2 100 2 98 2 96 2 90 2 88 1 86 1 84 1 82 2 70 1 66 2 64 2 60 1 58 2 54 1 42 2 40 2 36 1 22 2 18 1 16 2 12 1 10 1
59 191 2 189 1 187 1 183 2 179 1 177 2 173 1 169 1 167 1 165 1 163 2 157 2 155 2 153 2 149 1 145 1 143 2 141 2 139 2 137 1 133 1 131 2 123 2 121 1 119 1 117 2 115 2 107 2 105 1 103 2 101 2 93 1 91 2 87 2 85 2 83 1 77 1 75 1 71 2 69 2 65 1 63 1 59 1 57 1 53 2 51 1 49 1 47 2 45 2 43 2 41 2 39 1 33 1 31 2 29 2 27 2 25 1 23 1 21 2
52 190 1 182 2 178 2 176 1 172 2 168 2 166 2 164 2 162 1 158 2 154 1 148 2 142 1 138 2 136 2 132 1 130 1 128 2 122 1 120 1 118 2 116 1 110 1 108 2 106 1 102 2 100 1 98 1 92 2 90 2 86 1 84 1 82 2 78 2 76 2 72 1 70 1 66 2 64 2 58 2 54 1 52 1 50 1 48 2 46 1 44 2 40 1 32 2 28 1 26 1 24 2 22 2
51 191 1 187 2 185 1 183 2 181 2 179 1 177 1 175 1 171 1 169 2 167 2 165 1 153 1 147 2 145 2 139 1 135 1 133 2 131 2 127 2 123 1 119 2 117 1 115 2 113 1 111 1 109 1 107 2 105 1 103 1 99 1 97 1 95 2 93 1 85 2 83 1 77 1 75 2 71 1 69 1 65 2 63 2 53 2 51 2 47 2 45 2 41 1 35 2 33 2 23 1 21 2
62 188 1 184 1 182 1 180 1 178 2 176 1 174 1 172 1 170 1 168 2 166 1 160 2 152 1 148 2 144 2 142 1 138 2 136 1 134 1 130 2 128 1 126 2 124 2 122 2 120 1 118 1 116 2 112 2 110 2 106 1 102 2 100 1 98 1 94 2 90 2 88 2 86 2 84 2 82 2 78 2 76 1 74 1 70 2 68 2 64 1 62 1 60 2 56 2 54 1 52 2 48 2 46 2 44 1 42 2 40 2 38 2 36 2 32 2 30 1 28 2 24 2 22 2
62 191 2 189 2 187 2 183 1 181 2 179 1 177 1 175 2 173 1 171 1 169 2 167 2 161 2 153 2 151 2 149 2 143 1 141 2 137 1 135 1 133 2 127 2 125 2 123 1 121 1 119 2 117 2 115 1 113 1 111 2 109 1 107 2 105 2 101 1 99 1 97 2 93 2 89 2 85 1 83 1 75 2 73 2 71 1 69 2 67 1 65 2 63 1 61 2 57 1 55 1 51 1 43 2 41 1 39 1 37 1 35 1 33 1 31 1 29 2 27 1 23 1 21 2
59 191 2 189 1 185 1 179 2 177 1 173 1 167 2 165 1 161 2 155 1 153 2 149 2 143 2 141 1 137 1 135 1 133 1 131 2 129 1 125 2 123 1 121 1 119 1 117 2 113 2 111 1 109 1 107 2 105 1 101 1 99 1 97 1 95 2 93 1 89 1 87 1 85 1 83 2 81 1 77 1 71 2 69 1 65 1 59 2 57 1 53 1 47 2 45 1 41 1 35 1 33 2 29 2 23 1 21 2 17 1 11 2 9 1 5 1 1 2
55 190 1 186 1 180 2 178 1 174 1 168 2 166 1 162 2 156 1 154 2 150 2 144 2 142 1 138 1 134 1 132 1 130 1 128 2 126 2 122 1 118 2 116 2 114 2 110 1 108 1 106 1 104 2 102 1 98 1 96 1 94 1 92 2 90 1 86 1 84 1 82 1 78 1 72 2 70 1 66 1 60 2 58 1 54 1 48 2 46 1 42 1 36 1 34 2 30 2 24 1 22 2 18 1 12 2 10 1 6 1
47 191 2 189 1 183 2 179 2 177 1 171 2 167 2 165 1 159 1 155 1 153 2 147 1 143 2 141 1 133 2 131 2 123 2 121 2 119 1 117 1 111 2 109 2 107 2 97 2 95 2 85 2 83 2 81 1 75 2 71 2 69 1 63 2 59 2 57 1 51 2 47 2 45 1 39 2 35 1 33 2 27 1 23 1 21 2 15 2 11 2 9 1 3 2
55 190 1 184 2 180 2 178 1 172 2 168 2 166 1 160 1 156 1 154 2 148 1 144 2 142 1 136 2 134 1 132 1 130 1 126 1 124 1 122 1 118 2 114 1 112 1 110 1 108 1 106 1 102 1 100 2 98 1 96 1 94 1 90 1 88 2 86 1 84 1 82 1 76 2 72 2 70 1 64 2 60 2 58 1 52 2 48 2 46 1 40 2 36 1 34 2 28 1 24 1 22 2 16 2 12 2 10 1 4 2
42 191 1 189 1 179 1 177 1 167 1 165 1 153 2 143 1 141 1 135 1 133 2 131 1 129 1 127 1 123 1 121 2 117 2 115 1 111 1 109 2 107 1 105 1 103 1 99 1 97 2 95 1 93 1 91 1 87 1 85 2 83 1 81 1 71 1 69 1 59 1 57 1 45 1 35 2 33 2 23 2 21 2 9 1
33 190 1 180 1 178 1 168 1 166 1 154 2 144 1 142 1 134 1 130 1 128 2 122 1 120 2 118 2 116 2 110 1 106 1 104 2 98 1 94 1 92 2 86 1 82 1 72 1 70 1 60 1 58 1 46 1 36 2 34 2 24 2 22 2 10 1
39 191 2 189 2 179 2 177 2 167 2 165 2 155 1 143 2 141 2 135 1 133 2 131 2 129 1 123 1 121 2 119 1 117 2 111 1 109 2 107 2 105 1 99 1 97 2 95 2 93 1 87 1 85 2 83 2 81 2 71 2 69 2 59 2 57 2 47 2 35 1 33 1 23 1 21 1 11 2
34 190 2 180 2 178 2 168 2 166 2 156 1 144 2 142 2 132 1 130 2 128 2 126 1 116 2 114 1 108 1 106 2 104 2 102 1 96 1 94 2 92 2 90 1 84 1 82 2 72 2 70 2 60 2 58 2 48 2 36 1 34 1 24 1 22 1 12 2
34 191 1 189 1 179 1 177 1 167 1 165 1 153 2 143 1 141 1 133 2 131 1 127 1 121 2 117 1 115 1 109 2 107 1 103 1 97 2 95 1 91 1 85 2 83 1 81 1 71 1 69 1 59 1 57 1 45 1 35 2 33 2 23 2 21 2 9 1
40 190 1 180 1 178 1 168 1 166 1 154 2 144 1 142 1 134 1 132 1 130 1 128 2 126 1 122 1 118 2 116 2 114 1 110 1 108 1 106 1 104 2 102 1 98 1 96 1 94 1 92 2 90 1 86 1 84 1 82 1 72 1 70 1 60 1 58 1 46 1 36 2 34 2 24 2 22 2 10 1
42 191 1 189 2 185 2 179 1 177 2 173 2 167 1 165 2 143 1 141 2 137 2 135 1 131 1 129 1 127 1 123 1 117 2 115 1 111 1 107 1 105 1 103 1 101 2 99 1 95 1 93 1 91 1 89 2 87 1 83 1 81 2 77 2 71 1 69 2 65 2 59 1 57 2 35 2 33 1 29 1 23 2 21 1
32 190 2 186 2 180 1 178 2 174 2 168 1 166 2 144 1 142 2 138 2 130 2 128 2 126 1 120 2 116 2 114 1 106 2 104 2 94 2 92 2 82 2 78 2 72 1 70 2 66 2 60 1 58 2 36 2 34 1 30 1 24 2 22 1
42 191 1 189 2 183 1 179 1 177 2 171 1 167 1 165 2 143 1 141 2 135 1 133 2 131 1 129 1 127 1 121 2 117 2 115 1 109 2 107 1 105 1 103 1 99 1 97 2 95 1 93 1 91 1 87 1 85 2 83 1 81 2 75 1 71 1 69 2 63 1 59 1 57 2 35 2 33 1 27 2 23 2 21 1
40 190 2 184 1 180 1 178 2 172 1 168 1 166 2 164 2 144 1 142 2 136 1 132 1 130 2 128 1 126 1 116 1 114 1 108 1 106 2 104 1 102 1 100 1 96 1 94 2 92 1 90 1 88 1 84 1 82 2 76 1 72 1 70 2 64 1 60 1 58 2 36 2 34 1 28 2 24 2 22 1
34 191 1 189 2 185 2 179 1 177 2 173 2 167 1 165 1 143 1 141 2 137 2 131 1 127 1 117 1 115 1 107 1 103 1 101 2 95 1 91 1 89 2 83 1 81 2 77 2 71 1 69 2 65 2 59 1 57 2 35 2 33 1 29 1 23 2 21 1
55 190 1 186 1 180 2 178 1 174 1 168 2 166 1 162 2 156 1 154 2 150 2 144 2 142 1 138 1 134 1 132 1 130 1 128 2 126 2 122 1 118 2 116 2 114 2 110 1 108 1 106 1 104 2 102 1 98 1 96 1 94 1 92 2 90 1 86 1 84 1 82 1 78 1 72 2 70 1 66 1 60 2 58 1 54 1 48 2 46 1 42 1 36 1 34 2 30 2 24 1 22 2 18 1 12 2 10 1 6 1
47 191 2 189 1 183 2 179 2 177 1 171 2 167 2 165 1 159 1 155 1 153 2 147 1 143 2 141 1 133 2 131 2 123 2 121 2 119 1 117 1 111 2 109 2 107 2 97 2 95 2 85 2 83 2 81 1 75 2 71 2 69 1 63 2 59 2 57 1 51 2 47 2 45 1 39 2 35 1 33 2 27 1 23 1 21 2 15 2 11 2 9 1 3 2
55 190 1 184 2 180 2 178 1 172 2 168 2 166 1 160 1 156 1 154 2 148 1 144 2 142 1 136 2 134 1 132 1 130 1 126 1 124 1 122 1 118 2 114 1 112 1 110 1 108 1 106 1 102 1 100 2 98 1 96 1 94 1 90 1 88 2 86 1 84 1 82 1 76 2 72 2 70 1 64 2 60 2 58 1 52 2 48 2 46 1 40 2 36 1 34 2 28 1 24 1 22 2 16 2 12 2 10 1 4 2
42 191 1 189 1 179 1 177 1 167 1 165 1 153 2 143 1 141 1 135 1 133 2 131 1 129 1 127 1 123 1 121 2 117 2 115 1 111 1 109 2 107 1 105 1 103 1 99 1 97 2 95 1 93 1 91 1 87 1 85 2 83 1 81 1 71 1 69 1 59 1 57 1 45 1 35 2 33 2 23 2 21 2 9 1
33 190 1 180 1 178 1 168 1 166 1 154 2 144 1 142 1 134 1 130 1 128 2 122 1 120 2 118 2 116 2 110 1 106 1 104 2 98 1 94 1 92 2 86 1 82 1 72 1 70 1 60 1 58 1 46 1 36 2 34 2 24 2 22 2 10 1
39 191 2 189 2 179 2 177 2 167 2 165 2 155 1 143 2 141 2 135 1 133 2 131 2 129 1 123 1 121 2 119 1 117 2 111 1 109 2 107 2 105 1 99 1 97 2 95 2 93 1 87 1 85 2 83 2 81 2 71 2 69 2 59 2 57 2 47 2 35 1 33 1 23 1 21 1 11 2
34 190 2 180 2 178 2 168 2 166 2 156 1 144 2 142 2 132 1 130 2 128 2 126 1 116 2 114 1 108 1 106 2 104 2 102 1 96 1 94 2 92 2 90 1 84 1 82 2 72 2 70 2 60 2 58 2 48 2 36 1 34 1 24 1 22 1 12 2
34 191 1 189 1 179 1 177 1 167 1 165 1 153 2 143 1 141 1 133 2 131 1 127 1 121 2 117 1 115 1 109 2 107 1 103 1 97 2 95 1 91 1 85 2 83 1 81 1 71 1 69 1 59 1 57 1 45 1 35 2 33 2 23 2 21 2 9 1
40 190 1 180 1 178 1 168 1 166 1 154 2 144 1 142 1 134 1 132 1 130 1 128 2 126 1 122 1 118 2 116 2 114 1 110 1 108 1 106 1 104 2 102 1 98 1 96 1 94 1 92 2 90 1 86 1 84 1 82 1 72 1 70 1 60 1 58 1 46 1 36 2 34 2 24 2 22 2 10 1
42 191 1 189 2 185 2 179 1 177 2 173 2 167 1 165 2 143 1 141 2 137 2 135 1 131 1 129 1 127 1 123 1 117 2 115 1 111 1 107 1 105 1 103 1 101 2 99 1 95 1 93 1 91 1 89 2 87 1 83 1 81 2 77 2 71 1 69 2 65 2 59 1 57 2 35 2 33 1 29 1 23 2 21 1
32 190 2 186 2 180 1 178 2 174 2 168 1 166 2 144 1 142 2 138 2 130 2 128 2 126 1 120 2 116 2 114 1 106 2 104 2 94 2 92 2 82 2 78 2 72 1 70 2 66 2 60 1 58 2 36 2 34 1 30 1 24 2 22 1
42 191 1 189 2 183 1 179 1 177 2 171 1 167 1 165 2 143 1 141 2 135 1 133 2 131 1 129 1 127 1 121 2 117 2 115 1 109 2 107 1 105 1 103 1 99 1 97 2 95 1 93 1 91 1 87 1 85 2 83 1 81 2 75 1 71 1 69 2 63 1 59 1 57 2 35 2 33 1 27 2 23 2 21 1
40 190 2 184 1 180 1 178 2 172 1 168 1 166 2 164 2 144 1 142 2 136 1 132 1 130 2 128 1 126 1 116 1 114 1 108 1 106 2 104 1 102 1 100 1 96 1 94 2 92 1 90 1 88 1 84 1 82 2 76 1 72 1 70 2 64 1 60 1 58 2 36 2 34 1 28 2 24 2 22 1
34 191 1 189 2 185 2 179 1 177 2 173 2 167 1 165 1 143 1 141 2 137 2 131 1 127 1 117 1 115 1 107 1 103 1 101 2 95 1 91 1 89 2 83 1 81 2 77 2 71 1 69 2 65 2 59 1 57 2 35 2 33 1 29 1 23 2 21 1
38 190 2 186 2 180 1 178 2 174 2 168 1 166 2 162 1 144 1 142 2 138 2 132 1 130 2 128 2 126 2 116 2 114 2 108 1 106 2 104 2 102 1 96 1 94 2 92 2 90 1 84 1 82 2 78 2 72 1 70 2 66 2 60 1 58 2 36 2 34 1 30 1 24 2 22 1
61 190 2 186 1 184 1 178 2 174 2 172 1 168 1 166 2 160 2 156 1 154 1 150 2 148 2 142 2 138 2 136 1 134 2 132 1 130 2 126 1 124 2 122 2 120 2 118 1 114 1 112 2 110 2 108 2 106 2 102 2 100 1 98 2 96 1 94 2 90 1 88 1 86 2 82 2 78 1 76 1 70 2 66 2 64 1 60 1 58 2 52 1 48 2 46 2 42 1 40 1 34 1 30 1 28 2 24 2 22 1 16 1 12 2 10 2 6 1 4 1 0 1
70 191 1 189 1 187 1 185 2 179 1 177 1 175 2 173 2 169 1 167 1 165 1 161 1 157 1 155 2 153 2 151 2 149 1 143 1 141 1 139 2 137 2 133 2 131 1 129 1 127 1 125 1 119 2 117 2 115 1 113 1 107 1 105 1 103 2 101 2 97 2 95 1 93 1 91 1 89 2 85 1 83 1 81 1 79 1 77 2 71 1 69 1 67 2 65 2 61 1 59 1 57 1 53 2 49 2 47 1 45 1 43 1 41 2 35 2 33 2 31 1 29 1 25 2 23 2 21 2 17 2 13 2 11 1 9 1 7 1 5 2
40 190 2 188 1 178 2 176 2 170 1 166 2 158 1 154 1 152 2 142 2 140 2 132 2 130 2 122 1 120 2 118 1 110 1 108 2 106 2 104 1 96 2 94 2 86 2 84 2 82 2 80 1 70 2 68 2 62 1 58 2 50 2 46 2 44 1 34 1 32 1 26 2 22 1 14 2 10 2 8 1
40 191 1 189 2 183 2 179 1 167 1 165 1 159 2 155 2 153 1 147 1 143 1 133 1 131 1 121 1 119 2 117 1 109 1 107 1 105 1 97 1 95 1 87 2 85 1 83 1 81 2 75 2 71 1 59 1 57 1 51 1 47 1 45 2 39 2 35 2 23 2 21 2 15 1 11 1 9 2 3 2
37 184 1 178 1 172 2 166 2 148 2 142 1 136 2 134 2 132 2 130 1 126 1 124 1 122 2 120 2 114 1 112 1 110 2 108 2 106 2 102 1 100 2 98 2 96 2 94 1 90 1 88 1 86 2 84 2 76 1 70 1 64 2 58 2 40 1 34 2 28 1 22 1 4 1
46 191 1 189 1 185 1 179 2 177 1 173 2 165 1 153 2 149 2 143 2 141 1 137 2 133 1 131 2 129 1 127 2 125 1 121 1 117 2 115 2 113 1 109 1 105 1 103 2 101 2 97 1 95 2 93 1 91 2 89 1 85 1 83 1 81 1 77 1 71 2 69 1 65 2 57 1 45 1 41 1 35 1 33 2 29 1 21 2 9 1 5 1
45 190 2 186 1 178 2 174 2 168 1 166 2 154 1 150 2 142 2 138 2 134 2 132 2 130 2 128 1 126 1 122 2 120 2 118 1 116 1 114 1 110 2 106 2 104 1 102 2 98 2 96 2 94 2 92 1 90 1 86 2 84 1 82 2 78 1 70 2 66 2 60 1 58 2 46 2 42 1 34 1 30 1 24 2 22 1 10 2 6 1
48 191 1 189 2 187 1 179 1 177 2 175 2 169 1 167 1 165 2 155 2 151 2 143 1 141 2 139 2 133 1 131 1 129 2 127 1 121 1 119 2 115 1 109 2 107 1 105 2 103 2 97 1 95 1 93 2 91 1 83 1 81 2 79 1 71 1 69 2 67 2 61 1 59 1 57 2 47 1 43 1 35 2 33 1 31 1 25 2 23 2 21 1 11 1 7 1
38 190 1 188 1 178 1 176 2 170 1 166 1 152 2 142 1 140 2 134 1 132 2 130 1 126 1 122 1 120 2 114 1 110 2 108 2 106 1 104 1 102 1 98 1 96 2 94 1 90 1 84 2 82 1 80 1 70 1 68 2 62 1 58 1 44 1 34 2 32 1 26 2 22 2 8 1
38 191 2 189 2 179 2 171 1 167 2 165 1 153 1 143 2 135 1 133 1 131 2 127 2 123 1 121 1 117 1 115 2 111 2 109 1 107 2 105 1 103 2 99 1 97 1 95 2 91 2 85 1 83 2 81 2 71 2 63 1 59 2 57 1 45 2 35 1 27 2 23 1 21 2 9 2
30 178 1 172 1 166 2 142 1 136 1 134 2 130 1 128 1 126 1 124 1 122 2 116 1 114 1 112 2 110 2 106 2 104 1 102 1 100 1 98 2 94 1 92 1 90 1 86 2 70 1 64 1 58 2 34 2 28 2 22 1
29 191 1 189 2 185 2 179 2 177 2 165 2 143 2 141 2 131 2 129 2 127 2 125 1 115 2 113 2 105 2 103 2 95 2 93 2 91 2 89 2 83 1 81 2 77 2 71 2 69 2 57 2 35 1 33 1 21 1
31 190 1 186 1 178 1 174 2 168 1 166 1 142 1 138 2 132 2 130 1 128 1 126 2 120 2 116 1 106 1 104 1 96 2 94 1 92 1 90 2 84 1 82 1 78 1 70 1 66 2 60 1 58 1 34 2 30 1 24 2 22 2
47 191 2 189 2 187 1 183 1 179 2 177 2 175 2 171 1 169 1 167 2 165 2 143 2 141 2 139 2 135 1 133 1 131 2 129 2 121 1 115 1 109 2 107 2 105 2 103 1 99 1 97 1 95 2 93 2 87 1 83 2 81 2 79 1 75 1 71 2 69 2 67 2 63 1 61 1 59 2 57 2 35 1 33 1 31 1 27 2 25 2 23 1 21 1
42 190 1 188 1 184 2 178 1 176 2 172 2 170 1 166 1 164 2 142 1 140 2 136 2 134 1 130 1 128 1 126 1 122 1 116 2 114 1 110 2 106 1 104 2 102 1 100 2 98 1 94 1 92 1 90 1 88 2 82 1 80 1 76 2 70 1 68 2 64 2 62 1 58 1 34 2 32 1 28 1 26 2 22 2
18 48 192
1 1 2
2 1 1 0 1
1 0 2
1 1 2
2 1 1 0 1
1 0 2
1 1 2
2 1 1 0 1
1 0 2
1 1 2
2 1 1 0 1
1 0 2
1 1 2
2 1 1 0 1
1 0 2
1 1 2
2 1 1 0 1
1 0 2
1 1 2
2 1 1 0 1
1 0 2
1 1 2
2 1 1 0 1
1 0 2
1 1 2
2 1 1 0 1
1 0 2
1 1 2
2 1 1 0 1
1 0 2
1 1 2
2 1 1 0 1
1 0 2
1 1 2
2 1 1 0 1
1 0 2
1 1 2
2 1 1 0 1
1 0 2
1 1 2
2 1 1 0 1
1 0 2
1 1 2
2 1 1 0 1
1 0 2
1 1 2
2 1 1 0 1
1 0 2
1 1 2
2 1 2 0 1
1 0 1
1 1 1
2 1 1 0 2
1 0 2
1 1 2
2 1 2 0 1
1 0 1
1 1 1
2 1 1 0 2
1 0 2
1 1 2
2 1 2 0 1
1 0 1
1 1 1
2 1 1 0 2
1 0 2
1 1 2
2 1 2 0 1
1 0 1
1 1 1
2 1 1 0 2
1 0 2
1 1 2
2 1 2 0 1
1 0 1
1 1 1
2 1 1 0 2
1 0 2
1 1 2
2 1 2 0 1
1 0 1
1 1 1
2 1 1 0 2
1 0 2
1 1 2
2 1 2 0 1
1 0 1
1 1 1
2 1 1 0 2
1 0 2
1 1 2
2 1 2 0 1
1 0 1
1 1 1
2 1 1 0 2
1 0 2
24 121 1 119 1 117 2 113 2 111 1 109 1 95 1 93 2 91 2 85 1 83 1 81 2 41 2 39 1 37 1 31 2 29 2 27 1 13 1 11 1 9 2 5 2 3 1 1 1
24 122 1 120 2 118 2 112 1 110 1 108 2 94 2 92 2 90 1 86 1 84 2 82 2 40 1 38 1 36 2 32 2 30 1 28 1 14 1 12 2 10 2 4 1 2 1 0 2
24 121 2 119 2 117 1 113 1 111 2 109 2 95 2 93 1 91 1 85 2 83 2 81 1 41 1 39 2 37 2 31 1 29 1 27 2 13 2 11 2 9 1 5 1 3 2 1 2
24 122 2 120 1 118 1 112 2 110 2 108 1 94 1 92 1 90 2 86 2 84 1 82 1 40 2 38 2 36 1 32 1 30 2 28 2 14 2 12 1 10 1 4 2 2 2 0 1
24 121 1 119 1 117 2 113 2 111 1 109 1 95 1 93 2 91 2 85 1 83 1 81 2 41 2 39 1 37 1 31 2 29 2 27 1 13 1 11 1 9 2 5 2 3 1 1 1
24 122 1 120 2 118 2 112 1 110 1 108 2 94 2 92 2 90 1 86 1 84 2 82 2 40 1 38 1 36 2 32 2 30 1 28 1 14 1 12 2 10 2 4 1 2 1 0 2
24 121 2 119 2 117 1 113 1 111 2 109 2 95 2 93 1 91 1 85 2 83 2 81 1 41 1 39 2 37 2 31 1 29 1 27 2 13 2 11 2 9 1 5 1 3 2 1 2
24 122 2 120 1 118 1 112 2 110 2 108 1 94 1 92 1 90 2 86 2 84 1 82 1 40 2 38 2 36 1 32 1 30 2 28 2 14 2 12 1 10 1 4 2 2 2 0 1
24 121 1 119 1 117 2 113 2 111 1 109 1 95 1 93 2 91 2 85 1 83 1 81 2 41 2 39 1 37 1 31 2 29 2 27 1 13 1 11 1 9 2 5 2 3 1 1 1
24 122 1 120 2 118 2 112 1 110 1 108 2 94 2 92 2 90 1 86 1 84 2 82 2 40 1 38 1 36 2 32 2 30 1 28 1 14 1 12 2 10 2 4 1 2 1 0 2
24 121 2 119 2 117 1 113 1 111 2 109 2 95 2 93 1 91 1 85 2 83 2 81 1 41 1 39 2 37 2 31 1 29 1 27 2 13 2 11 2 9 1 5 1 3 2 1 2
24 122 2 120 1 118 1 112 2 110 2 108 1 94 1 92 1 90 2 86 2 84 1 82 1 40 2 38 2 36 1 32 1 30 2 28 2 14 2 12 1 10 1 4 2 2 2 0 1
24 121 1 119 1 117 2 113 2 111 1 109 1 95 1 93 2 91 2 85 1 83 1 81 2 41 2 39 1 37 1 31 2 29 2 27 1 13 1 11 1 9 2 5 2 3 1 1 1
24 122 1 120 2 118 2 112 1 110 1 108 2 94 2 92 2 90 1 86 1 84 2 82 2 40 1 38 1 36 2 32 2 30 1 28 1 14 1 12 2 10 2 4 1 2 1 0 2
24 121 2 119 2 117 1 113 1 111 2 109 2 95 2 93 1 91 1 85 2 83 2 81 1 41 1 39 2 37 2 31 1 29 1 27 2 13 2 11 2 9 1 5 1 3 2 1 2
24 122 2 120 1 118 1 112 2 110 2 108 1 94 1 92 1 90 2 86 2 84 1 82 1 40 2 38 2 36 1 32 1 30 2 28 2 14 2 12 1 10 1 4 2 2 2 0 1
24 121 1 119 1 117 2 113 2 111 1 109 1 95 1 93 2 91 2 85 1 83 1 81 2 41 2 39 1 37 1 31 2 29 2 27 1 13 1 11 1 9 2 5 2 3 1 1 1
24 122 1 120 2 118 2 112 1 110 1 108 2 94 2 92 2 90 1 86 1 84 2 82 2 40 1 38 1 36 2 32 2 30 1 28 1 14 1 12 2 10 2 4 1 2 1 0 2
24 121 2 119 2 117 1 113 1 111 2 109 2 95 2 93 1 91 1 85 2 83 2 81 1 41 1 39 2 37 2 31 1 29 1 27 2 13 2 11 2 9 1 5 1 3 2 1 2
24 122 2 120 1 118 1 112 2 110 2 108 1 94 1 92 1 90 2 86 2 84 1 82 1 40 2 38 2 36 1 32 1 30 2 28 2 14 2 12 1 10 1 4 2 2 2 0 1
24 121 1 119 1 117 2 113 2 111 1 109 1 95 1 93 2 91 2 85 1 83 1 81 2 41 2 39 1 37 1 31 2 29 2 27 1 13 1 11 1 9 2 5 2 3 1 1 1
24 122 1 120 2 118 2 112 1 110 1 108 2 94 2 92 2 90 1 86 1 84 2 82 2 40 1 38 1 36 2 32 2 30 1 28 1 14 1 12 2 10 2 4 1 2 1 0 2
24 121 2 119 2 117 1 113 1 111 2 109 2 95 2 93 1 91 1 85 2 83 2 81 1 41 1 39 2 37 2 31 1 29 1 27 2 13 2 11 2 9 1 5 1 3 2 1 2
24 122 2 120 1 118 1 112 2 110 2 108 1 94 1 92 1 90 2 86 2 84 1 82 1 40 2 38 2 36 1 32 1 30 2 28 2 14 2 12 1 10 1 4 2 2 2 0 1
24 121 1 119 1 117 2 113 2 111 1 109 1 95 1 93 2 91 2 85 1 83 1 81 2 41 2 39 1 37 1 31 2 29 2 27 1 13 1 11 1 9 2 5 2 3 1 1 1
24 122 1 120 2 118 2 112 1 110 1 108 2 94 2 92 2 90 1 86 1 84 2 82 2 40 1 38 1 36 2 32 2 30 1 28 1 14 1 12 2 10 2 4 1 2 1 0 2
24 121 2 119 2 117 1 113 1 111 2 109 2 95 2 93 1 91 1 85 2 83 2 81 1 41 1 39 2 37 2 31 1 29 1 27 2 13 2 11 2 9 1 5 1 3 2 1 2
24 122 2 120 1 118 1 112 2 110 2 108 1 94 1 92 1 90 2 86 2 84 1 82 1 40 2 38 2 36 1 32 1 30 2 28 2 14 2 12 1 10 1 4 2 2 2 0 1
24 121 1 119 1 117 2 113 2 111 1 109 1 95 1 93 2 91 2 85 1 83 1 81 2 41 2 39 1 37 1 31 2 29 2 27 1 13 1 11 1 9 2 5 2 3 1 1 1
24 122 1 120 2 118 2 112 1 110 1 108 2 94 2 92 2 90 1 86 1 84 2 82 2 40 1 38 1 36 2 32 2 30 1 28 1 14 1 12 2 10 2 4 1 2 1 0 2
24 121 2 119 2 117 1 113 1 111 2 109 2 95 2 93 1 91 1 85 2 83 2 81 1 41 1 39 2 37 2 31 1 29 1 27 2 13 2 11 2 9 1 5 1 3 2 1 2
24 122 2 120 1 118 1 112 2 110 2 108 1 94 1 92 1 90 2 86 2 84 1 82 1 40 2 38 2 36 1 32 1 30 2 28 2 14 2 12 1 10 1 4 2 2 2 0 1
24 121 1 119 1 117 2 113 2 111 1 109 1 95 1 93 2 91 2 85 1 83 1 81 2 41 2 39 1 37 1 31 2 29 2 27 1 13 1 11 1 9 2 5 2 3 1 1 1
24 122 1 120 2 118 2 112 1 110 1 108 2 94 2 92 2 90 1 86 1 84 2 82 2 40 1 38 1 36 2 32 2 30 1 28 1 14 1 12 2 10 2 4 1 2 1 0 2
24 121 2 119 2 117 1 113 1 111 2 109 2 95 2 93 1 91 1 85 2 83 2 81 1 41 1 39 2 37 2 31 1 29 1 27 2 13 2 11 2 9 1 5 1 3 2 1 2
24 122 2 120 1 118 1 112 2 110 2 108 1 94 1 92 1 90 2 86 2 84 1 82 1 40 2 38 2 36 1 32 1 30 2 28 2 14 2 12 1 10 1 4 2 2 2 0 1
24 121 1 119 1 117 2 113 2 111 1 109 1 95 1 93 2 91 2 85 1 83 1 81 2 41 2 39 1 37 1 31 2 29 2 27 1 13 1 11 1 9 2 5 2 3 1 1 1
24 122 1 120 2 118 2 112 1 110 1 108 2 94 2 92 2 90 1 86 1 84 2 82 2 40 1 38 1 36 2 32 2 30 1 28 1 14 1 12 2 10 2 4 1 2 1 0 2
24 121 2 119 2 117 1 113 1 111 2 109 2 95 2 93 1 91 1 85 2 83 2 81 1 41 1 39 2 37 2 31 1 29 1 27 2 13 2 11 2 9 1 5 1 3 2 1 2
24 122 2 120 1 118 1 112 2 110 2 108 1 94 1 92 1 90 2 86 2 84 1 82 1 40 2 38 2 36 1 32 1 30 2 28 2 14 2 12 1 10 1 4 2 2 2 0 1
24 121 1 119 1 117 2 113 2 111 1 109 1 95 1 93 2 91 2 85 1 83 1 81 2 41 2 39 1 37 1 31 2 29 2 27 1 13 1 11 1 9 2 5 2 3 1 1 1
24 122 1 120 2 118 2 112 1 110 1 108 2 94 2 92 2 90 1 86 1 84 2 82 2 40 1 38 1 36 2 32 2 30 1 28 1 14 1 12 2 10 2 4 1 2 1 0 2
24 121 2 119 2 117 1 113 1 111 2 109 2 95 2 93 1 91 1 85 2 83 2 81 1 41 1 39 2 37 2 31 1 29 1 27 2 13 2 11 2 9 1 5 1 3 2 1 2
24 122 2 120 1 118 1 112 2 110 2 108 1 94 1 92 1 90 2 86 2 84 1 82 1 40 2 38 2 36 1 32 1 30 2 28 2 14 2 12 1 10 1 4 2 2 2 0 1
24 121 1 119 1 117 2 113 2 111 1 109 1 95 1 93 2 91 2 85 1 83 1 81 2 41 2 39 1 37 1 31 2 29 2 27 1 13 1 11 1 9 2 5 2 3 1 1 1
24 122 1 120 2 118 2 112 1 110 1 108 2 94 2 92 2 90 1 86 1 84 2 82 2 40 1 38 1 36 2 32 2 30 1 28 1 14 1 12 2 10 2 4 1 2 1 0 2
24 121 2 119 2 117 1 113 1 111 2 109 2 95 2 93 1 91 1 85 2 83 2 81 1 41 1 39 2 37 2 31 1 29 1 27 2 13 2 11 2 9 1 5 1 3 2 1 2
24 122 2 120 1 118 1 112 2 110 2 108 1 94 1 92 1 90 2 86 2 84 1 82 1 40 2 38 2 36 1 32 1 30 2 28 2 14 2 12 1 10 1 4 2 2 2 0 1
0
0
0
0
0
0
0
0
0
0
0
0
0
0
0
0
0
0
0
0
0
0
0
0
0
0
0
0
0
0
0
0
0
0
0
0
0
0
0
0
0
0
0
0
0
0
0
1 0 1
0
0
0
0
0
0
0
0
0
0
0
0
0
0
0
0
0
0
0
0
0
0
0
0
0
0
0
0
0
0
0
0
0
0
0
0
0
0
0
0
0
0
0
1 0 1
1 1 1
2 2 1 0 2
2 3 2 1 2
2 4 2 2 2
0
0
0
0
0
0
0
0
0
0
0
0
0
0
0
0
0
0
0
0
0
0
0
0
0
0
0
0
0
0
0
0
0
0
0
0
0
0
0
0
0
1 0 1
1 1 1
1 2 1
1 3 2
2 4 2 0 1
2 5 2 1 1
1 2 1
0
0
0
0
0
0
0
0
0
0
0
0
0
0
0
0
0
0
0
0
0
0
0
0
0
0
0
0
0
0
0
0
0
0
0
0
0
0
0
1 0 1
1 1 1
1 2 1
1 3 2
1 4 2
1 5 2
1 0 2
1 1 2
1 2 2
0
0
0
0
0
0
0
0
0
0
0
0
0
0
0
0
0
0
0
0
0
0
0
0
0
0
0
0
0
0
0
0
0
0
0
0
0
1 0 1
1 1 1
1 2 1
1 3 2
1 4 2
1 5 2
0
0
1 0 1
2 9 2 1 1
2 10 2 2 1
0
0
0
0
0
0
0
0
0
0
0
0
0
0
0
0
0
0
0
0
0
0
0
0
0
0
0
0
0
0
0
0
0
0
0
0
0
0
0
0
0
0
0
0
0
0
1 0 1
1 1 1
0
0
0
0
0
0
0
0
0
0
0
0
0
0
0
0
0
0
0
0
0
0
0
0
0
0
0
0
0
0
0
0
0
0
0
0
0
0
0
0
0
0
0
0
1 0 1
1 1 1
1 2 1
1 3 2
0
0
0
0
0
0
0
0
0
0
0
0
0
0
0
0
0
0
0
0
0
0
0
0
0
0
0
0
0
0
0
0
0
0
0
0
0
0
0
0
0
0
1 0 1
1 1 1
1 2 1
1 3 2
1 4 2
1 5 2
0
0
0
0
0
0
0
0
0
0
0
0
0
0
0
0
0
0
0
0
0
0
0
0
0
0
0
0
0
0
0
0
0
0
0
0
0
0
0
0
1 0 1
1 1 1
1 2 1
1 3 2
1 4 2
1 5 2
0
0
0
0
0
0
0
0
0
0
0
0
0
0
0
0
0
0
0
0
0
0
0
0
0
0
0
0
0
0
0
0
0
0
0
0
0
0
0
0
1 0 1
1 1 1
1 2 1
1 3 2
1 4 2
1 5 2
0
0
0
1 9 2
0
0
0
0
0
0
0
0
0
0
0
0
0
0
0
0
0
0
0
0
0
0
0
0
0
0
0
0
0
0
0
0
0
0
0
0
0
0
0
0
0
0
0
0
0
1 0 1
1 1 1
1 2 1
1 9 2
1 10 2
0
0
0
0
0
0
0
0
0
0
0
0
0
0
0
0
0
0
0
0
0
0
0
0
0
0
0
0
0
0
0
0
0
0
0
0
0
0
0
0
0
0
0
0
0
0
1 7 1
1 8 2
1 9 2
1 10 2
0
0
0
0
0
0
0
0
0
0
0
0
0
0
0
0
0
0
0
0
0
0
0
0
0
0
0
0
0
0
0
0
0
0
0
0
0
0
0
0
0
0
0
0
1 5 1
1 6 1
1 7 1
1 8 2
1 9 2
1 10 2
0
0
0
0
0
0
0
0
0
0
0
0
0
0
0
0
0
0
0
0
0
0
0
0
0
0
0
0
0
0
0
0
0
0
0
0
0
0
0
0
0
0
0
0
1 5 1
1 6 1
1 7 1
1 8 2
1 9 2
1 10 2
0
0
0
0
0
0
0
0
0
0
0
0
0
0
0
0
0
0
0
0
0
0
0
0
0
0
0
0
0
0
0
0
0
0
0
0
0
0
0
0
3 10 2 8 1 6 1
2 9 1 7 1
2 10 1 8 2
1 9 2
1 10 2
0
0
0
0
0
0
0
0
0
0
0
0
0
0
0
0
0
0
0
0
0
0
0
0
0
0
0
0
0
0
0
0
0
0
0
0
0
0
0
0
0
0
0
2 10 1 8 2
2 9 2 5 1
2 10 2 6 1
1 7 1
1 8 2
1 9 2
1 10 2
0
0
0
0
0
0
0
0
0
0
0
0
0
0
0
0
0
0
0
0
0
0
0
0
0
0
0
0
0
0
0
0
0
0
0
0
0
0
0
0
0
1 8 1
1 9 1
1 10 1
1 5 1
1 6 1
1 7 1
1 8 2
1 9 2
1 10 2
0
0
0
0
0
0
0
0
0
0
0
0
0
0
0
0
0
0
0
0
0
0
0
0
0
0
0
0
0
0
0
0
0
0
0
0
0
0
0
129 191 1 190 1 189 1 188 2 187 1 186 1 185 2 183 2 182 1 181 2 180 2 179 2 178 1 177 2 175 2 174 2 171 1 170 1 168 1 167 2 166 1 165 1 162 1 161 1 160 2 159 1 157 2 156 2 155 1 154 1 152 2 150 2 149 1 148 2 146 2 145 2 144 1 143 2 141 1 138 1 137 1 136 2 135 1 134 1 132 2 128 1 127 2 126 1 125 1 124 2 123 1 120 2 119 2 116 2 113 2 112 1 111 2 110 2 109 1 108 2 106 1 104 2 103 2 102 2 100 2 99 2 98 2 96 1 91 2 90 1 89 1 88 1 85 1 84 2 83 2 82 2 80 1 79 1 78 2 77 2 76 2 71 2 70 2 67 2 66 2 64 2 61 2 59 1 58 1 57 1 56 2 55 1 54 1 53 1 52 2 51 1 48 1 47 2 46 2 45 2 40 1 39 2 38 1 36 2 33 2 32 2 31 2 29 1 28 2 25 2 24 1 23 2 22 2 20 2 19 2 17 2 16 2 15 1 14 1 13 1 12 2 11 2 10 2 8 1 7 1 6 1 5 1 4 1 0 1
111 191 2 190 2 188 2 187 1 186 2 182 2 178 2 177 1 174 2 173 1 170 2 169 1 166 2 165 2 158 2 157 1 155 1 152 1 150 2 149 1 146 2 144 2 141 2 140 2 139 2 138 2 137 1 136 1 135 2 133 2 132 2 130 2 129 2 127 2 126 2 124 1 123 2 119 2 117 2 116 2 115 2 113 2 112 2 110 1 109 2 108 1 107 2 106 1 104 1 103 1 102 2 101 1 100 1 99 2 97 1 96 1 94 1 93 2 92 1 91 1 87 2 85 1 80 2 78 2 77 1 74 2 73 2 72 1 70 1 68 1 67 1 66 1 64 2 63 2 62 1 61 2 59 2 58 2 57 1 54 2 52 2 51 1 50 1 49 2 48 2 47 2 45 2 39 1 36 1 35 2 32 1 31 2 30 2 29 2 28 2 26 2 25 1 24 1 22 1 21 2 17 1 15 1 14 2 12 2 11 1 10 1 9 1 8 1 7 2 5 1 1 1
125 190 2 188 1 187 1 186 2 185 1 184 1 183 1 182 1 181 2 180 1 179 1 177 2 172 1 170 2 169 2 168 1 167 1 164 2 163 1 162 1 161 2 160 2 159 1 156 2 155 2 153 2 152 1 151 2 150 2 149 2 145 1 144 2 143 1 142 1 141 2 139 1 138 1 137 2 136 1 135 2 134 2 133 1 132 1 130 2 126 2 125 2 123 1 120 1 118 1 117 1 116 1 115 2 114 2 113 1 112 2 111 1 110 2 108 1 104 1 102 1 100 2 99 1 98 1 97 2 96 2 94 1 92 2 90 1 89 2 88 2 87 1 85 1 84 2 82 2 81 1 80 2 79 1 78 1 77 1 76 2 74 1 71 1 70 2 69 2 67 2 66 1 65 1 64 1 59 2 57 2 56 2 54 1 53 2 52 1 51 1 47 2 46 2 39 2 37 1 36 2 34 2 32 1 31 1 29 2 27 1 23 1 22 2 21 2 19 2 18 1 17 1 16 2 15 2 14 2 13 1 12 1 11 2 10 2 9 1 8 2 7 2 6 1 5 2 3 2 2 1
125 191 1 190 2 189 1 188 2 187 1 186 1 185 2 184 1 182 1 181 2 180 1 178 1 173 2 171 1 170 1 169 2 168 2 166 1 165 1 164 2 162 1 161 1 160 2 159 2 154 2 152 1 151 1 150 2 148 2 147 1 146 2 145 1 144 1 143 2 142 1 141 1 140 2 137 2 136 2 134 2 133 2 132 1 131 1 129 2 127 2 126 2 124 2 120 2 119 2 118 1 117 2 116 1 115 1 114 2 113 1 112 1 111 2 109 1 108 2 103 1 102 1 101 1 99 1 98 1 97 1 96 2 95 2 93 1 90 2 89 1 88 2 87 2 86 2 83 1 82 1 81 2 80 2 79 2 78 1 77 1 76 1 75 1 71 1 70 1 69 2 68 1 66 1 65 2 63 1 58 2 57 2 55 1 54 1 53 2 52 2 51 1 47 1 46 1 45 1 39 1 38 2 37 2 35 1 33 2 32 2 31 1 28 2 23 1 22 1 21 2 20 1 19 1 17 1 16 1 15 2 14 2 13 2 12 1 11 1 10 1 8 1 7 2 6 2 4 2 3 2
129 190 2 188 2 185 2 180 2 178 2 177 1 176 1 175 1 173 2 172 1 170 2 169 2 168 2 167 1 166 2 164 2 161 2 159 1 158 2 157 2 156 2 155 1 154 1 152 2 151 2 150 2 149 2 148 2 147 2 146 2 143 2 142 1 141 2 138 1 137 2 136 1 135 1 134 1 133 1 130 2 129 2 127 2 126 1 125 2 124 1 123 2 122 2 121 1 120 2 119 1 118 1 117 1 116 2 115 2 114 1 113 1 111 2 110 2 109 1 108 1 106 2 105 1 104 2 103 1 102 1 98 2 97 2 94 2 93 1 92 1 90 1 89 1 88 1 87 1 86 1 85 2 84 2 82 1 81 1 80 1 78 1 77 2 75 1 74 2 73 1 72 1 68 2 67 2 64 1 63 1 61 1 60 2 59 1 58 2 57 2 56 2 55 1 54 2 53 2 52 2 50 2 48 2 47 2 46 1 40 1 39 1 37 1 36 2 35 2 34 2 32 1 31 1 29 1 28 1 26 2 25 1 24 1 20 2 19 2 18 1 17 2 15 2 14 1 13 2 12 1 11 1 10 1 8 1 7 1
121 191 1 190 2 188 1 186 2 184 1 183 2 182 2 181 2 180 1 179 1 178 1 177 2 175 2 174 1 173 1 172 1 171 1 170 2 168 2 165 1 164 1 162 1 161 2 160 1 159 2 158 1 154 2 152 1 151 1 148 1 146 1 144 2 143 1 142 1 141 2 140 1 139 1 137 2 135 2 134 1 132 2 131 2 130 1 129 1 127 2 123 1 122 2 121 1 120 2 118 1 117 2 115 2 114 2 113 2 108 1 106 2 102 2 101 2 100 2 99 2 98 2 96 1 95 2 94 2 92 1 89 1 88 2 86 1 85 1 84 1 82 2 80 1 79 2 78 2 77 2 76 1 75 2 72 2 71 2 70 2 69 2 68 2 66 1 65 1 64 2 63 2 61 1 57 1 56 1 55 2 53 1 52 2 49 2 48 2 47 2 46 2 45 2 41 1 38 2 37 1 35 1 34 1 33 2 32 1 30 2 29 2 27 2 24 2 23 2 22 2 21 2 20 2 17 2 16 1 15 1 13 2 12 1 11 1 10 2 9 1 6 2
119 191 1 190 2 187 1 186 1 185 2 184 1 183 1 182 1 181 2 180 1 179 2 176 1 173 2 172 1 169 2 168 1 163 1 161 2 160 2 159 1 155 1 152 2 151 2 149 2 147 1 145 1 143 2 142 1 141 1 140 2 139 1 136 1 135 2 133 1 131 2 130 2 129 1 128 1 126 2 123 2 122 2 120 1 119 2 118 1 117 2 116 1 115 2 112 2 111 1 108 2 107 1 105 2 102 2 101 1 100 2 97 2 96 2 95 1 94 1 93 2 90 2 89 1 88 2 87 1 86 2 85 1 84 2 83 1 82 2 81 2 80 1 79 1 78 2 77 2 76 2 75 2 72 2 71 1 70 2 67 2 65 1 64 1 63 2 62 2 60 1 57 2 56 1 54 1 53 1 52 1 50 1 48 1 47 1 46 2 42 2 39 2 38 2 37 1 36 1 35 2 34 2 33 2 31 1 30 2 24 2 23 1 22 2 19 2 18 2 17 2 16 2 15 2 14 1 13 1 12 2 11 1 10 2 7 2 6 1
126 191 2 190 2 189 2 188 2 187 2 186 2 185 1 181 1 180 1 179 2 178 2 177 2 173 2 171 1 170 1 169 2 168 2 166 1 165 1 164 2 163 2 161 1 158 1 157 2 156 1 155 1 154 1 153 1 152 2 151 2 150 2 147 2 146 2 145 2 144 2 143 2 140 2 139 1 138 1 137 1 136 2 135 2 134 2 133 1 131 1 130 1 127 2 126 2 124 2 122 2 119 2 118 1 117 1 115 2 114 1 113 1 112 1 111 2 109 2 106 2 105 2 103 2 102 2 101 1 100 2 98 1 97 2 94 2 93 2 91 2 90 2 89 2 88 2 87 1 86 2 85 2 84 2 82 2 81 2 80 2 78 2 77 1 73 2 72 2 71 1 70 2 68 1 67 2 65 2 64 2 61 1 60 1 58 1 57 1 56 2 55 1 53 2 52 1 49 1 48 1 47 1 46 1 45 1 41 1 38 2 37 2 36 1 35 2 34 2 32 2 31 1 29 1 28 1 25 2 24 2 23 1 22 2 20 1 19 2 18 1 17 1 15 1 14 1 11 1 10 2 7 2
124 191 1 190 1 187 1 186 2 185 2 184 1 183 2 182 2 180 1 177 1 176 2 175 2 173 1 168 2 166 1 163 1 161 1 160 2 159 2 158 2 157 1 155 2 154 1 153 1 152 2 151 1 150 2 149 1 148 1 147 2 145 1 143 1 141 2 140 1 139 1 137 1 136 2 135 1 131 1 129 2 128 2 127 1 126 1 124 2 123 1 122 2 121 2 120 2 118 2 116 1 115 2 114 1 112 2 111 2 109 2 108 1 107 2 106 1 105 1 103 2 102 1 101 2 100 2 96 1 95 1 94 2 93 1 92 1 91 1 90 2 88 2 87 1 86 1 85 2 84 1 81 1 80 2 79 1 78 1 77 1 76 2 75 1 73 2 72 1 71 2 70 2 65 2 63 1 62 1 61 2 60 2 58 1 57 1 55 1 54 2 53 2 52 2 50 2 48 2 47 2 46 1 42 1 41 2 40 2 39 1 38 2 37 1 35 2 34 1 30 1 29 2 25 2 24 1 23 2 22 2 18 1 17 1 16 2 15 1 13 2 12 1 11 1 9 2 8 2
123 191 2 190 2 189 2 188 2 185 2 184 1 181 2 180 2 178 1 177 2 176 1 175 2 174 2 172 1 171 1 168 2 167 2 165 1 164 2 161 1 160 1 159 2 158 2 156 1 155 2 154 2 153 1 152 2 151 1 150 1 149 2 148 1 147 1 146 2 144 1 142 1 140 2 139 1 138 1 137 1 135 2 130 1 128 2 127 2 126 2 125 1 122 1 121 1 119 1 118 1 117 2 116 1 115 2 114 2 113 1 111 1 110 1 107 2 106 2 105 1 104 1 102 1 101 1 100 2 99 1 96 1 95 1 94 2 92 2 90 1 89 1 88 2 87 2 86 1 85 1 82 2 81 2 80 2 79 2 78 1 77 1 76 1 74 1 71 1 70 2 69 1 66 2 64 2 62 1 61 1 60 2 59 2 57 1 56 2 55 2 53 1 52 2 51 1 49 2 48 1 47 2 46 2 42 1 41 1 39 2 38 2 37 1 35 2 34 1 33 2 30 2 26 1 23 1 22 2 21 1 18 1 17 1 16 1 15 1 14 1 13 2 12 1 10 2
121 191 2 189 2 188 2 187 2 185 2 184 2 183 1 182 1 181 2 180 2 179 1 178 1 176 2 174 2 173 1 171 1 170 2 167 1 166 2 165 1 164 2 162 2 161 2 159 2 158 1 154 1 153 2 152 2 149 2 148 1 147 2 144 2 143 2 142 2 141 2 140 2 138 2 137 1 136 1 133 2 132 1 131 2 130 1 128 1 125 1 123 1 121 2 120 1 118 1 116 1 115 2 114 1 111 2 109 2 108 1 107 1 106 1 103 2 102 1 101 1 100 2 99 1 98 1 97 2 96 1 95 1 94 2 93 1 92 1 91 1 90 2 89 1 88 1 87 2 86 2 85 1 84 2 83 2 82 1 81 2 80 1 78 1 77 2 72 1 70 2 69 1 68 1 67 2 66 2 64 2 62 2 61 2 58 1 56 2 55 2 50 2 49 1 48 1 46 1 44 1 43 1 42 2 37 2 36 2 34 1 33 2 32 2 31 1 28 2 27 2 26 1 24 1 22 2 21 1 20 1 19 2 18 1 17 1 16 2 14 1 10 1
127 190 1 189 1 188 1 187 2 186 2 185 1 184 2 182 2 181 1 178 2 176 2 175 1 174 2 173 2 172 2 169 2 167 1 166 1 164 2 163 2 161 2 160 1 159 1 158 1 157 2 155 1 154 2 153 1 152 1 150 2 149 1 148 1 147 2 146 1 145 1 144 2 142 1 140 1 138 2 137 2 136 1 135 2 133 2 125 2 123 1 122 2 121 1 120 1 119 1 118 1 117 1 116 2 115 2 114 1 113 2 112 2 111 2 110 2 109 1 107 1 105 2 104 2 103 1 102 2 101 1 99 1 95 2 94 2 91 1 90 2 89 2 88 1 87 1 86 2 85 2 81 2 80 1 79 2 78 2 77 2 76 1 73 1 72 1 71 2 70 1 69 1 66 2 65 1 64 1 62 2 60 1 59 1 58 2 57 2 56 2 55 1 54 2 53 2 52 2 51 1 47 1 46 2 45 2 43 2 41 2 40 2 39 1 38 2 37 2 36 2 35 1 34 2 33 2 29 1 28 1 27 1 26 2 24 1 23 2 22 1 21 1 17 2 16 2 15 1 14 2 12 2 11 1
133 191 2 190 1 189 1 188 1 187 1 186 2 185 1 184 1 183 1 182 2 180 1 179 1 177 2 176 2 175 2 173 1 171 2 170 1 168 2 167 2 166 1 165 1 164 1 163 1 161 2 160 2 159 1 158 1 157 1 155 1 154 1 153 1 151 1 149 2 148 1 147 1 146 2 145 1 144 1 143 2 141 1 139 1 138 1 137 2 136 2 135 2 134 1 132 2 129 2 127 1 124 2 122 2 121 2 120 1 119 2 118 2 117 1 116 1 115 2 114 2 113 1 112 2 111 1 110 2 109 2 108 2 106 1 104 2 103 2 102 2 100 2 99 1 95 1 94 2 92 2 91 1 90 1 89 2 88 2 87 1 86 1 85 2 84 1 80 1 79 1 78 2 77 2 76 2 75 2 74 2 73 2 72 1 71 2 70 2 69 1 66 1 65 2 63 1 61 2 59 1 58 1 57 1 56 2 55 1 54 2 53 1 52 2 51 2 48 2 47 1 46 1 44 1 42 2 41 1 40 2 39 2 38 1 37 1 36 2 35 1 34 1 33 2 29 2 25 2 23 2 22 2 21 2 18 2 17 1 16 2 15 2 13 2 12 2
121 191 2 190 2 189 1 188 1 187 2 186 1 185 1 179 1 178 1 177 1 175 2 172 1 171 1 170 1 169 2 167 1 166 2 163 1 161 2 159 1 158 2 156 1 155 2 154 2 153 1 152 2 151 2 150 2 149 2 146 2 145 1 144 2 141 2 140 2 138 2 137 2 136 2 135 1 134 1 133 2 132 2 130 1 129 1 128 2 127 2 126 2 125 2 123 1 122 2 121 2 118 2 116 1 113 1 112 2 110 1 109 1 108 1 107 2 106 1 104 1 103 2 102 2 101 2 99 1 96 2 95 2 94 1 93 1 92 2 91 2 90 1 89 1 88 2 87 2 86 1 85 2 83 1 82 2 81 2 78 2 77 1 75 2 74 2 73 1 71 2 70 2 68 2 65 2 64 2 63 1 62 1 61 2 59 2 58 1 55 2 53 1 51 1 50 2 49 2 48 1 47 2 46 2 43 2 42 1 41 2 39 1 38 1 37 2 35 1 34 1 32 1 30 1 29 1 28 2 24 1 23 2 22 1 19 1 18 2 17 1 16 1
117 189 1 188 1 186 2 185 2 183 1 182 2 179 2 178 1 177 2 176 1 174 2 172 2 171 2 170 2 169 2 168 2 167 2 165 2 164 1 163 1 160 1 159 2 158 2 157 1 155 2 153 2 151 1 149 1 147 2 146 1 145 1 144 2 143 1 142 1 141 2 140 1 139 1 135 1 134 1 132 1 131 2 130 2 128 1 126 1 125 1 124 1 123 2 122 1 121 2 118 1 116 2 114 1 113 2 112 2 111 2 110 1 108 1 104 2 102 2 101 1 100 1 99 1 98 2 97 1 96 2 95 2 94 2 93 1 92 1 91 2 90 2 89 1 88 1 87 2 85 1 83 2 82 1 80 1 78 1 77 1 76 2 75 1 73 2 72 2 71 1 70 2 67 2 66 1 59 1 57 1 56 2 55 2 52 2 51 2 50 1 48 1 47 2 44 1 43 2 41 2 40 1 39 2 37 1 36 1 35 2 34 1 31 1 30 1 29 1 28 1 27 1 24 2 22 2 21 1 19 1 18 1 15 2
118 190 1 189 2 187 2 186 1 184 2 183 1 181 1 179 2 178 2 177 2 175 1 174 1 173 1 172 2 171 2 170 1 169 2 168 2 166 1 165 1 164 2 163 2 161 2 160 1 159 1 158 2 157 2 156 2 154 2 153 2 152 2 150 1 148 1 146 2 145 1 144 1 143 2 142 1 140 2 138 2 136 1 135 2 133 2 132 1 131 1 129 1 126 1 125 2 122 1 121 1 120 2 119 2 118 1 115 2 113 1 112 2 109 1 108 2 105 2 103 1 102 1 101 2 99 2 98 2 95 1 94 2 93 2 92 1 91 1 90 2 89 2 88 1 86 2 85 2 84 1 83 2 81 1 79 2 77 1 76 1 74 1 73 1 71 1 70 1 68 1 66 2 64 1 63 2 60 1 58 2 57 2 56 1 55 1 53 1 52 2 51 2 48 1 46 2 44 1 43 2 42 1 41 2 40 2 38 2 37 2 35 2 34 2 32 2 30 2 29 2 28 1 23 1 22 1 21 1 20 2 18 1 16 2 15 1
116 191 1 188 2 185 1 184 1 183 1 182 1 179 1 178 2 177 1 176 2 174 1 172 2 170 1 168 2 166 1 163 2 162 1 160 2 158 1 156 2 155 1 154 2 153 2 150 2 149 2 148 2 147 2 146 2 143 2 142 1 141 2 140 1 138 2 137 1 134 2 132 1 131 2 130 2 129 2 128 1 127 1 125 2 124 1 122 2 121 1 118 1 117 1 116 1 115 1 114 1 113 1 111 2 110 2 109 1 108 1 106 2 105 1 103 1 100 1 99 1 98 1 96 2 95 1 94 1 93 2 92 2 91 1 90 1 89 2 88 2 87 1 86 2 85 2 83 2 80 2 79 2 78 2 77 2 73 1 72 1 71 2 70 1 67 1 66 2 64 2 63 1 61 1 60 2 58 2 55 1 54 2 52 1 51 2 50 1 49 2 47 2 45 1 44 2 43 1 42 2 41 1 37 2 36 2 35 1 34 2 31 2 30 2 29 2 28 2 27 2 24 1 23 1 22 1 21 2 20 2 16 2
121 191 2 190 2 189 2 188 1 187 1 186 1 184 2 183 2 182 1 179 1 178 1 177 1 175 2 174 2 171 1 170 2 168 1 167 2 166 2 165 2 163 1 162 1 161 2 160 2 159 1 158 1 157 2 156 1 153 1 152 1 151 1 150 2 148 1 146 1 144 2 143 1 142 1 138 1 137 2 136 2 135 2 134 1 133 1 132 1 130 2 129 2 128 1 127 1 126 1 124 2 123 1 122 2 121 2 120 1 115 2 113 2 108 1 106 2 105 1 104 2 103 2 102 2 101 2 100 1 99 2 98 2 97 1 96 2 95 2 94 1 93 1 92 2 91 2 90 1 89 1 88 2 84 2 82 1 80 1 78 2 77 2 76 1 74 1 73 1 71 2 70 2 68 2 66 1 65 2 63 1 61 1 60 2 59 1 58 1 57 1 55 2 54 2 53 1 52 1 51 2 50 2 49 1 48 2 46 2 45 1 43 1 42 1 41 1 40 2 38 2 37 2 35 1 34 1 32 1 30 1 29 1 28 2 21 2 20 1 18 1 17 2
116 191 1 189 2 188 2 186 2 185 1 183 2 179 2 178 1 176 1 172 2 171 1 169 2 167 1 164 2 163 1 162 2 161 1 160 1 159 1 158 1 157 1 153 1 152 2 151 1 150 1 149 2 147 1 145 1 144 1 143 2 142 1 141 2 139 1 138 2 137 1 135 2 134 2 132 2 131 1 130 2 129 2 128 2 126 1 125 1 124 1 123 1 122 1 121 2 118 1 117 1 116 1 114 2 112 2 111 1 107 1 104 1 102 2 101 2 100 1 99 2 98 2 97 1 96 1 95 2 94 2 93 1 92 1 91 2 89 1 88 1 85 1 84 1 83 2 82 1 78 2 77 2 76 2 74 2 73 2 71 1 70 2 69 1 67 2 66 1 62 2 59 2 57 2 56 1 55 2 54 1 53 2 52 2 51 2 50 2 47 1 45 1 44 2 43 2 42 1 41 1 40 1 39 2 38 1 37 1 35 2 34 1 33 2 31 1 30 2 29 1 28 1 27 1 22 2 21 2 19 1 18 1
117 191 1 189 2 188 1 187 1 186 1 185 2 184 2 183 2 182 2 180 2 179 1 178 1 177 2 176 1 175 2 174 1 173 1 172 1 171 2 170 1 169 1 168 1 167 1 161 1 160 1 159 1 157 1 155 2 154 1 153 1 152 2 151 1 150 2 147 2 146 2 145 1 144 2 142 1 141 2 140 2 139 1 138 1 137 2 135 2 134 1 133 1 132 1 131 2 130 2 129 1 127 2 126 2 125 1 123 2 122 2 121 2 120 2 118 2 114 1 113 1 112 1 111 2 109 1 107 1 105 1 103 2 100 1 99 2 98 2 97 2 96 1 95 1 94 2 93 2 92 1 90 2 88 2 86 2 85 2 84 2 83 1 82 2 81 2 80 2 79 1 78 2 77 2 76 1 75 2 74 2 73 1 72 1 68 2 67 1 66 2 65 1 63 2 62 2 60 2 58 1 56 2 53 2 52 2 51 2 49 2 48 1 45 2 44 1 42 1 41 2 39 1 37 2 36 2 32 1 31 2 30 2 28 1
121 191 1 190 1 189 1 188 1 186 2 185 2 181 2 180 2 179 1 177 2 176 2 175 2 174 1 173 1 172 1 169 2 167 2 165 1 164 2 161 2 160 1 159 1 158 2 156 1 155 1 154 2 153 2 152 1 151 1 150 2 149 1 148 1 147 2 146 2 145 1 144 1 143 1 142 2 141 2 138 1 135 1 134 1 132 2 131 2 129 2 128 1 126 2 125 2 123 1 122 2 120 1 119 1 118 1 117 1 116 2 115 2 114 1 112 2 111 2 110 2 109 2 108 2 107 2 105 1 104 2 103 1 102 1 99 1 98 1 97 2 96 2 95 1 94 1 93 2 92 1 91 1 90 2 89 2 88 1 87 1 85 1 84 2 83 1 82 1 81 2 77 1 76 1 75 1 73 2 71 2 70 2 69 1 65 2 64 2 62 1 60 2 59 1 58 2 57 1 56 2 55 1 53 1 52 2 51 2 50 1 47 1 45 1 44 1 43 2 42 2 41 2 40 1 39 1 38 1 37 2 35 1 34 1 33 2 29 1 28 1 27 2
109 191 2 190 2 189 1 187 1 184 2 183 1 182 1 178 1 176 1 175 2 174 2 173 2 171 1 170 1 168 2 166 2 163 1 162 2 161 2 160 2 159 1 157 2 155 1 152 2 151 1 150 1 149 2 148 1 147 1 146 2 143 1 142 1 141 2 136 2 135 2 133 1 130 2 129 2 127 1 124 2 121 2 119 2 116 1 115 2 114 2 113 1 111 2 110 1 108 1 106 2 104 2 103 2 102 1 100 1 99 1 98 1 97 1 96 2 95 2 94 1 93 1 92 2 91 2 89 2 88 2 87 1 86 2 84 2 83 2 82 1 81 1 77 2 76 1 75 2 74 1 73 1 72 1 71 1 70 2 69 2 65 1 63 2 61 1 59 1 58 1 57 2 56 2 55 2 53 1 52 1 51 2 49 1 48 2 46 2 44 1 43 1 42 2 41 2 40 2 39 1 38 1 37 2 35 2 34 1 33 1 30 1 29 2 28 2 27 2
106 191 1 190 1 189 2 188 1 185 2 183 1 182 1 181 1 180 1 178 2 170 1 168 1 167 1 166 2 165 1 163 1 159 2 157 2 156 2 155 2 154 2 153 1 152 2 149 2 148 2 147 2 146 1 145 2 144 1 143 2 142 1 140 1 139 2 136 1 131 2 129 2 126 1 125 2 124 2 123 1 121 1 118 1 116 1 115 2 114 1 111 2 110 2 109 2 105 1 104 2 103 2 101 2 99 2 98 2 97 1 96 1 95 2 93 1 92 2 91 1 90 1 89 1 86 1 85 1 83 2 81 1 80 1 78 1 77 1 76 2 75 1 73 1 71 2 69 1 68 2 66 1 65 2 64 1 63 1 62 2 60 2 59 1 58 1 57 1 56 1 55 2 54 2 53 1 51 1 49 1 47 2 46 2 45 2 44 2 42 2 41 1 39 1 38 2 36 2 35 1 33 2 32 1 31 2 30 2 29 2 27 2
114 190 1 189 1 187 1 186 2 184 2 182 1 181 2 178 2 177 1 175 1 174 1 173 2 170 1 169 1 168 1 167 1 166 2 165 1 163 1 162 2 160 2 157 2 156 2 155 1 154 1 153 1 152 1 150 2 149 2 148 1 146 2 144 2 143 1 140 2 139 1 136 1 134 1 133 2 132 2 130 2 129 2 128 2 127 1 124 1 123 1 121 1 120 2 119 1 118 2 116 2 115 2 114 1 113 2 112 2 111 1 109 2 108 2 105 2 104 1 103 2 100 2 99 2 98 2 97 2 96 1 95 2 94 2 92 2 90 2 87 1 86 1 84 2 83 2 82 2 79 1 78 1 77 1 76 1 74 1 73 1 72 2 71 2 70 1 69 2 68 2 66 1 65 1 63 2 62 1 61 1 60 1 59 2 58 1 55 2 54 2 53 2 49 1 48 2 47 1 45 2 44 2 43 1 42 1 41 1 40 2 39 2 38 2 37 1 36 1 35 1 34 2 33 1 29 2 28 2
115 191 2 190 1 189 1 188 2 185 1 183 1 182 1 181 2 180 2 179 1 177 2 176 2 175 2 172 1 170 2 169 2 167 1 165 1 164 2 161 1 160 1 158 1 155 2 154 2 153 2 151 1 150 2 149 2 148 1 147 1 145 1 144 2 142 2 140 2 138 1 137 2 134 1 132 1 131 1 128 2 126 2 125 2 123 2 122 2 119 1 118 1 116 1 115 2 114 2 113 1 112 2 111 2 110 1 109 2 105 2 104 1 103 1 101 1 99 1 98 1 97 2 96 1 95 1 94 1 93 2 91 1 90 2 88 1 87 2 85 1 84 1 83 1 82 1 81 2 80 2 78 2 77 2 76 1 75 1 74 2 73 2 71 2 70 2 66 2 64 2 63 2 62 2 60 2 59 2 58 2 57 1 56 1 55 1 54 1 52 2 51 2 50 2 48 1 45 1 44 2 43 2 42 1 41 1 40 1 39 2 38 2 37 2 36 1 35 1 34 1 33 1 30 2 29 1 28 1 27 1
110 190 2 189 2 187 2 186 1 184 1 182 2 180 1 178 2 177 1 176 2 175 1 173 2 172 1 170 2 169 1 168 2 167 1 164 1 163 2 162 2 160 1 159 2 157 2 155 2 153 1 152 2 151 2 150 2 147 2 146 2 145 2 143 2 142 1 141 1 140 2 139 2 137 2 135 1 134 2 130 1 129 1 128 1 127 1 126 1 123 1 121 1 120 2 119 2 118 2 117 2 116 1 113 1 112 2 111 1 109 1 108 1 105 1 104 2 103 1 100 1 99 1 98 1 97 1 96 2 94 1 92 2 90 2 87 1 86 2 85 1 83 1 82 1 79 2 78 2 77 2 76 2 74 2 73 1 72 2 71 1 68 2 67 2 65 1 64 1 63 2 62 2 61 1 60 1 59 1 58 2 54 2 53 1 52 1 51 2 49 1 48 2 47 2 46 2 45 2 44 1 42 1 41 2 39 2 38 1 36 1 35 2 31 1 30 2 29 1 28 1
118 190 1 189 2 188 1 185 2 183 2 182 1 181 2 180 1 179 2 178 1 177 1 175 2 173 1 172 2 171 1 170 2 168 2 167 1 166 1 165 2 164 1 163 1 162 1 160 2 159 2 158 2 157 1 154 1 153 1 151 1 150 1 148 2 147 2 146 1 144 2 143 1 142 2 141 2 140 2 139 1 138 2 137 1 135 2 134 1 133 2 131 2 127 1 126 1 125 1 124 1 123 1 122 1 121 2 119 2 116 2 114 1 113 2 112 2 111 1 109 2 105 1 104 2 103 2 101 2 99 2 98 2 97 1 96 2 95 1 94 1 93 1 92 1 91 1 90 2 89 1 88 2 84 2 81 1 80 1 78 1 77 1 76 2 75 2 73 2 71 1 70 2 68 1 66 1 65 2 61 2 60 2 59 1 58 1 57 2 56 1 54 2 52 2 51 1 50 1 49 2 48 2 47 1 45 2 44 1 43 2 42 2 41 2 40 1 39 1 38 1 37 2 36 2 35 2 34 1 33 2 31 1 30 1 27 2
118 191 2 190 1 189 1 187 1 186 1 184 2 183 2 182 1 181 2 180 1 179 2 178 2 177 1 176 1 175 1 174 1 173 1 169 1 167 2 166 2 165 2 164 2 163 1 162 1 161 1 160 2 158 2 157 2 156 2 155 2 154 1 153 2 152 2 150 2 149 1 148 1 144 2 143 1 141 1 140 2 139 1 136 1 135 2 134 1 133 2 132 1 130 2 129 2 128 2 127 1 125 2 124 1 122 1 121 1 118 2 117 1 115 2 113 1 112 2 111 1 110 1 109 2 108 1 105 1 104 1 103 2 102 1 100 2 98 2 97 2 96 2 95 2 94 2 93 2 92 2 90 1 89 1 87 2 84 2 82 2 79 1 78 2 77 1 76 1 74 1 73 1 72 1 71 1 70 1 63 1 62 1 61 1 60 2 59 2 58 1 57 1 55 2 54 1 53 1 50 1 49 1 48 1 45 2 44 1 43 1 42 2 41 2 40 2 39 1 38 1 37 1 35 2 34 2 33 2 32 2 30 1 28 2 27 1
106 190 2 189 2 187 1 184 2 183 1 182 1 180 2 179 1 178 1 175 2 172 1 171 2 170 2 169 2 168 2 167 2 165 1 164 1 162 2 161 2 156 1 155 2 154 1 153 1 152 1 151 1 150 1 149 2 148 2 146 1 144 2 143 2 141 1 140 2 137 2 136 1 135 2 131 2 130 1 127 2 126 2 125 1 120 2 118 2 117 1 116 1 115 1 114 1 113 1 110 2 109 2 108 2 107 1 106 1 105 2 101 2 100 2 99 1 98 2 96 1 95 1 94 1 92 1 88 2 87 2 85 2 84 2 83 2 81 1 80 1 79 2 78 2 76 2 75 1 73 2 70 1 69 1 68 1 65 1 64 1 63 2 62 2 61 1 60 1 59 2 58 2 57 1 55 1 54 1 53 1 52 1 50 1 49 1 47 2 45 2 44 2 42 2 41 1 39 1 38 2 37 2 36 2 35 2 34 1 32 2 28 2
113 191 1 187 1 184 2 182 1 181 1 180 1 179 1 177 2 176 2 175 1 173 2 169 1 167 1 165 2 161 2 160 1 159 1 158 1 157 1 155 2 153 2 152 1 150 2 149 2 145 1 144 2 143 2 142 1 141 1 140 1 137 2 136 1 134 2 133 2 132 1 129 2 127 1 125 1 124 2 123 2 122 2 121 2 120 1 119 1 118 1 117 2 115 2 113 2 111 2 110 1 109 1 108 2 106 2 104 2 103 2 102 1 101 1 99 2 98 1 96 2 95 1 93 1 90 2 89 2 88 1 87 1 85 2 84 1 83 1 82 1 81 2 77 2 76 1 75 1 74 2 73 1 71 2 69 1 67 1 66 1 65 2 63 2 62 2 61 2 60 1 59 1 58 2 57 2 56 2 55 2 53 2 52 1 51 1 50 2 49 1 48 1 47 2 45 2 44 2 43 1 42 1 41 1 40 2 39 2 38 1 37 1 36 2 35 1 34 1 33 2 32 1 30 1 29 2
112 190 1 189 2 188 2 186 1 185 1 183 2 182 2 181 2 180 1 178 1 176 2 175 2 174 2 172 2 171 1 170 2 168 1 166 1 163 1 162 2 161 2 160 2 159 1 158 2 157 1 154 1 151 1 148 2 147 1 146 2 144 2 143 2 142 2 141 1 139 1 138 2 137 2 135 1 134 1 133 2 132 2 129 1 128 2 127 1 125 1 124 1 123 2 122 1 121 2 120 2 119 2 117 2 116 1 114 2 112 2 111 2 110 2 109 2 107 1 105 2 104 1 103 2 102 2 99 1 97 1 94 1 93 1 91 1 89 2 88 2 87 1 86 1 84 1 83 2 81 2 77 2 76 2 75 1 74 2 73 2 72 2 70 2 68 2 63 1 62 1 61 2 60 2 59 1 58 1 57 2 56 1 54 2 53 2 52 2 51 1 50 2 49 2 48 1 45 1 44 2 43 2 42 1 41 1 40 1 39 2 38 2 37 2 35 2 34 1 33 1 31 1 30 1
114 191 1 188 2 186 1 185 1 184 2 183 2 182 1 181 1 180 2 179 1 178 1 176 1 174 1 173 1 172 2 170 2 168 2 167 2 166 2 165 2 164 1 163 1 162 2 160 2 159 1 157 1 156 1 155 1 154 1 153 2 149 2 148 2 147 1 146 2 144 1 143 1 142 1 141 1 140 1 139 1 138 1 136 1 135 2 134 2 132 1 131 2 130 1 129 2 127 1 126 1 124 1 123 2 120 1 117 2 116 2 114 1 113 1 112 1 110 2 109 1 107 2 106 2 105 1 104 2 103 2 102 1 101 1 100 2 99 2 97 1 96 2 94 2 93 1 92 2 91 1 89 1 88 1 85 2 84 1 82 1 80 1 79 2 78 2 76 1 74 2 72 1 71 1 70 2 69 2 68 1 67 2 66 2 61 1 60 2 59 2 58 1 57 1 55 1 54 2 52 1 51 2 50 2 48 2 46 2 45 2 44 1 42 1 41 2 40 1 39 2 38 2 37 2 35 2 34 2
105 191 1 189 1 188 1 186 1 185 1 183 1 181 1 180 1 179 1 178 1 173 2 172 1 171 1 170 2 169 2 168 2 166 1 164 1 163 1 162 1 161 1 159 1 154 2 153 2 152 1 151 2 150 2 149 2 148 2 147 2 145 1 144 2 143 2 142 2 139 2 137 2 136 1 134 2 133 1 132 2 129 1 125 2 123 2 122 1 120 2 118 2 114 1 112 2 111 1 110 1 109 1 108 1 107 2 104 1 103 1 102 1 101 2 100 1 99 2 98 1 96 2 94 2 89 1 87 2 86 2 85 1 84 2 83 2 82 1 81 2 78 1 77 2 76 1 75 2 74 2 73 2 71 2 70 1 69 2 67 2 65 2 64 1 63 1 61 2 60 1 59 2 58 2 57 1 56 1 55 1 53 1 52 2 51 1 50 1 46 2 45 2 44 1 43 2 42 2 40 1 39 2 38 2 37 1 36 2 33 1
102 187 1 184 2 183 1 182 2 181 1 180 1 179 2 177 2 175 1 174 2 173 2 170 1 169 1 168 2 167 2 165 2 164 2 162 1 160 1 157 1 155 1 153 1 152 1 150 2 149 1 147 2 146 2 145 1 144 2 143 1 142 1 140 1 137 2 136 1 135 1 134 2 133 2 132 2 127 1 126 2 124 2 123 2 121 2 120 2 119 1 118 1 117 1 115 2 113 1 110 2 109 1 106 2 104 2 103 2 102 2 101 2 99 1 96 2 95 1 93 2 88 1 86 2 85 2 83 2 82 1 77 2 76 1 74 1 73 1 72 2 71 2 69 1 68 1 67 1 66 1 65 2 62 1 61 2 60 2 59 1 58 2 57 1 56 2 55 2 54 1 53 1 52 1 51 1 49 1 48 1 47 1 45 1 44 1 43 1 42 1 41 2 40 2 39 1 38 2 37 1 34 1 33 2
104 191 2 190 1 189 1 188 2 187 2 184 1 183 1 182 2 181 1 180 2 179 2 176 1 175 1 174 2 172 1 171 2 170 1 169 2 168 1 165 2 164 2 163 2 162 2 161 2 159 2 158 1 155 2 154 2 153 2 152 2 149 2 148 1 147 1 146 2 145 2 143 1 142 1 141 1 138 1 137 1 136 1 135 1 134 1 130 2 125 1 123 1 120 1 119 2 118 1 117 2 110 2 108 1 107 1 106 2 105 1 102 1 100 1 99 1 98 2 97 1 96 1 94 2 93 2 91 2 90 1 89 2 88 1 86 1 85 1 84 2 83 1 82 1 81 2 79 1 78 1 76 1 75 2 74 2 73 2 71 1 70 1 69 1 68 1 66 1 60 1 59 1 58 1 57 2 56 2 55 1 54 1 53 2 52 2 51 1 50 2 49 2 48 1 46 2 44 2 42 2 41 2 38 2 37 1 34 1
103 191 1 190 2 187 1 185 1 183 2 181 2 180 1 178 1 177 2 176 1 175 1 174 1 171 2 170 1 168 2 167 1 166 1 165 1 164 2 163 1 162 2 160 2 158 1 155 2 153 1 152 1 151 2 150 2 148 1 147 1 143 1 142 2 141 1 140 2 139 2 137 2 136 2 135 2 134 1 133 2 132 1 130 2 128 2 127 1 126 1 124 1 123 1 122 1 121 2 120 1 119 1 117 1 116 2 115 1 114 1 113 2 112 2 110 1 104 2 102 1 99 1 98 2 97 1 96 2 95 2 94 1 93 1 91 2 86 1 83 2 82 2 79 1 73 2 72 2 71 2 70 2 69 1 67 2 66 2 64 2 63 2 62 1 60 2 59 2 58 1 57 2 55 2 54 2 53 2 51 2 49 1 48 2 47 2 46 1 45 2 44 2 43 1 42 2 40 1 39 2 38 2 36 1 35 1
106 191 1 188 2 186 1 183 1 182 1 181 1 180 1 179 2 178 1 177 1 176 2 172 1 171 2 169 2 168 1 167 2 166 1 165 1 164 2 163 1 162 2 161 1 159 2 156 1 154 2 152 1 151 2 149 2 148 2 147 2 145 1 143 1 142 2 141 2 140 1 139 2 138 1 137 1 136 1 135 2 134 1 133 1 132 1 131 1 128 2 125 2 123 2 122 1 120 2 118 2 117 2 116 2 114 2 113 1 112 2 111 1 109 1 108 2 103 1 102 1 100 1 99 1 98 2 95 2 94 2 92 1 90 2 85 1 83 1 82 1 81 2 80 2 78 1 76 1 75 2 74 1 73 2 72 2 71 1 70 1 69 1 68 1 67 2 65 1 64 1 63 1 61 2 60 1 59 2 58 2 56 1 55 1 54 2 52 2 51 1 50 2 47 2 46 2 45 1 44 2 43 2 42 2 41 2 40 1 39 2 37 1
109 190 2 186 2 185 2 184 2 183 1 182 2 181 1 180 2 179 2 176 2 175 1 174 2 173 2 172 2 171 1 170 2 169 2 167 1 164 1 163 1 160 1 158 2 156 2 155 2 154 2 152 2 151 2 150 1 149 2 148 1 147 1 145 2 144 1 143 1 140 1 139 2 138 2 136 2 135 2 134 1 133 2 131 1 129 2 128 1 127 2 125 1 123 2 122 1 120 1 119 2 118 1 116 1 115 2 112 1 111 2 109 2 108 1 106 1 105 2 104 1 103 2 102 2 101 2 100 1 99 2 98 2 97 2 95 2 94 2 92 2 91 2 90 2 88 2 87 1 86 2 85 1 84 2 82 1 81 1 79 1 78 1 76 1 74 1 73 2 72 1 71 1 70 2 68 1 66 2 65 1 64 1 62 2 61 1 60 1 58 1 57 1 56 2 55 2 54 1 53 2 51 2 50 2 49 2 47 2 45 2 44 2 43 1 41 2 37 2
108 189 1 188 1 187 1 186 2 184 1 183 1 182 2 181 2 180 2 179 1 177 2 176 1 175 1 174 2 173 2 172 2 169 1 167 1 166 2 165 1 163 1 162 2 161 2 159 1 157 2 156 1 155 2 154 2 152 2 150 1 149 1 148 1 147 2 146 2 143 2 141 1 140 2 139 2 138 2 134 2 133 2 132 1 131 2 129 1 128 1 127 1 126 1 125 1 124 2 123 2 122 2 120 2 119 1 118 2 116 1 115 1 114 2 113 2 111 1 110 2 108 1 106 1 102 1 101 1 100 2 98 1 97 2 96 2 95 1 94 2 93 1 91 2 90 1 88 2 83 2 81 2 80 1 79 2 78 2 76 1 75 2 73 1 72 2 71 2 70 2 69 1 68 2 65 2 64 1 63 1 59 1 58 2 57 2 55 2 54 2 52 2 50 1 49 2 48 2 47 2 46 2 45 1 44 1 43 1 42 2 41 1 39 1 38 2
107 190 2 189 2 188 2 187 1 186 1 185 2 183 2 182 1 181 2 180 2 178 1 176 2 175 1 174 1 173 1 171 2 170 2 168 1 167 1 166 1 165 1 164 2 163 1 160 2 158 1 155 1 151 2 149 2 148 1 147 1 142 2 140 1 139 2 138 1 136 2 135 1 134 1 133 2 132 2 130 2 129 2 128 2 127 1 125 1 124 1 123 2 121 2 120 2 119 1 117 2 116 2 115 1 114 1 112 2 111 1 108 1 107 2 105 1 102 2 101 1 99 2 98 1 97 1 96 2 95 1 94 1 92 1 91 2 90 2 89 1 87 2 84 2 82 2 80 1 79 1 78 2 77 2 75 1 74 2 73 2 72 1 71 1 70 2 69 2 67 2 66 1 65 2 64 2 63 1 59 1 58 1 57 2 56 1 55 2 54 1 53 1 51 2 50 1 49 1 47 1 46 1 45 2 44 2 43 1 42 1 40 1 39 1
99 191 2 190 2 189 2 188 2 187 1 186 2 184 2 183 1 181 1 180 1 179 1 178 2 177 2 176 2 170 2 169 2 168 2 166 1 164 2 163 2 162 1 161 1 159 2 156 2 154 2 152 2 151 1 148 1 146 2 145 1 143 1 142 1 141 1 140 1 138 2 137 1 136 1 134 2 133 1 130 2 129 1 128 2 126 2 124 2 123 2 122 2 121 2 119 1 118 2 116 1 115 1 114 1 113 2 112 1 111 2 110 1 109 2 108 2 106 1 105 1 103 1 102 1 101 2 97 2 96 1 95 1 93 2 91 2 90 2 88 2 87 2 85 2 84 1 82 1 81 1 80 2 79 2 75 2 74 2 73 1 72 1 71 1 70 1 66 2 64 2 63 2 62 2 61 1 60 1 56 2 55 2 54 1 53 2 48 1 47 1 46 2 45 2 44 2 43 2
99 191 1 188 1 187 1 186 2 184 1 181 2 180 1 179 1 178 2 176 1 174 2 173 1 170 1 169 2 168 1 167 2 164 1 163 2 160 1 158 1 156 2 153 1 152 1 151 2 150 2 149 1 148 2 146 2 145 1 144 1 142 2 140 2 138 2 137 1 136 1 134 2 133 2 132 2 131 2 129 2 128 2 127 2 126 1 121 1 120 2 119 2 118 2 117 2 116 1 114 1 110 1 109 2 108 1 107 1 106 2 105 2 103 1 102 1 101 2 100 1 98 2 97 1 96 2 95 2 93 2 92 1 91 2 90 2 89 2 88 1 87 1 85 2 84 1 83 2 82 2 81 1 80 2 78 1 76 2 75 1 74 2 72 1 69 2 66 1 65 2 64 2 63 2 60 2 59 2 58 2 57 2 56 2 53 2 52 1 49 1 48 2 47 1 45 2 42 1
101 189 1 188 2 187 1 186 2 185 2 184 1 183 1 182 1 181 2 180 2 179 1 177 2 175 1 174 2 172 2 170 1 169 1 168 1 166 2 164 1 163 1 162 2 161 2 159 2 157 2 154 2 152 1 150 1 149 1 148 1 147 2 146 2 143 1 141 2 139 2 138 2 137 2 134 1 133 2 132 1 129 1 128 1 127 1 126 1 124 2 123 2 122 2 119 1 118 2 115 1 114 2 111 2 110 1 108 1 107 1 106 1 105 2 104 2 102 2 101 2 100 2 98 2 97 2 96 2 94 2 92 1 91 2 90 1 89 2 88 2 87 1 86 1 84 1 83 1 81 2 79 2 78 1 77 1 76 1 73 1 72 2 70 2 69 1 66 2 65 1 64 1 63 1 60 2 59 1 58 2 55 2 54 2 53 2 52 2 51 2 50 2 49 2 46 2 45 1 43 1 42 2
99 191 2 190 2 189 1 188 2 185 1 184 1 183 1 182 2 181 1 180 1 179 2 178 1 177 1 176 2 175 2 174 2 173 2 170 2 169 1 168 2 167 1 164 2 163 1 160 2 156 1 155 2 154 2 153 2 152 2 151 2 150 1 149 2 148 2 147 2 146 1 144 1 141 1 140 1 139 1 137 2 136 2 134 1 133 1 132 1 131 2 129 1 126 2 124 1 119 1 117 2 116 2 115 1 114 1 112 2 111 1 110 2 107 2 106 2 103 1 101 1 99 2 98 1 97 1 96 2 95 1 94 1 92 2 91 2 89 1 88 1 85 2 84 1 83 1 82 2 81 1 80 1 79 2 77 1 76 2 75 1 73 1 70 2 66 2 65 1 64 2 61 2 60 2 59 1 58 2 56 1 55 2 54 1 53 1 51 2 50 2 49 1 48 2 46 2 43 1
93 191 1 189 2 188 1 186 1 185 2 184 2 183 2 181 1 179 1 177 2 175 1 174 1 173 2 170 2 169 2 168 2 166 1 164 2 163 2 162 1 161 1 159 1 158 1 157 2 155 1 153 2 152 1 151 1 149 2 147 1 143 2 142 2 141 1 139 2 138 1 137 2 136 1 134 2 133 1 132 2 131 1 130 1 129 2 127 1 126 1 125 2 124 2 123 2 122 1 121 1 119 2 114 1 112 2 111 1 108 2 107 2 105 1 104 1 103 2 102 1 101 1 100 2 98 1 96 1 94 2 92 1 91 1 90 2 89 1 87 2 86 2 85 1 84 2 83 1 81 1 78 2 76 1 74 1 71 2 66 1 64 1 63 2 61 2 60 1 59 2 58 2 54 1 53 1 52 2 51 1 49 2 47 2 44 1
91 189 2 187 1 186 2 185 1 184 1 183 1 182 2 181 2 180 2 178 2 177 1 176 2 170 1 169 2 167 2 165 1 164 1 163 2 162 2 160 1 159 2 158 1 156 1 153 2 152 2 151 2 148 2 147 1 145 1 144 1 143 1 142 2 141 2 140 1 138 2 137 2 136 1 135 2 134 2 133 2 132 2 131 2 128 2 127 2 126 2 125 1 123 1 122 2 121 1 120 2 118 2 117 2 114 1 113 1 111 2 109 2 108 1 106 2 104 1 103 1 101 1 100 1 97 1 96 2 95 1 92 2 91 2 90 2 88 1 86 2 85 2 82 2 78 2 77 2 76 2 75 1 72 2 65 2 64 2 63 2 62 1 59 1 58 2 57 1 54 1 53 1 52 1 51 1 50 1 49 1 45 1
97 190 1 189 2 188 1 187 1 185 2 183 2 182 2 181 1 180 2 179 2 177 2 176 2 175 2 174 1 171 1 170 2 169 2 168 1 167 2 166 1 164 2 163 2 162 2 161 1 160 2 159 2 157 2 156 2 155 1 154 2 153 2 151 2 150 2 149 2 144 2 143 1 142 2 141 1 135 2 134 2 132 1 131 1 130 1 128 1 127 1 125 2 124 1 121 2 120 1 117 2 116 1 113 2 112 1 111 1 108 2 107 1 106 2 104 2 103 2 102 1 101 2 100 1 99 1 98 1 96 1 95 1 94 1 93 1 92 2 91 2 89 2 88 1 86 1 85 1 84 2 82 1 81 1 80 2 77 1 76 2 74 1 73 2 66 2 65 2 64 2 63 1 62 1 60 1 58 2 57 1 56 1 55 2 54 1 53 1 52 2 50 1 46 1
88 191 2 190 2 187 2 185 2 184 1 183 2 182 1 181 1 180 2 178 2 176 1 175 2 174 2 173 1 172 2 171 1 170 2 168 1 167 1 166 1 165 1 164 2 162 2 158 2 157 1 156 2 155 2 154 1 153 1 152 1 150 2 148 2 146 1 145 2 144 1 143 2 142 2 141 1 140 2 139 2 138 1 136 2 135 1 134 1 132 2 131 1 129 1 128 1 126 1 125 2 124 2 123 1 122 1 120 2 115 1 113 2 112 2 110 2 109 1 104 2 100 1 99 1 97 1 95 2 94 1 93 1 92 2 91 1 86 1 83 1 79 2 77 1 76 1 75 2 74 1 73 2 63 1 62 2 60 1 59 2 58 1 57 1 53 2 52 2 51 1 50 2 48 2 47 1
129 191 2 190 1 189 2 188 2 187 2 186 1 185 1 183 1 182 1 181 1 180 2 179 1 178 1 177 1 175 1 174 2 171 2 170 1 168 1 167 1 166 1 165 2 162 1 161 2 160 2 159 2 157 1 156 2 155 2 154 1 152 2 150 2 149 2 148 2 146 2 145 1 144 1 143 1 141 2 138 1 137 2 136 2 135 2 134 1 132 2 128 1 127 1 126 1 125 2 124 2 123 2 120 2 119 1 116 2 113 1 112 1 111 1 110 2 109 2 108 2 106 1 104 2 103 1 102 2 100 2 99 1 98 2 96 1 91 1 90 1 89 2 88 1 85 2 84 2 83 1 82 2 80 1 79 2 78 2 77 1 76 2 71 1 70 2 67 1 66 2 64 2 61 1 59 2 58 1 57 2 56 2 55 2 54 1 53 2 52 2 51 2 48 1 47 1 46 2 45 1 40 1 39 1 38 1 36 2 33 1 32 2 31 1 29 2 28 2 25 1 24 1 23 1 22 2 20 2 19 1 17 1 16 2 15 2 14 1 13 2 12 2 11 1 10 2 8 1 7 2 6 1 5 2 4 1 0 1
111 191 2 190 1 188 1 187 1 186 1 182 1 178 1 177 1 174 1 173 1 170 1 169 1 166 1 165 2 158 1 157 1 155 1 152 2 150 1 149 1 146 1 144 1 141 2 140 1 139 2 138 1 137 1 136 2 135 2 133 2 132 1 130 1 129 2 127 2 126 1 124 2 123 2 119 2 117 2 116 1 115 2 113 2 112 1 110 2 109 2 108 2 107 2 106 2 104 2 103 1 102 1 101 1 100 2 99 2 97 1 96 2 94 2 93 2 92 2 91 1 87 2 85 1 80 1 78 1 77 1 74 1 73 2 72 2 70 2 68 2 67 1 66 2 64 1 63 2 62 2 61 2 59 2 58 1 57 1 54 1 52 1 51 1 50 2 49 2 48 1 47 2 45 2 39 1 36 2 35 2 32 2 31 2 30 1 29 2 28 1 26 1 25 1 24 2 22 2 21 2 17 1 15 1 14 1 12 1 11 1 10 2 9 1 8 2 7 2 5 1 1 1
125 190 2 188 1 187 2 186 2 185 2 184 1 183 2 182 1 181 1 180 1 179 2 177 1 172 1 170 2 169 1 168 1 167 2 164 2 163 2 162 1 161 1 160 2 159 2 156 2 155 1 153 1 152 1 151 1 150 2 149 1 145 2 144 2 143 2 142 1 141 1 139 2 138 1 137 1 136 1 135 1 134 2 133 2 132 1 130 2 126 2 125 1 123 2 120 1 118 1 117 2 116 1 115 1 114 2 113 2 112 2 111 2 110 2 108 1 104 1 102 1 100 2 99 2 98 1 97 1 96 2 94 1 92 2 90 1 89 1 88 2 87 2 85 2 84 2 82 2 81 2 80 2 79 2 78 1 77 2 76 2 74 1 71 2 70 2 69 1 67 1 66 1 65 2 64 1 59 1 57 1 56 2 54 1 53 1 52 1 51 2 47 1 46 2 39 1 37 2 36 2 34 2 32 1 31 2 29 1 27 2 23 2 22 2 21 1 19 1 18 1 17 2 16 2 15 1 14 2 13 2 12 1 11 1 10 2 9 2 8 2 7 1 6 1 5 1 3 1 2 1
125 191 1 190 1 189 1 188 1 187 1 186 2 185 2 184 2 182 2 181 2 180 2 178 2 173 2 171 1 170 2 169 2 168 1 166 2 165 1 164 1 162 2 161 1 160 1 159 2 154 1 152 2 151 1 150 1 148 1 147 1 146 1 145 1 144 2 143 2 142 2 141 1 140 1 137 2 136 1 134 1 133 2 132 2 131 1 129 2 127 2 126 1 124 1 120 1 119 2 118 2 117 2 116 2 115 1 114 1 113 1 112 2 111 2 109 1 108 1 103 1 102 2 101 1 99 1 98 2 97 1 96 1 95 2 93 1 90 1 89 1 88 1 87 2 86 1 83 1 82 2 81 2 80 1 79 2 78 2 77 1 76 2 75 1 71 1 70 2 69 2 68 2 66 2 65 2 63 1 58 1 57 2 55 1 54 2 53 2 52 1 51 1 47 1 46 2 45 1 39 1 38 1 37 2 35 1 33 2 32 1 31 1 28 1 23 1 22 2 21 2 20 2 19 1 17 1 16 2 15 2 14 1 13 2 12 2 11 1 10 2 8 2 7 2 6 1 4 1 3 2
129 190 2 188 2 185 1 180 2 178 2 177 2 176 1 175 2 173 1 172 1 170 2 169 1 168 2 167 2 166 2 164 2 161 1 159 2 158 2 157 1 156 2 155 2 154 1 152 2 151 1 150 2 149 1 148 2 147 1 146 2 143 1 142 1 141 1 138 1 137 1 136 1 135 2 134 1 133 2 130 2 129 1 127 1 126 1 125 1 124 1 123 1 122 2 121 2 120 2 119 2 118 1 117 2 116 2 115 1 114 1 113 2 111 1 110 2 109 2 108 1 106 2 105 2 104 2 103 2 102 1 98 2 97 1 94 2 93 2 92 1 90 1 89 2 88 1 87 2 86 1 85 1 84 2 82 1 81 2 80 1 78 1 77 1 75 2 74 2 73 2 72 1 68 2 67 1 64 1 63 2 61 2 60 2 59 2 58 2 57 1 56 2 55 2 54 2 53 1 52 2 50 2 48 2 47 1 46 1 40 1 39 2 37 2 36 2 35 1 34 2 32 1 31 2 29 2 28 1 26 2 25 2 24 1 20 2 19 1 18 1 17 1 15 1 14 1 13 1 12 1 11 2 10 1 8 1 7 2
121 191 1 190 1 188 2 186 1 184 2 183 2 182 1 181 2 180 2 179 1 178 2 177 2 175 2 174 2 173 1 172 2 171 1 170 1 168 1 165 1 164 2 162 2 161 2 160 2 159 2 158 2 154 1 152 2 151 1 148 2 146 2 144 1 143 1 142 2 141 2 140 2 139 1 137 2 135 2 134 2 132 1 131 2 130 2 129 1 127 2 123 1 122 1 121 1 120 1 118 2 117 2 115 2 114 1 113 2 108 2 106 1 102 1 101 2 100 1 99 2 98 1 96 2 95 2 94 1 92 2 89 1 88 1 86 2 85 1 84 2 82 1 80 2 79 2 78 1 77 2 76 2 75 2 72 1 71 2 70 1 69 2 68 1 66 2 65 1 64 1 63 2 61 1 57 1 56 2 55 2 53 1 52 1 49 2 48 1 47 2 46 1 45 2 41 1 38 1 37 1 35 1 34 2 33 2 32 2 30 1 29 2 27 2 24 1 23 2 22 1 21 2 20 1 17 2 16 2 15 1 13 2 12 2 11 1 10 1 9 1 6 1
119 191 2 190 2 187 2 186 1 185 1 184 1 183 2 182 1 181 1 180 1 179 1 176 1 173 1 172 1 169 1 168 1 163 2 161 1 160 2 159 2 155 2 152 2 151 1 149 1 147 2 145 2 143 1 142 1 141 2 140 2 139 2 136 1 135 1 133 2 131 1 130 2 129 2 128 1 126 2 123 1 122 2 120 1 119 1 118 1 117 1 116 1 115 1 112 2 111 2 108 2 107 2 105 1 102 2 101 2 100 2 97 1 96 2 95 2 94 1 93 1 90 2 89 2 88 2 87 2 86 2 85 2 84 2 83 2 82 2 81 1 80 1 79 2 78 2 77 1 76 2 75 1 72 2 71 2 70 2 67 1 65 2 64 1 63 1 62 2 60 1 57 1 56 1 54 1 53 2 52 1 50 1 48 1 47 2 46 2 42 2 39 1 38 2 37 2 36 1 35 1 34 2 33 1 31 2 30 2 24 2 23 2 22 2 19 1 18 2 17 1 16 2 15 1 14 1 13 2 12 2 11 2 10 2 7 1 6 1
126 191 2 190 1 189 2 188 1 187 2 186 1 185 1 181 1 180 2 179 2 178 1 177 2 173 2 171 1 170 2 169 2 168 1 166 2 165 1 164 1 163 2 161 1 158 2 157 2 156 2 155 1 154 2 153 1 152 1 151 2 150 1 147 2 146 1 145 2 144 1 143 2 140 1 139 1 138 2 137 1 136 1 135 2 134 1 133 1 131 1 130 2 127 2 126 1 124 1 122 1 119 2 118 2 117 1 115 2 114 2 113 1 112 2 111 2 109 2 106 1 105 2 103 2 102 1 101 1 100 1 98 2 97 2 94 1 93 2 91 2 90 1 89 2 88 1 87 1 86 1 85 2 84 1 82 1 81 2 80 1 78 1 77 1 73 2 72 1 71 1 70 1 68 2 67 2 65 2 64 1 61 1 60 2 58 2 57 1 56 1 55 1 53 2 52 2 49 1 48 2 47 1 46 2 45 1 41 1 38 1 37 2 36 2 35 2 34 1 32 1 31 1 29 1 28 2 25 2 24 1 23 1 22 1 20 2 19 2 18 2 17 1 15 1 14 2 11 1 10 1 7 2
124 191 2 190 1 187 2 186 2 185 1 184 1 183 1 182 2 180 1 177 2 176 2 175 1 173 2 168 2 166 1 163 2 161 2 160 2 159 1 158 2 157 2 155 1 154 1 153 2 152 2 151 2 150 2 149 2 148 1 147 1 145 2 143 2 141 1 140 1 139 2 137 2 136 2 135 2 131 2 129 1 128 2 127 2 126 1 124 2 123 2 122 2 121 1 120 2 118 2 116 1 115 1 114 1 112 2 111 1 109 1 108 1 107 1 106 1 105 2 103 1 102 1 101 1 100 2 96 1 95 2 94 2 93 2 92 1 91 2 90 2 88 2 87 2 86 1 85 1 84 1 81 2 80 2 79 2 78 1 77 2 76 2 75 2 73 1 72 1 71 1 70 2 65 1 63 2 62 1 61 1 60 2 58 1 57 2 55 2 54 2 53 1 52 2 50 2 48 2 47 1 46 1 42 1 41 1 40 2 39 2 38 2 37 2 35 1 34 1 30 1 29 1 25 1 24 1 23 1 22 2 18 1 17 2 16 2 15 2 13 1 12 1 11 2 9 1 8 2
123 191 2 190 1 189 2 188 1 185 2 184 2 181 2 180 1 178 2 177 2 176 2 175 2 174 1 172 2 171 1 168 1 167 2 165 1 164 1 161 1 160 2 159 2 158 1 156 2 155 2 154 1 153 1 152 1 151 1 150 2 149 2 148 2 147 1 146 1 144 2 142 2 140 1 139 1 138 2 137 1 135 2 130 2 128 1 127 2 126 1 125 1 122 2 121 1 119 1 118 2 117 2 116 2 115 2 114 1 113 1 111 1 110 2 107 2 106 1 105 1 104 2 102 2 101 1 100 1 99 1 96 2 95 1 94 1 92 1 90 2 89 1 88 1 87 2 86 2 85 1 82 1 81 2 80 1 79 2 78 2 77 1 76 2 74 2 71 1 70 1 69 1 66 1 64 1 62 2 61 1 60 1 59 2 57 1 56 1 55 2 53 1 52 1 51 1 49 2 48 2 47 2 46 1 42 2 41 1 39 2 38 1 37 1 35 2 34 2 33 2 30 1 26 2 23 1 22 1 21 1 18 2 17 1 16 2 15 1 14 2 13 2 12 2 10 1
121 191 1 189 1 188 2 187 1 185 1 184 2 183 2 182 1 181 1 180 2 179 2 178 1 176 2 174 2 173 2 171 2 170 2 167 2 166 2 165 2 164 2 162 2 161 1 159 1 158 1 154 1 153 1 152 2 149 1 148 1 147 1 144 2 143 1 142 2 141 1 140 2 138 2 137 2 136 1 133 1 132 1 131 1 130 1 128 1 125 2 123 2 121 1 120 1 118 1 116 1 115 1 114 1 111 1 109 1 108 1 107 2 106 1 103 1 102 1 101 2 100 2 99 2 98 1 97 1 96 1 95 2 94 2 93 2 92 1 91 2 90 2 89 2 88 1 87 1 86 2 85 2 84 2 83 1 82 1 81 1 80 1 78 1 77 1 72 1 70 2 69 2 68 1 67 1 66 2 64 2 62 2 61 1 58 1 56 2 55 1 50 2 49 2 48 1 46 1 44 1 43 2 42 2 37 1 36 2 34 1 33 1 32 2 31 2 28 2 27 1 26 1 24 1 22 2 21 2 20 1 19 1 18 1 17 2 16 2 14 1 10 1
127 190 2 189 1 188 2 187 2 186 1 185 1 184 1 182 1 181 1 178 1 176 1 175 1 174 1 173 2 172 1 169 2 167 1 166 2 164 1 163 2 161 2 160 2 159 1 158 2 157 2 155 1 154 1 153 1 152 2 150 1 149 1 148 2 147 2 146 2 145 1 144 1 142 2 140 2 138 1 137 2 136 2 135 2 133 2 125 2 123 1 122 1 121 1 120 2 119 1 118 2 117 1 116 1 115 2 114 2 113 2 112 1 111 2 110 1 109 1 107 1 105 2 104 1 103 1 102 1 101 1 99 1 95 2 94 1 91 1 90 1 89 2 88 2 87 1 86 1 85 2 81 2 80 2 79 2 78 1 77 2 76 2 73 1 72 2 71 2 70 2 69 1 66 1 65 1 64 2 62 1 60 2 59 1 58 1 57 2 56 1 55 1 54 1 53 2 52 1 51 1 47 1 46 1 45 2 43 2 41 2 40 1 39 1 38 1 37 2 36 1 35 1 34 1 33 2 29 1 28 2 27 1 26 1 24 2 23 2 22 2 21 1 17 2 16 1 15 1 14 1 12 1 11 1
133 191 1 190 1 189 2 188 1 187 2 186 2 185 2 184 1 183 2 182 2 180 1 179 2 177 1 176 2 175 1 173 2 171 1 170 1 168 2 167 1 166 1 165 2 164 1 163 2 161 1 160 2 159 2 158 1 157 2 155 2 154 1 153 2 151 2 149 1 148 1 147 2 146 2 145 2 144 1 143 1 141 2 139 2 138 1 137 1 136 2 135 1 134 1 132 2 129 1 127 2 124 2 122 2 121 1 120 1 119 1 118 2 117 2 116 1 115 1 114 2 113 2 112 2 111 2 110 2 109 1 108 2 106 1 104 2 103 1 102 2 100 2 99 2 95 2 94 2 92 2 91 2 90 1 89 1 88 2 87 2 86 1 85 1 84 1 80 1 79 2 78 2 77 1 76 2 75 1 74 2 73 1 72 1 71 1 70 2 69 2 66 1 65 1 63 2 61 1 59 2 58 1 57 2 56 2 55 2 54 2 53 2 52 2 51 1 48 2 47 2 46 1 44 1 42 2 41 2 40 2 39 1 38 1 37 2 36 2 35 2 34 1 33 1 29 1 25 1 23 1 22 2 21 1 18 2 17 2 16 2 15 1 13 1 12 2
121 191 2 190 1 189 1 188 2 187 2 186 2 185 1 179 1 178 2 177 1 175 2 172 2 171 1 170 2 169 2 167 1 166 1 163 1 161 2 159 1 158 1 156 2 155 2 154 1 153 1 152 1 151 2 150 1 149 2 146 1 145 1 144 1 141 2 140 1 138 1 137 2 136 1 135 1 134 2 133 2 132 1 130 2 129 1 128 1 127 2 126 1 125 2 123 1 122 1 121 2 118 1 116 2 113 1 112 1 110 2 109 1 108 2 107 2 106 2 104 2 103 2 102 1 101 2 99 1 96 1 95 2 94 2 93 1 92 1 91 2 90 2 89 1 88 1 87 2 86 2 85 2 83 1 82 1 81 2 78 1 77 1 75 2 74 1 73 1 71 2 70 1 68 1 65 2 64 1 63 1 62 2 61 2 59 2 58 2 55 2 53 1 51 1 50 1 49 2 48 2 47 2 46 1 43 2 42 2 41 2 39 1 38 2 37 2 35 1 34 2 32 2 30 2 29 1 28 1 24 2 23 2 22 2 19 1 18 1 17 1 16 2
117 189 2 188 1 186 2 185 1 183 2 182 2 179 1 178 1 177 1 176 1 174 2 172 2 171 1 170 2 169 1 168 2 167 1 165 1 164 1 163 2 160 1 159 1 158 2 157 2 155 1 153 1 151 2 149 2 147 1 146 1 145 2 144 2 143 2 142 1 141 1 140 1 139 2 135 2 134 1 132 1 131 1 130 2 128 1 126 1 125 2 124 1 123 1 122 1 121 1 118 1 116 2 114 1 113 1 112 2 111 1 110 1 108 1 104 2 102 2 101 2 100 1 99 2 98 2 97 2 96 2 95 1 94 2 93 2 92 1 91 1 90 2 89 2 88 1 87 1 85 2 83 1 82 1 80 1 78 1 77 2 76 2 75 2 73 1 72 2 71 2 70 2 67 1 66 1 59 2 57 2 56 2 55 1 52 2 51 1 50 1 48 1 47 1 44 1 43 1 41 1 40 1 39 1 37 2 36 1 35 1 34 1 31 2 30 1 29 2 28 1 27 2 24 2 22 2 21 2 19 2 18 1 15 1
118 190 2 189 2 187 2 186 2 184 1 183 1 181 1 179 2 178 1 177 2 175 1 174 2 173 1 172 1 171 2 170 2 169 2 168 1 166 2 165 1 164 1 163 2 161 2 160 2 159 1 158 1 157 2 156 1 154 1 153 2 152 1 150 2 148 2 146 1 145 1 144 2 143 2 142 2 140 1 138 1 136 2 135 2 133 2 132 2 131 1 129 1 126 2 125 2 122 2 121 1 120 1 119 2 118 2 115 2 113 1 112 1 109 1 108 1 105 2 103 1 102 2 101 2 99 2 98 1 95 1 94 1 93 2 92 2 91 1 90 1 89 2 88 2 86 1 85 2 84 2 83 2 81 1 79 2 77 1 76 2 74 2 73 1 71 1 70 2 68 2 66 1 64 2 63 2 60 2 58 1 57 2 56 2 55 1 53 1 52 1 51 2 48 2 46 1 44 2 43 2 42 2 41 2 40 1 38 1 37 2 35 2 34 1 32 1 30 1 29 2 28 2 23 1 22 2 21 1 20 1 18 2 16 1 15 1
116 191 2 188 2 185 2 184 1 183 2 182 1 179 2 178 2 177 2 176 2 174 1 172 2 170 1 168 2 166 1 163 1 162 1 160 2 158 1 156 2 155 2 154 2 153 1 150 2 149 1 148 2 147 1 146 2 143 1 142 1 141 1 140 1 138 2 137 2 134 2 132 1 131 1 130 2 129 1 128 1 127 2 125 1 124 1 122 2 121 2 118 1 117 2 116 1 115 2 114 1 113 2 111 1 110 2 109 2 108 1 106 2 105 2 103 2 100 1 99 2 98 1 96 2 95 2 94 1 93 1 92 2 91 2 90 1 89 1 88 2 87 2 86 2 85 1 83 1 80 2 79 1 78 2 77 1 73 2 72 1 71 1 70 1 67 2 66 2 64 2 63 2 61 2 60 2 58 2 55 2 54 2 52 1 51 1 50 1 49 1 47 1 45 2 44 2 43 2 42 2 41 2 37 1 36 2 35 2 34 2 31 1 30 2 29 1 28 2 27 1 24 1 23 2 22 1 21 1 20 2 16 2
121 191 2 190 1 189 2 188 2 187 1 186 2 184 1 183 2 182 2 179 1 178 2 177 1 175 2 174 1 171 1 170 1 168 2 167 2 166 1 165 2 163 1 162 2 161 2 160 1 159 1 158 2 157 2 156 2 153 1 152 2 151 1 150 1 148 2 146 2 144 1 143 1 142 2 138 2 137 2 136 1 135 2 134 2 133 1 132 2 130 1 129 2 128 2 127 1 126 2 124 1 123 1 122 1 121 2 120 2 115 2 113 2 108 2 106 1 105 1 104 1 103 2 102 1 101 2 100 2 99 2 98 1 97 1 96 1 95 2 94 2 93 1 92 1 91 2 90 2 89 1 88 1 84 1 82 2 80 2 78 1 77 2 76 2 74 2 73 1 71 2 70 1 68 1 66 2 65 2 63 1 61 1 60 1 59 1 58 2 57 1 55 2 54 1 53 1 52 2 51 2 50 1 49 1 48 1 46 1 45 1 43 1 42 2 41 1 40 1 38 1 37 2 35 1 34 2 32 2 30 2 29 1 28 1 21 2 20 2 18 2 17 2
116 191 2 189 1 188 2 186 2 185 2 183 1 179 1 178 1 176 1 172 2 171 2 169 1 167 2 164 2 163 2 162 2 161 2 160 1 159 2 158 1 157 2 153 2 152 2 151 2 150 1 149 1 147 2 145 2 144 1 143 1 142 1 141 1 139 2 138 2 137 2 135 1 134 2 132 2 131 2 130 2 129 1 128 2 126 1 125 2 124 1 123 2 122 1 121 1 118 1 117 2 116 1 114 2 112 2 111 2 107 2 104 1 102 2 101 1 100 1 99 1 98 2 97 2 96 1 95 1 94 2 93 2 92 1 91 1 89 2 88 1 85 2 84 1 83 1 82 1 78 2 77 1 76 2 74 2 73 1 71 2 70 2 69 2 67 1 66 1 62 2 59 1 57 1 56 1 55 1 54 1 53 1 52 2 51 1 50 2 47 2 45 2 44 2 43 1 42 1 41 2 40 1 39 1 38 1 37 2 35 1 34 1 33 1 31 2 30 2 29 2 28 1 27 2 22 2 21 1 19 2 18 1
117 191 1 189 2 188 2 187 1 186 2 185 2 184 1 183 2 182 1 180 1 179 1 178 2 177 2 176 2 175 2 174 2 173 1 172 2 171 2 170 2 169 1 168 2 167 1 161 1 160 2 159 1 157 1 155 2 154 2 153 1 152 1 151 1 150 1 147 2 146 1 145 1 144 1 142 2 141 2 140 1 139 1 138 2 137 2 135 2 134 2 133 1 132 2 131 2 130 1 129 1 127 2 126 1 125 1 123 2 122 1 121 2 120 1 118 1 114 2 113 1 112 2 111 2 109 1 107 1 105 1 103 2 100 2 99 2 98 1 97 2 96 2 95 1 94 1 93 2 92 2 90 1 88 1 86 1 85 2 84 1 83 1 82 1 81 2 80 1 79 1 78 1 77 2 76 2 75 2 74 1 73 1 72 2 68 1 67 1 66 1 65 1 63 2 62 1 60 1 58 2 56 1 53 2 52 1 51 2 49 2 48 2 45 2 44 2 42 2 41 2 39 1 37 2 36 1 32 2 31 2 30 1 28 2
121 191 2 190 1 189 2 188 1 186 2 185 1 181 1 180 2 179 2 177 1 176 2 175 1 174 1 173 2 172 1 169 1 167 1 165 2 164 2 161 1 160 1 159 2 158 2 156 1 155 2 154 2 153 1 152 1 151 2 150 2 149 2 148 1 147 1 146 2 145 2 144 1 143 2 142 2 141 1 138 1 135 2 134 1 132 2 131 1 129 1 128 1 126 2 125 1 123 2 122 2 120 1 119 2 118 1 117 2 116 2 115 1 114 1 112 2 111 1 110 2 109 1 108 2 107 1 105 2 104 2 103 2 102 1 99 2 98 1 97 1 96 2 95 2 94 1 93 1 92 1 91 2 90 2 89 1 88 1 87 2 85 2 84 2 83 2 82 1 81 1 77 2 76 1 75 2 73 1 71 1 70 2 69 2 65 1 64 2 62 1 60 2 59 2 58 2 57 2 56 2 55 2 53 2 52 2 51 1 50 1 47 2 45 2 44 1 43 1 42 2 41 1 40 1 39 2 38 1 37 1 35 2 34 1 33 1 29 2 28 1 27 1
109 191 2 190 1 189 1 187 1 184 1 183 1 182 2 178 2 176 2 175 2 174 1 173 2 171 1 170 2 168 1 166 1 163 1 162 1 161 2 160 1 159 1 157 2 155 1 152 1 151 1 150 2 149 2 148 2 147 1 146 1 143 1 142 2 141 2 136 1 135 2 133 1 130 1 129 2 127 1 124 1 121 2 119 2 116 2 115 2 114 1 113 1 111 2 110 2 108 2 106 1 104 1 103 2 102 2 100 2 99 1 98 2 97 1 96 1 95 2 94 2 93 1 92 1 91 2 89 2 88 1 87 1 86 1 84 1 83 2 82 2 81 1 77 2 76 2 75 2 74 2 73 1 72 2 71 1 70 1 69 2 65 1 63 2 61 1 59 1 58 2 57 2 56 1 55 2 53 1 52 2 51 2 49 1 48 1 46 1 44 2 43 1 42 1 41 2 40 1 39 1 38 2 37 2 35 2 34 2 33 1 30 2 29 2 28 1 27 2
106 191 2 190 1 189 1 188 1 185 1 183 2 182 1 181 2 180 1 178 2 170 1 168 1 167 2 166 2 165 2 163 2 159 1 157 1 156 2 155 1 154 2 153 2 152 2 149 1 148 2 147 1 146 1 145 1 144 1 143 1 142 1 140 1 139 1 136 1 131 1 129 1 126 1 125 1 124 2 123 2 121 2 118 1 116 1 115 1 114 1 111 1 110 2 109 1 105 2 104 2 103 1 101 1 99 1 98 2 97 2 96 1 95 1 93 2 92 2 91 2 90 1 89 2 86 1 85 2 83 1 81 2 80 1 78 1 77 2 76 2 75 2 73 2 71 1 69 2 68 2 66 1 65 1 64 1 63 2 62 2 60 2 59 2 58 1 57 2 56 1 55 1 54 2 53 2 51 2 49 2 47 1 46 2 45 1 44 2 42 2 41 2 39 2 38 2 36 2 35 2 33 1 32 1 31 1 30 2 29 1 27 1
114 190 2 189 1 187 1 186 1 184 1 182 2 181 2 178 1 177 1 175 1 174 2 173 2 170 2 169 1 168 2 167 1 166 1 165 1 163 1 162 1 160 1 157 2 156 1 155 1 154 2 153 1 152 2 150 1 149 2 148 2 146 1 144 1 143 1 140 1 139 1 136 2 134 2 133 2 132 1 130 1 129 2 128 1 127 1 124 2 123 1 121 1 120 1 119 1 118 1 116 1 115 2 114 2 113 2 112 1 111 1 109 2 108 1 105 2 104 2 103 2 100 1 99 2 98 1 97 2 96 2 95 2 94 1 92 1 90 1 87 1 86 2 84 1 83 2 82 1 79 1 78 2 77 1 76 2 74 2 73 1 72 1 71 2 70 2 69 2 68 1 66 2 65 1 63 2 62 2 61 1 60 2 59 2 58 2 55 2 54 1 53 2 49 1 48 1 47 1 45 2 44 1 43 1 42 2 41 1 40 1 39 2 38 1 37 1 36 2 35 1 34 1 33 1 29 2 28 1
115 191 1 190 1 189 2 188 2 185 2 183 2 182 1 181 1 180 2 179 2 177 1 176 2 175 1 172 1 170 2 169 1 167 2 165 2 164 2 161 2 160 1 158 1 155 1 154 2 153 1 151 2 150 2 149 1 148 1 147 2 145 2 144 2 142 2 140 2 138 1 137 1 134 1 132 1 131 2 128 2 126 2 125 1 123 1 122 2 119 2 118 1 116 1 115 1 114 2 113 2 112 2 111 1 110 1 109 1 105 1 104 1 103 2 101 2 99 2 98 1 97 1 96 1 95 2 94 1 93 1 91 2 90 2 88 1 87 1 85 2 84 1 83 2 82 1 81 1 80 2 78 2 77 1 76 1 75 2 74 2 73 1 71 1 70 2 66 2 64 2 63 1 62 2 60 2 59 1 58 2 57 2 56 1 55 2 54 1 52 2 51 1 50 2 48 1 45 2 44 2 43 1 42 1 41 2 40 1 39 1 38 2 37 1 36 1 35 2 34 1 33 2 30 2 29 2 28 1 27 2
110 190 1 189 2 187 2 186 2 184 2 182 1 180 2 178 1 177 1 176 1 175 1 173 2 172 2 170 1 169 1 168 1 167 1 164 2 163 2 162 1 160 2 159 2 157 2 155 2 153 1 152 1 151 2 150 1 147 2 146 1 145 2 143 2 142 2 141 1 140 1 139 2 137 2 135 1 134 1 130 2 129 1 128 2 127 1 126 2 123 1 121 1 120 1 119 2 118 1 117 2 116 2 113 1 112 1 111 1 109 1 108 2 105 1 104 1 103 1 100 2 99 1 98 2 97 1 96 1 94 2 92 1 90 1 87 1 86 1 85 1 83 1 82 2 79 2 78 1 77 2 76 1 74 1 73 1 72 1 71 1 68 1 67 2 65 1 64 2 63 2 62 1 61 1 60 2 59 1 58 1 54 1 53 1 52 2 51 2 49 1 48 1 47 2 46 1 45 2 44 2 42 2 41 2 39 2 38 2 36 2 35 2 31 1 30 1 29 1 28 2
118 190 1 189 1 188 1 185 1 183 1 182 1 181 1 180 1 179 1 178 1 177 2 175 1 173 2 172 2 171 2 170 2 168 2 167 2 166 1 165 1 164 1 163 2 162 1 160 2 159 1 158 2 157 2 154 1 153 2 151 2 150 1 148 2 147 1 146 1 144 2 143 2 142 2 141 1 140 2 139 2 138 2 137 2 135 1 134 1 133 1 131 1 127 2 126 1 125 2 124 1 123 2 122 1 121 1 119 1 116 2 114 1 113 1 112 2 111 2 109 1 105 2 104 2 103 1 101 1 99 1 98 2 97 2 96 2 95 2 94 1 93 2 92 1 91 2 90 2 89 2 88 2 84 2 81 2 80 1 78 1 77 2 76 2 75 1 73 1 71 2 70 2 68 1 66 1 65 1 61 1 60 2 59 2 58 1 57 1 56 1 54 2 52 2 51 2 50 1 49 1 48 2 47 2 45 1 44 1 43 1 42 2 41 1 40 1 39 2 38 1 37 1 36 2 35 1 34 1 33 1 31 2 30 1 27 1
118 191 2 190 2 189 1 187 1 186 2 184 1 183 2 182 2 181 2 180 2 179 2 178 1 177 1 176 2 175 1 174 2 173 1 169 1 167 2 166 1 165 2 164 1 163 1 162 2 161 1 160 1 158 1 157 2 156 1 155 2 154 2 153 2 152 1 150 1 149 1 148 2 144 1 143 1 141 1 140 1 139 1 136 2 135 2 134 2 133 2 132 2 130 1 129 2 128 1 127 1 125 2 124 2 122 2 121 1 118 1 117 1 115 2 113 1 112 1 111 1 110 2 109 2 108 2 105 1 104 2 103 2 102 2 100 1 98 1 97 2 96 1 95 2 94 1 93 2 92 1 90 2 89 1 87 2 84 1 82 1 79 1 78 1 77 1 76 2 74 2 73 1 72 2 71 1 70 2 63 1 62 2 61 1 60 1 59 2 58 2 57 1 55 2 54 2 53 1 50 2 49 1 48 2 45 2 44 2 43 1 42 1 41 2 40 1 39 1 38 2 37 1 35 2 34 1 33 2 32 1 30 2 28 1 27 1
106 190 2 189 1 187 2 184 2 183 2 182 1 180 2 179 2 178 1 175 1 172 1 171 1 170 2 169 1 168 2 167 1 165 2 164 1 162 2 161 1 156 1 155 1 154 1 153 2 152 1 151 2 150 1 149 1 148 2 146 1 144 2 143 1 141 2 140 2 137 1 136 1 135 1 131 1 130 1 127 1 126 2 125 2 120 2 118 2 117 2 116 1 115 2 114 1 113 2 110 2 109 1 108 2 107 2 106 1 105 1 101 1 100 2 99 2 98 2 96 1 95 2 94 1 92 1 88 2 87 1 85 1 84 2 83 1 81 2 80 1 79 1 78 2 76 2 75 2 73 1 70 1 69 2 68 1 65 2 64 1 63 1 62 2 61 2 60 1 59 1 58 2 57 2 55 2 54 1 53 2 52 1 50 1 49 2 47 1 45 1 44 2 42 2 41 2 39 2 38 2 37 1 36 2 35 1 34 1 32 2 28 2
113 191 1 187 1 184 1 182 2 181 1 180 2 179 1 177 2 176 1 175 1 173 2 169 1 167 1 165 2 161 2 160 2 159 1 158 2 157 1 155 2 153 2 152 2 150 1 149 2 145 1 144 1 143 2 142 2 141 1 140 2 137 2 136 2 134 1 133 2 132 2 129 2 127 1 125 1 124 1 123 2 122 1 121 2 120 2 119 1 118 2 117 2 115 2 113 2 111 2 110 2 109 1 108 1 106 1 104 1 103 2 102 2 101 1 99 2 98 2 96 1 95 1 93 1 90 1 89 2 88 2 87 1 85 2 84 2 83 1 82 2 81 2 77 2 76 2 75 1 74 1 73 1 71 2 69 1 67 1 66 2 65 2 63 2 62 1 61 2 60 2 59 1 58 1 57 2 56 1 55 2 53 2 52 2 51 1 50 1 49 1 48 2 47 2 45 2 44 1 43 1 42 2 41 1 40 1 39 2 38 2 37 1 36 1 35 1 34 2 33 2 32 2 30 2 29 2
112 190 1 189 1 188 2 186 1 185 2 183 1 182 2 181 1 180 1 178 1 176 2 175 1 174 2 172 2 171 2 170 2 168 1 166 1 163 2 162 2 161 1 160 2 159 2 158 2 157 2 154 1 151 2 148 2 147 2 146 2 144 2 143 1 142 2 141 2 139 2 138 2 137 1 135 2 134 1 133 1 132 2 129 2 128 2 127 2 125 2 124 1 123 1 122 1 121 1 120 2 119 1 117 1 116 1 114 2 112 2 111 1 110 2 109 1 107 2 105 1 104 1 103 1 102 2 99 2 97 2 94 1 93 2 91 2 89 1 88 2 87 2 86 1 84 1 83 1 81 1 77 1 76 2 75 2 74 2 73 1 72 2 70 2 68 2 63 2 62 1 61 1 60 2 59 2 58 1 57 1 56 1 54 2 53 1 52 2 51 2 50 2 49 1 48 1 45 2 44 2 43 1 42 1 41 2 40 1 39 1 38 2 37 1 35 1 34 1 33 2 31 2 30 1
114 191 1 188 1 186 2 185 1 184 1 183 2 182 2 181 1 180 1 179 1 178 2 176 2 174 2 173 1 172 1 170 1 168 1 167 2 166 1 165 2 164 2 163 1 162 1 160 1 159 1 157 1 156 2 155 1 154 2 153 2 149 2 148 1 147 1 146 1 144 2 143 1 142 2 141 1 140 2 139 1 138 2 136 2 135 2 134 1 132 2 131 2 130 2 129 2 127 1 126 2 124 2 123 2 120 2 117 2 116 1 114 2 113 1 112 2 110 1 109 1 107 2 106 1 105 1 104 1 103 2 102 2 101 1 100 1 99 2 97 1 96 1 94 1 93 1 92 1 91 1 89 1 88 2 85 2 84 2 82 2 80 2 79 2 78 1 76 2 74 1 72 2 71 1 70 1 69 2 68 2 67 2 66 1 61 1 60 1 59 2 58 2 57 1 55 1 54 1 52 2 51 2 50 1 48 1 46 1 45 2 44 2 42 2 41 2 40 2 39 2 38 1 37 2 35 2 34 1
105 191 2 189 2 188 1 186 1 185 2 183 2 181 2 180 1 179 2 178 1 173 1 172 1 171 2 170 2 169 1 168 2 166 1 164 1 163 2 162 1 161 2 159 2 154 2 153 1 152 1 151 1 150 2 149 1 148 2 147 1 145 2 144 2 143 1 142 2 139 1 137 1 136 1 134 2 133 2 132 2 129 2 125 1 123 1 122 1 120 2 118 2 114 1 112 2 111 2 110 1 109 2 108 1 107 1 104 1 103 2 102 1 101 1 100 1 99 1 98 1 96 2 94 2 89 2 87 1 86 2 85 2 84 2 83 1 82 1 81 1 78 1 77 1 76 1 75 1 74 2 73 1 71 1 70 1 69 1 67 1 65 1 64 1 63 2 61 1 60 1 59 1 58 2 57 2 56 1 55 2 53 2 52 2 51 2 50 1 46 2 45 1 44 1 43 1 42 2 40 1 39 1 38 2 37 2 36 2 33 2
102 187 1 184 1 183 1 182 1 181 1 180 2 179 2 177 2 175 1 174 1 173 2 170 2 169 1 168 1 167 2 165 2 164 1 162 2 160 2 157 1 155 1 153 1 152 2 150 1 149 1 147 2 146 1 145 1 144 1 143 1 142 2 140 2 137 2 136 2 135 1 134 1 133 2 132 1 127 1 126 1 124 1 123 2 121 2 120 1 119 1 118 2 117 1 115 2 113 1 110 1 109 1 106 1 104 1 103 2 102 1 101 2 99 1 96 1 95 1 93 2 88 2 86 1 85 2 83 2 82 2 77 2 76 2 74 2 73 1 72 1 71 2 69 1 68 2 67 1 66 2 65 2 62 2 61 2 60 1 59 1 58 1 57 1 56 1 55 2 54 2 53 1 52 2 51 1 49 1 48 2 47 1 45 1 44 2 43 1 42 2 41 2 40 1 39 1 38 1 37 1 34 2 33 2
104 191 1 190 1 189 2 188 2 187 1 184 1 183 2 182 2 181 2 180 2 179 1 176 1 175 2 174 2 172 1 171 1 170 1 169 1 168 1 165 1 164 2 163 1 162 2 161 1 159 1 158 1 155 1 154 2 153 1 152 2 149 1 148 1 147 2 146 2 145 1 143 2 142 1 141 2 138 1 137 2 136 1 135 2 134 1 130 2 125 2 123 2 120 1 119 1 118 1 117 1 110 2 108 1 107 2 106 2 105 2 102 1 100 1 99 2 98 2 97 2 96 1 94 2 93 1 91 1 90 1 89 1 88 1 86 1 85 2 84 2 83 2 82 1 81 1 79 2 78 1 76 1 75 1 74 2 73 1 71 2 70 1 69 2 68 1 66 1 60 1 59 2 58 1 57 1 56 2 55 2 54 1 53 1 52 2 51 2 50 2 49 1 48 1 46 2 44 2 42 2 41 1 38 2 37 2 34 1
103 191 1 190 1 187 1 185 1 183 2 181 2 180 2 178 2 177 2 176 2 175 1 174 2 171 2 170 2 168 1 167 1 166 2 165 1 164 1 163 1 162 1 160 1 158 2 155 2 153 1 152 2 151 2 150 1 148 2 147 1 143 1 142 1 141 1 140 1 139 2 137 2 136 1 135 2 134 2 133 2 132 2 130 1 128 1 127 1 126 2 124 2 123 1 122 2 121 2 120 2 119 1 117 1 116 1 115 1 114 2 113 2 112 1 110 2 104 1 102 2 99 1 98 1 97 1 96 1 95 2 94 2 93 1 91 2 86 2 83 2 82 1 79 1 73 2 72 1 71 2 70 1 69 1 67 2 66 1 64 1 63 2 62 2 60 1 59 2 58 2 57 2 55 2 54 1 53 2 51 2 49 1 48 1 47 2 46 2 45 2 44 1 43 1 42 1 40 2 39 2 38 1 36 2 35 1
106 191 2 188 2 186 1 183 2 182 1 181 2 180 1 179 1 178 1 177 2 176 2 172 1 171 1 169 1 168 1 167 1 166 1 165 2 164 2 163 2 162 2 161 2 159 1 156 1 154 2 152 1 151 1 149 1 148 2 147 1 145 2 143 2 142 2 141 1 140 1 139 1 138 1 137 2 136 1 135 1 134 1 133 2 132 1 131 2 128 2 125 1 123 1 122 1 120 2 118 2 117 1 116 2 114 2 113 2 112 2 111 2 109 2 108 2 103 2 102 1 100 1 99 2 98 2 95 1 94 2 92 1 90 2 85 2 83 2 82 1 81 1 80 2 78 1 76 1 75 1 74 1 73 1 72 2 71 2 70 1 69 2 68 1 67 1 65 2 64 1 63 2 61 1 60 1 59 1 58 2 56 1 55 2 54 2 52 2 51 2 50 2 47 1 46 2 45 2 44 2 43 1 42 2 41 1 40 1 39 1 37 2
109 190 1 186 1 185 2 184 1 183 1 182 1 181 1 180 1 179 2 176 1 175 1 174 1 173 2 172 1 171 1 170 1 169 2 167 1 164 2 163 1 160 2 158 1 156 1 155 2 154 1 152 1 151 2 150 2 149 2 148 2 147 1 145 2 144 2 143 1 140 2 139 2 138 1 136 1 135 2 134 2 133 2 131 1 129 2 128 2 127 2 125 1 123 2 122 2 120 2 119 2 118 2 116 2 115 2 112 2 111 2 109 2 108 2 106 2 105 2 104 2 103 2 102 1 101 2 100 2 99 2 98 1 97 2 95 2 94 1 92 1 91 2 90 1 88 1 87 1 86 1 85 1 84 1 82 2 81 1 79 1 78 2 76 2 74 2 73 2 72 2 71 1 70 1 68 2 66 1 65 1 64 2 62 1 61 1 60 2 58 2 57 1 56 1 55 2 54 2 53 2 51 2 50 1 49 2 47 2 45 2 44 1 43 1 41 2 37 2
108 189 2 188 1 187 2 186 2 184 1 183 2 182 2 181 1 180 2 179 2 177 1 176 1 175 2 174 2 173 1 172 2 169 2 167 2 166 2 165 2 163 2 162 2 161 1 159 2 157 1 156 1 155 1 154 2 152 2 150 1 149 2 148 1 147 1 146 2 143 1 141 2 140 2 139 1 138 2 134 2 133 1 132 1 131 1 129 2 128 1 127 2 126 1 125 2 124 2 123 1 122 2 120 2 119 2 118 2 116 1 115 2 114 2 113 1 111 2 110 2 108 1 106 1 102 1 101 2 100 2 98 1 97 1 96 2 95 2 94 2 93 2 91 1 90 1 88 2 83 1 81 1 80 1 79 1 78 2 76 1 75 1 73 2 72 2 71 1 70 2 69 2 68 2 65 1 64 1 63 2 59 2 58 2 57 1 55 1 54 2 52 2 50 1 49 1 48 2 47 1 46 2 45 2 44 1 43 2 42 2 41 2 39 2 38 2
107 190 1 189 2 188 1 187 1 186 2 185 2 183 2 182 2 181 2 180 1 178 2 176 1 175 1 174 2 173 1 171 2 170 1 168 2 167 1 166 2 165 1 164 1 163 1 160 1 158 2 155 1 151 2 149 2 148 2 147 1 142 1 140 2 139 2 138 2 136 1 135 1 134 2 133 2 132 1 130 1 129 2 128 1 127 1 125 1 124 2 123 2 121 2 120 1 119 1 117 2 116 1 115 1 114 2 112 1 111 1 108 2 107 2 105 1 102 1 101 1 99 2 98 2 97 1 96 1 95 1 94 2 92 2 91 2 90 1 89 1 87 2 84 1 82 1 80 2 79 1 78 1 77 2 75 1 74 1 73 2 72 2 71 1 70 1 69 2 67 2 66 2 65 2 64 1 63 1 59 1 58 2 57 2 56 2 55 2 54 2 53 1 51 2 50 2 49 1 47 1 46 2 45 2 44 1 43 1 42 2 40 2 39 1
99 191 1 190 2 189 1 188 2 187 2 186 2 184 2 183 2 181 2 180 1 179 2 178 2 177 1 176 2 170 2 169 1 168 2 166 1 164 2 163 1 162 1 161 2 159 1 156 2 154 2 152 2 151 2 148 1 146 2 145 2 143 2 142 1 141 2 140 1 138 2 137 2 136 1 134 2 133 2 130 2 129 2 128 2 126 2 124 2 123 1 122 2 121 1 119 2 118 2 116 1 115 2 114 1 113 1 112 1 111 1 110 1 109 1 108 2 106 1 105 2 103 2 102 1 101 1 97 1 96 1 95 2 93 1 91 1 90 2 88 2 87 1 85 1 84 1 82 1 81 2 80 2 79 1 75 1 74 2 73 2 72 1 71 2 70 1 66 2 64 2 63 1 62 2 61 2 60 1 56 2 55 1 54 1 53 1 48 1 47 2 46 2 45 1 44 2 43 1
99 191 1 188 2 187 1 186 1 184 2 181 2 180 2 179 1 178 1 176 2 174 1 173 1 170 2 169 2 168 2 167 2 164 2 163 2 160 2 158 2 156 1 153 1 152 2 151 2 150 1 149 1 148 1 146 1 145 1 144 2 142 1 140 1 138 1 137 1 136 2 134 1 133 2 132 1 131 2 129 2 128 1 127 2 126 2 121 1 120 1 119 2 118 1 117 2 116 2 114 2 110 2 109 2 108 2 107 1 106 1 105 2 103 1 102 2 101 2 100 2 98 1 97 1 96 1 95 2 93 2 92 2 91 2 90 1 89 2 88 2 87 1 85 2 84 2 83 2 82 1 81 1 80 1 78 2 76 1 75 1 74 1 72 2 69 2 66 2 65 2 64 1 63 2 60 1 59 2 58 1 57 2 56 1 53 2 52 2 49 1 48 1 47 1 45 2 42 2
101 189 2 188 2 187 2 186 2 185 1 184 1 183 2 182 1 181 1 180 2 179 2 177 1 175 2 174 2 172 2 170 1 169 2 168 1 166 2 164 1 163 2 162 2 161 1 159 1 157 1 154 2 152 1 150 1 149 2 148 1 147 1 146 2 143 2 141 1 139 1 138 2 137 1 134 1 133 1 132 1 129 2 128 1 127 2 126 1 124 2 123 1 122 2 119 2 118 2 115 2 114 2 111 1 110 1 108 1 107 2 106 1 105 1 104 2 102 2 101 1 100 2 98 2 97 1 96 2 94 2 92 1 91 1 90 1 89 1 88 2 87 2 86 1 84 1 83 2 81 1 79 1 78 1 77 2 76 1 73 2 72 2 70 2 69 2 66 2 65 2 64 1 63 2 60 2 59 2 58 2 55 1 54 2 53 1 52 2 51 1 50 2 49 1 46 2 45 2 43 2 42 2
99 191 2 190 1 189 1 188 1 185 1 184 2 183 1 182 1 181 1 180 2 179 2 178 2 177 1 176 1 175 2 174 1 173 2 170 1 169 1 168 1 167 1 164 1 163 1 160 1 156 2 155 2 154 1 153 2 152 1 151 2 150 2 149 2 148 1 147 2 146 2 144 2 141 1 140 2 139 1 137 2 136 1 134 2 133 1 132 2 131 2 129 1 126 1 124 2 119 1 117 2 116 1 115 1 114 2 112 1 111 1 110 1 107 2 106 1 103 1 101 1 99 2 98 2 97 1 96 1 95 1 94 2 92 1 91 2 89 1 88 2 85 2 84 2 83 1 82 1 81 1 80 2 79 2 77 1 76 1 75 1 73 1 70 1 66 1 65 1 64 1 61 2 60 1 59 1 58 1 56 2 55 2 54 2 53 1 51 2 50 1 49 1 48 1 46 1 43 1
93 191 2 189 1 188 1 186 1 185 1 184 2 183 1 181 2 179 2 177 1 175 2 174 1 173 1 170 2 169 1 168 2 166 1 164 2 163 1 162 1 161 2 159 2 158 1 157 1 155 2 153 1 152 1 151 2 149 1 147 2 143 1 142 2 141 2 139 1 138 1 137 1 136 1 134 2 133 2 132 2 131 2 130 1 129 1 127 2 126 1 125 1 124 2 123 1 122 1 121 2 119 1 114 1 112 2 111 2 108 2 107 1 105 2 104 1 103 1 102 1 101 2 100 2 98 1 96 1 94 2 92 1 91 2 90 2 89 2 87 1 86 2 85 2 84 2 83 2 81 2 78 2 76 1 74 1 71 1 66 1 64 1 63 1 61 1 60 1 59 1 58 2 54 1 53 2 52 2 51 2 49 1 47 1 44 1
91 189 2 187 1 186 1 185 1 184 2 183 1 182 1 181 2 180 1 178 1 177 1 176 1 170 2 169 2 167 2 165 1 164 2 163 2 162 1 160 2 159 2 158 2 156 2 153 2 152 1 151 2 148 1 147 1 145 1 144 2 143 1 142 1 141 2 140 2 138 1 137 2 136 2 135 2 134 1 133 2 132 1 131 2 128 1 127 2 126 1 125 1 123 1 122 1 121 1 120 1 118 1 117 2 114 2 113 1 111 2 109 2 108 2 106 1 104 2 103 1 101 1 100 2 97 1 96 1 95 1 92 1 91 2 90 1 88 2 86 1 85 2 82 1 78 1 77 2 76 1 75 1 72 1 65 2 64 1 63 2 62 2 59 1 58 1 57 1 54 2 53 1 52 2 51 1 50 2 49 1 45 1
97 190 1 189 1 188 1 187 2 185 1 183 1 182 2 181 2 180 2 179 1 177 1 176 2 175 1 174 1 171 2 170 2 169 1 168 1 167 1 166 1 164 2 163 1 162 2 161 2 160 2 159 1 157 1 156 2 155 2 154 2 153 1 151 1 150 2 149 1 144 2 143 2 142 2 141 2 135 1 134 2 132 1 131 2 130 1 128 1 127 2 125 1 124 1 121 1 120 1 117 1 116 1 113 1 112 1 111 2 108 2 107 2 106 2 104 2 103 1 102 1 101 1 100 1 99 2 98 1 96 1 95 2 94 1 93 2 92 2 91 1 89 1 88 1 86 1 85 2 84 2 82 1 81 2 80 2 77 2 76 2 74 1 73 1 66 2 65 1 64 2 63 2 62 1 60 1 58 2 57 2 56 1 55 1 54 1 53 2 52 2 50 1 46 1
88 191 2 190 1 187 2 185 2 184 2 183 2 182 2 181 1 180 1 178 1 176 2 175 2 174 1 173 1 172 1 171 1 170 1 168 2 167 1 166 2 165 1 164 1 162 1 158 1 157 1 156 1 155 2 154 2 153 1 152 2 150 1 148 1 146 2 145 2 144 2 143 2 142 1 141 1 140 1 139 2 138 2 136 1 135 1 134 2 132 1 131 1 129 1 128 2 126 2 125 2 124 1 123 1 122 2 120 1 115 1 113 2 112 1 110 1 109 1 104 1 100 2 99 1 97 1 95 2 94 2 93 1 92 1 91 1 86 2 83 1 79 2 77 1 76 2 75 2 74 2 73 2 63 1 62 1 60 2 59 2 58 2 57 1 53 2 52 1 51 1 50 1 48 1 47 1
66 190 2 188 1 186 2 178 2 174 1 172 2 168 1 166 2 164 2 160 1 158 1 156 2 154 1 152 2 150 1 146 1 142 1 140 1 138 2 136 2 134 1 130 2 128 2 126 2 122 2 120 1 118 2 116 1 110 2 106 2 102 2 100 2 98 2 94 1 92 2 90 2 88 1 86 1 80 1 76 2 74 2 72 2 68 2 66 1 64 1 62 1 58 2 54 1 52 1 50 1 46 1 42 1 40 1 38 2 36 1 34 2 26 2 24 2 20 1 16 2 14 1 12 1 10 2 8 2 6 2 0 2
59 181 1 179 1 177 2 175 2 173 2 171 1 167 1 165 2 161 1 159 1 157 1 147 2 143 2 139 2 137 2 135 1 131 2 127 1 123 2 119 1 115 1 113 2 109 2 103 1 101 2 95 1 93 1 91 1 87 2 81 2 79 2 77 1 75 1 73 1 69 2 65 2 63 2 59 2 57 2 55 2 49 1 47 2 43 2 39 1 37 2 35 2 33 2 31 1 27 2 25 1 19 1 17 1 15 2 13 1 11 1 7 2 5 2 3 1 1 2
63 188 2 182 1 180 1 178 2 176 2 174 2 172 1 168 1 166 2 164 1 160 2 156 1 152 1 150 2 146 2 144 1 142 1 140 1 138 2 136 1 134 2 130 1 128 2 126 2 122 1 120 1 118 2 112 1 108 1 104 1 102 2 100 1 98 1 94 2 92 2 90 2 86 2 80 1 76 2 74 2 72 2 68 1 66 2 64 1 62 2 58 1 56 2 48 1 46 1 44 2 42 2 36 1 34 1 32 1 26 2 24 1 18 1 16 2 12 2 10 2 6 2 4 1 2 2
69 191 2 187 2 185 2 183 1 177 1 173 2 171 1 167 2 163 1 159 2 157 2 155 1 153 1 151 1 145 2 141 1 139 2 137 1 135 1 133 2 131 1 129 1 127 1 125 1 123 1 121 1 119 2 117 2 115 2 111 1 109 1 107 2 105 1 101 2 99 1 97 1 95 2 93 2 91 1 89 1 85 2 83 1 81 2 79 2 77 1 75 1 73 1 71 1 67 1 65 1 63 1 61 2 59 1 57 2 49 2 45 2 37 1 35 1 29 1 25 1 23 1 21 1 19 2 17 1 15 1 13 2 11 2 7 1 3 1
53 190 1 188 1 186 2 182 1 178 2 176 2 172 1 168 2 166 2 164 1 162 2 160 1 158 1 154 2 152 2 150 1 148 1 146 1 144 2 142 1 140 1 122 1 116 2 114 1 110 1 108 1 104 1 100 2 94 2 92 2 90 1 88 1 86 1 84 2 80 1 76 2 74 2 70 1 54 2 52 1 50 2 48 2 42 2 36 1 34 2 30 1 26 2 24 2 18 1 16 1 14 1 8 2 6 1
67 191 2 189 1 187 2 185 1 183 2 181 2 179 2 177 2 175 1 173 2 171 1 163 2 161 1 159 2 157 2 155 1 153 2 151 1 149 1 147 2 145 2 143 1 141 2 139 2 137 2 135 1 131 2 129 2 125 2 121 2 119 1 115 1 111 1 109 2 107 1 105 2 103 2 99 1 91 1 87 1 85 2 83 2 81 1 79 2 77 1 75 1 73 1 69 2 65 2 63 2 59 2 53 1 51 1 49 1 45 2 39 2 35 1 29 2 27 1 25 1 23 2 21 1 15 2 13 2 11 1 9 2 7 1
60 190 1 188 2 186 1 184 1 182 1 180 1 176 2 172 1 170 2 166 1 164 2 162 2 158 2 154 2 144 2 136 2 134 1 130 2 128 1 124 2 122 2 118 1 114 1 106 1 104 2 100 1 98 2 96 1 94 1 92 1 90 2 88 2 84 1 82 2 80 1 76 2 74 1 70 2 68 1 64 2 62 1 58 2 56 1 48 1 38 1 36 2 34 2 32 2 30 1 28 2 26 1 24 1 22 2 20 1 18 1 16 2 14 2 12 1 10 1 6 2
55 189 2 187 2 185 1 181 2 179 2 175 1 173 2 165 2 153 1 151 2 147 1 141 1 137 1 135 2 131 2 129 2 125 2 121 2 119 1 115 2 113 2 111 2 109 2 107 1 105 1 103 2 99 2 93 2 91 2 89 2 87 2 83 1 79 2 77 1 73 1 69 1 65 2 63 2 59 2 55 2 53 2 47 1 45 1 43 2 41 1 39 1 37 1 31 1 29 1 19 2 17 1 13 1 11 2 9 1 7 1
56 184 2 182 1 180 2 178 1 176 2 172 1 170 1 168 1 164 1 162 1 158 1 156 1 152 2 138 1 136 2 134 2 130 1 128 2 124 1 120 1 118 2 116 2 114 2 112 1 110 2 108 1 106 2 98 1 96 2 92 1 88 1 82 2 80 1 76 2 68 2 64 1 62 2 58 1 56 1 52 1 48 2 46 2 44 2 40 2 36 2 32 2 30 2 28 2 26 2 24 2 20 1 16 2 14 2 12 2 10 1 8 1
66 191 1 187 1 181 2 179 2 177 2 175 1 173 2 171 2 169 1 163 1 159 2 157 1 153 2 149 1 147 2 143 1 141 2 135 1 133 2 131 1 129 1 127 2 121 1 119 1 117 1 113 2 105 2 103 1 99 2 97 1 95 1 93 2 91 2 87 1 83 2 81 1 79 2 77 1 75 2 73 2 71 2 69 1 67 2 65 2 63 1 61 2 59 1 55 2 53 1 51 1 47 1 45 1 41 1 39 2 37 2 35 1 33 1 31 1 29 2 25 2 23 2 21 2 19 2 17 2 15 2 13 1
58 190 2 188 1 186 1 184 2 182 1 180 1 178 2 176 1 172 1 170 1 168 2 164 1 162 2 160 1 154 2 150 1 144 1 136 1 126 2 124 2 122 2 120 1 116 1 114 1 112 1 110 2 108 1 106 2 102 1 100 2 98 2 96 1 92 1 90 1 86 1 82 2 80 1 76 2 72 1 70 1 68 1 66 1 56 2 54 1 52 2 50 2 44 1 42 1 40 2 32 2 28 2 26 2 20 1 18 1 16 2 14 2 12 1 10 2
68 191 1 187 2 185 2 183 1 181 2 177 2 175 2 173 2 171 2 169 2 165 1 163 2 161 1 159 1 155 2 153 1 149 2 143 2 137 1 135 2 131 2 129 2 125 2 123 2 121 1 119 2 117 1 115 2 113 2 111 1 109 1 107 2 101 2 99 2 97 1 95 2 93 1 91 2 87 2 85 2 81 2 79 2 77 1 75 2 71 2 69 2 67 2 65 1 63 1 59 2 57 2 55 1 53 1 49 1 47 2 45 2 43 2 41 1 35 2 33 2 31 1 25 1 23 1 21 1 19 2 15 2 13 1 11 2
58 190 2 186 2 182 2 180 1 178 1 176 2 174 1 172 1 170 1 168 2 164 1 162 2 152 2 150 1 148 2 146 2 144 1 142 2 140 2 134 2 130 2 128 1 122 2 118 2 116 1 112 1 110 1 104 1 102 1 98 1 96 1 94 2 90 2 84 2 82 1 76 2 72 1 70 1 66 1 64 1 62 1 58 2 56 1 54 1 52 2 50 2 48 2 46 2 44 1 40 2 36 1 34 2 28 1 22 1 20 2 18 1 16 1 12 1
68 191 1 189 1 187 2 185 2 181 2 177 2 175 2 173 2 171 2 169 2 163 1 161 2 159 1 157 1 155 1 153 2 151 1 149 1 147 2 145 1 143 1 141 2 137 1 131 2 129 2 127 2 121 1 119 2 113 1 111 2 109 1 107 2 105 2 103 2 99 2 97 1 95 2 93 2 89 2 87 2 85 1 83 1 81 1 79 2 77 1 75 2 71 2 69 1 67 2 65 1 59 2 57 2 55 2 51 2 49 1 47 2 43 1 41 2 39 2 37 1 35 1 31 2 29 2 27 2 23 2 21 2 17 2 15 1
67 190 2 188 2 186 1 184 1 180 1 174 2 172 1 170 1 168 2 162 1 160 1 158 1 156 1 154 2 152 2 150 2 148 2 146 2 144 2 142 2 140 1 138 2 136 2 134 1 132 2 130 1 128 1 126 1 122 2 120 2 118 1 116 2 112 2 108 1 106 1 104 1 94 1 90 1 88 1 86 1 82 2 80 2 78 1 76 2 72 1 70 1 68 2 66 1 64 2 62 2 58 1 56 1 54 1 50 2 48 1 46 1 42 2 40 1 38 1 34 2 32 2 30 2 28 1 24 2 22 1 20 1 16 1
57 191 1 189 2 185 1 183 2 181 1 179 2 177 2 175 1 173 2 171 2 169 2 165 2 163 2 151 1 149 2 145 1 143 2 141 1 139 1 137 1 133 1 131 2 129 2 127 2 125 2 123 1 121 1 119 2 117 2 115 2 113 1 109 2 107 1 105 1 103 2 99 1 97 2 93 1 83 1 81 1 77 1 75 2 69 2 63 2 61 2 59 2 57 2 55 2 53 2 49 1 45 1 43 2 41 2 23 1 21 2 19 1 15 2
68 190 1 182 1 180 1 178 1 176 2 174 2 172 1 170 1 168 2 162 1 160 2 156 1 154 2 152 2 148 2 146 2 142 2 140 1 138 2 136 1 134 2 132 2 128 2 126 1 124 1 122 1 118 1 116 2 114 2 112 2 108 1 106 1 104 1 100 2 98 1 96 1 92 1 90 1 86 2 84 2 82 2 80 2 78 2 76 2 72 2 70 2 68 1 66 2 64 1 60 1 56 2 54 1 52 1 50 1 46 2 44 2 42 1 40 2 36 2 34 2 32 2 30 1 28 1 24 1 22 1 20 1 18 2 16 1
55 189 1 185 2 181 2 179 2 175 1 173 2 171 2 169 2 165 2 161 2 155 2 151 1 147 1 145 1 139 2 133 1 131 1 127 1 125 2 121 2 119 2 117 1 115 1 113 1 111 1 103 2 101 2 99 2 97 2 93 2 91 2 85 1 83 1 79 1 77 1 75 2 71 2 69 1 67 2 65 1 59 1 55 1 53 2 51 2 49 2 47 2 43 1 39 2 35 2 31 1 29 1 27 1 21 2 19 2 17 1
59 190 2 188 1 186 1 184 2 180 2 178 1 176 2 174 2 172 1 170 2 162 1 158 2 156 2 152 1 148 1 146 1 144 2 142 1 138 1 136 2 134 1 132 1 130 1 126 1 124 1 122 1 120 2 118 1 116 2 114 1 112 2 110 2 108 2 106 2 104 2 102 2 96 2 86 1 84 2 82 2 80 2 76 2 72 2 68 2 66 2 62 2 60 1 58 1 56 1 52 1 48 2 44 2 42 2 40 1 38 1 32 1 30 1 22 2 18 2
56 189 1 187 2 183 1 181 2 179 2 175 1 173 2 169 1 167 1 165 2 163 2 159 2 155 2 153 1 151 2 149 2 143 1 141 1 139 2 131 2 129 1 123 2 119 1 117 2 115 2 111 2 109 1 107 2 105 1 103 1 99 1 95 2 93 2 91 2 87 1 83 2 81 1 77 2 75 2 71 2 67 2 65 1 63 1 61 1 57 2 55 1 53 2 47 1 45 1 43 2 41 2 37 1 35 1 33 1 31 2 27 1
58 188 1 186 1 182 2 180 2 178 1 176 2 174 2 172 1 170 2 168 2 166 2 164 2 162 1 158 1 156 1 154 1 152 1 150 1 148 1 146 2 142 2 140 2 138 2 134 2 130 1 126 1 122 2 120 2 118 2 114 1 110 2 106 1 104 2 102 2 96 1 94 1 92 2 90 2 86 2 84 1 82 1 80 1 76 1 72 1 70 1 66 2 64 2 62 2 54 2 52 1 48 2 46 2 42 1 40 1 36 2 34 2 32 1 30 2
51 191 1 187 2 185 1 179 2 177 2 175 1 173 1 171 1 169 1 165 1 157 1 153 1 151 2 147 1 145 2 143 2 141 2 135 2 133 2 131 1 129 1 121 2 117 1 115 1 111 2 109 1 105 2 103 1 93 1 89 1 85 2 79 1 75 1 71 1 67 1 65 2 63 1 61 1 57 1 55 2 53 1 51 1 47 2 43 1 41 2 39 2 37 2 35 2 33 2 31 2 27 1
61 190 2 188 2 186 1 184 2 180 1 178 2 176 1 174 1 172 2 170 1 168 1 164 1 162 2 160 1 156 2 154 1 152 1 150 2 142 2 140 2 136 1 134 1 128 1 124 1 122 1 118 2 110 2 108 1 106 1 104 2 102 1 100 2 98 1 96 1 94 1 92 2 88 2 82 1 80 1 78 2 76 1 72 1 70 2 68 2 66 1 62 1 60 2 58 2 56 1 54 1 52 2 50 2 48 1 44 2 42 1 40 2 38 2 36 1 34 2 32 1 30 2
58 191 1 189 1 187 1 185 1 177 2 175 2 173 1 169 2 165 1 163 2 161 1 155 1 151 2 147 1 141 2 139 1 137 1 133 2 131 2 127 2 125 1 123 2 121 2 119 2 117 1 111 2 109 1 107 1 103 1 101 2 99 2 97 2 95 1 91 1 89 1 87 2 83 1 81 2 79 2 77 1 75 1 71 1 69 1 67 1 65 1 63 2 61 2 59 2 57 2 55 2 53 1 49 1 47 1 43 1 39 1 37 1 31 2 27 1
49 190 2 188 1 186 1 184 2 182 1 180 1 178 1 176 1 172 2 168 1 164 1 162 2 158 1 156 2 146 2 144 1 142 1 140 2 134 1 130 2 128 1 126 1 120 2 114 2 108 1 102 2 96 1 92 1 88 2 86 2 84 1 78 1 72 1 70 2 68 2 64 1 60 1 52 2 50 1 48 2 46 1 44 2 42 2 40 1 38 2 36 2 34 1 32 2 30 1
55 189 1 185 2 177 1 175 2 173 1 171 1 169 1 167 1 165 2 163 2 161 1 155 1 153 1 149 2 147 2 145 2 143 1 137 2 135 1 133 1 129 1 123 1 119 1 115 1 113 2 109 2 105 1 103 2 101 1 93 1 91 1 89 1 87 1 83 1 79 1 77 2 75 2 71 1 69 1 67 1 65 1 59 1 57 1 55 1 53 2 51 1 47 2 43 2 41 2 39 1 37 2 35 2 33 1 29 2 27 1
57 188 2 184 1 182 2 180 1 176 1 174 1 172 2 170 1 166 2 164 1 160 2 158 2 156 2 154 2 150 2 148 1 142 2 140 1 138 2 136 1 132 2 128 2 120 2 118 2 116 1 114 2 112 1 110 2 104 2 102 1 100 2 96 2 90 1 88 2 86 1 84 2 82 2 80 1 78 2 76 1 72 1 70 2 68 2 64 2 60 1 58 2 56 1 52 1 50 2 48 2 46 1 42 1 40 1 36 1 34 1 32 1 28 1
56 189 2 187 2 185 1 183 2 181 2 179 1 177 1 175 2 171 2 167 2 163 2 159 1 157 2 155 1 153 1 147 2 145 1 141 2 139 1 135 1 133 2 131 2 127 2 125 1 123 1 119 1 117 2 113 2 111 1 107 2 105 1 101 2 95 1 93 1 91 2 89 2 87 2 85 1 83 1 77 2 75 2 69 2 67 1 65 1 63 2 49 2 47 2 45 1 43 1 41 2 39 2 37 1 35 1 33 1 31 1 27 2
52 190 2 176 1 174 2 172 2 170 1 168 2 166 2 164 1 162 1 160 2 158 2 152 2 150 2 146 1 142 1 140 2 138 2 136 2 134 2 128 2 126 1 124 1 122 2 118 2 116 1 114 1 112 1 110 2 104 2 98 2 82 2 80 1 78 1 76 1 70 1 62 2 60 1 58 2 56 1 54 1 52 2 50 1 48 2 46 2 44 2 42 1 40 2 38 2 34 1 32 1 30 2 28 1
59 191 2 185 2 179 2 175 2 173 2 169 2 165 1 163 2 161 2 159 2 157 1 155 2 151 1 145 2 143 1 141 1 139 1 137 2 135 1 133 1 131 1 127 1 123 2 121 1 119 1 117 1 115 2 113 2 111 2 109 1 107 1 105 1 103 1 101 1 99 1 97 1 95 2 93 2 89 1 87 1 83 1 81 1 79 2 77 2 75 2 71 1 65 2 63 2 61 1 59 2 55 2 53 2 49 2 43 1 39 1 37 1 33 1 31 2 29 1
60 188 1 186 1 184 2 182 2 180 2 178 2 170 2 168 2 166 1 164 2 162 1 158 2 156 2 154 2 152 2 150 2 146 1 144 2 140 2 138 1 130 1 128 2 126 2 124 2 122 2 120 1 118 2 112 1 110 1 108 1 106 1 104 1 100 1 96 1 94 2 92 2 88 1 86 2 84 1 82 2 80 1 78 2 76 1 72 2 68 2 66 2 64 2 62 1 60 2 56 2 54 1 50 2 48 2 46 1 44 2 42 2 40 1 38 1 34 2 30 2
54 191 1 189 1 187 2 183 1 181 2 177 1 175 1 171 2 169 1 167 1 165 2 163 2 161 2 157 2 155 1 151 2 149 2 147 1 141 2 135 2 131 2 129 2 127 2 125 2 123 1 119 2 117 1 113 1 109 2 105 2 103 1 101 1 99 1 97 2 95 1 93 1 89 1 87 1 83 1 79 1 75 2 73 1 69 1 67 2 61 2 59 1 55 1 51 1 49 1 47 1 43 2 41 2 35 1 33 2
46 190 2 188 1 186 1 176 1 170 2 166 2 162 2 160 1 154 2 150 1 148 1 146 2 140 1 138 2 132 2 130 1 126 2 124 1 122 1 120 1 118 1 114 1 112 2 110 1 108 2 100 2 98 2 96 2 94 2 92 1 88 2 86 1 84 1 82 2 78 2 74 1 62 1 58 2 56 2 50 2 46 2 42 1 40 1 38 2 36 1 34 2
58 191 2 187 2 185 2 183 1 181 1 173 2 171 2 169 1 167 1 163 1 161 2 159 2 157 1 153 1 151 1 149 1 147 2 145 2 143 2 139 1 137 2 135 1 129 2 127 1 125 2 123 1 121 1 113 1 109 2 107 1 105 1 103 2 99 2 95 2 93 2 91 1 89 2 87 2 85 1 83 2 81 2 79 2 71 2 67 1 65 1 61 2 57 2 55 1 53 2 51 2 49 1 47 2 45 2 43 1 41 1 39 2 37 2 33 1
48 190 1 188 2 186 2 184 2 182 1 180 2 176 1 174 2 172 1 170 1 168 1 164 2 162 2 160 1 152 2 148 2 146 1 142 2 140 2 138 1 130 1 126 1 124 2 118 1 114 1 112 2 110 1 102 1 98 1 96 2 84 1 82 2 74 1 70 2 68 1 62 1 60 2 58 2 56 2 54 2 52 1 50 1 48 2 44 2 40 2 38 1 36 2 34 2
54 191 2 189 1 187 1 183 1 181 2 177 2 175 2 173 2 171 2 169 2 167 2 165 2 163 1 161 2 159 1 153 1 151 1 149 1 147 2 145 2 139 1 137 1 131 1 129 2 123 2 119 1 113 1 109 2 107 2 97 2 95 1 93 1 89 1 87 1 81 1 73 2 69 1 67 2 65 2 63 2 61 2 59 2 57 1 55 1 53 2 51 1 49 2 47 1 45 2 43 1 41 1 39 1 37 2 35 2
49 190 1 188 2 186 2 184 1 180 1 176 1 174 2 172 1 170 1 166 2 160 1 158 1 156 1 152 2 148 2 144 1 142 1 140 1 136 1 134 2 132 2 124 1 122 2 114 1 112 2 108 2 106 2 104 1 102 1 94 1 88 1 86 2 84 2 82 1 80 1 78 2 72 2 70 1 68 1 66 2 64 2 62 2 60 2 54 1 52 1 46 1 44 1 42 1 40 2
51 191 1 189 2 187 1 181 2 175 2 173 2 169 2 167 2 157 1 155 2 153 2 151 2 147 2 143 2 141 2 139 1 137 1 135 2 133 2 131 2 123 2 121 2 119 2 117 1 113 1 111 2 109 1 99 2 97 1 95 2 93 2 89 1 87 1 81 1 79 1 77 2 75 2 73 1 71 1 65 1 63 2 61 1 57 2 51 2 49 1 47 2 45 1 43 1 41 1 39 2 37 1
43 190 2 188 2 182 2 176 1 174 2 172 1 170 1 168 2 166 1 162 2 156 1 154 1 150 2 144 1 142 1 138 1 136 2 130 1 126 2 118 1 114 1 112 2 110 1 104 2 98 1 94 1 90 2 88 2 86 1 78 1 76 1 74 1 70 2 68 2 64 2 62 2 60 1 54 2 50 1 46 1 42 1 40 2 38 1
53 187 1 177 2 175 2 173 1 171 1 169 2 167 1 159 1 157 2 153 1 151 1 149 1 147 2 141 2 139 2 137 1 133 1 131 1 129 2 125 1 123 2 121 1 119 2 117 1 113 2 111 2 107 1 103 2 101 1 99 1 95 1 89 2 87 2 85 1 83 1 81 1 79 2 77 1 75 1 71 1 69 2 67 2 65 1 63 2 61 1 59 1 57 1 53 1 51 1 47 1 45 1 43 2 39 2
48 190 1 186 2 184 1 182 1 176 1 174 1 172 2 168 2 166 2 164 2 162 2 156 2 154 1 148 1 146 2 140 1 138 2 136 2 132 1 130 2 128 2 126 1 124 1 122 2 118 1 114 2 112 2 110 1 104 2 100 1 96 2 94 2 92 2 90 1 84 2 78 1 74 2 72 2 70 1 66 1 64 2 62 2 60 2 54 1 52 1 48 2 44 1 42 2
47 191 1 189 1 185 1 183 1 181 2 175 2 173 1 167 1 163 1 159 2 155 1 153 2 145 1 141 1 139 2 137 1 131 1 127 1 123 1 121 1 119 2 117 1 111 2 109 2 107 2 103 1 99 1 95 1 93 2 91 1 89 1 87 1 83 2 81 2 77 2 75 2 73 1 69 2 65 1 63 2 61 1 59 2 57 1 51 1 47 2 45 2 43 2
55 186 1 182 2 176 2 172 2 170 1 166 2 164 1 162 1 158 1 156 2 152 1 150 1 148 2 146 1 144 2 138 1 136 2 134 1 130 2 128 2 126 1 124 2 122 2 118 1 116 2 112 1 110 2 108 2 106 2 104 1 102 1 100 2 98 1 96 1 94 2 92 1 90 1 88 1 86 2 84 1 82 2 80 1 76 2 72 2 70 2 66 1 64 2 62 1 60 1 58 2 56 1 54 1 52 2 46 2 42 1
44 185 1 181 1 179 1 175 1 173 2 167 1 161 1 159 2 157 2 155 2 151 1 149 2 147 1 145 1 139 2 137 1 135 1 133 2 131 2 127 1 123 2 121 1 119 2 111 1 109 1 101 1 99 2 97 2 95 2 91 1 89 1 87 1 83 2 79 1 77 1 75 2 73 1 65 1 63 1 55 2 53 1 51 1 49 2 43 2
50 184 2 182 2 178 2 176 2 174 1 172 1 170 2 168 1 166 2 164 2 162 1 160 2 158 1 154 1 148 1 144 1 140 2 136 2 134 1 132 1 130 1 128 2 122 2 118 1 116 1 114 1 110 2 108 1 104 2 102 1 100 2 98 1 96 2 94 1 90 1 88 2 86 1 84 1 82 1 76 2 74 1 66 1 64 2 62 2 60 2 56 1 52 2 50 2 48 1 44 2
51 191 1 189 1 185 1 183 2 181 1 177 1 175 1 173 1 169 2 167 1 165 1 163 2 161 2 157 2 155 1 153 1 151 2 147 1 145 2 143 1 135 1 133 2 129 1 127 1 123 2 121 1 117 2 115 1 111 1 109 1 107 1 103 2 101 1 97 2 93 1 91 2 89 2 87 2 85 1 81 1 79 2 75 2 65 2 63 1 61 2 59 2 57 2 55 2 53 2 51 2 45 2
49 186 1 182 1 180 1 176 1 174 1 172 2 170 1 168 1 164 1 162 2 154 1 150 2 146 1 144 2 142 2 138 2 136 1 134 2 130 2 128 1 126 1 122 2 120 1 118 1 116 1 114 2 110 2 108 2 104 2 102 1 96 1 94 2 92 2 90 1 84 1 82 2 80 2 78 2 76 1 74 2 66 2 64 2 62 2 56 1 54 1 52 2 50 2 48 1 46 2
48 191 2 189 2 185 2 183 2 181 2 175 2 173 1 171 1 169 2 167 2 163 2 161 1 145 2 143 1 141 2 137 1 133 1 131 2 129 1 127 2 123 2 121 1 119 1 117 1 115 2 111 1 109 1 107 2 103 1 101 2 99 1 95 2 91 1 89 1 87 1 83 2 79 1 77 1 75 2 73 1 63 1 61 1 59 1 57 1 55 2 51 2 49 1 47 2
52 190 2 182 2 178 1 176 1 174 2 170 2 168 1 166 1 164 1 162 2 158 2 154 1 146 2 142 1 140 1 136 2 122 1 120 2 118 2 116 2 114 1 110 1 108 2 106 2 104 2 102 1 98 1 96 2 94 2 92 2 90 1 86 1 82 2 74 2 70 1 68 1 66 2 62 2 60 1 58 1 56 1 54 2 38 1 34 2 32 2 30 2 28 2 26 2 24 1 22 1 20 1 18 2
47 183 2 181 2 179 1 175 2 173 2 171 2 167 1 163 2 161 1 159 2 147 2 145 2 143 1 139 2 137 2 135 2 125 1 123 1 119 2 115 1 113 1 111 1 107 2 103 1 101 1 99 1 95 2 91 1 89 1 87 1 75 2 73 2 71 1 67 2 65 2 63 2 59 1 55 2 53 1 39 1 37 1 35 2 31 1 29 1 27 1 23 1 19 2
47 182 1 180 2 178 2 176 1 174 1 168 2 166 2 164 1 156 1 146 1 144 2 142 2 140 1 138 1 136 2 126 1 120 1 118 1 116 2 114 2 108 1 106 1 104 2 102 2 96 1 94 1 92 2 90 2 84 2 74 1 72 2 70 2 68 1 66 1 60 2 58 2 56 1 38 2 36 1 34 1 32 2 30 2 28 2 24 2 22 2 20 1 18 2
48 183 1 181 1 179 1 175 2 171 1 169 1 167 1 163 2 159 2 157 1 147 1 145 1 143 1 139 2 137 1 135 1 123 2 121 2 119 2 115 1 111 2 109 2 107 2 103 1 99 2 97 2 95 2 91 1 87 2 85 2 75 1 73 1 71 1 67 2 63 1 61 1 59 1 55 2 51 2 39 2 37 2 35 2 31 1 29 1 27 2 25 1 23 1 19 2
49 182 1 178 2 176 2 174 2 172 1 168 1 166 2 164 1 162 2 160 2 146 1 142 2 140 2 136 1 128 1 124 2 120 2 118 1 116 1 114 1 112 2 108 2 106 1 104 1 102 1 100 2 96 2 94 1 92 1 90 1 88 2 74 1 70 2 68 2 66 2 64 1 60 1 58 2 56 1 54 2 52 2 38 2 34 1 32 1 30 2 28 2 24 1 22 2 18 2
49 183 1 181 2 179 1 177 1 175 2 173 2 167 1 163 2 161 1 147 1 145 2 143 1 141 1 139 2 137 2 135 2 129 1 125 1 119 2 117 2 115 1 113 1 107 2 105 2 103 1 101 1 95 2 93 2 91 1 89 1 75 1 73 2 71 1 69 1 67 2 65 2 59 1 55 2 53 1 39 2 37 1 35 2 33 2 31 1 29 1 27 2 23 1 21 2 19 2
32 182 1 178 2 176 1 168 1 166 2 164 1 146 1 142 2 140 1 136 2 120 2 118 1 116 2 108 2 106 1 104 2 96 2 94 1 92 2 74 1 70 2 68 1 60 1 58 2 56 1 38 2 34 1 32 2 28 2 24 1 22 2 20 1
42 191 2 183 1 181 2 175 1 173 2 171 1 163 2 161 1 159 2 155 2 147 1 145 2 139 1 137 2 135 1 127 2 125 1 123 2 115 2 113 1 111 2 103 2 101 1 99 2 91 2 89 1 87 2 83 2 75 1 73 2 67 1 65 2 63 1 55 2 53 1 51 2 47 2 39 2 37 1 31 2 29 1 27 2
50 182 1 180 2 178 2 176 2 174 1 172 1 166 2 164 1 160 2 156 2 146 1 144 2 142 2 140 2 138 1 136 1 128 1 126 1 124 2 118 1 116 1 114 2 112 2 106 1 104 1 102 2 100 2 94 1 92 1 90 2 88 2 84 2 74 1 72 2 70 2 68 2 66 1 64 1 58 2 56 1 52 2 48 2 38 2 36 1 34 1 32 1 30 2 28 2 22 2 18 2
62 189 1 183 1 181 2 179 1 177 2 175 2 173 2 171 1 167 1 165 1 163 2 161 1 159 2 153 1 147 1 145 2 143 1 141 2 139 2 137 2 135 1 129 1 125 1 123 2 119 2 117 1 115 1 113 1 111 2 107 2 105 1 103 1 101 1 99 2 95 2 93 1 91 1 89 1 87 2 81 1 75 1 73 2 71 1 69 2 67 2 65 2 63 1 59 1 57 1 55 2 53 1 51 2 45 1 39 2 37 1 35 2 33 1 31 1 29 1 27 2 23 1 19 2
39 190 1 176 2 172 1 170 1 168 1 164 1 160 2 158 2 154 1 140 2 136 1 134 1 128 1 124 2 122 2 120 2 116 1 112 2 110 2 108 2 104 1 100 2 98 2 96 2 92 1 88 2 86 2 82 1 68 2 64 1 62 1 60 1 56 1 52 2 50 2 46 1 32 1 28 2 24 1
47 191 2 181 2 177 1 175 1 173 2 171 2 163 2 161 1 159 1 155 2 145 2 141 1 139 1 137 2 135 2 129 1 127 2 125 1 123 1 117 2 115 2 113 1 111 1 105 2 103 2 101 1 99 1 93 2 91 2 89 1 87 1 83 2 73 2 69 1 67 1 65 2 63 2 55 2 53 1 51 1 47 2 37 1 33 2 31 2 29 1 27 2 21 2
40 182 1 178 2 176 2 172 1 168 2 166 2 164 1 160 2 146 1 142 2 140 2 136 1 132 2 128 1 124 2 120 1 118 1 116 1 112 2 108 1 106 1 104 1 100 2 96 1 94 1 92 1 88 2 74 1 70 2 68 2 64 1 60 2 58 2 56 1 52 2 38 2 34 1 32 1 28 2 22 2
60 191 2 189 1 183 1 177 2 175 1 173 1 171 1 169 2 165 1 163 2 161 2 159 2 157 1 155 2 153 1 147 1 141 2 139 1 137 1 135 1 133 2 129 1 127 2 125 2 123 2 121 1 117 1 115 2 113 2 111 2 109 1 105 1 103 2 101 2 99 2 97 1 93 1 91 2 89 2 87 2 85 1 83 2 81 1 75 1 69 2 67 1 65 1 63 1 61 2 57 1 55 2 53 2 51 2 49 1 47 2 45 1 39 2 33 1 31 2 27 2
50 190 1 180 2 176 2 174 2 172 1 170 1 164 1 162 1 160 2 158 2 156 2 154 1 144 2 140 2 138 2 136 1 134 1 128 1 126 1 124 2 122 2 116 1 114 1 112 2 110 2 104 1 102 1 100 2 98 2 92 1 90 1 88 2 86 2 84 2 82 1 72 2 68 2 66 2 64 1 62 1 56 1 54 1 52 2 50 2 48 2 46 1 36 1 32 1 30 2 28 2
42 191 2 189 1 181 2 177 2 175 1 173 2 165 1 163 2 161 1 155 2 153 1 145 2 141 2 139 1 137 2 129 1 127 2 125 1 117 1 115 2 113 1 105 1 103 2 101 1 93 1 91 2 89 1 83 2 81 1 73 2 69 2 67 1 65 2 57 1 55 2 53 1 47 2 45 1 37 1 33 1 31 2 29 1
31 190 1 172 2 170 1 168 2 164 1 160 1 158 2 154 1 136 2 134 1 132 2 128 1 124 1 122 2 120 1 112 1 110 2 108 1 100 1 98 2 96 1 88 1 86 2 82 1 64 2 62 1 60 2 56 1 52 1 50 2 46 1
49 191 2 189 1 175 1 173 1 171 2 169 2 165 1 163 2 161 2 159 1 157 1 155 2 153 1 139 1 137 1 135 2 133 2 129 1 127 2 125 2 123 1 121 1 115 2 113 2 111 1 109 1 103 2 101 2 99 1 97 1 91 2 89 2 87 1 85 1 83 2 81 1 67 1 65 1 63 2 61 2 57 1 55 2 53 2 51 1 49 1 47 2 45 1 31 2 27 2
48 190 1 176 2 174 1 172 1 170 1 168 2 164 1 162 1 160 2 158 2 154 1 140 2 138 1 136 1 134 1 132 2 128 1 126 1 124 2 122 2 120 1 116 1 114 2 112 2 110 2 108 1 104 1 102 2 100 2 98 2 96 1 92 1 90 2 88 2 86 2 82 1 68 2 66 1 64 1 62 1 60 2 56 1 54 1 52 2 50 2 46 1 32 1 28 2
45 191 1 189 1 177 2 173 1 169 2 167 2 165 1 163 2 161 2 157 1 155 1 153 1 141 2 137 1 133 2 131 2 129 1 127 2 125 2 121 1 119 1 117 1 113 2 109 1 107 1 105 1 101 2 97 1 95 1 93 1 89 2 85 1 83 1 81 1 69 2 65 1 61 2 59 2 57 1 55 2 53 2 49 1 47 1 45 1 33 1
44 190 1 174 2 172 2 170 1 168 1 164 1 162 1 160 1 158 2 156 2 154 1 138 2 136 2 134 1 132 1 128 1 126 1 124 1 122 2 120 2 114 1 112 1 110 2 108 2 102 1 100 1 98 2 96 2 90 1 88 1 86 2 84 2 82 1 66 2 64 2 62 1 60 1 56 1 54 1 52 1 50 2 48 2 46 1 30 2
42 191 2 189 2 175 1 173 1 169 2 165 2 163 2 161 2 157 1 155 2 153 2 139 1 137 1 133 2 129 2 127 2 125 2 121 1 117 2 115 2 113 2 109 1 105 2 103 2 101 2 97 1 93 2 91 2 89 2 85 1 83 2 81 2 67 1 65 1 61 2 57 2 55 2 53 2 49 1 47 2 45 2 31 2
46 190 2 174 1 172 2 170 2 168 2 166 1 164 1 162 1 160 1 158 1 154 2 138 1 136 2 134 2 132 2 130 1 128 1 126 1 124 1 122 1 120 1 118 2 114 2 112 1 110 1 108 1 106 2 102 2 100 1 98 1 96 1 94 2 90 2 88 1 86 1 82 2 66 1 64 2 62 2 60 2 58 1 56 1 54 1 52 1 50 1 46 2
47 191 1 189 1 173 1 171 1 169 2 167 2 165 1 163 2 161 2 159 2 157 1 155 1 153 1 137 1 135 1 133 2 131 2 129 1 127 2 125 2 123 2 121 1 119 1 113 2 111 2 109 1 107 1 101 2 99 2 97 1 95 1 89 2 87 2 85 1 83 1 81 1 65 1 63 1 61 2 59 2 57 1 55 2 53 2 51 2 49 1 47 1 45 1
34 190 1 174 1 172 2 170 1 164 1 162 1 160 1 158 2 154 1 138 1 136 2 134 1 128 1 126 1 124 1 122 2 114 2 112 1 110 2 102 2 100 1 98 2 90 2 88 1 86 2 82 1 66 1 64 2 62 1 56 1 54 1 52 1 50 2 46 1
35 191 1 189 2 173 2 169 1 167 2 165 2 163 2 157 2 155 1 153 2 137 2 133 1 131 2 129 2 127 2 121 2 119 1 117 2 109 2 107 1 105 2 97 2 95 1 93 2 85 2 83 1 81 2 65 2 61 1 59 2 57 2 55 2 49 2 47 1 45 2
46 190 2 174 2 172 2 170 2 168 1 166 1 164 1 162 2 160 1 158 1 156 2 154 2 138 2 136 2 134 2 132 1 130 1 128 1 126 2 124 1 122 1 120 2 118 2 112 1 110 1 108 2 106 2 100 1 98 1 96 2 94 2 88 1 86 1 84 2 82 2 66 2 64 2 62 2 60 1 58 1 56 1 54 2 52 1 50 1 48 2 46 2
47 191 1 189 2 173 1 169 2 167 2 165 2 163 2 161 2 159 1 157 1 155 1 153 2 137 1 133 2 131 2 129 2 127 2 125 2 123 1 121 1 119 1 117 2 113 2 111 1 109 1 107 1 105 2 101 2 99 1 97 1 95 1 93 2 89 2 87 1 85 1 83 1 81 2 65 1 61 2 59 2 57 2 55 2 53 2 51 1 49 1 47 1 45 2
39 190 2 188 1 174 1 172 1 170 2 166 1 164 1 162 1 158 1 154 2 138 1 136 1 134 2 130 1 128 1 126 1 122 1 118 2 116 2 114 2 110 1 106 2 104 2 102 2 98 1 94 2 92 2 90 2 86 1 82 2 80 1 66 1 64 1 62 2 58 1 56 1 54 1 50 1 46 2
42 191 1 173 2 171 1 169 1 167 2 165 2 163 2 159 2 157 2 155 1 153 2 137 2 135 1 133 1 131 2 129 2 127 2 123 2 121 2 119 1 117 1 111 2 109 2 107 1 105 1 99 2 97 2 95 1 93 1 87 2 85 2 83 1 65 2 63 1 61 1 59 2 57 2 55 2 51 2 49 2 47 1 45 2
42 190 2 186 2 174 2 172 2 170 2 166 1 164 1 162 2 160 1 158 1 154 2 138 2 136 2 134 2 130 1 128 1 126 2 124 1 122 1 118 2 114 1 112 1 110 1 106 2 102 1 100 1 98 1 94 2 90 1 88 1 86 1 82 2 78 2 66 2 64 2 62 2 58 1 56 1 54 2 52 1 50 1 46 2
44 191 1 189 2 187 2 173 2 169 1 167 1 165 2 163 2 159 1 157 2 153 2 137 2 133 1 131 1 129 2 127 2 123 1 121 2 119 2 117 2 115 1 111 1 109 2 107 2 105 2 103 1 99 1 97 2 95 2 93 2 91 1 87 1 85 2 83 1 81 2 79 2 65 2 61 1 59 1 57 2 55 2 51 1 49 2 45 2
44 190 2 188 1 174 2 172 1 170 2 168 2 166 1 164 1 162 2 158 1 156 2 154 2 138 2 136 1 134 2 132 2 130 1 128 1 126 2 122 1 120 1 118 2 116 2 110 1 108 1 106 2 104 2 98 1 96 1 94 2 92 2 86 1 82 2 80 1 66 2 64 1 62 2 60 2 58 1 56 1 54 2 50 1 48 2 46 2
31 191 1 173 2 169 1 167 2 163 2 159 1 157 2 155 1 137 2 133 1 131 2 127 2 123 1 121 2 119 1 111 1 109 2 107 1 99 1 97 2 95 1 87 1 85 2 83 1 65 2 61 1 59 2 55 2 51 1 49 2 47 1
32 190 2 188 1 186 2 182 2 174 2 172 1 166 2 164 1 162 2 138 2 136 1 130 2 128 1 126 2 118 1 116 2 114 1 106 1 104 2 102 1 94 1 92 2 90 1 82 2 80 1 78 2 74 2 66 2 64 1 58 2 56 1 54 2
41 191 1 187 2 183 2 173 2 171 1 169 1 167 1 165 2 163 2 157 2 153 2 137 2 135 1 133 1 131 1 129 2 127 2 121 2 119 2 117 1 115 1 109 2 107 2 105 1 103 1 97 2 95 2 93 1 91 1 85 2 83 1 79 2 75 2 65 2 63 1 61 1 59 1 57 2 55 2 49 2 45 2
50 190 2 188 1 186 2 180 1 174 2 172 1 170 2 168 1 166 1 164 1 162 2 158 1 154 2 138 2 136 1 134 2 132 1 130 1 128 1 126 2 122 1 120 2 118 2 116 2 114 1 110 1 108 2 106 2 104 2 102 1 98 1 96 2 94 2 92 2 90 1 86 1 84 1 82 2 80 1 78 2 72 1 66 2 64 1 62 2 60 1 58 1 56 1 54 2 50 1 46 2
30 191 1 187 2 185 2 181 1 167 1 163 2 159 1 131 1 127 2 125 1 123 1 119 2 115 1 113 1 111 1 107 2 103 1 101 1 99 1 95 2 91 1 89 1 87 1 83 1 79 2 77 2 73 1 59 1 55 2 51 1
36 190 2 188 1 186 1 182 2 172 1 168 2 166 2 164 1 162 2 156 2 136 1 132 2 130 2 128 1 120 1 118 1 116 2 114 2 108 1 106 1 104 2 102 2 96 1 94 1 92 2 90 2 82 2 80 1 78 1 74 2 64 1 60 2 58 2 56 1 54 2 48 2
32 191 1 187 2 173 2 169 1 167 1 163 2 157 2 137 2 133 1 131 1 127 2 123 2 121 2 119 2 115 1 111 2 109 2 107 2 103 1 99 2 97 2 95 2 91 1 87 2 85 2 83 1 79 2 65 2 61 1 59 1 55 2 49 2
42 190 2 188 2 186 2 184 1 182 2 180 1 174 2 168 1 166 2 162 2 138 2 132 1 130 2 128 1 126 2 124 2 120 2 118 1 116 1 114 1 112 2 108 2 106 1 104 1 102 1 100 2 96 2 94 1 92 1 90 1 88 2 84 1 82 2 80 2 78 2 76 1 74 2 72 1 66 2 60 1 58 2 54 2
36 191 1 189 1 187 2 185 2 183 2 181 1 171 1 167 1 165 2 163 2 135 1 131 1 127 2 125 1 119 2 117 2 115 1 113 1 107 2 105 2 103 1 101 1 95 2 93 2 91 1 89 1 83 1 81 1 79 2 77 2 75 2 73 1 63 1 59 1 57 2 55 2
30 190 2 188 1 182 2 180 1 172 1 168 1 166 2 164 1 136 1 132 1 130 2 128 1 120 2 118 1 116 2 108 2 106 1 104 2 96 2 94 1 92 2 84 1 82 2 80 1 74 2 72 1 64 1 60 1 58 2 56 1
20 191 1 187 1 185 2 181 1 127 2 125 1 123 2 115 2 113 1 111 2 103 2 101 1 99 2 91 2 89 1 87 2 83 1 79 1 77 2 73 1
32 190 2 188 2 186 1 184 1 182 2 180 1 166 2 162 2 130 2 128 1 124 2 118 1 116 1 114 2 112 2 106 1 104 1 102 2 100 2 94 1 92 1 90 2 88 2 84 1 82 2 80 2 78 1 76 1 74 2 72 1 58 2 54 2
34 191 1 189 1 187 2 185 2 181 1 167 1 163 2 131 1 129 1 127 2 125 1 123 2 119 2 117 1 115 1 113 1 111 2 107 2 105 1 103 1 101 1 99 2 95 2 93 1 91 1 89 1 87 2 83 1 81 1 79 2 77 2 73 1 59 1 55 2
29 190 2 188 2 184 1 182 1 180 1 168 1 134 1 132 1 128 1 124 2 122 2 120 2 116 1 112 2 110 2 108 2 104 1 100 2 96 2 92 1 88 2 86 2 84 1 82 2 80 2 76 1 74 1 72 1 60 1
30 191 1 189 1 187 1 185 2 183 2 181 1 165 2 135 1 127 2 125 1 123 1 117 2 115 2 113 1 111 1 105 2 103 2 101 1 99 2 93 2 91 2 89 1 87 1 83 1 81 1 79 1 77 2 75 2 73 1 57 2
48 182 1 180 2 178 2 174 2 172 2 168 2 166 2 164 1 162 1 160 1 156 1 146 1 144 2 142 2 138 1 128 2 126 1 124 1 120 1 118 1 114 1 112 1 108 1 106 1 102 1 100 1 96 1 94 1 90 1 88 1 84 2 74 1 72 2 70 2 66 2 64 2 60 2 58 2 56 1 54 1 52 1 38 2 36 1 34 1 28 2 24 2 22 2 20 2
50 191 2 183 1 181 1 177 2 175 1 171 2 169 1 163 2 159 1 157 1 155 2 147 1 145 1 141 2 139 1 137 1 129 2 127 2 123 1 121 2 117 1 115 2 111 1 109 2 105 1 103 2 99 1 97 2 93 1 91 2 87 1 85 2 83 2 75 1 73 1 69 2 67 1 63 2 61 1 55 2 51 1 47 2 39 2 37 2 33 1 31 2 29 1 27 2 25 1 21 1
40 182 1 180 2 178 2 172 2 166 2 164 1 162 2 160 1 156 2 146 1 144 2 142 2 138 1 128 2 126 1 124 1 118 1 112 1 106 1 100 1 94 1 88 1 84 2 74 1 72 2 70 2 64 2 58 2 56 1 54 2 52 1 48 2 38 2 36 1 34 1 30 1 28 2 22 2 20 2 18 1
46 191 1 189 1 183 1 181 2 179 2 173 2 167 2 165 1 163 2 161 1 155 1 153 1 147 1 145 2 143 2 137 2 135 2 129 2 127 1 125 1 119 1 113 1 107 1 101 1 95 1 89 1 83 1 81 1 75 1 73 2 71 2 65 2 59 2 57 1 55 2 53 1 47 1 45 1 39 2 37 1 35 1 29 1 27 2 23 2 21 2 19 1
47 190 1 180 1 176 1 174 2 170 1 168 2 164 1 158 2 156 1 154 1 144 1 140 1 138 2 136 2 134 1 126 2 122 2 120 1 116 2 114 1 110 2 108 1 104 2 102 1 98 2 96 1 92 2 90 1 86 2 84 1 82 1 72 1 68 1 66 2 62 1 60 2 56 1 50 2 48 1 46 1 36 2 32 2 30 1 28 2 24 2 20 1 18 1
56 191 1 189 2 181 2 179 2 177 2 173 2 171 2 167 2 165 2 163 2 161 1 159 1 155 1 153 2 145 2 143 2 141 2 137 2 135 2 127 1 125 1 123 1 119 1 117 1 113 1 111 1 107 1 105 1 101 1 99 1 95 1 93 1 89 1 87 1 83 1 81 2 73 2 71 2 69 2 65 2 63 2 59 2 57 2 55 2 53 1 51 1 47 1 45 2 37 1 35 1 33 1 29 1 27 2 23 2 21 2 19 1
70 190 2 182 2 180 2 178 1 176 2 174 1 172 1 170 2 168 1 166 1 164 1 160 2 158 1 156 2 154 2 146 2 144 2 142 1 140 2 138 1 136 1 134 2 132 2 128 1 126 1 124 2 122 1 120 2 118 2 116 1 114 2 112 2 110 1 108 2 106 2 104 1 102 2 100 2 98 1 96 2 94 2 92 1 90 2 88 2 86 1 84 2 82 2 74 2 72 2 70 1 68 2 66 1 64 1 62 2 60 1 58 1 56 1 52 2 50 1 48 2 46 2 38 1 36 1 34 2 32 1 30 2 28 2 24 2 22 1 18 2
51 189 2 183 2 179 1 175 2 173 1 169 2 167 1 165 2 163 2 161 2 157 1 153 2 147 2 143 1 139 2 137 1 133 2 129 1 125 2 121 1 119 2 115 1 113 2 109 1 107 2 103 1 101 2 97 1 95 2 91 1 89 2 85 1 81 2 75 2 71 1 67 2 65 1 61 2 59 1 57 2 55 2 53 2 49 1 45 2 39 1 35 2 31 1 27 2 23 1 21 1 19 2
71 190 2 182 2 180 2 178 1 176 2 174 2 172 1 170 2 168 2 166 1 164 1 162 1 160 2 158 1 156 2 154 2 146 2 144 2 142 1 140 2 138 2 136 1 134 2 132 1 128 1 126 1 124 2 122 1 120 1 118 2 116 1 114 1 112 2 110 1 108 1 106 2 104 1 102 1 100 2 98 1 96 1 94 2 92 1 90 1 88 2 86 1 84 2 82 2 74 2 72 2 70 1 68 2 66 2 64 1 62 2 60 2 58 1 56 1 54 1 52 2 50 1 48 2 46 2 38 1 36 1 34 2 32 1 30 2 28 2 24 1 22 1
50 191 2 183 2 181 1 177 1 175 1 171 1 169 1 163 2 159 2 157 2 155 2 147 2 145 1 141 1 139 1 135 1 133 1 129 1 127 2 123 2 121 2 117 2 115 2 111 2 109 2 105 2 103 2 99 2 97 2 93 2 91 2 87 2 85 2 83 2 75 2 73 1 69 1 67 1 63 1 61 1 55 2 51 2 49 2 47 2 39 1 37 2 33 2 31 2 29 2 21 2
49 182 1 180 1 178 2 174 1 172 2 168 1 166 2 164 1 162 2 160 1 156 1 146 1 144 1 142 2 138 1 136 2 132 1 128 1 126 2 124 1 120 2 118 1 114 2 112 1 108 2 106 1 102 2 100 1 96 2 94 1 90 2 88 1 84 1 74 1 72 1 70 2 66 1 64 2 60 1 58 2 56 1 54 2 52 1 48 1 38 2 36 2 34 1 30 1 22 2
40 191 2 189 1 183 1 181 1 175 1 169 1 165 1 163 2 157 2 155 2 153 1 147 1 145 1 139 1 133 1 129 1 127 2 121 2 115 2 109 2 103 2 97 2 91 2 85 2 83 2 81 1 75 1 73 1 67 1 61 1 57 1 55 2 49 2 47 2 45 1 39 2 37 2 31 2 29 2 27 1
35 190 1 180 2 176 1 170 1 164 1 162 2 158 2 156 2 154 1 144 2 140 1 134 1 128 1 126 2 122 2 116 2 110 2 104 2 98 2 92 2 86 2 84 2 82 1 72 2 68 1 62 1 56 1 54 2 50 2 48 2 46 1 36 1 32 2 30 2 28 1
51 191 1 189 1 181 2 177 1 173 2 171 1 167 2 165 1 163 2 161 1 159 2 155 1 153 1 145 2 141 1 137 2 135 1 131 2 129 1 127 2 125 1 123 2 119 1 117 2 113 1 111 2 107 1 105 2 101 1 99 2 95 1 93 2 89 1 87 2 83 1 81 1 73 2 69 1 65 2 63 1 59 2 57 1 55 2 53 1 51 2 47 1 45 1 37 1 33 2 29 1 27 1
40 190 1 176 1 174 1 170 1 168 1 164 1 158 2 156 2 154 1 140 1 138 1 134 1 132 1 128 1 122 2 120 2 116 2 114 2 110 2 108 2 104 2 102 2 98 2 96 2 92 2 90 2 86 2 84 2 82 1 68 1 66 1 62 1 60 1 56 1 50 2 48 2 46 1 32 2 30 2 28 1
58 189 2 177 1 175 2 173 1 171 2 169 2 167 1 165 2 163 2 161 2 159 1 157 1 153 2 141 1 139 2 137 1 135 2 133 2 131 1 129 2 127 2 125 2 123 1 121 1 119 2 117 1 115 1 113 2 111 1 109 1 107 2 105 1 103 1 101 2 99 1 97 1 95 2 93 1 91 1 89 2 87 1 85 1 81 2 69 1 67 2 65 1 63 2 61 2 59 1 57 2 55 2 53 2 51 1 49 1 45 2 33 2 31 1 27 2
46 190 2 176 2 172 1 170 2 166 1 164 1 162 1 160 2 158 1 156 1 154 2 140 2 136 1 134 2 130 1 128 1 126 1 124 2 122 1 118 2 116 1 112 2 110 1 106 2 104 1 100 2 98 1 94 2 92 1 88 2 86 1 84 1 82 2 68 2 64 1 62 2 58 1 56 1 54 1 52 2 50 1 48 1 46 2 32 1 30 1 28 2
50 177 2 175 2 173 1 171 1 169 2 167 1 163 2 161 2 159 2 157 1 141 2 139 2 137 1 135 1 133 2 131 1 127 2 125 2 123 2 121 1 119 2 117 2 115 1 113 2 111 2 109 1 107 2 105 2 103 1 101 2 99 2 97 1 95 2 93 2 91 1 89 2 87 2 85 1 69 2 67 2 65 1 63 1 61 2 59 1 55 2 53 2 51 2 49 1 33 1 31 1
37 174 2 172 2 168 2 166 2 164 1 162 1 160 1 156 2 138 2 136 2 132 2 130 2 128 1 126 1 124 1 120 1 118 1 114 1 112 1 108 1 106 1 102 1 100 1 96 1 94 1 90 1 88 1 84 2 66 2 64 2 60 2 58 2 56 1 54 1 52 1 48 2 30 2
38 191 2 175 1 173 2 171 2 169 1 163 2 159 1 157 2 155 2 139 1 137 2 135 2 133 1 127 2 123 1 121 2 117 1 115 2 111 1 109 2 105 1 103 2 99 1 97 2 93 1 91 2 87 1 85 2 83 2 67 1 65 2 63 2 61 1 55 2 51 1 49 2 47 2 31 2
27 174 2 172 2 166 2 164 1 162 2 160 1 156 2 138 2 136 2 130 2 128 1 126 2 124 1 118 1 112 1 106 1 100 1 94 1 88 1 84 2 66 2 64 2 58 2 56 1 54 2 52 1 48 2
29 191 1 189 1 171 1 167 2 165 1 163 2 161 1 155 1 153 1 135 1 131 2 129 1 127 2 125 1 119 1 113 1 107 1 101 1 95 1 89 1 83 1 81 1 63 1 59 2 57 1 55 2 53 1 47 1 45 1
36 190 1 188 1 172 1 170 1 168 2 164 1 158 2 156 1 154 1 136 1 134 1 132 2 128 1 122 2 120 1 116 2 114 1 110 2 108 1 104 2 102 1 98 2 96 1 92 2 90 1 86 2 84 1 82 1 80 1 64 1 62 1 60 2 56 1 50 2 48 1 46 1
36 191 1 171 1 167 2 165 2 163 2 161 1 159 1 155 1 153 2 135 1 131 2 129 2 127 2 125 1 123 1 119 1 117 1 113 1 111 1 107 1 105 1 101 1 99 1 95 1 93 1 89 1 87 1 83 1 63 1 59 2 57 2 55 2 53 1 51 1 47 1 45 2
47 190 2 188 2 186 2 170 2 168 1 166 1 164 1 160 2 158 1 156 2 154 2 134 2 132 1 130 1 128 1 124 2 122 1 120 2 118 2 116 1 114 2 112 2 110 1 108 2 106 2 104 1 102 2 100 2 98 1 96 2 94 2 92 1 90 2 88 2 86 1 84 2 82 2 80 2 78 2 62 2 60 1 58 1 56 1 52 2 50 1 48 2 46 2
44 191 1 189 1 187 2 173 1 171 2 169 2 167 1 165 2 163 2 161 2 157 1 153 2 137 1 135 2 133 2 131 1 129 2 127 2 125 2 121 1 119 2 115 1 113 2 109 1 107 2 103 1 101 2 97 1 95 2 91 1 89 2 85 1 83 1 81 1 79 2 65 1 63 2 61 2 59 1 57 2 55 2 53 2 49 1 45 2
52 190 2 188 2 186 1 174 1 170 2 168 2 166 1 164 1 162 1 160 2 158 1 156 2 154 2 138 1 134 2 132 2 130 1 128 1 126 1 124 2 122 1 120 1 118 2 116 1 114 1 112 2 110 1 108 1 106 2 104 1 102 1 100 2 98 1 96 1 94 2 92 1 90 1 88 2 86 1 82 2 80 2 78 1 66 1 62 2 60 2 58 1 56 1 54 1 52 2 50 1 48 2 46 2
38 191 1 189 1 187 1 173 2 171 1 169 1 163 2 159 2 157 2 155 2 137 2 135 1 133 1 127 2 123 2 121 2 117 2 115 2 111 2 109 2 105 2 103 2 99 2 97 2 93 2 91 2 87 2 85 2 83 1 81 1 79 1 65 2 63 1 61 1 55 2 51 2 49 2 47 2
41 190 2 186 1 182 2 174 2 172 2 168 1 166 2 164 1 162 2 160 1 156 1 138 2 136 2 132 1 130 2 128 1 126 2 124 1 120 2 118 1 114 2 112 1 108 2 106 1 102 2 100 1 96 2 94 1 90 2 88 1 82 2 78 1 74 2 66 2 64 2 60 1 58 2 56 1 54 2 52 1 48 1
36 191 1 189 2 187 1 183 2 173 2 171 1 169 1 165 1 163 2 157 2 155 2 153 1 137 2 135 1 133 1 129 1 127 2 121 2 115 2 109 2 103 2 97 2 91 2 85 2 83 1 81 2 79 1 75 2 65 2 63 1 61 1 57 1 55 2 49 2 47 2 45 1
37 190 2 188 1 182 1 180 1 174 2 172 1 170 1 164 1 162 2 158 2 156 2 154 1 138 2 136 1 134 1 128 1 126 2 122 2 116 2 110 2 104 2 98 2 92 2 86 2 84 1 82 2 80 1 74 1 72 1 66 2 64 1 62 1 56 1 54 2 50 2 48 2 46 1
40 191 1 185 2 183 1 181 1 171 2 167 2 165 1 163 2 159 2 155 1 153 1 135 2 131 2 129 1 127 2 125 1 123 2 119 1 117 2 113 1 111 2 107 1 105 2 101 1 99 2 95 1 93 2 89 1 87 2 83 1 77 2 75 1 73 1 63 2 59 2 57 1 55 2 51 2 47 1 45 1
44 190 2 188 1 186 1 182 1 180 2 172 1 170 1 168 1 164 1 162 2 158 2 156 2 154 1 136 1 134 1 132 1 128 1 122 2 120 2 116 2 114 2 110 2 108 2 104 2 102 2 98 2 96 2 92 2 90 2 86 2 84 2 82 2 80 1 78 1 74 1 72 2 64 1 62 1 60 1 56 1 54 2 50 2 48 2 46 1
55 191 1 187 2 185 1 183 2 181 2 173 1 171 1 169 2 167 1 165 2 163 2 159 2 157 1 153 2 137 1 135 1 133 2 131 1 129 2 127 2 125 2 123 1 121 1 119 2 117 1 115 1 113 2 111 1 109 1 107 2 105 1 103 1 101 2 99 1 97 1 95 2 93 1 91 1 89 2 87 1 85 1 83 1 79 2 77 1 75 2 73 2 65 1 63 1 61 2 59 1 57 2 55 2 51 2 49 1 45 2
42 190 2 188 2 184 1 180 2 174 1 170 2 166 1 162 2 158 1 156 1 154 2 138 1 134 2 130 1 128 1 126 1 124 2 122 1 118 2 116 1 112 2 110 1 106 2 104 1 100 2 98 1 94 2 92 1 88 2 86 1 84 2 82 2 80 2 76 1 72 2 66 1 62 2 58 1 54 2 50 1 48 1 46 2
54 191 1 189 1 187 2 185 1 183 2 181 2 173 1 171 1 169 2 167 1 165 2 163 2 159 1 157 1 137 1 135 1 133 2 131 1 127 2 125 2 123 2 121 1 119 2 117 2 115 1 113 2 111 2 109 1 107 2 105 2 103 1 101 2 99 2 97 1 95 2 93 2 91 1 89 2 87 2 85 1 83 1 81 1 79 2 77 1 75 2 73 2 65 1 63 1 61 2 59 1 57 2 55 2 51 1 49 1
39 190 2 186 2 184 2 182 2 174 1 172 2 168 2 166 2 164 2 156 2 138 1 136 2 132 2 130 2 128 1 126 1 124 1 120 1 118 1 114 1 112 1 108 1 106 1 102 1 100 1 96 1 94 1 90 1 88 1 82 2 78 2 76 2 74 2 66 1 64 2 60 2 58 2 56 2 48 2
36 191 1 189 2 187 1 183 1 173 2 171 2 169 1 165 1 157 2 137 2 135 2 133 1 127 2 123 1 121 2 117 1 115 2 111 1 109 2 105 1 103 2 99 1 97 2 93 1 91 2 87 1 85 2 83 1 81 2 79 1 75 1 65 2 63 2 61 1 57 1 49 2
31 190 2 184 2 182 2 180 1 174 2 172 2 166 2 164 2 162 1 138 2 136 2 130 2 128 1 126 2 124 1 118 1 112 1 106 1 100 1 94 1 88 1 84 1 82 2 76 2 74 2 72 1 66 2 64 2 58 2 56 2 54 1
29 191 1 189 2 185 2 183 2 181 1 171 1 167 2 165 2 163 1 135 1 131 2 129 1 127 2 125 1 119 1 113 1 107 1 101 1 95 1 89 1 83 1 81 2 77 2 75 2 73 1 63 1 59 2 57 2 55 1
35 190 2 188 1 186 2 182 1 180 1 172 1 168 2 164 1 162 1 136 1 134 1 132 2 128 1 122 2 120 1 116 2 114 1 110 2 108 1 104 2 102 1 96 1 92 2 90 1 86 2 84 1 82 2 80 1 78 2 74 1 72 1 64 1 60 2 56 1 54 1
32 191 1 185 2 183 2 181 1 167 2 165 2 163 1 135 1 131 2 129 2 127 2 125 1 123 1 119 1 117 1 113 1 111 1 107 1 105 1 101 1 99 2 95 1 93 1 89 1 87 1 83 1 77 2 75 2 73 1 59 2 57 2 55 1
40 190 2 188 2 186 1 184 1 180 2 168 2 166 1 162 2 134 2 132 1 130 1 128 1 124 2 122 1 120 2 118 2 116 1 114 2 112 2 110 1 108 2 106 2 104 1 102 2 100 2 96 1 94 2 92 1 90 2 88 2 86 1 84 2 82 2 80 2 78 1 76 1 72 2 60 2 58 1 54 2
37 191 1 189 1 187 2 185 1 183 1 181 2 167 1 165 1 163 2 137 1 135 2 133 2 131 1 129 2 127 2 125 2 121 1 119 2 115 1 113 2 109 1 107 2 103 1 99 2 95 2 91 1 89 2 85 1 83 1 81 1 79 2 77 1 75 1 73 2 59 1 57 1 55 2
37 190 2 188 2 186 2 184 1 168 1 166 1 138 1 134 2 132 2 130 1 128 1 126 1 124 2 122 1 120 1 118 2 116 1 114 1 112 2 110 1 108 1 106 2 104 1 102 2 100 2 96 2 94 2 92 1 90 1 88 2 86 1 82 2 80 2 78 2 76 1 60 1 58 1
27 191 1 189 1 187 1 183 2 165 2 137 2 135 1 133 1 127 2 123 2 121 2 117 2 115 2 111 2 109 2 105 2 103 2 101 2 93 2 91 2 87 2 85 2 83 1 81 1 79 1 75 2 57 2
28 190 2 186 1 184 2 182 2 166 2 138 2 136 2 132 1 130 2 128 1 126 2 124 1 120 2 118 1 114 2 112 1 108 2 106 1 102 1 94 1 92 2 90 2 88 1 82 2 78 1 76 2 74 2 58 2
22 191 1 189 2 187 1 183 2 137 2 135 1 133 1 129 1 127 2 121 2 115 2 109 2 103 2 101 2 99 1 93 2 91 2 85 2 83 1 81 2 79 1 75 2
53 182 2 180 2 178 1 176 1 172 2 168 1 166 1 164 2 162 2 160 1 156 2 146 2 144 2 142 1 140 1 138 1 136 2 128 2 126 1 124 1 120 2 118 2 116 2 112 1 108 2 106 2 104 2 100 1 96 2 94 2 92 2 88 1 84 2 74 2 72 2 70 1 68 1 64 2 60 1 58 1 56 2 54 2 52 1 48 2 38 1 36 1 34 2 32 2 30 1 28 1 24 1 22 1 18 1
55 189 1 183 2 181 1 179 2 175 1 173 1 171 1 167 2 165 1 163 1 161 2 159 2 153 1 147 2 145 1 143 2 139 1 137 1 129 2 125 2 123 2 119 1 115 2 113 2 111 2 107 1 103 2 101 2 99 2 95 1 91 2 89 2 87 2 81 1 75 2 73 1 71 2 67 1 65 1 63 1 59 2 57 1 55 1 53 2 51 2 45 1 39 1 37 2 35 1 31 2 29 2 27 1 23 2 21 2 19 1
46 190 1 182 1 178 2 172 1 170 1 168 2 166 2 164 2 160 2 158 2 154 1 146 1 142 2 134 1 128 1 124 2 122 2 120 1 118 1 112 2 110 2 108 1 106 1 100 2 98 2 96 1 94 1 88 2 86 2 82 1 74 1 70 2 64 1 62 1 60 2 58 2 56 2 52 2 50 2 46 1 38 2 34 1 28 1 24 2 22 2 20 1
42 191 1 183 1 181 1 177 1 175 2 173 1 163 1 161 2 155 1 147 1 145 1 141 1 139 2 137 1 129 1 127 1 125 2 117 2 115 1 113 2 105 2 103 1 101 2 93 2 91 1 89 2 83 1 75 1 73 1 69 1 67 2 65 1 55 1 53 2 47 1 39 2 37 2 33 2 31 1 29 2 27 1 21 2
56 182 2 180 2 178 1 176 1 174 1 172 2 168 2 166 1 164 2 160 1 156 2 146 2 144 2 142 1 140 1 138 1 136 2 132 2 128 2 126 1 124 1 120 1 118 2 116 2 114 2 112 1 108 1 106 2 104 2 102 2 100 1 96 1 94 2 92 2 90 2 88 1 84 2 74 2 72 2 70 1 68 1 66 1 64 2 60 2 58 1 56 2 52 1 48 2 38 1 36 1 34 2 32 2 30 2 28 1 22 1 18 2
60 191 2 189 2 183 2 181 2 179 1 177 1 171 2 169 2 167 1 165 2 163 1 159 1 157 1 155 2 153 2 147 2 145 2 143 1 141 1 135 2 133 2 129 2 127 2 123 1 121 1 119 2 117 2 111 1 109 1 107 2 105 2 99 1 97 1 95 2 93 2 87 1 85 1 83 2 81 2 75 2 73 2 71 1 69 1 63 2 61 2 59 1 57 2 55 1 51 1 49 1 47 2 45 2 39 1 37 1 35 2 33 2 29 1 27 1 23 1 19 2
56 190 2 180 2 176 1 174 2 172 2 170 2 168 1 164 2 162 1 160 1 158 1 156 2 154 2 144 2 140 1 138 2 136 2 134 2 128 2 126 1 124 1 122 1 120 2 116 2 114 1 112 1 110 1 108 2 104 2 102 1 100 1 98 1 96 2 92 2 90 1 88 1 86 1 84 2 82 2 72 2 68 1 66 2 64 2 62 2 60 1 56 2 54 1 52 1 50 1 48 2 46 2 36 1 32 2 30 2 28 1 24 1
46 191 1 189 1 181 1 175 2 173 1 171 2 165 1 163 1 161 2 159 1 155 1 153 1 145 1 139 2 137 1 135 2 129 2 127 1 125 2 123 1 115 1 113 2 111 1 103 1 101 2 99 1 91 1 89 2 87 1 83 1 81 1 73 1 67 2 65 1 63 2 57 1 55 1 53 2 51 1 47 1 45 1 37 2 31 1 29 2 27 2 21 2
44 190 1 182 1 178 2 176 2 170 1 168 1 166 2 164 2 158 2 154 1 146 1 142 2 140 2 134 1 132 1 128 2 122 2 120 2 118 1 116 1 110 2 108 2 106 1 104 1 98 2 96 2 94 1 92 1 86 2 82 1 74 1 70 2 68 2 62 1 60 1 58 2 56 2 50 2 46 1 38 2 34 1 32 1 28 2 22 2
51 191 1 189 2 183 1 177 2 175 2 173 2 169 1 165 2 163 1 161 1 157 2 155 1 153 2 147 1 141 2 139 2 137 2 133 1 129 2 127 1 125 1 121 2 117 1 115 1 113 1 109 2 105 1 103 1 101 1 97 2 93 1 91 1 89 1 85 2 83 1 81 2 75 1 69 2 67 2 65 2 61 1 57 2 55 1 53 1 49 2 47 1 45 2 39 2 33 1 31 1 27 1
50 190 2 180 2 176 1 172 2 170 2 168 2 164 2 162 2 160 1 158 1 156 2 154 2 144 2 140 1 136 2 134 2 132 2 128 2 126 2 124 1 122 1 120 1 116 2 112 1 110 1 108 1 104 2 100 1 98 1 96 1 92 2 88 1 86 1 84 2 82 2 72 2 68 1 64 2 62 2 60 2 56 2 54 2 52 1 50 1 48 2 46 2 36 1 32 2 30 2 28 1
44 189 2 181 2 177 1 175 1 169 2 167 2 165 2 163 1 157 1 153 2 145 2 141 1 139 1 133 2 131 2 129 2 127 1 121 1 119 1 117 2 115 2 109 1 107 1 105 2 103 2 97 1 95 1 93 2 91 2 85 1 81 2 73 2 69 1 67 1 61 2 59 2 57 2 55 1 49 1 45 2 37 1 33 2 31 2 29 1
38 190 2 174 2 172 1 170 2 164 2 162 1 160 2 158 1 156 2 154 2 138 2 136 1 134 2 128 2 126 1 124 2 122 1 114 1 112 2 110 1 102 1 100 2 98 1 90 1 88 2 86 1 84 2 82 2 66 2 64 1 62 2 56 2 54 1 52 2 50 1 48 2 46 2 30 2
45 191 1 175 2 173 2 171 2 169 1 163 1 161 1 159 1 157 2 155 1 139 2 137 2 135 2 133 1 127 1 125 1 123 1 121 2 117 2 115 1 113 1 111 1 109 2 105 2 103 1 101 1 99 1 97 2 93 2 91 1 89 1 87 1 85 2 83 1 67 2 65 2 63 2 61 1 55 1 53 1 51 1 49 2 47 1 31 1 27 2
32 176 2 174 2 168 1 166 1 164 2 162 2 140 2 138 2 132 1 130 1 128 2 126 2 120 2 118 2 116 1 114 1 108 2 106 2 104 1 102 1 96 2 94 2 92 1 90 1 68 2 66 2 60 1 58 1 56 2 54 2 32 1 28 2
54 191 2 189 2 177 2 173 2 171 1 169 1 167 1 165 2 163 1 161 1 159 2 157 2 155 2 153 2 141 2 137 2 135 1 133 1 131 1 129 2 127 1 125 1 123 2 121 2 119 2 117 1 113 1 111 2 109 2 107 2 105 1 101 1 99 2 97 2 95 2 93 1 89 1 87 2 85 2 83 2 81 2 69 2 65 2 63 1 61 1 59 1 57 2 55 1 53 1 51 2 49 2 47 2 45 2 33 1
38 190 2 172 1 170 2 168 1 164 2 162 2 160 2 158 1 156 2 154 2 136 1 134 2 132 1 128 2 126 2 124 2 122 1 120 2 112 2 110 1 108 2 100 2 98 1 96 2 88 2 86 1 84 2 82 2 64 1 62 2 60 1 56 2 54 2 52 2 50 1 48 2 46 2 30 2
32 189 1 175 1 167 2 165 1 163 1 161 2 153 1 139 1 131 2 129 1 127 1 125 2 119 1 117 1 115 2 113 2 107 1 105 1 103 2 101 2 95 1 93 1 91 2 89 2 81 1 67 1 59 2 57 1 55 1 53 2 45 1 31 2
37 190 1 172 1 170 1 166 2 164 2 160 2 158 2 156 2 154 1 136 1 134 1 130 2 128 2 124 2 122 2 118 1 114 2 112 2 110 2 106 1 102 2 100 2 98 2 94 1 90 2 88 2 86 2 84 2 82 1 64 1 62 1 58 2 56 2 52 2 50 2 48 2 46 1
37 191 2 173 2 171 1 169 1 167 1 163 1 161 1 157 2 155 2 137 2 135 1 133 1 131 1 127 1 125 1 121 2 119 2 117 2 113 1 109 2 107 2 105 2 101 1 97 2 95 2 93 2 89 1 85 2 83 2 65 2 63 1 61 1 59 1 55 1 53 1 49 2 47 2
29 188 1 174 2 166 1 164 2 162 2 160 1 138 2 130 1 128 2 126 2 124 1 118 2 116 2 114 1 112 1 106 2 104 2 102 1 100 1 94 2 92 2 90 1 88 1 80 1 66 2 58 1 56 2 54 2 52 1
41 191 2 189 2 173 1 171 1 169 2 167 1 165 1 163 1 159 2 157 1 155 2 153 1 137 1 135 1 133 2 131 1 129 1 127 1 123 2 121 1 119 2 111 2 109 1 107 2 99 2 97 1 95 2 87 2 85 1 83 2 81 2 65 1 63 1 61 2 59 1 57 1 55 1 51 2 49 1 47 2 45 1
51 190 1 186 2 174 1 172 1 170 1 168 1 166 2 164 2 162 1 160 2 158 2 156 2 154 1 138 1 136 1 134 1 132 1 130 2 128 2 126 1 124 2 122 2 120 2 118 1 114 1 112 2 110 2 108 2 106 1 102 1 100 2 98 2 96 2 94 1 90 1 88 2 86 2 84 2 82 1 78 2 66 1 64 1 62 1 60 1 58 2 56 2 54 1 52 2 50 2 48 2 46 1
34 191 2 189 1 187 2 165 1 163 1 161 2 159 2 155 1 153 1 129 1 127 1 125 2 123 2 117 1 115 1 113 2 111 2 105 1 103 1 101 2 99 2 93 1 91 1 89 2 87 2 83 2 81 1 79 2 57 1 55 1 53 2 51 2 47 1 45 1
41 190 1 188 2 172 2 170 1 168 2 166 2 164 2 158 2 156 2 154 1 136 2 134 1 132 2 130 2 128 2 122 2 120 1 118 1 116 1 114 2 110 2 108 1 106 1 104 1 102 2 98 2 96 1 94 1 92 1 90 2 86 2 82 1 80 2 64 2 62 1 60 2 58 2 56 2 50 2 48 2 46 1
36 191 2 173 1 171 1 169 2 167 1 165 2 163 1 157 1 155 2 153 2 137 1 135 1 133 2 131 1 129 2 127 1 121 1 119 2 117 1 109 1 107 2 105 1 97 1 95 2 93 1 85 1 83 2 65 1 63 1 61 2 59 1 57 2 55 1 49 1 47 2 45 2
40 190 1 188 1 186 1 182 2 174 1 170 2 164 2 162 1 160 1 158 1 154 2 138 1 134 2 128 2 126 1 124 1 122 1 116 2 114 2 112 1 110 1 104 2 102 2 100 1 98 1 92 2 90 2 88 1 86 1 82 1 80 1 78 1 74 2 66 1 62 2 56 2 54 1 52 1 50 1 46 2
46 191 2 189 2 187 1 183 2 173 1 171 1 169 2 167 2 165 1 163 1 159 1 157 1 153 1 137 1 135 1 133 2 131 2 129 1 127 1 123 1 121 1 119 1 115 2 111 1 109 1 107 1 103 2 99 1 97 1 95 1 91 2 87 1 85 1 83 2 81 2 79 1 75 2 65 1 63 1 61 2 59 2 57 1 55 1 51 1 49 1 45 1
46 190 1 188 2 186 2 180 1 174 1 172 2 170 1 166 2 164 2 162 1 158 2 156 2 154 1 138 1 136 2 134 1 130 2 128 2 126 1 122 2 118 1 116 1 114 1 110 2 106 1 104 1 102 1 98 2 94 1 92 1 90 1 86 2 84 1 82 1 80 2 78 2 72 1 66 1 64 2 62 1 58 2 56 2 54 1 50 2 48 2 46 1
38 191 2 187 2 185 2 181 1 173 2 169 1 163 1 159 2 157 2 155 1 137 2 133 1 127 1 125 1 123 2 121 2 115 1 113 1 111 2 109 2 103 1 101 1 99 2 97 2 91 1 89 1 87 2 85 2 83 2 79 2 77 2 73 1 65 2 61 1 55 1 51 2 49 2 47 1
35 190 1 188 2 182 1 174 2 172 2 168 2 166 1 164 2 162 1 156 2 138 2 136 2 132 2 130 1 128 2 126 2 120 1 118 2 116 1 108 1 106 2 104 1 96 1 94 2 92 1 82 1 80 2 74 1 66 2 64 2 60 2 58 1 56 2 54 1 48 2
45 191 2 187 1 183 2 173 1 171 1 169 2 167 2 165 2 163 1 157 1 153 2 137 1 135 1 133 2 131 2 129 2 127 1 123 2 121 1 119 1 117 1 115 2 111 2 109 1 107 1 105 1 103 2 99 2 97 1 95 1 93 1 91 2 87 2 85 1 83 2 79 1 75 2 65 1 63 1 61 2 59 2 57 2 55 1 49 1 45 2
47 190 1 186 1 184 1 182 2 180 2 174 1 172 1 170 2 168 2 164 1 162 1 158 1 154 2 138 1 136 1 134 2 132 2 128 2 126 1 124 2 122 1 120 1 114 2 112 2 110 1 108 1 102 2 100 2 98 1 96 1 90 2 88 2 86 1 84 2 82 1 78 1 76 1 74 2 72 2 66 1 64 1 62 2 60 2 56 1 54 1 50 1 46 2
42 191 2 189 1 187 1 185 1 183 2 181 2 171 1 167 2 165 2 163 1 159 1 135 1 131 2 127 1 125 2 123 1 119 1 117 2 115 2 113 2 111 1 107 1 105 2 103 2 101 2 99 1 95 1 93 2 91 2 89 2 87 1 83 2 81 1 79 1 77 1 75 2 73 2 63 1 59 2 57 2 55 1 51 1
33 190 1 188 2 186 1 182 1 180 1 172 2 166 1 164 2 162 2 156 2 136 2 130 1 128 2 118 2 116 1 114 2 106 2 104 1 102 2 94 2 92 1 90 2 84 1 82 1 80 2 78 1 74 1 72 1 64 2 58 1 56 2 54 2 48 2
35 191 2 185 2 181 1 173 2 169 1 167 1 163 2 157 2 137 2 133 1 131 1 127 1 125 1 123 1 121 2 119 2 113 1 111 1 109 2 107 2 101 1 99 1 97 2 95 2 89 1 87 1 85 2 83 2 77 2 73 1 65 2 61 1 59 1 55 2 49 2
37 190 1 188 1 184 2 182 1 180 2 174 2 168 1 166 1 162 1 138 2 132 1 130 1 128 2 126 2 124 1 120 2 118 2 116 2 112 1 108 2 106 2 104 2 100 1 96 2 94 2 92 2 88 1 84 2 82 1 80 1 76 2 74 1 72 2 66 2 60 1 58 1 54 1
38 191 2 189 2 187 1 185 1 183 2 181 2 171 1 167 2 165 2 163 1 135 1 131 2 129 1 127 1 125 2 123 2 119 1 115 2 113 2 111 2 107 1 103 2 101 2 99 2 95 1 91 2 89 2 87 2 83 2 81 2 79 1 77 1 75 2 73 2 63 1 59 2 57 2 55 1
33 190 1 184 1 180 2 172 1 168 2 166 2 164 1 136 1 134 1 132 2 130 2 128 2 124 2 122 2 120 1 118 1 112 2 110 2 108 1 106 1 100 2 96 1 94 1 88 2 86 2 84 2 82 1 76 1 72 2 64 1 60 2 58 2 56 1
27 191 2 189 1 187 2 185 1 183 2 181 2 165 2 135 1 127 1 125 2 117 2 115 1 113 2 105 2 103 1 101 2 99 1 93 2 91 1 89 2 83 2 81 1 79 2 77 1 75 2 73 2 57 2
32 190 1 188 1 186 1 184 2 182 1 166 1 162 2 132 2 130 1 128 2 124 1 120 1 118 2 116 2 114 2 112 1 108 1 106 2 104 2 102 2 100 1 94 2 92 2 90 2 88 1 82 1 80 1 78 1 76 2 74 1 58 1 54 2
27 191 2 189 2 167 1 163 2 137 1 133 2 131 1 129 2 127 1 123 1 121 1 119 2 117 2 111 1 109 1 107 2 105 2 101 1 99 1 95 2 93 2 87 1 85 1 83 2 81 2 59 1 55 2
36 190 1 188 1 186 2 184 2 182 2 180 2 168 1 138 1 134 2 132 1 128 2 126 1 124 1 122 1 120 2 116 2 114 1 112 1 110 1 108 2 104 2 102 2 100 1 96 2 92 2 90 1 88 1 86 1 84 2 82 1 80 1 78 2 76 2 74 2 72 2 60 1
28 191 2 189 2 187 2 185 1 183 2 181 2 165 2 135 1 129 1 127 1 125 2 123 1 115 1 113 2 111 1 103 1 101 2 99 2 91 1 89 2 87 1 83 2 81 2 79 2 77 1 75 2 73 2 57 2
25 190 1 188 2 180 1 166 2 136 2 134 1 132 1 130 2 128 2 122 2 120 2 118 1 116 1 110 2 108 2 106 1 104 1 100 2 94 1 86 2 84 1 82 1 80 2 72 1 58 2
27 191 2 187 2 185 2 183 2 181 1 137 2 135 1 133 1 129 2 127 1 125 1 121 2 117 1 115 1 113 1 109 2 105 1 103 1 99 1 91 1 89 1 85 2 83 2 79 2 77 2 75 2 73 1
27 190 1 188 1 184 2 182 2 138 2 134 2 132 2 128 2 126 2 124 1 122 1 120 1 116 2 112 1 110 1 108 1 104 2 102 2 100 1 92 2 90 1 88 1 86 1 82 1 80 1 76 2 74 2
22 191 2 189 2 187 1 137 1 133 2 131 2 129 2 127 1 121 1 119 1 117 2 115 2 109 1 107 2 105 2 103 2 101 1 93 2 85 1 83 2 81 2 79 1
36 190 1 182 2 178 1 174 1 170 1 166 1 162 1 158 2 154 1 146 2 142 1 134 1 122 2 118 2 114 2 110 2 106 2 102 2 98 2 94 2 90 2 86 2 82 1 74 2 70 1 66 1 62 1 58 1 54 1 50 2 46 1 38 1 34 2 30 1 22 1 18 1
35 191 2 183 2 179 2 175 2 171 2 167 2 159 1 155 2 147 2 143 2 139 2 127 2 123 1 119 1 115 1 111 1 107 1 103 1 99 1 95 1 91 1 87 1 83 2 75 2 71 2 67 2 63 2 59 2 51 1 47 2 39 1 35 1 31 1 23 2 19 1
25 176 1 172 1 168 1 160 2 140 1 136 2 132 2 128 1 124 2 120 2 116 2 112 2 108 2 104 2 100 2 96 2 92 2 88 2 68 1 64 1 60 1 52 2 32 2 24 2 20 2
37 189 1 181 1 177 2 173 2 169 2 165 1 161 1 157 1 153 1 145 1 141 2 137 2 133 2 129 1 125 1 121 1 117 1 113 1 109 1 105 1 101 1 97 1 93 1 89 1 85 1 81 1 73 1 69 2 65 2 61 2 57 1 53 1 49 1 45 1 37 2 33 1 29 2
36 190 1 182 2 178 1 174 1 170 1 166 1 162 1 158 2 154 1 146 2 142 1 138 1 134 1 122 2 118 2 114 2 110 2 106 2 102 2 98 2 94 2 90 2 86 2 82 1 74 2 70 1 66 1 62 1 58 1 54 1 50 2 46 1 38 1 34 2 22 1 18 1
37 191 2 183 2 179 2 175 2 171 2 167 2 159 1 155 2 147 2 143 2 139 2 135 2 127 2 123 1 119 1 115 1 111 1 107 1 103 1 99 1 95 1 91 1 87 1 83 2 75 2 71 2 67 2 63 2 59 2 51 1 47 2 39 1 35 1 31 1 27 1 23 2 19 1
24 176 1 172 1 168 1 160 2 140 1 136 1 132 2 124 2 120 2 116 2 112 2 108 2 104 2 100 2 96 2 92 2 88 2 68 1 64 1 60 1 52 2 32 2 28 1 24 2
37 189 1 181 1 177 2 173 2 169 2 165 1 161 1 157 1 153 1 145 1 141 2 137 2 133 2 125 1 121 1 117 1 113 1 109 1 105 1 101 1 97 1 93 1 89 1 85 1 81 1 73 1 69 2 65 2 61 2 57 1 53 1 49 1 45 1 37 2 33 1 29 2 21 1
36 190 1 182 2 178 1 174 1 170 1 166 1 162 1 158 2 154 1 146 2 142 1 138 1 134 1 126 1 122 2 118 2 114 2 110 2 106 2 102 2 98 2 94 2 90 2 86 2 82 1 74 2 70 1 66 1 62 1 58 1 54 1 50 2 46 1 38 1 34 2 22 1
31 191 2 183 2 175 2 171 2 167 2 159 1 155 2 147 2 139 2 135 2 131 2 123 1 119 1 115 1 111 1 107 1 103 1 99 1 95 1 91 1 87 1 83 2 75 2 67 2 63 2 59 2 51 1 47 2 39 1 31 1 27 1
27 180 1 176 1 172 1 168 1 160 2 144 1 140 1 136 1 132 1 124 2 120 2 116 2 112 2 108 2 104 2 100 2 96 2 92 2 88 2 72 1 68 1 64 1 60 1 52 2 36 2 32 2 28 1
37 189 1 181 1 177 1 173 2 169 2 165 1 161 1 157 1 153 1 145 1 141 1 137 2 133 2 129 1 125 1 121 1 117 1 113 1 109 1 105 1 101 1 97 1 93 1 89 1 85 1 81 1 73 1 69 1 65 2 61 2 57 1 53 1 49 1 45 1 37 2 33 2 29 2
28 190 1 174 1 170 1 166 1 162 1 158 2 154 1 138 1 134 1 130 1 126 1 122 2 118 2 114 2 110 2 106 2 102 2 98 2 94 2 90 2 86 2 82 1 66 1 62 1 58 1 54 1 50 2 46 1
27 191 2 175 2 171 2 167 2 159 1 155 2 139 2 135 2 131 2 123 1 119 1 115 1 111 1 107 1 103 1 99 1 95 1 91 1 87 1 83 2 67 2 63 2 59 2 51 1 47 2 31 1 27 1
23 176 1 172 1 168 1 160 2 140 1 136 1 132 1 124 2 120 2 116 2 112 2 108 2 104 2 100 2 96 2 92 2 88 2 68 1 64 1 60 1 52 2 32 2 28 1
32 189 1 177 1 173 1 169 2 165 1 161 1 157 1 153 1 141 1 137 1 133 2 129 1 125 1 121 1 117 1 113 1 109 1 105 1 101 1 97 1 93 1 89 1 85 1 81 1 69 1 65 1 61 2 57 1 53 1 49 1 45 1 33 2
26 190 1 170 1 166 1 162 1 158 2 154 1 134 1 130 1 126 1 122 2 118 2 114 2 110 2 106 2 102 2 98 2 94 2 90 2 86 2 82 1 62 1 58 1 54 1 50 2 46 1 30 1
23 191 2 175 2 167 2 159 1 155 2 139 2 131 2 123 1 119 1 115 1 111 1 107 1 103 1 99 1 95 1 91 1 87 1 83 2 67 2 59 2 51 1 47 2 31 1
20 188 1 172 2 168 1 160 2 136 2 132 1 124 2 120 2 116 2 112 2 108 2 104 2 100 2 96 2 92 2 88 2 80 1 64 2 60 1 52 2
28 189 2 173 1 169 2 165 1 161 1 157 1 153 1 137 1 133 2 129 1 125 1 121 1 117 1 113 1 109 1 105 1 101 1 97 1 93 1 89 1 85 1 81 2 65 1 61 2 57 1 53 1 49 1 45 1
30 190 1 186 2 174 1 170 1 166 1 162 1 158 2 154 1 138 1 134 1 130 1 126 1 122 2 118 2 114 2 110 2 106 2 102 2 98 2 94 2 90 2 86 2 82 1 78 2 66 1 62 1 58 1 54 1 50 2 46 1
19 187 2 167 2 159 1 155 2 131 2 123 1 119 1 115 1 111 1 107 1 103 1 99 1 95 1 91 1 87 1 79 2 59 2 51 1 47 2
21 188 1 172 2 168 1 160 2 136 2 132 1 124 2 120 2 116 2 112 2 108 2 104 2 100 2 96 2 92 2 88 2 84 1 80 1 64 2 60 1 52 2
28 189 1 173 1 169 2 165 1 161 1 157 1 153 1 137 1 133 2 129 1 125 1 121 1 117 1 113 1 109 1 105 1 101 1 97 1 93 1 89 1 85 1 81 1 65 1 61 2 57 1 53 1 49 1 45 1
30 186 2 182 2 174 1 170 1 166 1 162 1 158 2 154 1 138 1 134 1 130 1 126 1 122 2 118 2 114 2 110 2 106 2 102 2 98 2 94 2 90 2 86 2 78 2 74 2 66 1 62 1 58 1 54 1 50 2 46 1
21 187 2 183 2 167 2 159 1 155 2 131 2 123 1 119 1 115 1 111 1 107 1 103 1 99 1 95 1 91 1 87 1 79 2 75 2 59 2 51 1 47 2
23 188 1 180 1 172 2 168 1 160 2 136 2 132 1 124 2 120 2 116 2 112 2 108 2 104 2 100 2 96 2 92 2 88 2 84 1 80 1 72 1 64 2 60 1 52 2
30 189 1 185 2 181 1 173 1 169 2 165 1 157 1 153 1 137 1 133 2 129 1 125 1 121 1 117 1 113 1 109 1 105 1 101 1 97 1 93 1 89 1 85 1 81 1 77 2 73 1 65 1 61 2 57 1 49 1 45 1
28 186 1 182 2 174 1 170 1 166 1 158 2 154 1 138 1 134 1 130 1 126 1 122 2 118 2 114 2 110 2 106 2 102 2 98 2 94 2 90 2 86 2 78 1 74 2 66 1 62 1 58 1 50 2 46 1
19 187 2 167 2 159 2 155 2 131 2 123 1 119 1 115 1 111 1 107 1 103 1 99 1 95 1 91 1 87 1 79 2 59 2 51 2 47 2
25 188 1 184 1 180 1 172 2 168 1 164 2 136 2 132 1 124 2 120 2 116 2 112 2 108 2 104 2 100 2 96 2 92 2 88 2 84 1 80 1 76 1 72 1 64 2 60 1 56 2
28 189 1 185 2 181 1 173 1 169 2 157 1 153 1 137 1 133 2 129 1 125 1 121 1 117 1 113 1 109 1 105 1 101 1 97 1 93 1 89 1 85 1 81 1 77 2 73 1 65 1 61 2 49 1 45 1
30 186 1 182 2 174 1 170 1 166 1 162 1 158 2 154 1 138 1 134 1 130 1 126 1 122 2 118 2 114 2 110 2 106 2 102 2 98 2 94 2 90 2 86 2 78 1 74 2 66 1 62 1 58 1 54 1 50 2 46 1
19 187 2 167 2 163 1 159 2 131 2 123 1 119 1 115 1 111 1 107 1 103 1 99 1 95 1 91 1 87 1 79 2 59 2 55 1 51 2
27 188 1 184 1 180 1 172 2 168 1 164 2 156 1 136 2 132 1 124 2 120 2 116 2 112 2 108 2 104 2 100 2 96 2 92 2 88 2 84 1 80 1 76 1 72 1 64 2 60 1 56 2 48 1
26 189 1 185 2 181 1 173 1 169 2 157 1 137 1 133 2 129 1 125 1 121 1 117 1 113 1 109 1 105 1 101 1 97 1 93 1 89 1 85 1 81 1 77 2 73 1 65 1 61 2 49 1
23 186 1 182 2 174 1 166 1 162 1 138 1 134 1 130 1 126 1 122 2 118 2 114 2 110 2 106 2 102 2 94 2 90 2 86 2 78 1 74 2 66 1 58 1 54 1
19 187 2 171 2 167 2 163 1 131 2 123 1 119 1 115 1 111 1 107 1 103 1 99 2 95 1 91 1 87 1 79 2 63 2 59 2 55 1
25 188 1 184 1 180 1 172 2 168 2 164 2 136 2 132 1 124 2 120 2 116 2 112 2 108 2 104 2 100 2 96 1 92 2 88 2 84 1 80 1 76 1 72 1 64 2 60 2 56 2
19 189 1 185 2 181 1 137 1 133 2 129 1 125 1 121 1 117 1 113 1 109 1 105 1 101 2 93 1 89 1 85 1 81 1 77 2 73 1
20 186 1 182 2 166 1 162 1 138 1 134 1 130 1 126 1 122 2 118 2 114 2 110 2 106 2 94 2 90 2 86 2 78 1 74 2 58 1 54 1
17 187 2 167 2 163 1 131 2 123 1 119 1 115 1 111 1 107 1 103 1 99 1 95 1 91 1 87 1 79 2 59 2 55 1
21 188 1 184 1 180 1 168 2 136 2 132 1 124 2 120 2 116 2 112 2 108 2 104 2 100 1 96 1 92 1 88 2 84 1 80 1 76 1 72 1 60 2
20 189 1 185 2 181 1 165 1 137 1 133 2 129 1 125 1 121 1 117 1 113 1 109 1 105 1 101 2 89 1 85 1 81 1 77 2 73 1 57 1
17 186 1 182 2 166 1 138 1 134 1 130 1 126 1 122 2 118 2 114 2 110 2 106 2 94 2 86 2 78 1 74 2 58 1
12 187 2 131 2 123 1 119 1 115 1 111 1 107 2 103 1 99 1 91 2 87 1 79 2
17 188 1 184 1 180 1 136 2 132 1 124 2 120 2 116 2 112 2 104 2 100 1 92 1 88 2 84 1 80 1 76 1 72 1
18 189 1 185 2 181 1 137 1 133 2 129 1 125 1 121 1 117 1 113 1 109 1 101 2 93 1 89 1 85 1 81 1 77 2 73 1
47 183 2 181 2 179 1 175 2 173 2 171 2 167 1 163 2 161 1 159 2 147 2 145 2 143 1 139 2 137 2 135 2 125 1 123 1 119 2 115 1 113 1 111 1 107 2 103 1 101 1 99 1 95 2 91 1 89 1 87 1 75 2 73 2 71 1 67 2 65 2 63 2 59 1 55 2 53 1 39 1 37 1 35 2 31 1 29 1 27 1 23 1 19 2
47 182 1 180 2 178 2 176 1 174 1 168 2 166 2 164 1 156 1 146 1 144 2 142 2 140 1 138 1 136 2 126 1 120 1 118 1 116 2 114 2 108 1 106 1 104 2 102 2 96 1 94 1 92 2 90 2 84 2 74 1 72 2 70 2 68 1 66 1 60 2 58 2 56 1 38 2 36 1 34 1 32 2 30 2 28 2 24 2 22 2 20 1 18 2
48 183 1 181 1 179 1 175 2 171 1 169 1 167 1 163 2 159 2 157 1 147 1 145 1 143 1 139 2 137 1 135 1 123 2 121 2 119 2 115 1 111 2 109 2 107 2 103 1 99 2 97 2 95 2 91 1 87 2 85 2 75 1 73 1 71 1 67 2 63 1 61 1 59 1 55 2 51 2 39 2 37 2 35 2 31 1 29 1 27 2 25 1 23 1 19 2
49 182 1 178 2 176 2 174 2 172 1 168 1 166 2 164 1 162 2 160 2 146 1 142 2 140 2 136 1 128 1 124 2 120 2 118 1 116 1 114 1 112 2 108 2 106 1 104 1 102 1 100 2 96 2 94 1 92 1 90 1 88 2 74 1 70 2 68 2 66 2 64 1 60 1 58 2 56 1 54 2 52 2 38 2 34 1 32 1 30 2 28 2 24 1 22 2 18 2
49 183 1 181 2 179 1 177 1 175 2 173 2 167 1 163 2 161 1 147 1 145 2 143 1 141 1 139 2 137 2 135 2 129 1 125 1 119 2 117 2 115 1 113 1 107 2 105 2 103 1 101 1 95 2 93 2 91 1 89 1 75 1 73 2 71 1 69 1 67 2 65 2 59 1 55 2 53 1 39 2 37 1 35 2 33 2 31 1 29 1 27 2 23 1 21 2 19 2
32 182 1 178 2 176 1 168 1 166 2 164 1 146 1 142 2 140 1 136 2 120 2 118 1 116 2 108 2 106 1 104 2 96 2 94 1 92 2 74 1 70 2 68 1 60 1 58 2 56 1 38 2 34 1 32 2 28 2 24 1 22 2 20 1
42 191 2 183 1 181 2 175 1 173 2 171 1 163 2 161 1 159 2 155 2 147 1 145 2 139 1 137 2 135 1 127 2 125 1 123 2 115 2 113 1 111 2 103 2 101 1 99 2 91 2 89 1 87 2 83 2 75 1 73 2 67 1 65 2 63 1 55 2 53 1 51 2 47 2 39 2 37 1 31 2 29 1 27 2
50 182 1 180 2 178 2 176 2 174 1 172 1 166 2 164 1 160 2 156 2 146 1 144 2 142 2 140 2 138 1 136 1 128 1 126 1 124 2 118 1 116 1 114 2 112 2 106 1 104 1 102 2 100 2 94 1 92 1 90 2 88 2 84 2 74 1 72 2 70 2 68 2 66 1 64 1 58 2 56 1 52 2 48 2 38 2 36 1 34 1 32 1 30 2 28 2 22 2 18 2
62 189 1 183 1 181 2 179 1 177 2 175 2 173 2 171 1 167 1 165 1 163 2 161 1 159 2 153 1 147 1 145 2 143 1 141 2 139 2 137 2 135 1 129 1 125 1 123 2 119 2 117 1 115 1 113 1 111 2 107 2 105 1 103 1 101 1 99 2 95 2 93 1 91 1 89 1 87 2 81 1 75 1 73 2 71 1 69 2 67 2 65 2 63 1 59 1 57 1 55 2 53 1 51 2 45 1 39 2 37 1 35 2 33 1 31 1 29 1 27 2 23 1 19 2
39 190 1 176 2 172 1 170 1 168 1 164 1 160 2 158 2 154 1 140 2 136 1 134 1 128 1 124 2 122 2 120 2 116 1 112 2 110 2 108 2 104 1 100 2 98 2 96 2 92 1 88 2 86 2 82 1 68 2 64 1 62 1 60 1 56 1 52 2 50 2 46 1 32 1 28 2 24 1
47 191 2 181 2 177 1 175 1 173 2 171 2 163 2 161 1 159 1 155 2 145 2 141 1 139 1 137 2 135 2 129 1 127 2 125 1 123 1 117 2 115 2 113 1 111 1 105 2 103 2 101 1 99 1 93 2 91 2 89 1 87 1 83 2 73 2 69 1 67 1 65 2 63 2 55 2 53 1 51 1 47 2 37 1 33 2 31 2 29 1 27 2 21 2
40 182 1 178 2 176 2 172 1 168 2 166 2 164 1 160 2 146 1 142 2 140 2 136 1 132 2 128 1 124 2 120 1 118 1 116 1 112 2 108 1 106 1 104 1 100 2 96 1 94 1 92 1 88 2 74 1 70 2 68 2 64 1 60 2 58 2 56 1 52 2 38 2 34 1 32 1 28 2 22 2
60 191 2 189 1 183 1 177 2 175 1 173 1 171 1 169 2 165 1 163 2 161 2 159 2 157 1 155 2 153 1 147 1 141 2 139 1 137 1 135 1 133 2 129 1 127 2 125 2 123 2 121 1 117 1 115 2 113 2 111 2 109 1 105 1 103 2 101 2 99 2 97 1 93 1 91 2 89 2 87 2 85 1 83 2 81 1 75 1 69 2 67 1 65 1 63 1 61 2 57 1 55 2 53 2 51 2 49 1 47 2 45 1 39 2 33 1 31 2 27 2
50 190 1 180 2 176 2 174 2 172 1 170 1 164 1 162 1 160 2 158 2 156 2 154 1 144 2 140 2 138 2 136 1 134 1 128 1 126 1 124 2 122 2 116 1 114 1 112 2 110 2 104 1 102 1 100 2 98 2 92 1 90 1 88 2 86 2 84 2 82 1 72 2 68 2 66 2 64 1 62 1 56 1 54 1 52 2 50 2 48 2 46 1 36 1 32 1 30 2 28 2
42 191 2 189 1 181 2 177 2 175 1 173 2 165 1 163 2 161 1 155 2 153 1 145 2 141 2 139 1 137 2 129 1 127 2 125 1 117 1 115 2 113 1 105 1 103 2 101 1 93 1 91 2 89 1 83 2 81 1 73 2 69 2 67 1 65 2 57 1 55 2 53 1 47 2 45 1 37 1 33 1 31 2 29 1
31 190 1 172 2 170 1 168 2 164 1 160 1 158 2 154 1 136 2 134 1 132 2 128 1 124 1 122 2 120 1 112 1 110 2 108 1 100 1 98 2 96 1 88 1 86 2 82 1 64 2 62 1 60 2 56 1 52 1 50 2 46 1
49 191 2 189 1 175 1 173 1 171 2 169 2 165 1 163 2 161 2 159 1 157 1 155 2 153 1 139 1 137 1 135 2 133 2 129 1 127 2 125 2 123 1 121 1 115 2 113 2 111 1 109 1 103 2 101 2 99 1 97 1 91 2 89 2 87 1 85 1 83 2 81 1 67 1 65 1 63 2 61 2 57 1 55 2 53 2 51 1 49 1 47 2 45 1 31 2 27 2
48 190 1 176 2 174 1 172 1 170 1 168 2 164 1 162 1 160 2 158 2 154 1 140 2 138 1 136 1 134 1 132 2 128 1 126 1 124 2 122 2 120 1 116 1 114 2 112 2 110 2 108 1 104 1 102 2 100 2 98 2 96 1 92 1 90 2 88 2 86 2 82 1 68 2 66 1 64 1 62 1 60 2 56 1 54 1 52 2 50 2 46 1 32 1 28 2
45 191 1 189 1 177 2 173 1 169 2 167 2 165 1 163 2 161 2 157 1 155 1 153 1 141 2 137 1 133 2 131 2 129 1 127 2 125 2 121 1 119 1 117 1 113 2 109 1 107 1 105 1 101 2 97 1 95 1 93 1 89 2 85 1 83 1 81 1 69 2 65 1 61 2 59 2 57 1 55 2 53 2 49 1 47 1 45 1 33 1
44 190 1 174 2 172 2 170 1 168 1 164 1 162 1 160 1 158 2 156 2 154 1 138 2 136 2 134 1 132 1 128 1 126 1 124 1 122 2 120 2 114 1 112 1 110 2 108 2 102 1 100 1 98 2 96 2 90 1 88 1 86 2 84 2 82 1 66 2 64 2 62 1 60 1 56 1 54 1 52 1 50 2 48 2 46 1 30 2
42 191 2 189 2 175 1 173 1 169 2 165 2 163 2 161 2 157 1 155 2 153 2 139 1 137 1 133 2 129 2 127 2 125 2 121 1 117 2 115 2 113 2 109 1 105 2 103 2 101 2 97 1 93 2 91 2 89 2 85 1 83 2 81 2 67 1 65 1 61 2 57 2 55 2 53 2 49 1 47 2 45 2 31 2
46 190 2 174 1 172 2 170 2 168 2 166 1 164 1 162 1 160 1 158 1 154 2 138 1 136 2 134 2 132 2 130 1 128 1 126 1 124 1 122 1 120 1 118 2 114 2 112 1 110 1 108 1 106 2 102 2 100 1 98 1 96 1 94 2 90 2 88 1 86 1 82 2 66 1 64 2 62 2 60 2 58 1 56 1 54 1 52 1 50 1 46 2
47 191 1 189 1 173 1 171 1 169 2 167 2 165 1 163 2 161 2 159 2 157 1 155 1 153 1 137 1 135 1 133 2 131 2 129 1 127 2 125 2 123 2 121 1 119 1 113 2 111 2 109 1 107 1 101 2 99 2 97 1 95 1 89 2 87 2 85 1 83 1 81 1 65 1 63 1 61 2 59 2 57 1 55 2 53 2 51 2 49 1 47 1 45 1
34 190 1 174 1 172 2 170 1 164 1 162 1 160 1 158 2 154 1 138 1 136 2 134 1 128 1 126 1 124 1 122 2 114 2 112 1 110 2 102 2 100 1 98 2 90 2 88 1 86 2 82 1 66 1 64 2 62 1 56 1 54 1 52 1 50 2 46 1
35 191 1 189 2 173 2 169 1 167 2 165 2 163 2 157 2 155 1 153 2 137 2 133 1 131 2 129 2 127 2 121 2 119 1 117 2 109 2 107 1 105 2 97 2 95 1 93 2 85 2 83 1 81 2 65 2 61 1 59 2 57 2 55 2 49 2 47 1 45 2
46 190 2 174 2 172 2 170 2 168 1 166 1 164 1 162 2 160 1 158 1 156 2 154 2 138 2 136 2 134 2 132 1 130 1 128 1 126 2 124 1 122 1 120 2 118 2 112 1 110 1 108 2 106 2 100 1 98 1 96 2 94 2 88 1 86 1 84 2 82 2 66 2 64 2 62 2 60 1 58 1 56 1 54 2 52 1 50 1 48 2 46 2
47 191 1 189 2 173 1 169 2 167 2 165 2 163 2 161 2 159 1 157 1 155 1 153 2 137 1 133 2 131 2 129 2 127 2 125 2 123 1 121 1 119 1 117 2 113 2 111 1 109 1 107 1 105 2 101 2 99 1 97 1 95 1 93 2 89 2 87 1 85 1 83 1 81 2 65 1 61 2 59 2 57 2 55 2 53 2 51 1 49 1 47 1 45 2
39 190 2 188 1 174 1 172 1 170 2 166 1 164 1 162 1 158 1 154 2 138 1 136 1 134 2 130 1 128 1 126 1 122 1 118 2 116 2 114 2 110 1 106 2 104 2 102 2 98 1 94 2 92 2 90 2 86 1 82 2 80 1 66 1 64 1 62 2 58 1 56 1 54 1 50 1 46 2
42 191 1 173 2 171 1 169 1 167 2 165 2 163 2 159 2 157 2 155 1 153 2 137 2 135 1 133 1 131 2 129 2 127 2 123 2 121 2 119 1 117 1 111 2 109 2 107 1 105 1 99 2 97 2 95 1 93 1 87 2 85 2 83 1 65 2 63 1 61 1 59 2 57 2 55 2 51 2 49 2 47 1 45 2
42 190 2 186 2 174 2 172 2 170 2 166 1 164 1 162 2 160 1 158 1 154 2 138 2 136 2 134 2 130 1 128 1 126 2 124 1 122 1 118 2 114 1 112 1 110 1 106 2 102 1 100 1 98 1 94 2 90 1 88 1 86 1 82 2 78 2 66 2 64 2 62 2 58 1 56 1 54 2 52 1 50 1 46 2
44 191 1 189 2 187 2 173 2 169 1 167 1 165 2 163 2 159 1 157 2 153 2 137 2 133 1 131 1 129 2 127 2 123 1 121 2 119 2 117 2 115 1 111 1 109 2 107 2 105 2 103 1 99 1 97 2 95 2 93 2 91 1 87 1 85 2 83 1 81 2 79 2 65 2 61 1 59 1 57 2 55 2 51 1 49 2 45 2
44 190 2 188 1 174 2 172 1 170 2 168 2 166 1 164 1 162 2 158 1 156 2 154 2 138 2 136 1 134 2 132 2 130 1 128 1 126 2 122 1 120 1 118 2 116 2 110 1 108 1 106 2 104 2 98 1 96 1 94 2 92 2 86 1 82 2 80 1 66 2 64 1 62 2 60 2 58 1 56 1 54 2 50 1 48 2 46 2
31 191 1 173 2 169 1 167 2 163 2 159 1 157 2 155 1 137 2 133 1 131 2 127 2 123 1 121 2 119 1 111 1 109 2 107 1 99 1 97 2 95 1 87 1 85 2 83 1 65 2 61 1 59 2 55 2 51 1 49 2 47 1
32 190 2 188 1 186 2 182 2 174 2 172 1 166 2 164 1 162 2 138 2 136 1 130 2 128 1 126 2 118 1 116 2 114 1 106 1 104 2 102 1 94 1 92 2 90 1 82 2 80 1 78 2 74 2 66 2 64 1 58 2 56 1 54 2
41 191 1 187 2 183 2 173 2 171 1 169 1 167 1 165 2 163 2 157 2 153 2 137 2 135 1 133 1 131 1 129 2 127 2 121 2 119 2 117 1 115 1 109 2 107 2 105 1 103 1 97 2 95 2 93 1 91 1 85 2 83 1 79 2 75 2 65 2 63 1 61 1 59 1 57 2 55 2 49 2 45 2
50 190 2 188 1 186 2 180 1 174 2 172 1 170 2 168 1 166 1 164 1 162 2 158 1 154 2 138 2 136 1 134 2 132 1 130 1 128 1 126 2 122 1 120 2 118 2 116 2 114 1 110 1 108 2 106 2 104 2 102 1 98 1 96 2 94 2 92 2 90 1 86 1 84 1 82 2 80 1 78 2 72 1 66 2 64 1 62 2 60 1 58 1 56 1 54 2 50 1 46 2
30 191 1 187 2 185 2 181 1 167 1 163 2 159 1 131 1 127 2 125 1 123 1 119 2 115 1 113 1 111 1 107 2 103 1 101 1 99 1 95 2 91 1 89 1 87 1 83 1 79 2 77 2 73 1 59 1 55 2 51 1
36 190 2 188 1 186 1 182 2 172 1 168 2 166 2 164 1 162 2 156 2 136 1 132 2 130 2 128 1 120 1 118 1 116 2 114 2 108 1 106 1 104 2 102 2 96 1 94 1 92 2 90 2 82 2 80 1 78 1 74 2 64 1 60 2 58 2 56 1 54 2 48 2
32 191 1 187 2 173 2 169 1 167 1 163 2 157 2 137 2 133 1 131 1 127 2 123 2 121 2 119 2 115 1 111 2 109 2 107 2 103 1 99 2 97 2 95 2 91 1 87 2 85 2 83 1 79 2 65 2 61 1 59 1 55 2 49 2
42 190 2 188 2 186 2 184 1 182 2 180 1 174 2 168 1 166 2 162 2 138 2 132 1 130 2 128 1 126 2 124 2 120 2 118 1 116 1 114 1 112 2 108 2 106 1 104 1 102 1 100 2 96 2 94 1 92 1 90 1 88 2 84 1 82 2 80 2 78 2 76 1 74 2 72 1 66 2 60 1 58 2 54 2
36 191 1 189 1 187 2 185 2 183 2 181 1 171 1 167 1 165 2 163 2 135 1 131 1 127 2 125 1 119 2 117 2 115 1 113 1 107 2 105 2 103 1 101 1 95 2 93 2 91 1 89 1 83 1 81 1 79 2 77 2 75 2 73 1 63 1 59 1 57 2 55 2
30 190 2 188 1 182 2 180 1 172 1 168 1 166 2 164 1 136 1 132 1 130 2 128 1 120 2 118 1 116 2 108 2 106 1 104 2 96 2 94 1 92 2 84 1 82 2 80 1 74 2 72 1 64 1 60 1 58 2 56 1
20 191 1 187 1 185 2 181 1 127 2 125 1 123 2 115 2 113 1 111 2 103 2 101 1 99 2 91 2 89 1 87 2 83 1 79 1 77 2 73 1
32 190 2 188 2 186 1 184 1 182 2 180 1 166 2 162 2 130 2 128 1 124 2 118 1 116 1 114 2 112 2 106 1 104 1 102 2 100 2 94 1 92 1 90 2 88 2 84 1 82 2 80 2 78 1 76 1 74 2 72 1 58 2 54 2
34 191 1 189 1 187 2 185 2 181 1 167 1 163 2 131 1 129 1 127 2 125 1 123 2 119 2 117 1 115 1 113 1 111 2 107 2 105 1 103 1 101 1 99 2 95 2 93 1 91 1 89 1 87 2 83 1 81 1 79 2 77 2 73 1 59 1 55 2
29 190 2 188 2 184 1 182 1 180 1 168 1 134 1 132 1 128 1 124 2 122 2 120 2 116 1 112 2 110 2 108 2 104 1 100 2 96 2 92 1 88 2 86 2 84 1 82 2 80 2 76 1 74 1 72 1 60 1
30 191 1 189 1 187 1 185 2 183 2 181 1 165 2 135 1 127 2 125 1 123 1 117 2 115 2 113 1 111 1 105 2 103 2 101 1 99 2 93 2 91 2 89 1 87 1 83 1 81 1 79 1 77 2 75 2 73 1 57 2
28 190 2 188 2 184 1 182 2 180 2 166 2 132 2 130 2 128 1 124 2 120 1 118 1 116 1 112 2 108 1 106 1 104 1 100 2 94 1 92 1 88 2 84 2 82 2 80 2 76 1 74 2 72 2 58 2
59 183 2 179 2 177 1 175 1 173 2 171 1 169 1 167 2 163 1 161 1 159 2 157 1 147 2 143 2 141 1 139 1 129 1 125 1 123 2 121 2 119 1 117 2 115 2 113 1 111 2 109 2 107 1 105 2 103 2 101 1 99 2 97 2 95 1 93 2 91 2 89 1 87 2 85 2 75 2 71 2 69 1 67 1 65 2 63 1 61 1 59 2 55 1 53 1 51 2 39 1 35 1 33 2 31 2 29 2 27 1 25 1 23 2 21 2 19 1
42 182 2 178 1 174 2 172 1 168 2 166 1 164 2 162 2 160 2 146 2 142 1 128 1 124 2 120 1 118 2 114 1 112 2 108 1 106 2 102 1 100 2 96 1 94 2 90 1 88 2 74 2 70 1 66 2 64 1 60 2 58 1 56 2 54 2 52 2 38 1 34 2 30 2 28 1 24 2 22 1 20 1 18 2
54 191 2 183 2 181 1 179 1 177 1 173 1 171 1 167 1 163 1 161 2 159 2 155 2 147 2 145 1 143 1 141 1 137 1 129 1 127 2 125 2 123 2 119 2 117 2 113 2 111 2 107 2 105 2 101 2 99 2 95 2 93 2 89 2 87 2 83 2 75 2 73 1 71 1 69 1 65 1 63 1 59 1 55 1 53 2 51 2 47 2 39 1 37 2 35 2 33 2 29 2 27 1 23 1 21 2 19 2
49 182 2 180 2 178 1 174 1 172 1 168 1 166 1 164 2 160 2 156 2 146 2 144 2 142 1 138 1 128 1 126 1 124 2 120 2 118 2 114 2 112 2 108 2 106 2 102 2 100 2 96 2 94 2 90 2 88 2 84 2 74 2 72 2 70 1 66 1 64 1 60 1 58 1 56 2 52 2 48 2 38 1 36 1 34 2 30 2 28 1 24 1 22 1 20 1 18 2
60 191 2 189 1 183 2 181 1 179 1 177 2 173 1 171 2 167 1 165 1 163 1 161 2 159 1 155 2 153 1 147 2 145 1 143 1 141 2 137 1 135 2 129 1 127 2 125 2 123 1 119 2 117 1 113 2 111 1 107 2 105 1 101 2 99 1 95 2 93 1 89 2 87 1 83 2 81 1 75 2 73 1 71 1 69 2 65 1 63 2 59 1 57 1 55 1 53 2 51 1 47 2 45 1 39 1 37 2 35 2 33 1 29 2 27 1 23 1 19 2
69 190 1 182 1 180 2 178 2 176 1 174 1 172 2 170 1 168 1 166 2 164 2 160 1 158 2 156 2 154 1 146 1 144 2 142 2 140 1 138 1 136 2 134 1 128 2 126 1 124 1 122 2 120 2 118 1 116 2 114 2 112 1 110 2 108 2 106 1 104 2 102 2 100 1 98 2 96 2 94 1 92 2 90 2 88 1 86 2 84 2 82 1 74 1 72 2 70 2 68 1 66 1 64 2 62 1 60 1 58 2 56 2 52 1 50 2 48 2 46 1 38 2 36 1 34 1 32 2 30 2 28 1 24 1 22 2 18 2
45 191 2 189 1 183 1 181 1 179 1 173 1 167 1 165 1 163 1 161 2 155 2 153 1 147 1 145 1 143 1 137 1 129 2 127 2 125 2 119 2 113 2 107 2 101 2 95 2 89 2 83 2 81 1 75 1 73 1 71 1 65 1 59 1 57 1 55 1 53 2 47 2 45 1 39 2 37 2 35 2 29 2 27 1 23 1 21 2 19 2
49 190 1 182 1 178 2 176 1 172 2 170 1 166 2 164 2 160 1 158 2 154 1 146 1 142 2 140 1 136 2 134 1 132 2 128 2 124 1 122 2 118 1 116 2 112 1 110 2 106 1 104 2 100 1 98 2 94 1 92 2 88 1 86 2 82 1 74 1 70 2 68 1 64 2 62 1 58 2 56 2 52 1 50 2 46 1 38 2 34 1 32 2 28 1 24 1 22 2
41 191 1 189 1 183 1 181 2 175 2 169 2 165 1 163 1 157 1 155 1 153 1 147 1 145 2 139 2 133 2 129 2 127 1 121 1 115 1 109 1 103 1 97 1 91 1 85 1 83 1 81 1 75 1 73 2 67 2 61 2 57 1 55 1 49 1 47 1 45 1 39 2 37 1 31 1 29 1 27 1 21 2
70 190 1 182 1 180 2 178 2 176 1 174 2 172 2 170 1 168 2 166 2 164 2 162 1 160 1 158 2 156 2 154 1 146 1 144 2 142 2 140 1 138 2 136 2 134 1 132 2 128 2 126 1 124 1 122 2 120 1 118 1 116 2 114 1 112 1 110 2 108 1 106 1 104 2 102 1 100 1 98 2 96 1 94 1 92 2 90 1 88 1 86 2 84 2 82 1 74 1 72 2 70 2 68 1 66 2 64 2 62 1 60 2 58 2 56 2 54 1 52 1 50 2 48 2 46 1 38 2 36 1 34 1 32 2 30 2 28 1 22 2
56 191 1 189 2 183 1 181 2 177 1 175 2 171 1 169 2 165 2 163 1 159 2 157 1 155 1 153 2 147 1 145 2 141 1 139 2 135 1 133 2 129 2 127 1 123 2 121 1 117 2 115 1 111 2 109 1 105 2 103 1 99 2 97 1 93 2 91 1 87 2 85 1 83 1 81 2 75 1 73 2 69 1 67 2 63 1 61 2 57 2 55 1 51 2 49 1 47 1 45 2 39 2 37 1 33 2 31 1 29 1 27 2
47 190 2 180 2 176 2 174 2 170 2 168 2 164 2 162 1 158 1 156 2 154 2 144 2 140 2 138 2 134 2 132 2 128 2 126 1 122 1 120 1 116 1 114 1 110 1 108 1 104 1 102 1 98 1 96 1 92 1 90 1 86 1 84 2 82 2 72 2 68 2 66 2 62 2 60 2 56 2 54 1 50 1 48 2 46 2 36 1 32 1 30 2 28 2
52 191 1 189 2 181 2 177 2 175 2 171 2 169 2 165 2 163 1 159 1 157 1 155 1 153 2 145 2 141 2 139 2 135 2 133 2 129 2 127 1 123 1 121 1 117 1 115 1 111 1 109 1 105 1 103 1 99 1 97 1 93 1 91 1 87 1 85 1 83 1 81 2 73 2 69 2 67 2 63 2 61 2 57 2 55 1 51 1 49 1 47 1 45 2 37 1 33 1 31 1 29 1 27 2
39 190 2 176 2 174 1 170 2 168 1 164 2 162 1 158 1 154 2 140 2 138 1 134 2 132 1 128 2 126 1 122 1 120 2 116 1 114 2 110 1 108 2 104 1 102 2 98 1 96 2 92 1 90 2 86 1 82 2 68 2 66 1 62 2 60 1 56 2 54 1 50 1 46 2 32 1 28 2
58 189 2 177 2 175 1 173 2 171 2 169 1 167 2 165 2 163 1 161 1 159 1 157 2 153 2 141 2 139 1 137 2 135 2 133 1 131 2 129 2 127 1 125 1 123 1 121 2 119 1 117 1 115 2 113 1 111 1 109 2 107 1 105 1 103 2 101 1 99 1 97 2 95 1 93 1 91 2 89 1 87 1 85 2 81 2 69 2 67 1 65 2 63 2 61 1 59 2 57 2 55 1 53 1 51 1 49 2 45 2 33 1 31 2 27 2
31 190 2 176 2 170 2 164 2 162 2 158 1 156 2 154 2 140 2 134 2 128 2 126 2 122 1 116 1 110 1 104 1 98 1 92 1 86 1 84 2 82 2 68 2 62 2 56 2 54 2 50 1 48 2 46 2 32 1 30 2 28 2
38 177 2 175 1 173 2 169 1 167 2 163 1 161 1 157 2 141 2 139 1 137 2 133 1 131 2 127 1 125 1 121 2 119 1 115 2 113 1 109 2 107 1 103 2 101 1 97 2 95 1 91 2 89 1 85 2 69 2 67 1 65 2 61 1 59 2 55 1 53 1 49 2 33 1 31 2
25 172 1 166 1 164 2 162 2 160 2 156 2 136 1 130 1 128 2 126 2 124 2 118 2 112 2 106 2 100 2 94 2 88 2 84 2 64 1 58 1 56 2 54 2 52 2 48 2 30 2
46 175 1 173 2 171 1 169 1 167 2 163 1 161 1 159 2 157 2 139 1 137 2 135 1 133 1 131 2 127 1 125 1 123 2 121 2 119 1 117 2 115 2 113 1 111 2 109 2 107 1 105 2 103 2 101 1 99 2 97 2 95 1 93 2 91 2 89 1 87 2 85 2 67 1 65 2 63 1 61 1 59 2 55 1 53 1 51 2 49 2 31 2
33 174 2 172 1 168 2 166 1 164 2 162 2 160 2 138 2 136 1 132 2 130 1 128 2 126 2 124 2 120 1 118 2 114 1 112 2 108 1 106 2 102 1 100 2 96 1 94 2 90 1 88 2 66 2 64 1 60 2 58 1 56 2 54 2 52 2
31 191 2 171 1 167 1 163 1 161 2 159 2 155 2 135 1 131 1 127 1 125 2 123 2 119 2 117 2 113 2 111 2 107 2 105 2 101 2 99 2 95 2 93 2 89 2 87 2 83 2 63 1 59 1 55 1 53 2 51 2 47 2
30 172 1 168 1 166 1 164 2 160 2 156 2 136 1 132 1 130 1 128 2 124 2 120 2 118 2 114 2 112 2 108 2 106 2 102 2 100 2 96 2 94 2 90 2 88 2 84 2 64 1 60 1 58 1 56 2 52 2 48 2
35 191 2 189 1 167 1 165 1 163 1 161 2 159 1 155 2 153 1 131 1 129 1 127 1 125 2 123 1 119 2 117 1 113 2 111 1 107 2 105 1 101 2 99 1 95 2 93 1 89 2 87 1 83 2 81 1 59 1 57 1 55 1 53 2 51 1 47 2 45 1
45 190 1 188 1 170 1 168 1 166 2 164 2 160 1 158 2 156 2 154 1 134 1 132 1 130 2 128 2 124 1 122 2 120 2 118 1 116 2 114 2 112 1 110 2 108 2 106 1 104 2 102 2 100 1 98 2 96 2 94 1 92 2 90 2 88 1 86 2 84 2 82 1 80 1 62 1 60 1 58 2 56 2 52 1 50 2 48 2 46 1
29 191 2 189 2 171 1 167 1 165 1 163 1 161 2 155 2 153 1 135 1 131 1 129 1 127 1 125 2 119 2 113 2 107 2 101 2 95 2 89 2 83 2 81 2 63 1 59 1 57 1 55 1 53 2 47 2 45 1
35 190 1 188 1 186 2 170 1 166 2 164 2 160 1 158 2 154 1 134 1 130 2 128 2 124 1 122 2 118 1 116 2 112 1 110 2 106 1 104 2 100 1 98 2 94 1 92 2 88 1 86 2 82 1 80 1 78 2 62 1 58 2 56 2 52 1 50 2 46 1
34 191 2 189 2 187 2 173 1 171 1 169 2 165 1 163 1 157 1 155 1 153 1 137 1 135 1 133 2 129 1 127 1 121 1 115 1 109 1 103 1 97 1 91 1 85 1 83 2 81 2 79 2 65 1 63 1 61 2 57 1 55 1 49 1 47 1 45 1
52 190 1 188 1 186 2 174 1 170 1 168 2 166 2 164 2 162 1 160 1 158 2 156 2 154 1 138 1 134 1 132 2 130 2 128 2 126 1 124 1 122 2 120 1 118 1 116 2 114 1 112 1 110 2 108 1 106 1 104 2 102 1 100 1 98 2 96 1 94 1 92 2 90 1 88 1 86 2 82 1 80 1 78 2 66 1 62 1 60 2 58 2 56 2 54 1 52 1 50 2 48 2 46 1
40 191 2 189 2 187 2 173 1 169 2 165 2 163 1 159 2 157 1 155 1 153 2 137 1 133 2 129 2 127 1 123 2 121 1 117 2 115 1 111 2 109 1 105 2 103 1 99 2 97 1 93 2 91 1 87 2 85 1 83 2 81 2 79 2 65 1 61 2 57 2 55 1 51 2 49 1 47 1 45 2
45 190 1 188 2 186 2 182 2 174 1 172 2 170 2 168 2 164 2 162 1 158 1 156 2 154 2 138 1 136 2 134 2 132 2 128 2 126 1 122 1 120 1 116 1 114 1 110 1 108 1 104 1 102 1 98 1 96 1 92 1 90 1 86 1 82 1 80 2 78 2 74 2 66 1 64 2 62 2 60 2 56 2 54 1 50 1 48 2 46 2
43 191 2 187 2 183 2 173 1 171 1 169 2 165 2 163 1 159 1 157 1 155 1 153 2 137 1 135 1 133 2 129 2 127 1 123 1 121 1 117 1 115 1 111 1 109 1 105 1 103 1 99 1 97 1 93 1 91 1 87 1 85 1 83 2 79 2 75 2 65 1 63 1 61 2 57 2 55 1 51 1 49 1 47 1 45 2
46 190 1 188 2 186 1 182 2 180 1 174 1 172 2 170 2 168 1 164 2 162 1 158 1 154 2 138 1 136 2 134 2 132 1 128 2 126 1 122 1 120 2 116 1 114 2 110 1 108 2 104 1 102 2 98 1 96 2 92 1 90 2 86 1 84 1 82 1 80 2 78 1 74 2 72 1 66 1 64 2 62 2 60 1 56 2 54 1 50 1 46 2
55 191 2 187 1 185 2 183 2 181 1 173 2 171 1 169 1 167 2 165 2 163 1 159 1 157 2 153 2 137 2 135 1 133 1 131 2 129 2 127 1 125 1 123 1 121 2 119 1 117 1 115 2 113 1 111 1 109 2 107 1 105 1 103 2 101 1 99 1 97 2 95 1 93 1 91 2 89 1 87 1 85 2 83 2 79 1 77 2 75 2 73 1 65 2 63 1 61 1 59 2 57 2 55 1 51 1 49 2 45 2
37 190 1 188 2 182 2 180 1 174 2 172 2 170 2 164 2 162 1 158 1 156 2 154 2 138 2 136 2 134 2 128 2 126 2 122 1 116 1 110 1 104 1 98 1 92 1 86 1 84 1 82 1 80 2 74 2 72 1 66 2 64 2 62 2 56 2 54 1 50 1 48 2 46 2
38 191 2 187 1 185 2 181 1 173 2 169 1 167 2 163 1 159 1 157 2 137 2 133 1 131 2 127 1 125 1 121 2 119 1 115 2 113 1 109 2 107 1 103 2 101 1 97 2 95 1 91 2 89 1 85 2 83 2 79 1 77 2 73 1 65 2 61 1 59 2 55 1 51 1 49 2
33 190 1 184 1 182 1 180 1 174 2 172 1 166 1 164 1 162 1 156 2 138 2 136 1 130 1 128 2 126 2 124 2 118 2 112 2 106 2 100 2 94 2 88 2 84 1 82 1 76 1 74 1 72 1 66 2 64 1 58 1 56 1 54 1 48 2
52 191 2 189 1 187 1 185 2 183 2 181 1 173 2 171 1 169 1 167 2 165 2 163 1 157 2 137 2 135 1 133 1 131 2 127 1 125 1 123 2 121 2 119 1 117 2 115 2 113 1 111 2 109 2 107 1 105 2 103 2 101 1 99 2 97 2 95 1 93 2 91 2 89 1 87 2 85 2 83 2 81 1 79 1 77 2 75 2 73 1 65 2 63 1 61 1 59 2 57 2 55 1 49 2
42 190 1 186 2 184 1 182 1 180 2 174 2 172 1 168 2 166 1 164 1 162 2 138 2 136 1 132 2 130 1 128 2 126 2 124 2 120 1 118 2 114 1 112 2 108 1 106 2 102 1 100 2 96 1 94 2 90 1 88 2 84 2 82 1 78 2 76 1 74 1 72 2 66 2 64 1 60 2 58 1 56 1 54 2
35 191 2 189 1 185 1 183 2 181 2 171 1 167 1 165 2 163 2 135 1 131 1 127 1 125 2 123 2 119 2 117 2 113 2 111 2 107 2 105 2 101 2 99 2 95 2 93 2 89 2 87 2 83 2 81 1 77 1 75 2 73 2 63 1 59 1 57 2 55 2
38 190 1 186 1 184 1 182 1 180 2 172 1 168 1 166 1 164 1 162 2 136 1 132 1 130 1 128 2 124 2 120 2 118 2 114 2 112 2 108 2 106 2 102 2 100 2 96 2 94 2 90 2 88 2 84 2 82 1 78 1 76 1 74 1 72 2 64 1 60 1 58 1 56 1 54 2
29 191 2 189 1 185 1 181 2 167 1 163 2 131 1 129 1 127 1 125 2 123 1 119 2 117 1 113 2 111 1 107 2 105 1 101 2 99 1 95 2 93 1 89 2 87 1 83 2 81 1 77 1 73 2 59 1 55 2
40 190 1 188 1 186 1 184 2 180 2 168 1 166 2 162 2 134 1 132 1 130 2 128 2 124 1 122 2 120 2 118 1 116 2 114 2 112 1 110 2 108 2 106 1 104 2 102 2 100 1 96 2 94 1 92 2 90 2 88 1 86 2 84 2 82 1 80 1 78 1 76 2 72 2 60 1 58 2 54 2
28 191 2 189 2 185 1 183 2 181 2 167 1 165 2 163 2 135 1 131 1 129 1 127 1 125 2 119 2 113 2 107 2 101 2 99 1 95 2 89 2 83 2 81 2 77 1 75 2 73 2 59 1 57 2 55 2
27 190 1 188 1 184 2 168 1 166 2 134 1 130 2 128 2 124 1 122 2 118 1 116 2 112 1 110 2 106 1 104 2 100 1 96 2 94 1 92 2 88 1 86 2 82 1 80 1 76 2 60 1 58 2
23 191 2 189 2 187 2 183 2 165 2 137 1 135 1 133 2 129 1 127 1 121 1 115 1 109 1 103 1 101 1 99 1 91 1 85 1 83 2 81 2 79 2 75 2 57 2
34 190 1 188 1 186 2 184 2 166 2 138 1 134 1 132 2 130 2 128 2 126 1 124 1 122 2 120 1 118 1 116 2 114 1 112 1 110 2 108 1 106 1 104 2 102 2 100 1 94 1 92 2 90 1 88 1 86 2 82 1 80 1 78 2 76 2 58 2
24 191 2 189 2 187 2 137 1 133 2 129 2 127 1 123 2 121 1 117 2 115 1 111 2 109 1 105 2 103 1 101 1 99 2 93 2 91 1 87 2 85 1 83 2 81 2 79 2
25 190 1 188 2 186 2 182 2 138 1 136 2 134 2 132 2 128 2 126 1 122 1 120 1 116 1 114 1 110 1 108 1 104 1 102 2 100 2 90 1 86 1 82 1 80 2 78 2 74 2
42 191 2 183 1 181 2 175 1 173 2 171 1 163 2 161 1 159 2 155 2 147 1 145 2 139 1 137 2 135 1 127 2 125 1 123 2 115 2 113 1 111 2 103 2 101 1 99 2 91 2 89 1 87 2 83 2 75 1 73 2 67 1 65 2 63 1 55 2 53 1 51 2 47 2 39 2 37 1 31 2 29 1 27 2
50 182 1 180 2 178 2 176 2 174 1 172 1 166 2 164 1 160 2 156 2 146 1 144 2 142 2 140 2 138 1 136 1 128 1 126 1 124 2 118 1 116 1 114 2 112 2 106 1 104 1 102 2 100 2 94 1 92 1 90 2 88 2 84 2 74 1 72 2 70 2 68 2 66 1 64 1 58 2 56 1 52 2 48 2 38 2 36 1 34 1 32 1 30 2 28 2 22 2 18 2
62 189 1 183 1 181 2 179 1 177 2 175 2 173 2 171 1 167 1 165 1 163 2 161 1 159 2 153 1 147 1 145 2 143 1 141 2 139 2 137 2 135 1 129 1 125 1 123 2 119 2 117 1 115 1 113 1 111 2 107 2 105 1 103 1 101 1 99 2 95 2 93 1 91 1 89 1 87 2 81 1 75 1 73 2 71 1 69 2 67 2 65 2 63 1 59 1 57 1 55 2 53 1 51 2 45 1 39 2 37 1 35 2 33 1 31 1 29 1 27 2 23 1 19 2
39 190 1 176 2 172 1 170 1 168 1 164 1 160 2 158 2 154 1 140 2 136 1 134 1 128 1 124 2 122 2 120 2 116 1 112 2 110 2 108 2 104 1 100 2 98 2 96 2 92 1 88 2 86 2 82 1 68 2 64 1 62 1 60 1 56 1 52 2 50 2 46 1 32 1 28 2 24 1
47 191 2 181 2 177 1 175 1 173 2 171 2 163 2 161 1 159 1 155 2 145 2 141 1 139 1 137 2 135 2 129 1 127 2 125 1 123 1 117 2 115 2 113 1 111 1 105 2 103 2 101 1 99 1 93 2 91 2 89 1 87 1 83 2 73 2 69 1 67 1 65 2 63 2 55 2 53 1 51 1 47 2 37 1 33 2 31 2 29 1 27 2 21 2
40 182 1 178 2 176 2 172 1 168 2 166 2 164 1 160 2 146 1 142 2 140 2 136 1 132 2 128 1 124 2 120 1 118 1 116 1 112 2 108 1 106 1 104 1 100 2 96 1 94 1 92 1 88 2 74 1 70 2 68 2 64 1 60 2 58 2 56 1 52 2 38 2 34 1 32 1 28 2 22 2
60 191 2 189 1 183 1 177 2 175 1 173 1 171 1 169 2 165 1 163 2 161 2 159 2 157 1 155 2 153 1 147 1 141 2 139 1 137 1 135 1 133 2 129 1 127 2 125 2 123 2 121 1 117 1 115 2 113 2 111 2 109 1 105 1 103 2 101 2 99 2 97 1 93 1 91 2 89 2 87 2 85 1 83 2 81 1 75 1 69 2 67 1 65 1 63 1 61 2 57 1 55 2 53 2 51 2 49 1 47 2 45 1 39 2 33 1 31 2 27 2
50 190 1 180 2 176 2 174 2 172 1 170 1 164 1 162 1 160 2 158 2 156 2 154 1 144 2 140 2 138 2 136 1 134 1 128 1 126 1 124 2 122 2 116 1 114 1 112 2 110 2 104 1 102 1 100 2 98 2 92 1 90 1 88 2 86 2 84 2 82 1 72 2 68 2 66 2 64 1 62 1 56 1 54 1 52 2 50 2 48 2 46 1 36 1 32 1 30 2 28 2
42 191 2 189 1 181 2 177 2 175 1 173 2 165 1 163 2 161 1 155 2 153 1 145 2 141 2 139 1 137 2 129 1 127 2 125 1 117 1 115 2 113 1 105 1 103 2 101 1 93 1 91 2 89 1 83 2 81 1 73 2 69 2 67 1 65 2 57 1 55 2 53 1 47 2 45 1 37 1 33 1 31 2 29 1
31 190 1 172 2 170 1 168 2 164 1 160 1 158 2 154 1 136 2 134 1 132 2 128 1 124 1 122 2 120 1 112 1 110 2 108 1 100 1 98 2 96 1 88 1 86 2 82 1 64 2 62 1 60 2 56 1 52 1 50 2 46 1
49 191 2 189 1 175 1 173 1 171 2 169 2 165 1 163 2 161 2 159 1 157 1 155 2 153 1 139 1 137 1 135 2 133 2 129 1 127 2 125 2 123 1 121 1 115 2 113 2 111 1 109 1 103 2 101 2 99 1 97 1 91 2 89 2 87 1 85 1 83 2 81 1 67 1 65 1 63 2 61 2 57 1 55 2 53 2 51 1 49 1 47 2 45 1 31 2 27 2
48 190 1 176 2 174 1 172 1 170 1 168 2 164 1 162 1 160 2 158 2 154 1 140 2 138 1 136 1 134 1 132 2 128 1 126 1 124 2 122 2 120 1 116 1 114 2 112 2 110 2 108 1 104 1 102 2 100 2 98 2 96 1 92 1 90 2 88 2 86 2 82 1 68 2 66 1 64 1 62 1 60 2 56 1 54 1 52 2 50 2 46 1 32 1 28 2
45 191 1 189 1 177 2 173 1 169 2 167 2 165 1 163 2 161 2 157 1 155 1 153 1 141 2 137 1 133 2 131 2 129 1 127 2 125 2 121 1 119 1 117 1 113 2 109 1 107 1 105 1 101 2 97 1 95 1 93 1 89 2 85 1 83 1 81 1 69 2 65 1 61 2 59 2 57 1 55 2 53 2 49 1 47 1 45 1 33 1
44 190 1 174 2 172 2 170 1 168 1 164 1 162 1 160 1 158 2 156 2 154 1 138 2 136 2 134 1 132 1 128 1 126 1 124 1 122 2 120 2 114 1 112 1 110 2 108 2 102 1 100 1 98 2 96 2 90 1 88 1 86 2 84 2 82 1 66 2 64 2 62 1 60 1 56 1 54 1 52 1 50 2 48 2 46 1 30 2
42 191 2 189 2 175 1 173 1 169 2 165 2 163 2 161 2 157 1 155 2 153 2 139 1 137 1 133 2 129 2 127 2 125 2 121 1 117 2 115 2 113 2 109 1 105 2 103 2 101 2 97 1 93 2 91 2 89 2 85 1 83 2 81 2 67 1 65 1 61 2 57 2 55 2 53 2 49 1 47 2 45 2 31 2
46 190 2 174 1 172 2 170 2 168 2 166 1 164 1 162 1 160 1 158 1 154 2 138 1 136 2 134 2 132 2 130 1 128 1 126 1 124 1 122 1 120 1 118 2 114 2 112 1 110 1 108 1 106 2 102 2 100 1 98 1 96 1 94 2 90 2 88 1 86 1 82 2 66 1 64 2 62 2 60 2 58 1 56 1 54 1 52 1 50 1 46 2
47 191 1 189 1 173 1 171 1 169 2 167 2 165 1 163 2 161 2 159 2 157 1 155 1 153 1 137 1 135 1 133 2 131 2 129 1 127 2 125 2 123 2 121 1 119 1 113 2 111 2 109 1 107 1 101 2 99 2 97 1 95 1 89 2 87 2 85 1 83 1 81 1 65 1 63 1 61 2 59 2 57 1 55 2 53 2 51 2 49 1 47 1 45 1
34 190 1 174 1 172 2 170 1 164 1 162 1 160 1 158 2 154 1 138 1 136 2 134 1 128 1 126 1 124 1 122 2 114 2 112 1 110 2 102 2 100 1 98 2 90 2 88 1 86 2 82 1 66 1 64 2 62 1 56 1 54 1 52 1 50 2 46 1
35 191 1 189 2 173 2 169 1 167 2 165 2 163 2 157 2 155 1 153 2 137 2 133 1 131 2 129 2 127 2 121 2 119 1 117 2 109 2 107 1 105 2 97 2 95 1 93 2 85 2 83 1 81 2 65 2 61 1 59 2 57 2 55 2 49 2 47 1 45 2
46 190 2 174 2 172 2 170 2 168 1 166 1 164 1 162 2 160 1 158 1 156 2 154 2 138 2 136 2 134 2 132 1 130 1 128 1 126 2 124 1 122 1 120 2 118 2 112 1 110 1 108 2 106 2 100 1 98 1 96 2 94 2 88 1 86 1 84 2 82 2 66 2 64 2 62 2 60 1 58 1 56 1 54 2 52 1 50 1 48 2 46 2
47 191 1 189 2 173 1 169 2 167 2 165 2 163 2 161 2 159 1 157 1 155 1 153 2 137 1 133 2 131 2 129 2 127 2 125 2 123 1 121 1 119 1 117 2 113 2 111 1 109 1 107 1 105 2 101 2 99 1 97 1 95 1 93 2 89 2 87 1 85 1 83 1 81 2 65 1 61 2 59 2 57 2 55 2 53 2 51 1 49 1 47 1 45 2
39 190 2 188 1 174 1 172 1 170 2 166 1 164 1 162 1 158 1 154 2 138 1 136 1 134 2 130 1 128 1 126 1 122 1 118 2 116 2 114 2 110 1 106 2 104 2 102 2 98 1 94 2 92 2 90 2 86 1 82 2 80 1 66 1 64 1 62 2 58 1 56 1 54 1 50 1 46 2
42 191 1 173 2 171 1 169 1 167 2 165 2 163 2 159 2 157 2 155 1 153 2 137 2 135 1 133 1 131 2 129 2 127 2 123 2 121 2 119 1 117 1 111 2 109 2 107 1 105 1 99 2 97 2 95 1 93 1 87 2 85 2 83 1 65 2 63 1 61 1 59 2 57 2 55 2 51 2 49 2 47 1 45 2
42 190 2 186 2 174 2 172 2 170 2 166 1 164 1 162 2 160 1 158 1 154 2 138 2 136 2 134 2 130 1 128 1 126 2 124 1 122 1 118 2 114 1 112 1 110 1 106 2 102 1 100 1 98 1 94 2 90 1 88 1 86 1 82 2 78 2 66 2 64 2 62 2 58 1 56 1 54 2 52 1 50 1 46 2
44 191 1 189 2 187 2 173 2 169 1 167 1 165 2 163 2 159 1 157 2 153 2 137 2 133 1 131 1 129 2 127 2 123 1 121 2 119 2 117 2 115 1 111 1 109 2 107 2 105 2 103 1 99 1 97 2 95 2 93 2 91 1 87 1 85 2 83 1 81 2 79 2 65 2 61 1 59 1 57 2 55 2 51 1 49 2 45 2
44 190 2 188 1 174 2 172 1 170 2 168 2 166 1 164 1 162 2 158 1 156 2 154 2 138 2 136 1 134 2 132 2 130 1 128 1 126 2 122 1 120 1 118 2 116 2 110 1 108 1 106 2 104 2 98 1 96 1 94 2 92 2 86 1 82 2 80 1 66 2 64 1 62 2 60 2 58 1 56 1 54 2 50 1 48 2 46 2
31 191 1 173 2 169 1 167 2 163 2 159 1 157 2 155 1 137 2 133 1 131 2 127 2 123 1 121 2 119 1 111 1 109 2 107 1 99 1 97 2 95 1 87 1 85 2 83 1 65 2 61 1 59 2 55 2 51 1 49 2 47 1
32 190 2 188 1 186 2 182 2 174 2 172 1 166 2 164 1 162 2 138 2 136 1 130 2 128 1 126 2 118 1 116 2 114 1 106 1 104 2 102 1 94 1 92 2 90 1 82 2 80 1 78 2 74 2 66 2 64 1 58 2 56 1 54 2
41 191 1 187 2 183 2 173 2 171 1 169 1 167 1 165 2 163 2 157 2 153 2 137 2 135 1 133 1 131 1 129 2 127 2 121 2 119 2 117 1 115 1 109 2 107 2 105 1 103 1 97 2 95 2 93 1 91 1 85 2 83 1 79 2 75 2 65 2 63 1 61 1 59 1 57 2 55 2 49 2 45 2
50 190 2 188 1 186 2 180 1 174 2 172 1 170 2 168 1 166 1 164 1 162 2 158 1 154 2 138 2 136 1 134 2 132 1 130 1 128 1 126 2 122 1 120 2 118 2 116 2 114 1 110 1 108 2 106 2 104 2 102 1 98 1 96 2 94 2 92 2 90 1 86 1 84 1 82 2 80 1 78 2 72 1 66 2 64 1 62 2 60 1 58 1 56 1 54 2 50 1 46 2
30 191 1 187 2 185 2 181 1 167 1 163 2 159 1 131 1 127 2 125 1 123 1 119 2 115 1 113 1 111 1 107 2 103 1 101 1 99 1 95 2 91 1 89 1 87 1 83 1 79 2 77 2 73 1 59 1 55 2 51 1
36 190 2 188 1 186 1 182 2 172 1 168 2 166 2 164 1 162 2 156 2 136 1 132 2 130 2 128 1 120 1 118 1 116 2 114 2 108 1 106 1 104 2 102 2 96 1 94 1 92 2 90 2 82 2 80 1 78 1 74 2 64 1 60 2 58 2 56 1 54 2 48 2
32 191 1 187 2 173 2 169 1 167 1 163 2 157 2 137 2 133 1 131 1 127 2 123 2 121 2 119 2 115 1 111 2 109 2 107 2 103 1 99 2 97 2 95 2 91 1 87 2 85 2 83 1 79 2 65 2 61 1 59 1 55 2 49 2
42 190 2 188 2 186 2 184 1 182 2 180 1 174 2 168 1 166 2 162 2 138 2 132 1 130 2 128 1 126 2 124 2 120 2 118 1 116 1 114 1 112 2 108 2 106 1 104 1 102 1 100 2 96 2 94 1 92 1 90 1 88 2 84 1 82 2 80 2 78 2 76 1 74 2 72 1 66 2 60 1 58 2 54 2
36 191 1 189 1 187 2 185 2 183 2 181 1 171 1 167 1 165 2 163 2 135 1 131 1 127 2 125 1 119 2 117 2 115 1 113 1 107 2 105 2 103 1 101 1 95 2 93 2 91 1 89 1 83 1 81 1 79 2 77 2 75 2 73 1 63 1 59 1 57 2 55 2
30 190 2 188 1 182 2 180 1 172 1 168 1 166 2 164 1 136 1 132 1 130 2 128 1 120 2 118 1 116 2 108 2 106 1 104 2 96 2 94 1 92 2 84 1 82 2 80 1 74 2 72 1 64 1 60 1 58 2 56 1
20 191 1 187 1 185 2 181 1 127 2 125 1 123 2 115 2 113 1 111 2 103 2 101 1 99 2 91 2 89 1 87 2 83 1 79 1 77 2 73 1
32 190 2 188 2 186 1 184 1 182 2 180 1 166 2 162 2 130 2 128 1 124 2 118 1 116 1 114 2 112 2 106 1 104 1 102 2 100 2 94 1 92 1 90 2 88 2 84 1 82 2 80 2 78 1 76 1 74 2 72 1 58 2 54 2
34 191 1 189 1 187 2 185 2 181 1 167 1 163 2 131 1 129 1 127 2 125 1 123 2 119 2 117 1 115 1 113 1 111 2 107 2 105 1 103 1 101 1 99 2 95 2 93 1 91 1 89 1 87 2 83 1 81 1 79 2 77 2 73 1 59 1 55 2
29 190 2 188 2 184 1 182 1 180 1 168 1 134 1 132 1 128 1 124 2 122 2 120 2 116 1 112 2 110 2 108 2 104 1 100 2 96 2 92 1 88 2 86 2 84 1 82 2 80 2 76 1 74 1 72 1 60 1
30 191 1 189 1 187 1 185 2 183 2 181 1 165 2 135 1 127 2 125 1 123 1 117 2 115 2 113 1 111 1 105 2 103 2 101 1 99 2 93 2 91 2 89 1 87 1 83 1 81 1 79 1 77 2 75 2 73 1 57 2
28 190 2 188 2 184 1 182 2 180 2 166 2 132 2 130 2 128 1 124 2 120 1 118 1 116 1 112 2 108 1 106 1 104 1 100 2 94 1 92 1 88 2 84 2 82 2 80 2 76 1 74 2 72 2 58 2
30 191 1 189 1 187 1 185 1 181 2 137 1 133 2 129 1 127 2 125 2 123 2 121 1 117 1 115 2 113 2 111 2 109 1 105 1 103 2 99 2 93 1 91 2 89 2 87 2 85 1 83 1 81 1 79 1 77 1 73 2
30 190 2 188 2 186 2 184 1 182 1 180 1 138 1 134 1 128 1 126 1 124 2 122 2 116 1 114 1 112 2 110 2 104 1 102 2 100 2 92 1 90 1 88 2 86 2 84 1 82 2 80 2 78 2 76 1 74 1 72 1
22 191 1 189 1 187 1 185 2 181 1 129 1 127 2 125 1 117 1 115 2 113 1 105 1 103 2 101 1 93 1 91 2 89 1 83 1 81 1 79 1 77 2 73 1
22 190 2 184 2 182 1 180 2 136 2 134 1 132 2 128 1 124 1 122 2 120 1 112 1 110 2 108 1 92 2 88 1 86 2 84 2 82 2 76 2 74 1 72 2
31 191 1 189 2 187 1 185 1 183 2 181 2 137 1 135 1 133 2 129 1 127 2 125 2 123 1 121 1 115 2 113 2 111 1 109 1 103 2 99 2 93 2 91 2 89 2 87 1 85 1 83 1 81 2 79 1 77 1 75 2 73 2
31 190 2 188 2 186 1 184 1 182 1 180 2 138 1 134 1 132 2 128 1 126 1 124 2 122 2 120 1 116 1 114 2 112 2 110 2 108 1 104 1 100 2 92 1 88 2 86 2 84 2 82 2 80 2 78 1 76 1 74 1 72 2
62 189 1 183 1 181 2 179 1 177 2 175 2 173 2 171 1 167 1 165 1 163 2 161 1 159 2 153 1 147 1 145 2 143 1 141 2 139 2 137 2 135 1 129 1 125 1 123 2 119 2 117 1 115 1 113 1 111 2 107 2 105 1 103 1 101 1 99 2 95 2 93 1 91 1 89 1 87 2 81 1 75 1 73 2 71 1 69 2 67 2 65 2 63 1 59 1 57 1 55 2 53 1 51 2 45 1 39 2 37 1 35 2 33 1 31 1 29 1 27 2 23 1 19 2
39 190 1 176 2 172 1 170 1 168 1 164 1 160 2 158 2 154 1 140 2 136 1 134 1 128 1 124 2 122 2 120 2 116 1 112 2 110 2 108 2 104 1 100 2 98 2 96 2 92 1 88 2 86 2 82 1 68 2 64 1 62 1 60 1 56 1 52 2 50 2 46 1 32 1 28 2 24 1
47 191 2 181 2 177 1 175 1 173 2 171 2 163 2 161 1 159 1 155 2 145 2 141 1 139 1 137 2 135 2 129 1 127 2 125 1 123 1 117 2 115 2 113 1 111 1 105 2 103 2 101 1 99 1 93 2 91 2 89 1 87 1 83 2 73 2 69 1 67 1 65 2 63 2 55 2 53 1 51 1 47 2 37 1 33 2 31 2 29 1 27 2 21 2
40 182 1 178 2 176 2 172 1 168 2 166 2 164 1 160 2 146 1 142 2 140 2 136 1 132 2 128 1 124 2 120 1 118 1 116 1 112 2 108 1 106 1 104 1 100 2 96 1 94 1 92 1 88 2 74 1 70 2 68 2 64 1 60 2 58 2 56 1 52 2 38 2 34 1 32 1 28 2 22 2
60 191 2 189 1 183 1 177 2 175 1 173 1 171 1 169 2 165 1 163 2 161 2 159 2 157 1 155 2 153 1 147 1 141 2 139 1 137 1 135 1 133 2 129 1 127 2 125 2 123 2 121 1 117 1 115 2 113 2 111 2 109 1 105 1 103 2 101 2 99 2 97 1 93 1 91 2 89 2 87 2 85 1 83 2 81 1 75 1 69 2 67 1 65 1 63 1 61 2 57 1 55 2 53 2 51 2 49 1 47 2 45 1 39 2 33 1 31 2 27 2
50 190 1 180 2 176 2 174 2 172 1 170 1 164 1 162 1 160 2 158 2 156 2 154 1 144 2 140 2 138 2 136 1 134 1 128 1 126 1 124 2 122 2 116 1 114 1 112 2 110 2 104 1 102 1 100 2 98 2 92 1 90 1 88 2 86 2 84 2 82 1 72 2 68 2 66 2 64 1 62 1 56 1 54 1 52 2 50 2 48 2 46 1 36 1 32 1 30 2 28 2
42 191 2 189 1 181 2 177 2 175 1 173 2 165 1 163 2 161 1 155 2 153 1 145 2 141 2 139 1 137 2 129 1 127 2 125 1 117 1 115 2 113 1 105 1 103 2 101 1 93 1 91 2 89 1 83 2 81 1 73 2 69 2 67 1 65 2 57 1 55 2 53 1 47 2 45 1 37 1 33 1 31 2 29 1
31 190 1 172 2 170 1 168 2 164 1 160 1 158 2 154 1 136 2 134 1 132 2 128 1 124 1 122 2 120 1 112 1 110 2 108 1 100 1 98 2 96 1 88 1 86 2 82 1 64 2 62 1 60 2 56 1 52 1 50 2 46 1
49 191 2 189 1 175 1 173 1 171 2 169 2 165 1 163 2 161 2 159 1 157 1 155 2 153 1 139 1 137 1 135 2 133 2 129 1 127 2 125 2 123 1 121 1 115 2 113 2 111 1 109 1 103 2 101 2 99 1 97 1 91 2 89 2 87 1 85 1 83 2 81 1 67 1 65 1 63 2 61 2 57 1 55 2 53 2 51 1 49 1 47 2 45 1 31 2 27 2
48 190 1 176 2 174 1 172 1 170 1 168 2 164 1 162 1 160 2 158 2 154 1 140 2 138 1 136 1 134 1 132 2 128 1 126 1 124 2 122 2 120 1 116 1 114 2 112 2 110 2 108 1 104 1 102 2 100 2 98 2 96 1 92 1 90 2 88 2 86 2 82 1 68 2 66 1 64 1 62 1 60 2 56 1 54 1 52 2 50 2 46 1 32 1 28 2
45 191 1 189 1 177 2 173 1 169 2 167 2 165 1 163 2 161 2 157 1 155 1 153 1 141 2 137 1 133 2 131 2 129 1 127 2 125 2 121 1 119 1 117 1 113 2 109 1 107 1 105 1 101 2 97 1 95 1 93 1 89 2 85 1 83 1 81 1 69 2 65 1 61 2 59 2 57 1 55 2 53 2 49 1 47 1 45 1 33 1
44 190 1 174 2 172 2 170 1 168 1 164 1 162 1 160 1 158 2 156 2 154 1 138 2 136 2 134 1 132 1 128 1 126 1 124 1 122 2 120 2 114 1 112 1 110 2 108 2 102 1 100 1 98 2 96 2 90 1 88 1 86 2 84 2 82 1 66 2 64 2 62 1 60 1 56 1 54 1 52 1 50 2 48 2 46 1 30 2
42 191 2 189 2 175 1 173 1 169 2 165 2 163 2 161 2 157 1 155 2 153 2 139 1 137 1 133 2 129 2 127 2 125 2 121 1 117 2 115 2 113 2 109 1 105 2 103 2 101 2 97 1 93 2 91 2 89 2 85 1 83 2 81 2 67 1 65 1 61 2 57 2 55 2 53 2 49 1 47 2 45 2 31 2
46 190 2 174 1 172 2 170 2 168 2 166 1 164 1 162 1 160 1 158 1 154 2 138 1 136 2 134 2 132 2 130 1 128 1 126 1 124 1 122 1 120 1 118 2 114 2 112 1 110 1 108 1 106 2 102 2 100 1 98 1 96 1 94 2 90 2 88 1 86 1 82 2 66 1 64 2 62 2 60 2 58 1 56 1 54 1 52 1 50 1 46 2
47 191 1 189 1 173 1 171 1 169 2 167 2 165 1 163 2 161 2 159 2 157 1 155 1 153 1 137 1 135 1 133 2 131 2 129 1 127 2 125 2 123 2 121 1 119 1 113 2 111 2 109 1 107 1 101 2 99 2 97 1 95 1 89 2 87 2 85 1 83 1 81 1 65 1 63 1 61 2 59 2 57 1 55 2 53 2 51 2 49 1 47 1 45 1
34 190 1 174 1 172 2 170 1 164 1 162 1 160 1 158 2 154 1 138 1 136 2 134 1 128 1 126 1 124 1 122 2 114 2 112 1 110 2 102 2 100 1 98 2 90 2 88 1 86 2 82 1 66 1 64 2 62 1 56 1 54 1 52 1 50 2 46 1
35 191 1 189 2 173 2 169 1 167 2 165 2 163 2 157 2 155 1 153 2 137 2 133 1 131 2 129 2 127 2 121 2 119 1 117 2 109 2 107 1 105 2 97 2 95 1 93 2 85 2 83 1 81 2 65 2 61 1 59 2 57 2 55 2 49 2 47 1 45 2
46 190 2 174 2 172 2 170 2 168 1 166 1 164 1 162 2 160 1 158 1 156 2 154 2 138 2 136 2 134 2 132 1 130 1 128 1 126 2 124 1 122 1 120 2 118 2 112 1 110 1 108 2 106 2 100 1 98 1 96 2 94 2 88 1 86 1 84 2 82 2 66 2 64 2 62 2 60 1 58 1 56 1 54 2 52 1 50 1 48 2 46 2
47 191 1 189 2 173 1 169 2 167 2 165 2 163 2 161 2 159 1 157 1 155 1 153 2 137 1 133 2 131 2 129 2 127 2 125 2 123 1 121 1 119 1 117 2 113 2 111 1 109 1 107 1 105 2 101 2 99 1 97 1 95 1 93 2 89 2 87 1 85 1 83 1 81 2 65 1 61 2 59 2 57 2 55 2 53 2 51 1 49 1 47 1 45 2
39 190 2 188 1 174 1 172 1 170 2 166 1 164 1 162 1 158 1 154 2 138 1 136 1 134 2 130 1 128 1 126 1 122 1 118 2 116 2 114 2 110 1 106 2 104 2 102 2 98 1 94 2 92 2 90 2 86 1 82 2 80 1 66 1 64 1 62 2 58 1 56 1 54 1 50 1 46 2
42 191 1 173 2 171 1 169 1 167 2 165 2 163 2 159 2 157 2 155 1 153 2 137 2 135 1 133 1 131 2 129 2 127 2 123 2 121 2 119 1 117 1 111 2 109 2 107 1 105 1 99 2 97 2 95 1 93 1 87 2 85 2 83 1 65 2 63 1 61 1 59 2 57 2 55 2 51 2 49 2 47 1 45 2
42 190 2 186 2 174 2 172 2 170 2 166 1 164 1 162 2 160 1 158 1 154 2 138 2 136 2 134 2 130 1 128 1 126 2 124 1 122 1 118 2 114 1 112 1 110 1 106 2 102 1 100 1 98 1 94 2 90 1 88 1 86 1 82 2 78 2 66 2 64 2 62 2 58 1 56 1 54 2 52 1 50 1 46 2
44 191 1 189 2 187 2 173 2 169 1 167 1 165 2 163 2 159 1 157 2 153 2 137 2 133 1 131 1 129 2 127 2 123 1 121 2 119 2 117 2 115 1 111 1 109 2 107 2 105 2 103 1 99 1 97 2 95 2 93 2 91 1 87 1 85 2 83 1 81 2 79 2 65 2 61 1 59 1 57 2 55 2 51 1 49 2 45 2
44 190 2 188 1 174 2 172 1 170 2 168 2 166 1 164 1 162 2 158 1 156 2 154 2 138 2 136 1 134 2 132 2 130 1 128 1 126 2 122 1 120 1 118 2 116 2 110 1 108 1 106 2 104 2 98 1 96 1 94 2 92 2 86 1 82 2 80 1 66 2 64 1 62 2 60 2 58 1 56 1 54 2 50 1 48 2 46 2
31 191 1 173 2 169 1 167 2 163 2 159 1 157 2 155 1 137 2 133 1 131 2 127 2 123 1 121 2 119 1 111 1 109 2 107 1 99 1 97 2 95 1 87 1 85 2 83 1 65 2 61 1 59 2 55 2 51 1 49 2 47 1
32 190 2 188 1 186 2 182 2 174 2 172 1 166 2 164 1 162 2 138 2 136 1 130 2 128 1 126 2 118 1 116 2 114 1 106 1 104 2 102 1 94 1 92 2 90 1 82 2 80 1 78 2 74 2 66 2 64 1 58 2 56 1 54 2
41 191 1 187 2 183 2 173 2 171 1 169 1 167 1 165 2 163 2 157 2 153 2 137 2 135 1 133 1 131 1 129 2 127 2 121 2 119 2 117 1 115 1 109 2 107 2 105 1 103 1 97 2 95 2 93 1 91 1 85 2 83 1 79 2 75 2 65 2 63 1 61 1 59 1 57 2 55 2 49 2 45 2
50 190 2 188 1 186 2 180 1 174 2 172 1 170 2 168 1 166 1 164 1 162 2 158 1 154 2 138 2 136 1 134 2 132 1 130 1 128 1 126 2 122 1 120 2 118 2 116 2 114 1 110 1 108 2 106 2 104 2 102 1 98 1 96 2 94 2 92 2 90 1 86 1 84 1 82 2 80 1 78 2 72 1 66 2 64 1 62 2 60 1 58 1 56 1 54 2 50 1 46 2
30 191 1 187 2 185 2 181 1 167 1 163 2 159 1 131 1 127 2 125 1 123 1 119 2 115 1 113 1 111 1 107 2 103 1 101 1 99 1 95 2 91 1 89 1 87 1 83 1 79 2 77 2 73 1 59 1 55 2 51 1
36 190 2 188 1 186 1 182 2 172 1 168 2 166 2 164 1 162 2 156 2 136 1 132 2 130 2 128 1 120 1 118 1 116 2 114 2 108 1 106 1 104 2 102 2 96 1 94 1 92 2 90 2 82 2 80 1 78 1 74 2 64 1 60 2 58 2 56 1 54 2 48 2
32 191 1 187 2 173 2 169 1 167 1 163 2 157 2 137 2 133 1 131 1 127 2 123 2 121 2 119 2 115 1 111 2 109 2 107 2 103 1 99 2 97 2 95 2 91 1 87 2 85 2 83 1 79 2 65 2 61 1 59 1 55 2 49 2
42 190 2 188 2 186 2 184 1 182 2 180 1 174 2 168 1 166 2 162 2 138 2 132 1 130 2 128 1 126 2 124 2 120 2 118 1 116 1 114 1 112 2 108 2 106 1 104 1 102 1 100 2 96 2 94 1 92 1 90 1 88 2 84 1 82 2 80 2 78 2 76 1 74 2 72 1 66 2 60 1 58 2 54 2
36 191 1 189 1 187 2 185 2 183 2 181 1 171 1 167 1 165 2 163 2 135 1 131 1 127 2 125 1 119 2 117 2 115 1 113 1 107 2 105 2 103 1 101 1 95 2 93 2 91 1 89 1 83 1 81 1 79 2 77 2 75 2 73 1 63 1 59 1 57 2 55 2
30 190 2 188 1 182 2 180 1 172 1 168 1 166 2 164 1 136 1 132 1 130 2 128 1 120 2 118 1 116 2 108 2 106 1 104 2 96 2 94 1 92 2 84 1 82 2 80 1 74 2 72 1 64 1 60 1 58 2 56 1
20 191 1 187 1 185 2 181 1 127 2 125 1 123 2 115 2 113 1 111 2 103 2 101 1 99 2 91 2 89 1 87 2 83 1 79 1 77 2 73 1
32 190 2 188 2 186 1 184 1 182 2 180 1 166 2 162 2 130 2 128 1 124 2 118 1 116 1 114 2 112 2 106 1 104 1 102 2 100 2 94 1 92 1 90 2 88 2 84 1 82 2 80 2 78 1 76 1 74 2 72 1 58 2 54 2
34 191 1 189 1 187 2 185 2 181 1 167 1 163 2 131 1 129 1 127 2 125 1 123 2 119 2 117 1 115 1 113 1 111 2 107 2 105 1 103 1 101 1 99 2 95 2 93 1 91 1 89 1 87 2 83 1 81 1 79 2 77 2 73 1 59 1 55 2
29 190 2 188 2 184 1 182 1 180 1 168 1 134 1 132 1 128 1 124 2 122 2 120 2 116 1 112 2 110 2 108 2 104 1 100 2 96 2 92 1 88 2 86 2 84 1 82 2 80 2 76 1 74 1 72 1 60 1
30 191 1 189 1 187 1 185 2 183 2 181 1 165 2 135 1 127 2 125 1 123 1 117 2 115 2 113 1 111 1 105 2 103 2 101 1 99 2 93 2 91 2 89 1 87 1 83 1 81 1 79 1 77 2 75 2 73 1 57 2
28 190 2 188 2 184 1 182 2 180 2 166 2 132 2 130 2 128 1 124 2 120 1 118 1 116 1 112 2 108 1 106 1 104 1 100 2 94 1 92 1 88 2 84 2 82 2 80 2 76 1 74 2 72 2 58 2
30 191 1 189 1 187 1 185 1 181 2 137 1 133 2 129 1 127 2 125 2 123 2 121 1 117 1 115 2 113 2 111 2 109 1 105 1 103 2 99 2 93 1 91 2 89 2 87 2 85 1 83 1 81 1 79 1 77 1 73 2
30 190 2 188 2 186 2 184 1 182 1 180 1 138 1 134 1 128 1 126 1 124 2 122 2 116 1 114 1 112 2 110 2 104 1 102 2 100 2 92 1 90 1 88 2 86 2 84 1 82 2 80 2 78 2 76 1 74 1 72 1
22 191 1 189 1 187 1 185 2 181 1 129 1 127 2 125 1 117 1 115 2 113 1 105 1 103 2 101 1 93 1 91 2 89 1 83 1 81 1 79 1 77 2 73 1
22 190 2 184 2 182 1 180 2 136 2 134 1 132 2 128 1 124 1 122 2 120 1 112 1 110 2 108 1 92 2 88 1 86 2 84 2 82 2 76 2 74 1 72 2
31 191 1 189 2 187 1 185 1 183 2 181 2 137 1 135 1 133 2 129 1 127 2 125 2 123 1 121 1 115 2 113 2 111 1 109 1 103 2 99 2 93 2 91 2 89 2 87 1 85 1 83 1 81 2 79 1 77 1 75 2 73 2
31 190 2 188 2 186 1 184 1 182 1 180 2 138 1 134 1 132 2 128 1 126 1 124 2 122 2 120 1 116 1 114 2 112 2 110 2 108 1 104 1 100 2 92 1 88 2 86 2 84 2 82 2 80 2 78 1 76 1 74 1 72 2
25 191 1 189 1 185 1 181 2 137 1 133 2 131 2 129 1 127 2 125 2 121 1 119 1 117 1 113 2 109 1 107 2 105 1 93 1 91 1 89 2 85 1 83 1 81 1 77 1 73 2
28 190 2 186 2 184 2 182 1 180 2 138 1 136 2 134 1 132 1 128 1 126 1 124 1 122 2 120 2 114 1 112 1 110 2 102 2 92 2 90 1 88 1 86 2 84 2 82 2 78 2 76 2 74 1 72 2
34 183 2 181 2 173 1 171 2 169 1 161 2 157 1 147 2 145 2 137 2 135 2 125 2 123 1 121 2 113 2 111 1 109 2 101 2 99 1 97 2 89 2 87 1 85 2 75 2 73 2 65 1 63 2 61 1 53 2 51 2 39 1 37 1 27 1 25 1
39 180 1 176 1 174 1 172 1 168 2 162 2 160 2 156 2 144 1 140 1 138 2 136 2 128 1 126 2 124 2 120 1 116 2 114 2 112 2 108 1 104 2 102 2 100 2 96 1 92 2 90 2 88 2 84 1 72 1 68 1 66 1 64 1 60 2 54 2 52 2 36 2 32 2 24 2 20 2
39 181 1 177 1 173 2 171 2 169 2 161 1 159 1 157 2 145 1 141 1 137 1 135 1 129 1 125 1 123 1 121 1 117 2 113 1 111 1 109 1 105 2 101 1 99 1 97 1 93 2 89 1 87 1 85 1 73 1 69 1 65 2 63 2 61 2 53 1 51 1 37 2 33 2 25 2 21 2
27 176 2 174 1 172 2 162 1 160 1 140 2 136 1 128 2 124 1 116 1 114 2 112 1 104 1 102 2 100 1 92 1 90 2 88 1 68 2 66 1 64 2 54 1 52 1 32 1 30 1 20 1 18 1
41 191 2 179 2 177 2 175 2 171 1 167 2 159 2 155 2 143 2 141 2 139 2 135 2 129 2 127 2 123 2 119 1 117 1 115 1 111 2 107 1 105 1 103 1 99 2 95 1 93 1 91 1 87 2 83 2 71 2 69 2 67 2 63 1 59 2 51 2 47 2 35 1 33 1 31 1 23 2 21 1 19 1
40 180 2 176 1 174 1 172 1 168 2 160 2 156 2 144 2 140 1 138 1 136 2 128 1 126 1 124 2 120 1 116 2 114 2 112 2 108 1 104 2 102 2 100 2 96 1 92 2 90 2 88 2 84 2 72 2 68 1 66 1 64 1 60 2 52 2 48 2 36 1 32 2 30 2 24 2 20 2 18 2
37 191 1 189 1 179 1 177 2 175 1 167 1 165 1 155 1 153 1 143 1 141 2 139 1 129 1 127 1 119 2 117 1 115 2 107 2 105 1 103 2 95 2 93 1 91 2 83 1 81 1 71 1 69 2 67 1 59 1 57 1 47 1 45 1 35 2 33 1 31 2 23 1 19 2
49 190 1 182 2 180 1 178 1 174 2 170 1 168 1 166 1 158 2 156 1 154 1 146 2 144 1 142 1 138 2 134 1 126 2 122 2 120 2 118 2 114 1 110 2 108 2 106 2 102 1 98 2 96 2 94 2 90 1 86 2 84 1 82 1 74 2 72 1 70 1 66 2 62 1 60 1 58 1 50 2 48 1 46 1 38 1 36 2 34 2 30 1 24 1 22 1 18 1
50 191 2 189 2 183 2 179 2 177 2 175 2 171 1 167 2 165 2 159 2 155 2 153 2 147 2 143 2 141 2 139 2 135 1 127 2 123 2 119 1 117 1 115 1 111 2 107 1 105 1 103 1 99 2 95 1 93 1 91 1 87 2 83 2 81 2 75 2 71 2 69 2 67 2 63 1 59 2 57 2 51 2 47 2 45 2 39 1 35 1 33 1 31 1 23 2 21 2 19 1
34 190 2 182 1 178 2 170 2 168 1 166 2 158 1 154 2 146 1 142 2 134 2 132 2 122 1 120 2 118 1 110 1 108 2 106 1 98 1 96 2 94 1 86 1 82 2 74 1 70 2 62 2 60 1 58 2 50 1 46 2 38 2 34 1 24 2 22 2
50 189 1 183 1 181 1 177 1 173 2 171 2 169 2 165 1 161 1 159 1 157 1 153 1 147 1 145 1 141 1 137 2 135 2 133 2 125 1 123 1 121 1 117 2 113 1 111 1 109 1 105 2 101 1 99 1 97 1 93 2 89 1 87 1 85 1 81 1 75 1 73 1 69 1 65 2 63 2 61 2 57 1 53 1 51 1 49 1 45 1 39 2 37 2 33 2 29 2 21 1
50 190 1 182 2 180 2 178 1 174 2 170 1 168 1 166 1 162 1 158 2 156 2 154 1 146 2 144 2 142 1 138 2 134 1 132 1 126 1 122 2 120 2 118 2 114 1 110 2 108 2 106 2 102 1 98 2 96 2 94 2 90 1 86 2 84 2 82 1 74 2 72 2 70 1 66 2 62 1 60 1 58 1 54 1 50 2 48 2 46 1 38 1 36 1 34 2 30 2 22 1
37 183 2 181 2 173 1 171 2 169 1 161 2 159 1 157 2 147 2 145 2 137 1 135 2 133 1 125 2 123 1 121 2 113 2 111 1 109 2 101 2 99 1 97 2 89 2 87 1 85 2 75 2 73 2 65 1 63 2 61 1 53 2 51 1 49 2 39 1 37 1 29 1 27 1
40 180 1 176 1 174 1 172 1 168 2 162 2 160 2 156 1 144 1 140 1 138 1 136 1 132 2 126 2 124 2 120 1 116 2 114 2 112 2 108 1 104 2 102 2 100 2 96 1 92 2 90 2 88 2 84 1 72 1 68 1 66 1 64 1 60 2 54 2 52 2 48 1 36 2 32 2 30 1 28 1
40 181 1 177 1 173 2 171 2 169 2 161 1 159 1 157 1 145 1 141 1 137 2 135 2 133 2 125 1 123 1 121 1 117 2 113 1 111 1 109 1 105 2 101 1 99 1 97 1 93 2 89 1 87 1 85 1 73 1 69 1 65 2 63 2 61 2 53 1 51 1 49 1 37 2 33 2 29 2 27 2
26 176 2 174 1 172 2 162 1 160 1 140 2 138 1 136 2 126 1 124 1 116 1 114 2 112 1 104 1 102 2 100 1 92 1 90 2 88 1 68 2 66 1 64 2 54 1 52 1 32 1 28 2
34 191 2 177 2 175 2 171 1 167 2 159 2 155 2 141 2 139 2 135 1 131 2 123 2 119 1 117 1 115 1 111 2 107 1 105 1 103 1 99 2 95 1 93 1 91 1 87 2 83 2 69 2 67 2 63 1 59 2 51 2 47 2 33 1 31 1 27 1
33 176 1 174 1 172 1 168 2 160 2 156 2 140 1 138 1 136 1 132 2 124 2 120 1 116 2 114 2 112 2 108 1 104 2 102 2 100 2 96 1 92 2 90 2 88 2 84 2 68 1 66 1 64 1 60 2 52 2 48 2 32 2 30 2 28 1
31 191 1 189 1 177 1 175 1 167 1 165 1 155 1 153 1 141 1 139 1 131 1 129 1 119 2 117 1 115 2 107 2 105 1 103 2 95 2 93 1 91 2 83 1 81 1 69 1 67 1 59 1 57 1 47 1 45 1 33 2 31 2
35 190 1 174 2 170 1 168 1 166 1 158 2 156 1 154 1 138 2 134 1 132 1 130 1 122 2 120 2 118 2 114 1 110 2 108 2 106 2 102 1 98 2 96 2 94 2 90 1 86 2 84 1 82 1 66 2 62 1 60 1 58 1 50 2 48 1 46 1 30 1
36 191 2 189 2 175 2 171 1 167 2 165 2 159 2 155 2 153 2 139 2 135 1 131 2 129 2 123 2 119 1 117 1 115 1 111 2 107 1 105 1 103 1 99 2 95 1 93 1 91 1 87 2 83 2 81 2 67 2 63 1 59 2 57 2 51 2 47 2 45 2 31 1
25 190 2 170 2 168 1 166 2 158 1 154 2 134 2 132 1 130 2 122 1 120 2 118 1 110 1 108 2 106 1 98 1 96 2 94 1 86 1 82 2 62 2 60 1 58 2 50 1 46 2
37 189 1 173 1 171 2 169 2 165 1 161 1 159 1 157 1 153 1 137 1 135 2 133 2 129 1 125 1 123 1 121 1 117 2 113 1 111 1 109 1 105 2 101 1 99 1 97 1 93 2 89 1 87 1 85 1 81 1 65 1 63 2 61 2 57 1 53 1 51 1 49 1 45 1
37 190 1 174 1 170 1 168 1 166 1 162 1 158 2 156 2 154 1 138 1 134 1 132 1 130 1 126 1 122 2 120 2 118 2 114 1 110 2 108 2 106 2 102 1 98 2 96 2 94 2 90 1 86 2 84 2 82 1 66 1 62 1 60 1 58 1 54 1 50 2 48 2 46 1
24 173 2 169 1 161 2 159 1 157 2 137 2 133 1 125 2 123 1 121 2 113 2 111 1 109 2 101 2 99 1 97 2 89 2 87 1 85 2 65 2 61 1 53 2 51 1 49 2
32 188 1 174 2 172 2 168 2 162 2 160 2 156 1 138 2 136 2 132 2 126 2 124 2 120 1 116 2 114 2 112 2 108 1 104 2 102 2 100 2 96 1 92 2 90 2 88 2 84 1 80 1 66 2 64 2 60 2 54 2 52 2 48 1
32 189 1 173 1 171 1 169 2 161 1 159 1 157 1 137 1 135 1 133 2 125 1 123 1 121 1 117 2 113 1 111 1 109 1 105 2 101 1 99 1 97 1 93 2 89 1 87 1 85 1 81 1 65 1 63 1 61 2 53 1 51 1 49 1
25 188 2 186 2 174 1 172 1 162 1 160 1 138 1 136 1 126 1 124 1 116 1 114 2 112 1 104 1 102 2 100 1 92 1 90 2 88 1 80 2 78 2 66 1 64 1 54 1 52 1
27 189 2 187 2 171 2 167 2 159 2 155 2 135 2 131 2 123 2 119 1 117 1 115 1 111 2 107 1 105 1 103 1 99 2 95 1 93 1 91 1 87 2 81 2 79 2 63 2 59 2 51 2 47 2
27 188 1 186 1 172 2 168 2 160 2 156 2 136 2 132 2 124 2 120 1 116 2 114 2 112 2 108 1 104 2 102 2 100 2 96 1 92 2 90 2 88 2 80 1 78 1 64 2 60 2 52 2 48 2
23 189 1 187 1 167 1 165 1 155 1 153 1 131 1 129 1 119 2 117 1 115 2 107 2 105 1 103 2 95 2 93 1 91 2 81 1 79 1 59 1 57 1 47 1 45 1
32 186 2 182 2 170 1 168 1 166 1 158 2 156 1 154 1 134 1 132 1 130 1 122 2 120 2 118 2 114 1 110 2 108 2 106 2 102 1 98 2 96 2 94 2 90 1 86 2 78 2 74 2 62 1 60 1 58 1 50 2 48 1 46 1
32 187 2 183 2 171 1 167 2 165 2 159 2 155 2 153 2 135 1 131 2 129 2 123 2 119 1 117 1 115 1 111 2 107 1 105 1 103 1 99 2 95 1 93 1 91 1 87 2 79 2 75 2 63 1 59 2 57 2 51 2 47 2 45 2
28 182 1 180 1 170 2 168 1 166 2 158 1 154 2 134 2 132 1 130 2 122 1 120 2 118 1 110 1 108 2 106 1 98 1 96 2 94 1 86 1 84 1 74 1 72 1 62 2 60 1 58 2 50 1 46 2
39 185 2 183 1 181 1 173 1 171 2 169 2 165 1 159 1 157 1 153 1 137 1 135 2 133 2 129 1 125 1 123 1 121 1 117 2 113 1 111 1 109 1 105 2 101 1 99 1 97 1 93 2 89 1 87 1 85 1 77 2 75 1 73 1 65 1 63 2 61 2 57 1 51 1 49 1 45 1
39 186 2 182 2 180 2 174 1 170 1 168 1 166 1 158 2 156 2 154 1 138 1 134 1 132 1 130 1 126 1 122 2 120 2 118 2 114 1 110 2 108 2 106 2 102 1 98 2 96 2 94 2 90 1 86 2 84 2 78 2 74 2 72 2 66 1 62 1 60 1 58 1 50 2 48 2 46 1
26 185 1 181 2 173 2 169 1 159 2 157 2 137 2 133 1 125 2 123 1 121 2 113 2 111 1 109 2 101 2 99 1 97 2 89 2 87 1 85 2 77 1 73 2 65 2 61 1 51 2 49 2
36 188 1 186 1 184 1 180 1 174 2 172 2 168 2 164 2 156 1 138 2 136 2 132 2 126 2 124 2 120 1 116 2 114 2 112 2 108 1 104 2 102 2 100 2 96 1 92 2 90 2 88 2 84 1 80 1 78 1 76 1 72 1 66 2 64 2 60 2 56 2 48 1
36 189 1 185 2 183 2 181 1 173 1 171 1 169 2 165 2 157 1 137 1 135 1 133 2 125 1 123 1 121 1 117 2 113 1 111 1 109 1 105 2 101 1 99 1 97 1 93 2 89 1 87 1 85 1 81 1 77 2 75 2 73 1 65 1 63 1 61 2 57 2 49 1
27 188 2 186 1 184 2 174 1 172 1 164 1 162 1 138 1 136 1 126 1 124 1 116 1 114 2 112 1 104 1 102 2 100 1 92 1 90 2 88 1 80 2 78 1 76 2 66 1 64 1 56 1 54 1
29 189 2 187 2 183 1 171 2 167 2 165 1 163 1 135 2 131 2 123 2 119 1 117 1 115 1 111 2 107 1 105 1 103 1 99 2 95 1 93 1 91 1 87 2 81 2 79 2 75 1 63 2 59 2 57 1 55 1
29 188 1 186 1 184 1 172 2 168 2 164 2 162 2 136 2 132 2 124 2 120 1 116 2 114 2 112 2 108 1 104 2 102 2 100 2 96 1 92 2 90 2 88 2 80 1 78 1 76 1 64 2 60 2 56 2 54 2
19 189 1 187 1 167 1 163 2 131 1 129 1 119 2 117 1 115 2 107 2 105 1 103 2 95 2 93 1 91 2 81 1 79 1 59 1 55 2
25 186 2 182 2 168 1 166 1 162 1 134 1 132 1 130 1 122 2 120 2 118 2 114 1 110 2 108 2 106 2 102 1 96 2 94 2 90 1 86 2 78 2 74 2 60 1 58 1 54 1
25 187 2 183 2 167 2 165 2 163 1 135 1 131 2 129 2 123 2 119 1 117 1 115 1 111 2 107 1 105 1 103 1 95 1 93 1 91 1 87 2 79 2 75 2 59 2 57 2 55 1
21 182 1 180 1 168 2 166 2 134 2 132 1 130 2 122 1 120 2 118 1 110 1 108 2 106 1 96 1 94 1 86 1 84 1 74 1 72 1 60 2 58 2
25 185 2 183 1 181 1 165 1 137 1 135 2 133 2 129 1 125 1 123 1 121 1 117 2 113 1 111 1 109 1 105 2 101 2 93 2 89 1 87 1 85 1 77 2 75 1 73 1 57 1
25 186 2 182 2 180 2 166 1 138 1 134 1 132 1 130 1 126 1 122 2 120 2 118 2 114 1 110 2 108 2 106 2 102 2 94 2 90 1 86 2 84 2 78 2 74 2 72 2 58 1
49 182 1 178 2 176 2 174 2 172 1 168 1 166 2 164 1 162 2 160 2 146 1 142 2 140 2 136 1 128 1 124 2 120 2 118 1 116 1 114 1 112 2 108 2 106 1 104 1 102 1 100 2 96 2 94 1 92 1 90 1 88 2 74 1 70 2 68 2 66 2 64 1 60 1 58 2 56 1 54 2 52 2 38 2 34 1 32 1 30 2 28 2 24 1 22 2 18 2
49 183 1 181 2 179 1 177 1 175 2 173 2 167 1 163 2 161 1 147 1 145 2 143 1 141 1 139 2 137 2 135 2 129 1 125 1 119 2 117 2 115 1 113 1 107 2 105 2 103 1 101 1 95 2 93 2 91 1 89 1 75 1 73 2 71 1 69 1 67 2 65 2 59 1 55 2 53 1 39 2 37 1 35 2 33 2 31 1 29 1 27 2 23 1 21 2 19 2
32 182 1 178 2 176 1 168 1 166 2 164 1 146 1 142 2 140 1 136 2 120 2 118 1 116 2 108 2 106 1 104 2 96 2 94 1 92 2 74 1 70 2 68 1 60 1 58 2 56 1 38 2 34 1 32 2 28 2 24 1 22 2 20 1
42 191 2 183 1 181 2 175 1 173 2 171 1 163 2 161 1 159 2 155 2 147 1 145 2 139 1 137 2 135 1 127 2 125 1 123 2 115 2 113 1 111 2 103 2 101 1 99 2 91 2 89 1 87 2 83 2 75 1 73 2 67 1 65 2 63 1 55 2 53 1 51 2 47 2 39 2 37 1 31 2 29 1 27 2
50 182 1 180 2 178 2 176 2 174 1 172 1 166 2 164 1 160 2 156 2 146 1 144 2 142 2 140 2 138 1 136 1 128 1 126 1 124 2 118 1 116 1 114 2 112 2 106 1 104 1 102 2 100 2 94 1 92 1 90 2 88 2 84 2 74 1 72 2 70 2 68 2 66 1 64 1 58 2 56 1 52 2 48 2 38 2 36 1 34 1 32 1 30 2 28 2 22 2 18 2
62 189 1 183 1 181 2 179 1 177 2 175 2 173 2 171 1 167 1 165 1 163 2 161 1 159 2 153 1 147 1 145 2 143 1 141 2 139 2 137 2 135 1 129 1 125 1 123 2 119 2 117 1 115 1 113 1 111 2 107 2 105 1 103 1 101 1 99 2 95 2 93 1 91 1 89 1 87 2 81 1 75 1 73 2 71 1 69 2 67 2 65 2 63 1 59 1 57 1 55 2 53 1 51 2 45 1 39 2 37 1 35 2 33 1 31 1 29 1 27 2 23 1 19 2
39 190 1 176 2 172 1 170 1 168 1 164 1 160 2 158 2 154 1 140 2 136 1 134 1 128 1 124 2 122 2 120 2 116 1 112 2 110 2 108 2 104 1 100 2 98 2 96 2 92 1 88 2 86 2 82 1 68 2 64 1 62 1 60 1 56 1 52 2 50 2 46 1 32 1 28 2 24 1
47 191 2 181 2 177 1 175 1 173 2 171 2 163 2 161 1 159 1 155 2 145 2 141 1 139 1 137 2 135 2 129 1 127 2 125 1 123 1 117 2 115 2 113 1 111 1 105 2 103 2 101 1 99 1 93 2 91 2 89 1 87 1 83 2 73 2 69 1 67 1 65 2 63 2 55 2 53 1 51 1 47 2 37 1 33 2 31 2 29 1 27 2 21 2
40 182 1 178 2 176 2 172 1 168 2 166 2 164 1 160 2 146 1 142 2 140 2 136 1 132 2 128 1 124 2 120 1 118 1 116 1 112 2 108 1 106 1 104 1 100 2 96 1 94 1 92 1 88 2 74 1 70 2 68 2 64 1 60 2 58 2 56 1 52 2 38 2 34 1 32 1 28 2 22 2
60 191 2 189 1 183 1 177 2 175 1 173 1 171 1 169 2 165 1 163 2 161 2 159 2 157 1 155 2 153 1 147 1 141 2 139 1 137 1 135 1 133 2 129 1 127 2 125 2 123 2 121 1 117 1 115 2 113 2 111 2 109 1 105 1 103 2 101 2 99 2 97 1 93 1 91 2 89 2 87 2 85 1 83 2 81 1 75 1 69 2 67 1 65 1 63 1 61 2 57 1 55 2 53 2 51 2 49 1 47 2 45 1 39 2 33 1 31 2 27 2
50 190 1 180 2 176 2 174 2 172 1 170 1 164 1 162 1 160 2 158 2 156 2 154 1 144 2 140 2 138 2 136 1 134 1 128 1 126 1 124 2 122 2 116 1 114 1 112 2 110 2 104 1 102 1 100 2 98 2 92 1 90 1 88 2 86 2 84 2 82 1 72 2 68 2 66 2 64 1 62 1 56 1 54 1 52 2 50 2 48 2 46 1 36 1 32 1 30 2 28 2
42 191 2 189 1 181 2 177 2 175 1 173 2 165 1 163 2 161 1 155 2 153 1 145 2 141 2 139 1 137 2 129 1 127 2 125 1 117 1 115 2 113 1 105 1 103 2 101 1 93 1 91 2 89 1 83 2 81 1 73 2 69 2 67 1 65 2 57 1 55 2 53 1 47 2 45 1 37 1 33 1 31 2 29 1
31 190 1 172 2 170 1 168 2 164 1 160 1 158 2 154 1 136 2 134 1 132 2 128 1 124 1 122 2 120 1 112 1 110 2 108 1 100 1 98 2 96 1 88 1 86 2 82 1 64 2 62 1 60 2 56 1 52 1 50 2 46 1
49 191 2 189 1 175 1 173 1 171 2 169 2 165 1 163 2 161 2 159 1 157 1 155 2 153 1 139 1 137 1 135 2 133 2 129 1 127 2 125 2 123 1 121 1 115 2 113 2 111 1 109 1 103 2 101 2 99 1 97 1 91 2 89 2 87 1 85 1 83 2 81 1 67 1 65 1 63 2 61 2 57 1 55 2 53 2 51 1 49 1 47 2 45 1 31 2 27 2
48 190 1 176 2 174 1 172 1 170 1 168 2 164 1 162 1 160 2 158 2 154 1 140 2 138 1 136 1 134 1 132 2 128 1 126 1 124 2 122 2 120 1 116 1 114 2 112 2 110 2 108 1 104 1 102 2 100 2 98 2 96 1 92 1 90 2 88 2 86 2 82 1 68 2 66 1 64 1 62 1 60 2 56 1 54 1 52 2 50 2 46 1 32 1 28 2
45 191 1 189 1 177 2 173 1 169 2 167 2 165 1 163 2 161 2 157 1 155 1 153 1 141 2 137 1 133 2 131 2 129 1 127 2 125 2 121 1 119 1 117 1 113 2 109 1 107 1 105 1 101 2 97 1 95 1 93 1 89 2 85 1 83 1 81 1 69 2 65 1 61 2 59 2 57 1 55 2 53 2 49 1 47 1 45 1 33 1
44 190 1 174 2 172 2 170 1 168 1 164 1 162 1 160 1 158 2 156 2 154 1 138 2 136 2 134 1 132 1 128 1 126 1 124 1 122 2 120 2 114 1 112 1 110 2 108 2 102 1 100 1 98 2 96 2 90 1 88 1 86 2 84 2 82 1 66 2 64 2 62 1 60 1 56 1 54 1 52 1 50 2 48 2 46 1 30 2
42 191 2 189 2 175 1 173 1 169 2 165 2 163 2 161 2 157 1 155 2 153 2 139 1 137 1 133 2 129 2 127 2 125 2 121 1 117 2 115 2 113 2 109 1 105 2 103 2 101 2 97 1 93 2 91 2 89 2 85 1 83 2 81 2 67 1 65 1 61 2 57 2 55 2 53 2 49 1 47 2 45 2 31 2
46 190 2 174 1 172 2 170 2 168 2 166 1 164 1 162 1 160 1 158 1 154 2 138 1 136 2 134 2 132 2 130 1 128 1 126 1 124 1 122 1 120 1 118 2 114 2 112 1 110 1 108 1 106 2 102 2 100 1 98 1 96 1 94 2 90 2 88 1 86 1 82 2 66 1 64 2 62 2 60 2 58 1 56 1 54 1 52 1 50 1 46 2
47 191 1 189 1 173 1 171 1 169 2 167 2 165 1 163 2 161 2 159 2 157 1 155 1 153 1 137 1 135 1 133 2 131 2 129 1 127 2 125 2 123 2 121 1 119 1 113 2 111 2 109 1 107 1 101 2 99 2 97 1 95 1 89 2 87 2 85 1 83 1 81 1 65 1 63 1 61 2 59 2 57 1 55 2 53 2 51 2 49 1 47 1 45 1
34 190 1 174 1 172 2 170 1 164 1 162 1 160 1 158 2 154 1 138 1 136 2 134 1 128 1 126 1 124 1 122 2 114 2 112 1 110 2 102 2 100 1 98 2 90 2 88 1 86 2 82 1 66 1 64 2 62 1 56 1 54 1 52 1 50 2 46 1
35 191 1 189 2 173 2 169 1 167 2 165 2 163 2 157 2 155 1 153 2 137 2 133 1 131 2 129 2 127 2 121 2 119 1 117 2 109 2 107 1 105 2 97 2 95 1 93 2 85 2 83 1 81 2 65 2 61 1 59 2 57 2 55 2 49 2 47 1 45 2
46 190 2 174 2 172 2 170 2 168 1 166 1 164 1 162 2 160 1 158 1 156 2 154 2 138 2 136 2 134 2 132 1 130 1 128 1 126 2 124 1 122 1 120 2 118 2 112 1 110 1 108 2 106 2 100 1 98 1 96 2 94 2 88 1 86 1 84 2 82 2 66 2 64 2 62 2 60 1 58 1 56 1 54 2 52 1 50 1 48 2 46 2
47 191 1 189 2 173 1 169 2 167 2 165 2 163 2 161 2 159 1 157 1 155 1 153 2 137 1 133 2 131 2 129 2 127 2 125 2 123 1 121 1 119 1 117 2 113 2 111 1 109 1 107 1 105 2 101 2 99 1 97 1 95 1 93 2 89 2 87 1 85 1 83 1 81 2 65 1 61 2 59 2 57 2 55 2 53 2 51 1 49 1 47 1 45 2
39 190 2 188 1 174 1 172 1 170 2 166 1 164 1 162 1 158 1 154 2 138 1 136 1 134 2 130 1 128 1 126 1 122 1 118 2 116 2 114 2 110 1 106 2 104 2 102 2 98 1 94 2 92 2 90 2 86 1 82 2 80 1 66 1 64 1 62 2 58 1 56 1 54 1 50 1 46 2
42 191 1 173 2 171 1 169 1 167 2 165 2 163 2 159 2 157 2 155 1 153 2 137 2 135 1 133 1 131 2 129 2 127 2 123 2 121 2 119 1 117 1 111 2 109 2 107 1 105 1 99 2 97 2 95 1 93 1 87 2 85 2 83 1 65 2 63 1 61 1 59 2 57 2 55 2 51 2 49 2 47 1 45 2
42 190 2 186 2 174 2 172 2 170 2 166 1 164 1 162 2 160 1 158 1 154 2 138 2 136 2 134 2 130 1 128 1 126 2 124 1 122 1 118 2 114 1 112 1 110 1 106 2 102 1 100 1 98 1 94 2 90 1 88 1 86 1 82 2 78 2 66 2 64 2 62 2 58 1 56 1 54 2 52 1 50 1 46 2
44 191 1 189 2 187 2 173 2 169 1 167 1 165 2 163 2 159 1 157 2 153 2 137 2 133 1 131 1 129 2 127 2 123 1 121 2 119 2 117 2 115 1 111 1 109 2 107 2 105 2 103 1 99 1 97 2 95 2 93 2 91 1 87 1 85 2 83 1 81 2 79 2 65 2 61 1 59 1 57 2 55 2 51 1 49 2 45 2
44 190 2 188 1 174 2 172 1 170 2 168 2 166 1 164 1 162 2 158 1 156 2 154 2 138 2 136 1 134 2 132 2 130 1 128 1 126 2 122 1 120 1 118 2 116 2 110 1 108 1 106 2 104 2 98 1 96 1 94 2 92 2 86 1 82 2 80 1 66 2 64 1 62 2 60 2 58 1 56 1 54 2 50 1 48 2 46 2
31 191 1 173 2 169 1 167 2 163 2 159 1 157 2 155 1 137 2 133 1 131 2 127 2 123 1 121 2 119 1 111 1 109 2 107 1 99 1 97 2 95 1 87 1 85 2 83 1 65 2 61 1 59 2 55 2 51 1 49 2 47 1
32 190 2 188 1 186 2 182 2 174 2 172 1 166 2 164 1 162 2 138 2 136 1 130 2 128 1 126 2 118 1 116 2 114 1 106 1 104 2 102 1 94 1 92 2 90 1 82 2 80 1 78 2 74 2 66 2 64 1 58 2 56 1 54 2
41 191 1 187 2 183 2 173 2 171 1 169 1 167 1 165 2 163 2 157 2 153 2 137 2 135 1 133 1 131 1 129 2 127 2 121 2 119 2 117 1 115 1 109 2 107 2 105 1 103 1 97 2 95 2 93 1 91 1 85 2 83 1 79 2 75 2 65 2 63 1 61 1 59 1 57 2 55 2 49 2 45 2
50 190 2 188 1 186 2 180 1 174 2 172 1 170 2 168 1 166 1 164 1 162 2 158 1 154 2 138 2 136 1 134 2 132 1 130 1 128 1 126 2 122 1 120 2 118 2 116 2 114 1 110 1 108 2 106 2 104 2 102 1 98 1 96 2 94 2 92 2 90 1 86 1 84 1 82 2 80 1 78 2 72 1 66 2 64 1 62 2 60 1 58 1 56 1 54 2 50 1 46 2
30 191 1 187 2 185 2 181 1 167 1 163 2 159 1 131 1 127 2 125 1 123 1 119 2 115 1 113 1 111 1 107 2 103 1 101 1 99 1 95 2 91 1 89 1 87 1 83 1 79 2 77 2 73 1 59 1 55 2 51 1
36 190 2 188 1 186 1 182 2 172 1 168 2 166 2 164 1 162 2 156 2 136 1 132 2 130 2 128 1 120 1 118 1 116 2 114 2 108 1 106 1 104 2 102 2 96 1 94 1 92 2 90 2 82 2 80 1 78 1 74 2 64 1 60 2 58 2 56 1 54 2 48 2
32 191 1 187 2 173 2 169 1 167 1 163 2 157 2 137 2 133 1 131 1 127 2 123 2 121 2 119 2 115 1 111 2 109 2 107 2 103 1 99 2 97 2 95 2 91 1 87 2 85 2 83 1 79 2 65 2 61 1 59 1 55 2 49 2
42 190 2 188 2 186 2 184 1 182 2 180 1 174 2 168 1 166 2 162 2 138 2 132 1 130 2 128 1 126 2 124 2 120 2 118 1 116 1 114 1 112 2 108 2 106 1 104 1 102 1 100 2 96 2 94 1 92 1 90 1 88 2 84 1 82 2 80 2 78 2 76 1 74 2 72 1 66 2 60 1 58 2 54 2
36 191 1 189 1 187 2 185 2 183 2 181 1 171 1 167 1 165 2 163 2 135 1 131 1 127 2 125 1 119 2 117 2 115 1 113 1 107 2 105 2 103 1 101 1 95 2 93 2 91 1 89 1 83 1 81 1 79 2 77 2 75 2 73 1 63 1 59 1 57 2 55 2
30 190 2 188 1 182 2 180 1 172 1 168 1 166 2 164 1 136 1 132 1 130 2 128 1 120 2 118 1 116 2 108 2 106 1 104 2 96 2 94 1 92 2 84 1 82 2 80 1 74 2 72 1 64 1 60 1 58 2 56 1
20 191 1 187 1 185 2 181 1 127 2 125 1 123 2 115 2 113 1 111 2 103 2 101 1 99 2 91 2 89 1 87 2 83 1 79 1 77 2 73 1
32 190 2 188 2 186 1 184 1 182 2 180 1 166 2 162 2 130 2 128 1 124 2 118 1 116 1 114 2 112 2 106 1 104 1 102 2 100 2 94 1 92 1 90 2 88 2 84 1 82 2 80 2 78 1 76 1 74 2 72 1 58 2 54 2
34 191 1 189 1 187 2 185 2 181 1 167 1 163 2 131 1 129 1 127 2 125 1 123 2 119 2 117 1 115 1 113 1 111 2 107 2 105 1 103 1 101 1 99 2 95 2 93 1 91 1 89 1 87 2 83 1 81 1 79 2 77 2 73 1 59 1 55 2
29 190 2 188 2 184 1 182 1 180 1 168 1 134 1 132 1 128 1 124 2 122 2 120 2 116 1 112 2 110 2 108 2 104 1 100 2 96 2 92 1 88 2 86 2 84 1 82 2 80 2 76 1 74 1 72 1 60 1
30 191 1 189 1 187 1 185 2 183 2 181 1 165 2 135 1 127 2 125 1 123 1 117 2 115 2 113 1 111 1 105 2 103 2 101 1 99 2 93 2 91 2 89 1 87 1 83 1 81 1 79 1 77 2 75 2 73 1 57 2
28 190 2 188 2 184 1 182 2 180 2 166 2 132 2 130 2 128 1 124 2 120 1 118 1 116 1 112 2 108 1 106 1 104 1 100 2 94 1 92 1 88 2 84 2 82 2 80 2 76 1 74 2 72 2 58 2
30 191 1 189 1 187 1 185 1 181 2 137 1 133 2 129 1 127 2 125 2 123 2 121 1 117 1 115 2 113 2 111 2 109 1 105 1 103 2 99 2 93 1 91 2 89 2 87 2 85 1 83 1 81 1 79 1 77 1 73 2
30 190 2 188 2 186 2 184 1 182 1 180 1 138 1 134 1 128 1 126 1 124 2 122 2 116 1 114 1 112 2 110 2 104 1 102 2 100 2 92 1 90 1 88 2 86 2 84 1 82 2 80 2 78 2 76 1 74 1 72 1
22 191 1 189 1 187 1 185 2 181 1 129 1 127 2 125 1 117 1 115 2 113 1 105 1 103 2 101 1 93 1 91 2 89 1 83 1 81 1 79 1 77 2 73 1
62 190 2 182 2 178 1 176 2 174 2 172 1 170 2 168 2 166 1 164 1 162 2 160 2 158 2 156 1 154 1 146 2 142 1 140 2 136 1 128 1 124 2 122 1 120 1 118 2 116 1 114 1 112 2 110 1 108 1 106 2 104 1 102 1 100 2 98 1 96 1 94 2 92 1 90 1 88 2 86 1 82 2 74 2 70 1 68 2 66 2 64 1 62 2 60 2 58 1 56 1 54 2 52 2 48 2 38 1 34 2 32 1 30 2 28 2 26 2 24 2 22 1 18 2
64 189 1 183 2 179 1 177 2 175 2 173 1 171 2 169 2 167 1 165 1 163 2 161 2 159 2 157 2 153 1 147 2 143 1 141 2 139 2 135 2 129 1 125 2 123 1 121 1 119 2 117 1 115 1 113 2 111 1 109 1 107 2 105 1 103 1 101 2 99 1 97 1 95 2 93 1 91 1 89 2 87 1 85 1 81 1 75 2 71 1 69 2 67 2 65 1 63 2 61 2 59 1 57 1 55 2 53 2 45 1 39 1 35 2 33 1 31 1 29 1 27 1 25 2 23 1 19 2
46 190 1 180 2 176 1 174 2 170 1 168 2 164 1 162 1 158 2 156 1 154 1 144 2 140 1 138 1 136 2 134 1 126 1 122 2 120 1 116 2 114 1 110 2 108 1 104 2 102 1 98 2 96 1 92 2 90 1 86 2 84 2 82 1 72 2 68 1 66 2 62 1 60 2 56 1 54 1 50 2 46 1 36 1 32 2 28 2 24 2 20 1
30 191 2 181 1 175 1 169 1 163 2 157 1 155 2 145 1 139 1 137 1 135 1 127 2 121 2 115 2 109 2 103 2 97 2 91 2 85 2 83 2 73 1 67 1 61 1 55 2 47 2 37 2 31 2 29 1 27 2 25 1
42 182 1 178 2 174 2 172 2 168 2 166 2 164 1 162 2 160 1 146 1 142 2 132 2 128 2 124 1 120 1 118 1 114 1 112 1 108 1 106 1 102 1 100 1 96 1 94 1 90 1 88 1 74 1 70 2 66 2 64 2 60 2 58 2 56 1 54 2 52 1 38 2 34 1 30 2 28 2 22 2 20 2 18 2
52 189 1 183 1 179 1 175 2 173 1 169 2 167 1 165 1 163 2 161 2 157 1 153 1 147 1 143 1 139 2 137 1 135 2 133 2 129 2 125 2 121 1 119 2 115 1 113 2 109 1 107 2 103 1 101 2 97 1 95 2 91 1 89 2 85 1 81 1 75 1 71 1 67 2 65 1 61 2 59 1 57 1 55 2 53 2 49 1 45 1 39 2 35 2 31 1 27 2 23 1 21 2 19 2
40 190 1 176 1 174 1 170 1 168 1 164 1 162 1 158 2 154 1 140 1 138 1 136 2 134 1 122 2 120 2 116 2 114 2 110 2 108 2 104 2 102 2 98 2 96 2 92 2 90 2 86 2 82 1 68 1 66 1 62 1 60 1 56 1 54 1 50 2 46 1 32 2 28 2 24 1 20 1 18 1
32 191 1 181 2 179 2 173 2 167 2 163 2 161 1 155 1 145 2 143 2 137 2 127 1 125 1 119 1 113 1 107 1 101 1 95 1 89 1 83 1 73 2 71 2 65 2 59 2 55 2 53 1 47 1 37 1 35 1 29 1 23 2 19 1
49 182 1 180 2 178 2 174 1 172 2 168 1 166 2 164 1 160 1 156 2 146 1 144 2 142 2 138 1 136 2 132 2 128 1 126 1 124 1 120 2 118 1 114 2 112 1 108 2 106 1 102 2 100 1 96 2 94 1 90 2 88 1 84 2 74 1 72 2 70 2 66 1 64 2 60 1 58 2 56 1 52 1 48 2 38 2 36 1 34 1 30 2 24 2 22 2 18 2
67 189 2 183 1 179 1 177 1 175 2 173 1 171 1 169 2 167 1 165 2 163 2 161 2 159 2 157 1 153 2 147 1 143 1 141 1 139 2 137 1 135 1 133 2 129 1 125 2 123 2 121 1 119 2 117 2 115 1 113 2 111 2 109 1 107 2 105 2 103 1 101 2 99 2 97 1 95 2 93 2 91 1 89 2 87 2 85 1 81 2 75 1 71 1 69 1 67 2 65 1 63 1 61 2 59 1 57 2 55 2 53 2 51 2 49 1 45 2 39 2 35 2 33 2 31 1 27 2 23 1 21 1 19 2
62 190 2 182 2 178 1 176 2 174 1 172 1 170 2 168 1 166 1 164 1 162 1 160 2 158 1 154 2 146 2 142 1 140 2 138 1 136 1 134 2 128 1 126 1 124 2 122 1 120 2 118 2 116 1 114 2 112 2 110 1 108 2 106 2 104 1 102 2 100 2 98 1 96 2 94 2 92 1 90 2 88 2 86 1 82 2 74 2 70 1 68 2 66 1 64 1 62 2 60 1 58 1 56 1 54 1 52 2 50 1 46 2 38 1 34 2 32 1 28 2 24 1 22 1
49 191 1 183 2 181 2 177 1 173 2 171 1 167 2 163 2 161 1 159 2 155 1 147 2 145 2 141 1 137 2 135 1 131 2 129 1 127 2 125 1 123 2 119 1 117 2 113 1 111 2 107 1 105 2 101 1 99 2 95 1 93 2 89 1 87 2 83 1 75 2 73 2 69 1 65 2 63 1 59 2 55 2 53 1 51 2 47 1 39 1 37 1 33 2 29 1 21 2
30 182 1 180 1 178 2 172 2 166 2 164 1 160 1 146 1 144 1 142 2 136 2 128 1 124 1 118 1 112 1 106 1 100 1 94 1 88 1 74 1 72 1 70 2 64 2 58 2 56 1 52 1 38 2 36 2 34 1 22 2
52 191 2 189 2 183 1 181 1 175 1 171 1 169 1 165 2 163 2 159 2 157 2 155 2 153 2 147 1 145 1 139 1 135 1 133 1 129 2 127 2 123 2 121 2 117 2 115 2 111 2 109 2 105 2 103 2 99 2 97 2 93 2 91 2 87 2 85 2 83 2 81 2 75 1 73 1 67 1 63 1 61 1 57 2 55 2 51 2 49 2 47 2 45 2 39 2 37 2 31 2 29 2 27 2
50 190 2 180 2 176 2 172 1 170 2 166 1 164 1 162 2 160 2 158 1 156 2 154 2 144 2 140 2 136 1 134 2 130 1 128 1 126 2 124 2 122 1 118 2 116 1 112 2 110 1 106 2 104 1 100 2 98 1 94 2 92 1 88 2 86 1 84 2 82 2 72 2 68 2 64 1 62 2 58 1 56 1 54 2 52 2 50 1 48 2 46 2 36 1 32 1 30 2 28 2
51 191 1 189 1 181 2 177 2 173 2 171 2 167 2 165 1 163 2 161 1 159 1 155 1 153 1 145 2 141 2 137 2 135 2 131 2 129 1 127 2 125 1 123 1 119 1 117 1 113 1 111 1 107 1 105 1 101 1 99 1 95 1 93 1 89 1 87 1 83 1 81 1 73 2 69 2 65 2 63 2 59 2 57 1 55 2 53 1 51 1 47 1 45 1 37 1 33 1 29 1 27 1
24 190 1 176 1 170 1 164 1 158 2 154 1 140 1 134 1 128 1 122 2 116 2 110 2 104 2 98 2 92 2 86 2 82 1 68 1 62 1 56 1 50 2 46 1 32 2 28 1
50 191 2 189 2 177 1 175 1 173 2 171 2 169 1 165 2 163 2 159 1 157 2 155 2 153 2 141 1 139 1 137 2 135 2 133 1 129 2 127 2 123 1 121 2 117 1 115 2 111 1 109 2 105 1 103 2 99 1 97 2 93 1 91 2 87 1 85 2 83 2 81 2 69 1 67 1 65 2 63 2 61 1 57 2 55 2 51 1 49 2 47 2 45 2 33 2 31 2 27 2
55 190 2 176 2 174 1 172 1 170 2 168 2 166 1 164 1 162 2 160 2 158 1 154 2 140 2 138 1 136 1 134 2 132 2 130 1 128 1 126 2 124 2 122 1 120 1 118 2 116 1 114 1 112 2 110 1 108 1 106 2 104 1 102 1 100 2 98 1 96 1 94 2 92 1 90 1 88 2 86 1 82 2 68 2 66 1 64 1 62 2 60 2 58 1 56 1 54 2 52 2 50 1 46 2 32 1 30 1 28 2
54 189 1 177 2 175 2 173 1 169 2 167 1 165 1 163 2 161 2 159 1 157 1 153 1 141 2 139 2 137 1 133 2 131 1 129 1 127 2 125 2 123 1 121 1 119 2 117 1 115 1 113 2 111 1 109 1 107 2 105 1 103 1 101 2 99 1 97 1 95 2 93 1 91 1 89 2 87 1 85 1 81 1 69 2 67 2 65 1 61 2 59 1 57 1 55 2 53 2 51 1 49 1 45 1 33 1 31 1
43 190 1 188 1 174 2 172 1 170 1 168 2 164 1 162 1 158 2 156 2 154 1 138 2 136 1 134 1 132 2 128 1 126 1 122 2 120 1 116 2 114 1 110 2 108 1 104 2 102 1 98 2 96 1 92 2 90 1 86 2 84 2 82 1 80 1 66 2 64 1 62 1 60 2 56 1 54 1 50 2 48 2 46 1 30 2
28 191 2 189 1 175 1 173 2 169 1 163 2 157 2 155 2 139 1 137 2 133 1 127 2 121 2 115 2 109 2 103 2 97 2 91 2 85 2 83 2 81 1 67 1 65 2 61 1 55 2 49 2 47 2 31 2
35 186 2 174 2 172 2 168 2 166 2 164 1 162 2 160 1 138 2 136 2 132 2 130 2 128 1 126 2 124 1 120 1 118 1 114 1 112 1 108 1 106 1 102 1 100 1 96 1 94 1 90 1 88 1 78 2 66 2 64 2 60 2 58 2 56 1 54 2 52 1
44 191 1 189 1 187 2 173 1 171 1 169 2 167 1 165 1 163 2 161 2 157 1 153 1 137 1 135 1 133 2 131 1 129 1 127 2 125 2 121 1 119 2 115 1 113 2 109 1 107 2 103 1 101 2 97 1 95 2 91 1 89 2 85 1 83 1 81 1 79 2 65 1 63 1 61 2 59 1 57 1 55 2 53 2 49 1 45 1
40 190 1 188 1 174 1 172 1 170 1 168 1 164 1 162 1 158 2 154 1 138 1 136 1 134 1 132 1 128 1 126 1 122 2 120 2 116 2 114 2 110 2 108 2 104 2 102 2 98 2 96 2 92 2 90 2 86 2 84 1 82 1 80 1 66 1 64 1 62 1 60 1 56 1 54 1 50 2 46 1
19 191 1 167 2 163 2 161 1 155 1 131 2 127 2 125 1 119 1 113 1 107 1 101 1 95 1 89 1 83 1 59 2 55 2 53 1 47 1
36 190 2 186 2 182 2 172 2 168 1 166 2 164 1 160 1 156 2 136 2 132 1 130 2 128 1 124 1 120 2 118 1 114 2 112 1 108 2 106 1 102 2 100 1 96 2 94 1 90 2 88 1 84 2 82 2 78 2 74 2 64 2 60 1 58 2 56 1 52 1 48 2
52 191 1 189 2 187 2 183 2 173 1 169 2 167 1 165 2 163 2 161 2 159 2 157 1 153 2 137 1 133 2 131 1 129 2 127 2 125 2 123 2 121 1 119 2 117 2 115 1 113 2 111 2 109 1 107 2 105 2 103 1 101 2 99 2 97 1 95 2 93 2 91 1 89 2 87 2 85 1 83 1 81 2 79 2 75 2 65 1 61 2 59 1 57 2 55 2 53 2 51 2 49 1 45 2
51 190 2 188 2 180 1 174 1 170 2 168 1 166 1 164 1 162 1 160 2 158 1 154 2 138 1 134 2 132 1 130 1 128 1 126 1 124 2 122 1 120 2 118 2 116 1 114 2 112 2 110 1 108 2 106 2 104 1 102 2 100 2 98 1 96 2 94 2 92 1 90 2 88 2 86 1 84 1 82 2 80 2 72 1 66 1 62 2 60 1 58 1 56 1 54 1 52 2 50 1 46 2
35 191 1 189 1 185 2 181 1 171 1 167 2 163 2 159 2 155 1 135 1 131 2 127 2 125 1 123 2 119 1 117 2 113 1 111 2 107 1 105 2 101 1 99 2 95 1 93 2 89 1 87 2 83 1 81 1 77 2 73 1 63 1 59 2 55 2 51 2 47 1
24 190 2 182 2 172 2 166 2 164 1 162 2 160 1 136 2 130 2 128 1 124 1 118 1 112 1 106 1 100 1 94 1 88 1 82 2 74 2 64 2 58 2 56 1 54 2 52 1
38 191 1 189 2 187 1 173 2 169 1 165 2 163 2 157 2 155 2 153 2 137 2 133 1 129 2 127 2 123 2 121 2 117 2 115 2 111 2 109 2 105 2 103 2 99 2 97 2 93 2 91 2 87 2 85 2 83 1 81 2 79 1 65 2 61 1 57 2 55 2 49 2 47 2 45 2
42 190 2 188 2 184 1 180 1 174 2 170 2 166 1 162 2 158 1 156 2 154 2 138 2 134 2 130 1 128 1 126 2 124 2 122 1 118 2 116 1 112 2 110 1 106 2 104 1 100 2 98 1 94 2 92 1 88 2 86 1 84 1 82 2 80 2 76 1 72 1 66 2 62 2 58 1 54 2 50 1 48 2 46 2
35 191 1 189 1 185 2 181 1 167 2 163 2 159 1 155 1 153 1 131 2 129 1 127 2 125 1 123 1 119 1 117 1 113 1 111 1 107 1 105 1 101 1 99 1 95 1 93 1 89 1 87 1 83 1 81 1 77 2 73 1 59 2 55 2 51 1 47 1 45 1
26 190 2 188 1 182 1 172 1 170 1 164 1 158 2 154 1 136 1 134 1 128 1 122 2 116 2 110 2 104 2 98 2 92 2 86 2 82 2 80 1 74 1 64 1 62 1 56 1 50 2 46 1
39 191 1 187 1 183 2 173 2 171 1 169 1 165 2 159 2 157 2 153 2 137 2 135 1 133 1 129 2 127 2 123 1 121 2 117 1 115 2 111 1 109 2 105 1 103 2 99 1 97 2 93 1 91 2 87 1 85 2 83 1 79 1 75 2 65 2 63 1 61 1 57 2 51 2 49 2 45 2
53 190 2 188 2 186 2 184 1 180 2 174 2 170 2 168 2 166 1 162 2 158 1 156 1 154 2 138 2 134 2 132 2 130 1 128 1 126 2 124 2 122 1 120 1 118 2 116 1 114 1 112 2 110 1 108 1 106 2 104 1 102 1 100 2 98 1 96 1 94 2 92 1 90 1 88 2 86 1 84 2 82 2 80 2 78 2 76 1 72 2 66 2 62 2 60 2 58 1 54 2 50 1 48 1 46 2
48 191 1 189 1 187 2 185 1 181 2 173 1 169 2 167 1 163 2 159 1 157 1 137 1 133 2 131 1 129 1 127 2 125 2 123 1 121 1 119 2 117 1 115 1 113 2 111 1 109 1 107 2 105 1 103 1 101 2 99 1 97 1 95 2 93 1 91 1 89 2 87 1 85 1 83 1 81 1 79 2 77 1 73 2 65 1 61 2 59 1 55 2 51 1 49 1
36 190 2 188 1 186 2 182 1 174 1 172 1 168 2 164 1 156 2 138 1 136 1 134 1 132 2 128 1 126 1 122 2 120 1 116 2 114 1 110 2 108 1 104 2 102 1 96 1 92 2 90 1 86 2 82 2 80 1 78 2 74 1 66 1 64 1 60 2 56 1 48 2
23 191 1 187 1 173 2 171 2 169 1 157 2 137 2 133 1 127 2 121 2 115 2 109 2 103 2 99 1 97 2 91 2 85 2 83 1 79 1 65 2 63 2 61 1 49 2
39 190 2 186 2 184 2 182 2 180 2 174 2 172 2 166 2 164 2 162 2 138 2 136 2 132 2 130 2 128 1 126 2 124 1 120 1 118 1 114 1 112 1 108 1 106 1 102 1 100 1 94 1 90 1 88 1 84 2 82 2 78 2 76 2 74 2 72 2 66 2 64 2 58 2 56 2 54 2
38 191 1 189 2 187 2 185 1 183 2 181 2 171 1 167 1 165 2 163 2 137 1 135 1 133 2 131 1 129 1 127 2 125 2 121 1 119 2 115 1 113 2 109 1 107 2 103 1 95 2 91 1 89 2 85 1 83 1 81 2 79 2 77 1 75 2 73 2 63 1 59 1 57 2 55 2
36 190 2 188 1 186 1 182 1 180 1 172 1 168 1 164 1 162 1 138 1 136 1 134 1 132 1 128 1 126 1 122 2 120 2 116 2 114 2 110 2 108 2 104 2 96 2 92 2 90 2 86 2 84 1 82 2 80 1 78 1 74 1 72 1 64 1 60 1 56 1 54 1
19 191 1 185 2 181 1 167 2 163 1 131 2 127 2 125 1 119 1 113 1 107 1 101 1 95 1 89 1 83 1 77 2 73 1 59 2 55 1
34 190 2 186 1 184 2 182 2 180 2 168 2 166 2 162 2 136 2 132 1 130 2 128 1 124 1 120 2 118 1 114 2 112 1 108 2 106 1 102 2 96 1 94 1 92 2 90 2 88 1 84 2 82 2 78 1 76 2 74 2 72 2 60 2 58 2 54 2
40 191 1 189 2 187 2 185 1 181 2 167 1 165 1 163 2 137 1 133 2 131 1 129 2 127 2 125 2 123 2 121 1 119 2 117 2 115 1 113 2 111 2 109 1 107 2 105 2 103 1 99 2 95 2 93 1 91 1 89 2 87 2 85 1 83 1 81 2 79 2 77 1 73 2 59 1 57 1 55 2
38 190 2 188 2 186 1 184 1 180 1 168 1 166 1 138 1 134 2 132 1 130 1 128 1 126 1 124 2 122 1 120 2 118 2 116 1 114 2 112 2 110 1 108 2 106 2 104 1 100 2 96 2 94 2 92 1 88 2 86 1 84 1 82 2 80 2 78 1 76 1 72 1 60 1 58 1
28 191 1 189 1 185 2 183 2 181 1 165 2 135 1 131 2 127 2 125 1 123 2 119 1 117 2 113 1 111 2 107 2 105 2 101 1 93 2 91 1 89 1 87 2 83 1 81 1 77 2 75 2 73 1 57 2
65 191 1 189 1 185 1 183 1 181 1 177 2 173 1 171 1 169 1 165 2 161 1 159 1 157 1 153 2 149 1 147 1 145 1 143 2 141 1 139 2 137 2 135 2 129 1 125 1 123 2 121 1 119 2 113 2 111 2 109 2 105 1 101 2 99 2 97 2 93 1 87 2 85 1 83 1 81 1 77 1 75 1 73 1 69 2 65 1 63 2 61 2 59 1 57 2 55 1 51 2 45 2 43 2 41 1 37 1 35 1 33 1 31 1 29 2 27 1 23 2 21 1 19 2 15 1 13 2 9 1
76 190 1 188 1 186 1 184 2 182 1 180 2 178 1 176 2 174 1 172 2 170 1 168 2 166 1 164 2 162 1 160 2 158 1 156 2 154 1 152 2 150 1 148 2 146 1 144 2 142 1 138 1 136 2 134 2 132 1 130 2 128 1 126 2 124 1 122 2 118 2 116 2 114 2 112 1 110 2 108 1 106 2 104 1 102 2 100 1 98 2 96 1 94 2 92 1 90 2 88 1 84 2 82 1 80 1 78 1 76 2 74 1 72 2 70 1 68 2 66 1 60 2 58 2 54 2 52 2 48 1 40 2 38 2 36 2 32 2 28 2 24 1 22 1 18 1 16 1 14 2 12 2
72 191 1 189 2 187 1 185 2 183 2 181 2 177 1 173 2 171 2 169 2 165 1 161 2 159 2 157 2 153 1 149 2 147 2 145 2 141 2 139 1 137 2 135 1 133 2 129 2 125 1 123 1 119 1 117 2 115 1 113 1 111 1 109 1 105 2 101 1 99 1 97 1 93 2 89 1 87 1 85 2 83 1 81 2 79 1 77 2 75 2 73 2 69 1 65 2 63 1 59 1 57 1 55 2 53 1 51 1 49 1 47 2 43 1 37 2 35 2 33 2 31 2 27 2 25 2 23 2 21 2 19 1 17 2 15 2 13 2 11 2 9 1 7 2
77 190 2 188 2 186 1 184 1 182 2 178 2 176 1 174 1 172 1 170 2 166 2 164 1 162 1 160 2 158 2 154 2 152 1 150 1 148 1 146 2 142 1 140 2 138 1 136 1 134 1 130 1 128 2 126 2 124 2 122 1 120 2 118 2 114 2 112 2 110 1 106 1 104 2 102 2 100 2 98 1 94 1 92 2 90 2 86 1 84 2 82 2 80 2 78 1 76 1 74 2 70 2 68 1 66 1 62 1 60 2 58 1 56 1 54 2 52 1 50 1 48 1 46 1 44 1 40 1 36 1 34 2 32 2 28 1 26 2 24 1 22 2 20 2 18 1 14 2 12 1 10 1 8 2
54 187 2 183 2 179 2 175 2 171 2 167 2 163 2 161 2 159 1 155 2 151 2 147 2 143 2 141 1 139 1 133 1 131 1 127 1 123 1 121 2 119 2 115 1 111 1 107 1 103 1 99 1 95 1 91 1 87 2 85 2 79 2 75 2 71 2 67 2 63 1 57 2 55 2 51 2 49 1 47 1 45 1 43 2 39 2 37 1 35 1 33 2 31 1 25 2 21 1 19 1 17 1 15 1 13 1 11 2
55 182 2 180 1 178 2 170 2 168 1 166 2 160 2 158 1 156 1 154 2 146 2 142 1 140 2 138 2 132 2 130 1 122 1 120 2 118 2 110 1 108 2 106 1 98 1 96 2 94 1 90 1 88 1 86 1 84 1 74 2 72 1 70 2 64 2 60 1 58 2 56 1 54 1 52 2 50 1 48 1 46 2 44 2 42 2 40 1 34 1 32 1 30 1 28 1 26 1 24 2 22 1 20 2 18 1 16 1 10 2
56 191 1 185 2 183 1 181 2 173 2 171 1 169 2 163 2 161 2 159 2 149 2 147 1 145 1 141 1 139 2 137 2 125 1 123 2 121 1 119 1 113 1 111 2 109 1 101 1 99 2 97 1 91 1 89 1 87 2 85 1 83 1 77 2 75 1 73 2 65 2 59 1 57 2 55 1 53 1 51 2 49 1 47 2 45 1 43 2 37 2 35 2 33 2 31 1 27 2 25 1 23 2 21 1 19 2 17 2 13 1 11 2
53 188 2 184 2 180 2 176 2 172 2 168 2 164 2 162 2 158 1 156 2 152 2 148 2 144 1 138 1 134 1 132 1 128 1 124 1 120 1 116 1 112 1 108 1 104 1 100 1 96 1 92 1 90 1 88 1 84 2 80 2 76 2 72 2 68 2 64 1 62 1 60 2 58 2 54 2 52 2 48 2 46 1 44 1 42 1 40 2 36 1 34 1 32 2 30 2 26 1 24 1 22 1 18 1 14 2
70 191 1 189 1 187 1 185 2 181 2 179 1 177 1 175 1 173 2 169 2 167 1 161 2 159 2 157 2 155 1 153 1 151 1 149 2 145 1 143 2 141 2 139 1 137 2 135 2 133 2 131 2 129 2 127 2 125 1 121 1 119 2 117 2 115 2 113 1 109 1 107 2 105 2 103 2 101 1 97 1 95 2 93 2 87 1 85 2 83 1 81 1 79 1 77 2 73 2 71 1 69 1 67 1 65 2 59 1 57 1 55 2 53 1 51 1 49 2 47 1 45 1 39 2 37 1 35 2 33 2 27 1 25 2 23 2 19 1 15 2
61 190 1 186 1 182 2 180 2 178 2 174 1 170 2 168 2 162 1 160 1 158 1 156 2 154 1 150 1 146 2 144 1 142 1 140 2 138 1 136 2 132 1 130 1 126 2 122 1 120 1 118 1 114 2 110 1 108 1 106 1 102 2 98 1 96 1 94 1 88 1 86 1 84 2 82 1 78 1 74 2 72 2 70 2 66 1 60 2 58 1 56 1 54 2 52 1 50 1 48 2 46 1 44 2 40 2 36 1 34 2 32 1 28 1 26 1 24 1 22 1 20 2
75 189 2 187 2 185 1 183 2 181 1 179 2 177 1 175 2 173 1 171 2 169 1 165 1 163 2 161 1 159 2 157 2 153 2 151 2 149 1 147 2 141 1 139 1 135 1 133 1 131 1 129 2 127 1 125 2 123 1 121 2 119 1 117 2 115 1 113 2 111 1 109 2 107 1 105 2 103 1 101 2 99 1 97 2 95 1 93 2 91 2 89 1 87 2 85 2 81 2 79 2 77 1 75 2 73 1 71 2 69 1 67 2 65 1 63 2 61 1 57 2 55 2 51 2 49 2 45 2 43 2 41 2 39 2 37 2 35 2 31 1 29 1 27 1 23 2 21 1 17 1
67 190 2 188 1 186 2 182 1 180 1 178 1 174 2 170 1 168 1 166 1 164 2 162 1 158 1 156 1 154 2 152 1 150 2 146 1 144 2 140 2 138 2 136 1 134 2 132 2 130 2 126 1 122 2 120 2 118 2 114 1 110 2 108 2 106 2 102 1 98 2 96 2 94 2 88 1 86 1 84 1 82 2 80 1 78 2 74 1 72 1 70 1 66 2 62 1 60 1 58 2 56 1 54 1 52 2 50 1 48 1 46 2 44 1 40 1 38 1 36 2 34 2 32 1 28 2 26 2 24 2 22 1 18 1
72 191 1 189 2 185 2 183 2 181 2 179 1 175 1 173 2 171 2 169 2 167 1 165 1 163 2 161 2 159 2 157 1 155 1 153 2 149 2 147 2 143 2 141 1 139 2 137 2 135 1 131 2 127 2 125 1 123 1 121 1 119 2 115 2 113 1 111 1 109 1 107 2 103 2 101 1 99 1 97 1 95 2 91 1 87 2 85 1 83 1 81 2 77 2 75 2 73 2 71 1 67 1 65 2 63 2 61 2 59 1 57 2 55 1 53 1 51 2 49 1 47 1 45 2 43 2 39 2 37 1 35 2 33 2 31 2 27 1 25 2 23 2 19 2
48 190 2 184 1 180 1 176 1 172 1 170 1 166 1 164 1 162 2 160 2 156 2 154 2 148 1 144 2 138 1 136 1 132 2 128 2 124 2 120 2 116 2 112 2 108 2 104 2 100 2 96 2 92 2 90 2 88 2 84 2 82 2 76 1 72 1 68 1 64 1 62 1 58 2 54 2 52 2 48 2 46 2 42 1 36 1 34 1 32 1 30 2 26 1 24 1
54 191 1 187 1 179 1 177 2 175 1 171 1 169 2 167 2 165 1 161 1 159 1 157 2 155 1 151 1 145 1 141 2 139 1 137 2 133 2 131 2 129 1 127 2 119 2 117 1 115 2 107 2 105 1 103 2 95 2 93 1 91 1 89 1 87 1 85 2 83 1 79 1 71 1 69 2 67 1 63 1 61 2 59 2 57 1 55 2 53 1 51 1 49 2 47 1 45 2 41 2 39 2 37 2 29 1 27 1
54 188 1 182 1 180 2 178 1 172 2 170 1 168 1 164 2 162 2 160 1 158 1 156 2 152 1 146 1 140 2 138 1 134 2 132 1 130 2 122 2 120 1 118 2 110 2 108 1 106 2 98 2 96 1 94 2 90 2 88 1 86 1 84 2 80 1 74 1 72 2 70 1 64 2 62 1 60 1 56 1 54 2 52 1 50 1 48 2 46 2 44 1 42 1 40 2 38 1 32 1 30 2 28 2 26 2 22 1
55 189 1 187 2 185 1 181 1 177 1 173 1 171 2 167 2 165 2 163 2 159 2 157 2 153 1 151 2 149 1 145 2 143 2 141 1 139 1 135 2 133 1 129 2 125 2 121 2 117 2 113 2 109 2 105 2 101 2 97 2 93 2 91 2 87 2 85 2 81 1 79 2 77 1 73 1 69 1 65 1 63 2 59 2 57 2 55 2 51 2 49 2 43 2 41 2 39 1 37 1 35 2 31 2 29 1 25 2 23 2
68 190 1 188 2 186 2 184 2 182 1 178 1 176 2 172 1 168 2 166 2 164 1 162 1 160 2 158 1 156 1 154 1 152 2 150 2 148 2 146 1 140 2 138 2 136 2 134 1 130 2 128 1 126 1 124 1 122 2 118 2 116 1 114 1 112 1 110 2 106 2 104 1 102 1 100 1 98 2 94 2 92 1 90 1 88 2 86 1 84 1 82 1 80 2 78 2 76 2 74 1 70 1 68 2 64 1 60 2 58 2 56 1 54 1 52 2 50 1 48 1 40 2 38 1 36 2 34 2 30 1 28 2 26 2 24 2
55 191 1 189 1 183 2 179 1 177 1 167 2 165 2 163 2 161 1 159 2 157 1 155 1 153 1 147 2 141 1 139 2 137 2 135 2 131 2 129 2 127 2 123 1 119 2 117 2 115 2 111 1 107 2 105 2 103 2 99 1 95 2 93 2 91 2 89 1 87 2 85 1 83 1 81 1 75 2 71 1 69 1 59 2 57 2 55 2 53 1 51 2 49 1 47 1 43 2 41 2 39 2 37 2 31 1 29 1 27 1
72 190 1 188 1 186 2 184 1 182 2 180 1 178 2 174 2 172 2 170 1 168 2 166 1 164 2 162 1 160 2 156 2 154 1 152 1 150 2 148 1 146 2 144 1 142 2 138 1 136 2 134 2 132 2 130 1 128 2 126 1 124 2 122 1 120 2 118 1 116 2 114 1 112 2 110 1 108 2 106 1 104 2 102 1 100 2 98 1 96 2 94 1 92 2 90 1 88 2 84 2 82 1 80 1 78 2 76 1 74 2 72 1 70 2 66 2 64 2 62 1 60 2 58 1 56 2 54 1 52 2 48 2 44 2 42 2 38 1 34 2 30 1 26 2
64 191 1 189 2 187 1 183 1 179 2 177 2 175 2 173 1 171 1 169 1 167 1 165 1 163 1 159 1 157 2 155 1 153 2 151 1 147 1 143 2 141 2 139 1 137 2 135 1 133 2 131 1 129 1 127 1 123 2 119 1 117 1 115 1 111 2 107 1 105 1 103 1 99 2 95 1 93 1 91 1 87 1 85 2 83 1 81 2 79 1 75 1 71 2 69 2 67 2 65 1 63 1 61 1 59 1 57 1 55 1 51 1 49 2 47 1 41 2 39 1 37 1 31 1 29 2 25 2
65 190 2 188 2 184 2 182 1 180 1 178 2 176 2 174 2 168 2 166 2 164 1 160 2 158 1 156 2 154 2 152 2 148 2 146 1 144 1 142 2 140 2 138 1 136 1 134 1 132 2 130 2 128 1 124 1 122 2 120 2 118 2 116 1 112 1 110 2 108 2 106 2 104 1 100 1 98 2 96 2 94 2 92 1 88 2 86 1 84 2 82 2 80 2 76 2 74 1 72 1 70 2 68 2 66 2 60 2 58 2 56 1 52 2 50 1 48 2 42 1 38 1 34 2 30 1 28 2 26 2
51 187 2 185 2 181 2 179 1 177 2 175 2 173 2 169 1 165 1 161 1 159 2 157 2 151 2 149 2 145 2 143 1 141 2 139 1 133 1 129 1 125 1 121 1 117 1 113 1 109 1 105 1 101 1 97 1 93 1 89 1 87 2 85 2 79 2 77 2 73 2 71 1 69 2 67 2 65 2 61 1 57 1 53 1 51 2 49 2 45 1 43 2 41 1 39 1 37 2 31 1 29 2
42 186 1 184 2 180 2 174 2 172 2 164 1 160 2 158 1 156 1 150 1 148 2 144 2 138 2 128 1 126 2 124 1 116 1 114 2 112 1 104 1 102 2 100 1 92 1 88 2 86 1 84 1 78 1 76 2 72 2 66 2 64 2 56 1 52 2 50 1 48 1 46 1 44 2 42 1 40 2 38 2 34 2 28 2
42 191 1 179 2 175 1 173 1 167 1 165 2 163 2 159 2 157 1 155 1 143 2 139 1 137 2 131 1 129 2 127 1 119 1 117 2 115 1 107 1 105 2 103 1 95 1 93 2 91 2 87 2 85 1 83 1 71 2 67 1 65 1 59 1 57 2 55 2 51 2 49 1 47 1 45 1 43 2 41 2 39 1 29 2
46 188 2 186 2 182 2 178 1 176 2 174 1 170 1 166 1 162 2 156 2 152 2 150 2 146 2 142 1 140 2 138 1 134 1 130 1 126 1 122 1 118 1 114 1 110 1 106 1 102 1 98 1 94 1 90 2 84 2 80 2 78 2 74 2 70 1 68 2 66 1 62 1 58 1 54 2 48 2 46 1 44 1 42 2 40 1 38 1 36 2 34 2
66 191 1 189 1 187 1 185 1 183 2 181 1 175 1 173 2 171 2 169 2 167 1 163 2 161 1 159 1 157 2 155 1 153 1 151 1 149 1 147 2 145 1 139 1 137 2 135 2 133 2 131 1 127 1 125 2 123 2 121 2 119 1 115 1 113 2 111 2 109 2 107 1 103 1 101 2 99 2 97 2 95 1 91 2 89 1 87 1 85 2 83 1 81 1 79 1 77 1 75 2 73 1 67 1 65 2 63 2 61 2 59 1 55 2 53 1 51 1 49 2 47 1 45 1 41 1 39 1 37 1 35 2
50 190 1 186 2 184 1 178 1 174 1 168 2 164 1 162 2 160 2 158 1 156 2 154 1 150 2 148 1 142 1 138 1 132 2 128 1 126 1 124 1 120 2 116 1 114 1 112 1 108 2 104 1 102 1 100 1 96 2 92 1 90 2 88 2 86 1 84 2 82 1 78 2 76 1 70 1 66 1 60 2 56 1 54 2 52 2 50 1 48 2 46 1 44 2 42 2 38 2 36 1
61 189 2 187 2 185 1 183 1 181 1 179 2 177 1 173 2 169 1 167 2 165 1 159 2 157 2 153 2 151 2 149 1 147 1 145 1 143 2 141 1 137 2 133 1 131 2 129 1 127 2 125 1 123 2 121 1 119 2 117 1 115 2 113 1 111 2 109 1 107 2 105 1 103 2 101 1 99 2 97 1 95 2 93 1 87 2 85 2 81 2 79 2 77 1 75 1 73 1 71 2 69 1 65 2 61 1 59 2 57 1 51 2 49 2 45 2 43 2 41 1 35 1
63 190 2 188 1 186 1 184 1 182 1 180 1 178 2 176 2 174 2 170 1 168 1 164 2 162 1 158 1 156 1 154 2 152 1 150 1 148 1 146 1 144 1 142 2 140 2 138 2 134 1 132 1 128 2 126 2 124 2 120 1 116 2 114 2 112 2 108 1 104 2 102 2 100 2 96 1 92 2 90 1 86 1 84 1 82 2 80 1 78 1 76 1 74 1 72 1 70 2 68 2 66 2 62 1 60 1 56 2 54 1 50 1 48 1 46 2 44 1 42 1 38 2 36 2 34 2
62 191 1 189 2 185 1 183 2 181 1 177 1 173 2 171 2 169 1 167 1 165 1 161 1 159 2 157 1 155 1 153 2 149 1 147 2 145 1 141 1 137 2 135 2 133 1 131 1 129 1 127 1 125 2 121 2 119 1 117 1 115 1 113 2 109 2 107 1 105 1 103 1 101 2 97 2 95 1 93 1 89 1 87 2 85 1 83 1 81 2 77 1 75 2 73 1 69 1 65 2 63 2 61 1 59 1 57 1 53 1 51 2 49 1 47 1 45 2 41 1 39 1 35 2
47 190 2 188 2 186 2 184 2 182 1 180 2 172 2 170 1 166 2 162 1 156 2 154 2 152 2 150 2 148 2 146 1 144 2 136 2 134 1 130 2 126 2 122 2 118 2 114 2 110 2 106 2 102 2 98 2 94 2 90 1 84 2 82 2 80 2 78 2 76 2 74 1 72 2 64 2 62 1 58 2 54 1 48 2 46 2 44 2 42 2 40 1 38 2
49 191 1 189 2 187 2 179 1 177 1 175 2 173 2 171 2 169 2 163 2 159 1 157 2 155 1 153 2 151 2 143 1 141 1 139 2 137 2 135 2 133 2 125 2 123 1 121 2 113 2 111 1 109 2 101 2 99 1 97 2 91 2 87 1 85 2 83 1 81 2 79 2 71 1 69 1 67 2 65 2 63 2 61 2 55 2 51 1 49 2 47 1 45 2 43 2 37 2
52 190 1 188 1 184 2 182 1 180 2 178 1 176 2 174 1 172 1 170 1 164 2 158 1 156 2 154 1 152 1 148 2 146 1 144 2 142 1 140 2 138 1 136 1 134 1 128 2 126 1 124 2 116 2 114 1 112 2 104 2 102 1 100 2 92 2 86 1 84 2 82 1 80 1 76 2 74 1 72 2 70 1 68 2 66 1 64 1 62 1 56 2 50 1 48 2 46 1 44 1 40 2 38 2
47 189 2 185 1 181 2 179 1 177 2 171 2 169 2 167 2 163 1 161 1 159 2 157 2 153 2 149 1 145 2 143 1 141 2 135 2 133 2 131 2 127 2 123 2 119 2 115 2 111 2 107 2 103 2 99 2 95 2 91 1 89 1 87 2 85 2 81 2 77 1 73 2 71 1 69 2 63 2 61 2 59 2 55 1 53 1 51 2 49 2 45 2 41 1
50 190 2 186 1 178 1 176 2 174 1 172 2 170 1 168 1 166 1 164 2 158 1 154 2 150 1 142 1 140 2 138 1 136 2 134 1 132 1 130 1 128 2 124 2 122 1 120 1 118 1 116 2 112 2 110 1 108 1 106 1 104 2 100 2 98 1 96 1 94 1 92 2 86 1 82 2 78 1 70 1 68 2 66 1 64 2 62 1 60 1 58 1 56 2 50 1 46 2 42 1
43 191 1 179 1 177 1 175 1 173 2 171 2 169 1 165 1 159 2 157 2 155 1 143 1 141 1 139 1 137 2 135 2 133 1 129 1 125 2 123 2 121 2 117 1 113 2 111 2 109 2 105 1 101 2 99 2 97 2 93 1 87 2 85 2 83 1 71 1 69 1 67 1 65 2 63 2 61 1 57 1 51 2 49 2 47 1
49 188 2 176 2 170 2 168 1 166 2 164 1 162 2 160 1 158 1 156 2 152 2 140 2 134 2 132 1 130 2 128 1 126 2 124 1 122 2 120 1 118 2 116 1 114 2 112 1 110 2 108 1 106 2 104 1 102 2 100 1 98 2 96 1 94 2 92 1 90 2 88 1 86 1 84 2 80 2 68 2 62 2 60 1 58 2 56 1 54 2 52 1 50 1 48 2 44 2
37 189 2 177 2 175 2 171 1 165 2 161 1 159 1 157 2 153 2 141 2 139 2 135 1 129 2 125 1 123 1 121 1 117 2 113 1 111 1 109 1 105 2 101 1 99 1 97 1 93 2 89 1 87 1 85 2 81 2 69 2 67 2 63 1 57 2 53 1 51 1 49 2 45 2
43 190 1 178 1 176 2 170 1 166 1 164 2 162 2 160 2 158 1 154 1 142 1 140 2 134 1 130 1 128 2 126 2 124 2 122 1 118 1 116 2 114 2 112 2 110 1 106 1 104 2 102 2 100 2 98 1 94 1 92 2 90 2 88 1 86 1 82 1 70 1 68 2 62 1 58 1 56 2 54 2 52 2 50 1 46 1
31 177 2 175 1 171 2 169 2 167 1 163 1 161 2 159 2 141 2 139 1 135 2 133 2 131 1 127 1 123 1 119 1 115 1 111 1 107 1 103 1 99 1 95 1 91 1 69 2 67 1 63 2 61 2 59 1 55 1 53 2 51 2
37 180 1 178 1 176 1 174 1 170 2 168 2 166 1 162 2 160 1 144 1 142 1 140 1 138 1 134 2 132 2 130 1 122 1 120 2 118 1 110 1 108 2 106 1 98 1 96 2 94 1 90 2 88 2 86 1 72 1 70 1 68 1 66 1 62 2 60 2 58 1 54 2 52 1
34 181 1 177 2 175 1 171 1 169 2 163 1 161 1 157 2 145 1 141 2 139 1 135 1 133 2 125 1 123 2 121 1 113 1 111 2 109 1 101 1 99 2 97 1 91 2 89 1 87 2 85 1 73 1 69 2 67 1 63 1 61 2 55 1 53 1 49 2
38 180 1 176 2 174 2 172 2 170 2 168 1 164 1 162 1 160 2 158 1 144 1 140 2 138 2 136 2 134 2 132 1 128 1 124 1 120 1 116 1 112 1 108 1 104 1 100 1 96 1 92 1 90 2 88 1 72 1 68 2 66 2 64 2 62 2 60 1 56 1 54 1 52 2 50 1
40 181 1 179 2 177 2 171 1 167 2 165 1 161 2 159 1 145 1 143 2 141 2 135 1 131 2 129 2 127 2 125 1 121 1 119 2 117 2 115 2 113 1 109 1 107 2 105 2 103 2 101 1 97 1 95 2 93 2 91 1 89 2 87 2 73 1 71 2 69 2 63 1 59 2 57 1 53 2 51 1
40 190 1 180 1 178 1 176 1 172 1 170 2 168 1 166 2 162 1 144 1 142 1 140 1 136 1 134 2 132 1 130 1 126 2 122 1 120 1 118 1 114 2 110 1 108 1 106 1 102 2 98 1 96 1 94 1 90 1 88 2 86 1 82 1 72 1 70 1 68 1 64 1 62 2 60 1 58 2 54 1
44 191 2 189 2 181 1 179 2 175 1 173 1 171 1 167 2 165 2 145 1 143 2 139 1 137 1 135 1 131 1 129 2 127 1 125 2 123 1 121 2 119 1 117 2 115 1 113 2 111 1 109 2 107 1 105 2 103 1 101 2 99 1 97 2 95 1 93 2 85 2 83 2 81 2 73 1 71 2 67 1 65 1 63 1 59 2 57 2
45 190 2 188 2 180 2 178 1 176 1 172 2 170 2 168 2 166 2 164 2 162 1 160 2 144 2 142 1 140 1 136 2 134 2 132 2 130 2 126 1 122 2 120 2 118 2 114 1 110 2 108 2 106 2 102 1 98 2 96 2 94 2 90 2 88 2 82 2 80 2 72 2 70 1 68 1 64 2 62 2 60 2 58 2 56 2 54 1 52 2
62 189 2 185 1 181 1 179 2 177 2 175 2 173 1 169 1 167 2 165 2 163 2 161 1 157 1 155 2 153 2 151 2 149 1 135 2 131 1 129 1 127 2 125 2 121 1 119 2 117 1 115 2 113 2 109 2 107 1 105 1 103 1 101 2 97 2 95 1 93 1 89 2 81 2 77 1 73 1 71 2 69 2 67 2 65 1 63 2 61 1 55 1 49 2 47 1 45 1 43 1 41 2 37 1 35 2 33 2 31 2 29 1 27 2 25 1 19 2 13 1 11 2 7 2
56 190 2 186 2 180 1 178 1 176 2 174 2 168 1 166 1 164 2 162 2 156 1 154 1 152 2 150 2 136 2 134 1 132 2 130 2 128 1 126 1 124 2 120 1 116 2 114 1 108 2 106 2 104 1 102 1 96 2 94 2 92 1 90 1 88 1 82 2 78 2 72 1 70 1 68 2 66 2 64 2 62 1 52 2 48 2 46 2 44 1 42 1 36 1 34 1 32 2 30 2 28 2 26 1 16 1 12 1 10 2 8 2
41 181 1 179 2 177 1 169 1 167 2 165 1 157 1 155 2 153 1 135 2 131 1 129 2 125 2 121 1 119 2 117 1 109 2 107 1 105 2 97 2 95 1 93 2 89 1 73 1 71 2 69 1 63 2 61 1 53 2 49 2 47 1 45 2 37 1 35 2 33 1 27 2 25 1 17 1 13 1 11 2 9 1
40 188 1 186 2 184 1 176 1 174 2 172 1 164 1 162 2 160 1 152 1 150 2 148 1 144 1 136 2 134 1 128 2 126 1 124 2 116 2 114 1 112 2 104 2 102 1 100 2 92 2 90 1 88 2 80 1 78 2 76 1 68 1 66 2 62 1 44 2 42 1 40 2 36 1 32 1 30 2 26 1
55 189 2 187 2 185 1 179 2 177 2 175 1 173 1 167 2 165 2 163 1 161 1 155 2 153 2 151 1 149 1 145 1 135 2 133 1 131 1 129 1 127 2 125 2 119 2 117 1 113 2 107 1 105 1 103 2 101 2 95 1 93 1 91 2 89 2 81 2 79 2 77 1 71 2 69 2 67 1 65 1 63 2 61 1 47 1 45 1 43 2 41 2 37 1 35 2 33 2 31 1 29 1 27 2 25 1 11 2 7 2
61 190 2 186 2 184 1 180 1 178 2 176 2 174 2 172 1 168 1 166 2 164 2 162 2 160 1 156 1 154 2 152 2 150 2 148 1 142 2 136 2 134 1 132 2 130 1 128 1 126 1 124 2 120 1 118 1 116 2 114 1 112 2 108 2 106 1 104 1 102 1 100 2 96 2 94 1 92 1 90 1 88 2 82 2 78 2 76 1 72 1 70 2 68 2 66 2 62 1 48 2 46 1 44 1 42 1 40 2 36 1 34 1 32 2 30 2 26 1 12 1 8 2
48 189 2 185 1 183 1 181 1 177 2 173 1 171 1 169 1 165 2 161 1 157 1 153 2 149 1 147 1 143 2 129 1 125 2 123 2 121 1 117 1 113 2 111 2 109 2 105 1 101 2 99 2 97 2 93 1 89 2 81 2 77 1 75 1 73 1 69 2 65 1 63 1 61 1 49 2 45 1 41 2 39 2 37 1 35 2 33 2 29 1 27 1 25 1 13 1
53 190 2 188 1 186 2 184 2 178 1 176 1 174 2 172 2 166 1 164 1 162 2 160 1 154 1 152 1 150 2 148 2 144 1 134 1 130 2 128 2 126 1 124 1 116 2 114 1 112 1 106 2 104 2 102 1 100 1 94 2 92 2 90 1 88 2 82 2 80 1 78 2 76 2 70 1 68 1 66 2 64 2 62 1 46 2 44 2 42 1 40 1 36 1 34 1 32 1 30 2 28 2 26 1 10 2
47 189 2 185 1 181 2 179 2 177 2 173 1 169 2 167 2 165 2 161 1 155 2 153 2 149 1 135 2 131 1 129 1 125 2 121 1 119 2 117 1 113 2 109 1 107 1 105 1 101 2 97 1 95 1 93 1 89 2 81 2 77 1 73 2 71 2 69 2 65 1 63 2 61 2 47 1 45 1 41 2 37 2 35 2 33 2 29 1 27 2 25 2 11 2
58 190 2 188 1 186 1 184 1 182 2 178 2 176 1 174 1 172 1 170 2 166 2 164 1 160 1 154 2 152 1 150 1 148 1 146 2 144 1 142 2 136 2 130 1 128 2 126 2 124 2 122 1 118 1 116 2 114 2 112 2 110 1 106 1 104 2 102 2 100 2 98 1 94 1 92 2 88 2 82 2 80 1 78 1 76 1 74 2 70 2 68 1 66 1 62 2 46 1 44 2 42 2 40 2 38 1 36 1 34 1 32 1 30 1 26 2
53 189 2 187 2 185 1 183 1 177 2 175 2 173 1 171 1 165 2 163 1 161 1 153 2 151 2 149 1 147 1 145 1 143 2 133 1 129 1 127 1 125 2 123 2 117 1 115 1 113 2 111 2 105 1 103 1 101 2 99 2 93 1 91 2 89 2 81 2 79 2 77 1 75 1 69 2 67 2 65 1 63 1 61 1 45 1 43 1 41 2 39 2 37 1 35 2 33 2 31 2 29 1 27 1 25 1
42 190 2 188 1 186 2 178 2 176 1 174 2 166 2 164 1 162 2 154 2 152 1 150 2 144 1 142 2 134 1 130 1 128 2 126 1 118 1 116 2 114 1 106 1 104 2 102 1 94 1 92 2 90 1 82 2 80 1 78 2 70 2 68 1 66 2 62 1 46 1 44 2 42 1 36 1 34 1 32 1 30 2 26 1
35 189 1 185 2 183 1 181 2 173 2 171 1 169 2 153 1 149 2 147 1 143 2 125 1 123 2 121 1 113 1 111 2 109 1 101 1 99 2 97 1 81 1 77 2 75 1 73 2 65 2 63 1 61 2 45 2 41 1 39 2 37 2 35 2 29 2 27 1 25 2
52 190 1 188 1 186 1 184 2 182 2 176 1 174 1 172 2 170 2 164 1 160 1 154 1 152 1 150 1 148 2 146 2 144 1 142 2 128 2 126 2 124 1 122 1 116 2 114 2 112 1 110 1 104 2 102 2 100 1 98 1 92 2 88 2 82 1 80 1 78 1 76 2 74 2 68 1 66 1 64 2 62 2 46 2 44 2 42 2 40 1 38 1 36 1 34 2 32 1 30 1 28 2 26 2
51 189 2 185 1 183 1 181 2 177 2 175 1 173 1 171 1 169 2 165 2 161 1 153 2 149 1 147 1 143 2 129 1 127 2 125 2 123 2 121 1 117 1 115 2 113 2 111 2 109 1 105 1 103 2 101 2 99 2 97 1 93 1 89 2 81 2 77 1 75 1 73 2 69 2 67 1 65 1 63 1 61 2 45 1 41 2 39 2 37 2 35 2 33 2 31 1 29 1 27 1 25 2
47 190 2 188 2 186 1 182 2 180 2 178 2 174 1 170 2 168 1 166 2 154 2 152 2 150 1 146 2 144 2 142 2 132 1 130 1 126 2 122 1 120 1 118 1 114 2 110 1 108 1 106 1 102 2 98 1 96 1 94 1 82 2 80 2 78 1 74 2 72 2 70 2 66 1 62 2 60 1 46 1 44 1 42 2 38 1 36 1 34 1 30 1 26 2
47 189 1 187 2 185 2 183 1 181 1 175 2 173 2 171 1 163 1 153 1 151 2 149 2 147 1 145 1 143 2 133 1 127 1 125 1 123 2 121 2 115 1 113 1 111 2 109 2 103 1 101 1 99 2 97 2 91 2 81 1 79 2 77 2 75 1 73 1 67 2 65 2 63 1 45 2 43 1 41 1 39 2 37 2 35 2 31 2 29 2 27 1 25 2
48 190 1 188 1 186 1 182 2 178 1 176 1 174 1 170 2 166 2 164 1 154 1 152 1 150 1 146 2 144 1 142 1 130 2 128 2 126 2 122 1 118 2 116 2 114 2 110 1 106 2 104 2 102 2 98 1 94 2 92 2 82 1 80 1 78 1 74 2 70 1 68 1 66 1 62 2 58 2 46 2 44 2 42 2 38 1 36 1 34 2 32 1 30 1 26 2
49 189 1 185 2 183 2 181 2 179 1 175 1 173 2 171 1 169 2 167 2 153 1 149 2 147 2 143 1 135 1 131 2 127 2 125 1 123 1 121 1 119 2 115 2 113 1 111 1 109 1 107 2 103 2 101 1 99 1 97 1 95 2 81 1 77 2 75 2 73 2 71 1 67 1 65 2 63 1 61 2 59 2 45 2 41 1 39 1 37 2 35 2 31 1 29 2 25 2
49 190 1 188 2 186 1 184 1 182 2 180 2 174 1 170 2 168 1 154 1 152 2 150 1 148 1 146 2 144 2 142 2 136 1 132 1 126 2 124 2 122 1 120 1 114 2 112 2 110 1 108 1 102 2 100 2 98 1 96 1 82 1 80 2 78 1 76 1 74 2 72 2 66 1 62 2 60 1 46 2 44 1 42 2 40 2 38 1 36 1 34 2 30 1 28 2 26 2
32 189 1 185 2 183 1 175 1 173 2 171 1 153 1 149 2 147 1 143 2 127 2 125 1 123 2 115 2 113 1 111 2 103 2 101 1 99 2 81 1 77 2 75 1 67 1 65 2 63 1 45 2 41 1 39 2 35 2 31 1 29 2 27 1
41 190 1 188 2 182 1 180 2 178 1 170 2 168 1 166 2 162 2 154 1 152 2 146 1 144 2 142 1 134 2 132 1 130 2 122 2 120 1 118 2 110 2 108 1 106 2 98 2 96 1 94 2 90 2 82 1 80 2 74 1 72 2 70 1 62 2 60 1 58 2 54 2 46 2 44 1 38 2 36 1 34 2
50 189 1 187 2 185 2 183 2 181 1 179 1 173 2 171 1 167 2 163 2 153 1 151 2 149 2 147 2 145 1 143 1 135 1 133 1 131 2 125 1 123 1 121 2 119 2 113 1 111 1 109 2 107 2 101 1 99 1 97 2 95 2 91 2 81 1 79 2 77 2 75 2 73 1 71 1 65 2 63 1 59 2 55 2 45 2 43 1 41 1 39 1 37 2 35 2 29 2 25 2
61 190 1 188 2 186 1 184 2 182 2 180 2 178 1 174 1 172 1 170 2 168 1 166 2 160 1 154 1 152 2 150 1 148 2 146 2 144 2 142 1 136 1 132 1 130 2 126 2 124 1 122 1 120 1 118 2 114 2 112 1 110 1 108 1 106 2 102 2 100 1 98 1 96 1 94 2 88 1 82 1 80 2 78 1 76 2 74 2 72 2 70 1 66 1 64 1 62 2 60 1 58 2 52 1 46 2 44 1 42 2 40 1 38 1 36 1 34 2 30 1 26 2
38 183 2 179 1 177 1 175 1 171 1 167 2 165 2 161 1 147 2 143 1 141 1 135 1 131 2 129 2 127 2 123 1 119 2 117 2 115 2 111 1 107 2 105 2 103 2 99 1 95 2 93 2 89 1 75 2 71 1 69 1 67 1 63 1 59 2 57 2 53 1 39 1 35 2 31 1
46 188 2 184 1 182 1 180 2 178 2 170 2 168 1 166 1 162 2 152 2 148 1 146 1 144 2 142 2 136 1 134 2 132 1 130 1 124 2 122 2 120 1 118 1 112 2 110 2 108 1 106 1 100 2 98 2 96 1 94 1 90 2 80 2 76 1 74 1 72 2 70 2 62 2 60 1 58 1 54 2 44 1 40 2 38 2 36 1 34 2 28 2
40 189 1 185 2 183 2 179 1 175 2 173 2 171 1 167 2 153 1 149 2 147 2 143 1 139 2 135 1 131 2 127 1 125 1 123 1 119 2 115 1 113 1 111 1 107 2 103 1 101 1 99 1 95 2 81 1 77 2 75 2 71 1 67 2 65 2 63 1 59 2 45 2 41 1 39 1 35 2 29 2
58 190 1 184 2 182 1 180 1 178 1 176 2 172 1 170 2 168 2 166 2 164 1 162 2 160 1 154 1 148 2 146 1 144 1 142 1 140 2 136 1 134 2 132 2 130 2 128 1 124 1 122 2 120 2 118 2 116 1 112 1 110 2 108 2 106 2 104 1 100 1 98 2 96 2 94 2 92 1 90 2 88 1 82 1 76 2 74 1 72 1 70 1 68 2 64 1 62 2 60 2 58 2 56 1 54 2 52 1 46 2 40 1 38 2 34 2
49 187 2 183 2 181 2 179 1 177 1 171 1 169 1 167 2 165 2 163 2 161 1 151 2 147 2 145 2 143 1 141 1 135 1 133 1 131 2 129 2 123 1 121 1 119 2 117 2 111 1 109 1 107 2 105 2 99 1 97 1 95 2 93 2 91 2 89 1 79 2 75 2 73 2 71 1 69 1 63 1 61 1 59 2 57 2 55 2 53 1 43 1 39 1 37 2 35 2
40 188 2 184 2 182 1 180 2 172 1 170 2 168 1 162 2 160 1 152 2 148 2 146 1 144 2 136 1 134 2 132 1 124 1 122 2 120 1 112 1 110 2 108 1 100 1 98 2 96 1 90 2 88 1 80 2 76 2 74 1 72 2 64 1 62 2 60 1 54 2 52 1 44 1 40 1 38 2 36 1
30 179 2 177 1 175 2 171 1 167 1 165 2 161 1 143 2 141 1 139 2 135 1 131 1 129 2 127 1 119 1 117 2 115 1 107 1 105 2 103 1 95 1 93 2 89 1 71 2 69 1 67 2 63 1 59 1 57 2 53 1
47 182 1 180 1 178 2 176 2 172 1 170 2 168 2 166 1 164 1 162 2 160 1 146 1 144 1 142 2 140 2 136 1 134 2 132 2 130 1 128 1 122 2 120 2 118 1 116 1 110 2 108 2 106 1 104 1 98 2 96 2 94 1 92 1 90 2 88 1 74 1 72 1 70 2 68 2 64 1 62 2 60 2 58 1 56 1 54 2 52 1 38 2 34 2
47 183 2 181 1 179 1 177 1 175 2 171 1 169 1 167 2 165 2 161 1 147 2 145 1 143 1 141 1 139 2 135 1 133 1 131 2 129 2 127 1 123 1 121 2 119 2 117 2 115 1 111 1 109 2 107 2 105 2 103 1 99 1 97 2 95 2 93 2 89 1 75 2 73 1 71 1 69 1 67 2 63 1 61 1 59 2 57 2 53 1 39 1 35 2
43 184 2 180 1 176 2 174 2 172 1 170 2 168 2 164 1 162 1 160 1 148 2 144 1 140 2 138 2 136 1 134 2 132 2 128 1 126 1 124 1 120 2 116 1 114 1 112 1 108 2 104 1 102 1 100 1 96 2 92 1 90 1 88 1 76 2 72 1 68 2 66 2 64 1 62 2 60 2 56 1 54 1 52 1 40 1
43 181 2 179 2 177 1 175 1 171 1 169 1 167 1 165 2 163 2 161 1 145 2 143 2 141 1 139 1 135 1 133 1 131 1 129 2 127 2 121 1 119 1 117 2 115 2 109 1 107 1 105 2 103 2 97 1 95 1 93 2 91 2 89 1 73 2 71 2 69 1 67 1 63 1 61 1 59 1 57 2 55 2 53 1 37 2
40 182 1 180 1 176 2 172 2 170 2 168 2 164 1 162 2 160 2 146 1 144 1 140 2 136 2 134 2 132 2 128 1 124 2 122 2 120 2 116 1 112 2 110 2 108 2 104 1 100 2 98 2 96 2 92 1 90 2 88 2 74 1 72 1 68 2 64 2 62 2 60 2 56 1 54 2 52 2 38 2
45 181 1 179 2 177 2 175 2 173 1 171 1 169 1 167 1 165 1 161 2 145 1 143 2 141 2 139 2 137 1 135 1 133 1 131 1 129 1 127 1 125 2 121 2 119 1 117 1 115 1 113 2 109 2 107 1 105 1 103 1 101 2 97 2 95 1 93 1 89 2 73 1 71 2 69 2 67 2 65 1 63 1 61 1 59 1 57 1 53 2
45 180 1 178 1 176 2 174 2 172 1 170 2 168 2 166 2 164 1 162 1 160 1 144 1 142 1 140 2 138 2 136 1 134 2 132 2 130 2 128 1 126 1 120 2 118 2 116 1 114 1 108 2 106 2 104 1 102 1 96 2 94 2 92 1 90 1 88 1 72 1 70 1 68 2 66 2 64 1 62 2 60 2 58 2 56 1 54 1 52 1
33 181 1 179 2 177 1 171 1 169 1 167 1 165 2 161 1 145 1 143 2 141 1 135 1 133 1 131 1 129 2 121 2 119 1 117 2 109 2 107 1 105 2 97 2 95 1 93 2 89 1 73 1 71 2 69 1 63 1 61 1 59 1 57 2 53 1
33 180 2 176 1 174 2 172 2 170 2 164 2 162 1 160 2 144 2 140 1 138 2 136 2 134 2 128 2 126 1 124 2 116 2 114 1 112 2 104 2 102 1 100 2 92 2 90 1 88 2 72 2 68 1 66 2 64 2 62 2 56 2 54 1 52 2
45 181 2 179 2 177 2 175 1 173 1 171 1 169 2 167 1 165 1 163 2 161 2 145 2 143 2 141 2 139 1 137 1 135 1 133 2 131 1 129 1 127 2 125 2 119 1 117 1 115 2 113 2 107 1 105 1 103 2 101 2 95 1 93 1 91 2 89 2 73 2 71 2 69 2 67 1 65 1 63 1 61 2 59 1 57 1 55 2 53 2
45 180 1 176 2 174 2 172 2 170 2 168 2 166 1 164 1 162 1 160 2 144 1 140 2 138 2 136 2 134 2 132 2 130 1 128 1 126 1 124 2 120 2 118 1 116 1 114 1 112 2 108 2 106 1 104 1 102 1 100 2 96 2 94 1 92 1 90 1 88 2 72 1 68 2 66 2 64 2 62 2 60 2 58 1 56 1 54 1 52 2
37 181 1 179 1 177 2 173 1 171 1 169 1 165 1 161 2 145 1 143 1 141 2 137 1 135 1 133 1 129 1 125 2 123 2 121 2 117 1 113 2 111 2 109 2 105 1 101 2 99 2 97 2 93 1 89 2 87 1 73 1 71 1 69 2 65 1 63 1 61 1 57 1 53 2
41 180 2 178 1 176 1 174 2 172 2 170 2 166 2 164 2 162 1 160 2 144 2 142 1 140 1 138 2 136 2 134 2 130 2 128 2 126 1 124 1 118 2 116 2 114 1 112 1 106 2 104 2 102 1 100 1 94 2 92 2 90 1 72 2 70 1 68 1 66 2 64 2 62 2 58 2 56 2 54 1 52 2
40 181 2 179 2 177 2 173 1 171 1 169 2 167 1 165 1 161 2 145 2 143 2 141 2 137 1 135 1 133 2 131 1 129 1 125 2 121 1 119 1 117 1 113 2 109 1 107 1 105 1 101 2 97 1 95 1 93 1 89 2 85 2 73 2 71 2 69 2 65 1 63 1 61 2 59 1 57 1 53 2
41 180 2 176 1 174 1 172 2 170 2 166 1 164 2 160 2 144 2 140 1 138 1 136 2 134 2 130 1 128 2 126 2 124 2 122 1 118 1 116 2 114 2 112 2 110 1 106 1 104 2 102 2 100 2 98 1 94 1 92 2 90 1 88 2 86 2 72 2 68 1 66 1 64 2 62 2 58 1 56 2 52 2
42 181 2 179 1 177 2 175 2 173 1 171 1 169 2 165 1 163 2 161 2 145 2 143 1 141 2 139 2 137 1 135 1 133 2 129 1 127 1 125 2 123 2 117 1 115 1 113 2 111 2 105 1 103 1 101 2 99 2 93 1 89 2 87 1 73 2 71 1 69 2 67 2 65 1 63 1 61 2 57 1 55 2 53 2
30 180 2 176 1 174 2 170 2 166 1 164 2 162 1 144 2 140 1 138 2 134 2 130 1 128 2 126 1 118 1 116 2 114 1 106 1 104 2 102 1 94 1 92 2 90 1 72 2 68 1 66 2 62 2 58 1 56 2 54 1
63 188 1 186 1 182 2 180 2 178 2 174 1 170 2 168 2 166 2 162 1 158 2 156 2 154 2 150 1 146 2 142 2 140 2 138 1 136 1 134 1 132 1 130 1 126 2 124 2 122 1 120 2 114 2 110 1 108 1 106 1 102 2 98 1 96 1 94 1 90 2 86 1 84 2 80 1 78 1 74 2 72 2 70 2 66 1 64 2 62 1 60 2 58 1 56 1 54 2 50 1 46 1 44 1 40 2 32 1 26 2 24 1 22 2 20 2 18 1 16 1 14 2 12 1 8 1
62 189 1 187 1 181 1 179 1 177 2 175 2 169 1 167 1 165 2 163 2 157 1 155 1 153 2 151 2 141 1 139 1 133 2 131 2 129 1 127 1 125 2 119 1 109 2 107 2 105 1 103 1 97 2 95 2 93 1 91 1 89 2 87 2 85 2 81 1 79 1 73 1 71 1 69 2 67 2 63 2 61 2 57 2 55 2 53 2 51 2 47 2 45 2 43 2 39 1 37 2 35 1 33 1 31 1 27 1 25 1 21 1 19 1 15 2 13 2 11 1 9 1 7 1
56 188 1 180 2 178 1 176 2 168 2 166 1 164 2 156 2 154 1 152 2 142 2 140 2 138 2 136 2 132 1 130 2 128 1 120 2 108 1 106 2 104 1 96 1 94 2 92 1 90 1 88 2 86 1 84 1 80 1 72 2 70 1 68 2 64 1 62 1 60 1 58 2 56 1 54 1 52 2 50 1 48 2 46 2 42 2 40 1 38 2 36 1 34 1 30 1 26 2 24 2 22 1 20 2 18 1 16 2 14 1 8 1
73 191 1 187 2 185 2 183 2 181 2 179 1 175 1 173 2 171 2 169 2 167 1 163 2 161 2 157 2 155 1 151 1 149 2 147 2 145 1 141 1 139 2 137 2 135 2 133 1 131 2 127 2 125 1 123 1 121 2 119 1 113 1 111 1 109 1 107 2 103 2 101 1 99 1 97 1 95 2 91 1 89 1 87 2 85 1 83 1 79 2 77 2 75 2 73 2 71 1 67 1 65 2 61 1 59 1 57 2 55 1 53 1 51 2 49 2 45 1 43 1 39 2 37 2 33 2 31 2 27 2 25 2 23 2 21 1 19 2 17 2 15 2 11 2 7 2
65 190 2 186 2 184 1 182 1 176 2 174 2 172 1 170 1 164 1 160 2 158 1 152 2 150 2 148 1 146 1 138 1 136 2 134 2 128 1 126 1 124 2 122 2 120 2 118 2 116 2 114 1 112 2 110 2 104 1 102 1 100 2 98 2 92 1 90 2 88 2 84 2 82 2 78 2 76 1 74 1 68 2 66 2 64 2 60 2 58 2 54 2 52 2 48 1 46 1 44 1 42 2 38 2 36 1 34 1 32 2 30 1 28 1 24 1 22 1 20 1 18 2 14 2 12 1 10 1 8 2
73 191 1 189 1 187 1 185 1 183 2 179 2 177 1 175 1 173 1 171 2 167 2 163 2 159 1 157 2 155 2 153 1 151 1 149 1 147 2 145 1 143 1 141 2 139 1 137 2 133 2 131 1 129 2 127 2 125 2 123 1 121 2 117 2 115 2 113 2 111 1 107 1 105 2 103 2 101 2 99 1 95 1 93 2 89 1 87 1 85 2 83 1 81 1 79 1 77 1 75 2 71 2 69 1 67 1 65 1 61 1 59 1 57 1 55 2 53 1 51 1 49 1 45 1 41 1 37 2 35 2 33 2 29 2 27 1 23 2 19 2 17 1 13 2 11 1
57 190 2 182 1 180 2 178 1 170 1 168 2 166 2 162 2 160 1 156 2 154 1 146 1 144 1 140 2 138 1 134 1 132 1 130 2 122 2 120 1 110 2 108 1 106 2 98 2 96 1 94 2 88 1 86 1 84 2 82 2 74 1 72 2 70 1 64 1 60 2 58 1 56 1 54 2 52 1 50 1 48 2 46 1 44 2 42 1 40 2 38 1 36 1 32 1 30 2 28 2 26 1 24 1 22 1 20 2 18 2 14 1 10 2
55 189 2 183 1 181 1 179 2 177 2 171 1 169 1 167 2 165 1 161 2 159 2 157 2 155 2 153 2 147 1 145 1 143 1 141 1 139 1 131 1 129 1 123 2 121 2 119 2 117 1 111 2 109 2 107 1 105 1 99 2 97 2 95 1 93 1 91 1 87 2 85 2 81 2 75 1 73 1 71 2 69 2 57 2 55 2 51 2 49 2 47 1 45 2 43 1 33 1 31 2 27 2 25 2 21 2 17 1 11 2
65 190 1 188 1 184 2 180 1 178 1 176 1 172 2 168 1 164 2 160 2 158 1 156 1 154 1 152 1 148 2 144 2 142 1 140 2 138 2 134 1 132 2 130 2 128 2 124 1 120 2 118 2 116 2 112 1 108 2 106 2 104 2 100 1 96 2 94 2 92 2 88 1 86 1 84 1 82 1 80 1 76 2 72 1 70 1 68 1 64 1 62 2 60 1 58 2 56 1 54 1 52 2 50 1 48 1 44 1 42 2 40 2 38 2 36 2 32 2 30 1 24 2 22 2 20 1 18 2 16 1
65 191 1 187 1 183 2 179 1 177 1 175 1 171 2 169 2 167 1 161 1 159 2 157 1 155 1 151 1 147 2 145 1 143 2 141 1 139 2 137 2 135 1 133 2 131 2 129 2 127 2 123 1 119 2 117 2 115 2 111 1 107 2 105 2 103 2 99 1 95 2 93 2 87 2 85 1 83 1 79 1 75 2 71 1 69 1 67 1 63 2 59 1 57 2 55 1 53 1 51 2 49 1 47 1 45 1 43 1 41 2 39 2 35 2 31 2 29 1 27 1 25 2 23 2 21 2 19 2 17 1
58 190 1 188 2 186 1 184 1 178 2 176 2 174 1 172 1 170 1 168 2 164 2 162 1 160 1 156 2 154 1 152 2 150 1 148 1 144 1 142 1 138 1 136 1 134 2 130 1 128 1 126 2 124 2 118 1 116 1 114 2 112 2 106 1 104 1 102 2 100 2 94 1 92 1 84 2 82 1 80 2 78 1 76 1 70 2 68 2 66 1 64 1 62 2 60 2 58 2 54 2 52 2 48 2 44 1 36 2 34 1 32 2 26 1 24 2
60 191 1 189 2 185 1 177 1 175 2 173 1 171 1 169 2 167 1 165 2 159 1 157 2 155 1 153 2 149 1 145 2 143 2 141 2 139 1 137 2 129 2 127 1 125 2 117 2 115 1 113 2 105 2 103 1 101 2 93 2 89 2 87 1 85 2 83 1 81 2 77 1 69 1 67 2 65 1 63 1 61 2 59 1 57 1 55 2 53 1 51 1 49 2 47 1 43 1 41 1 39 2 35 1 33 2 31 1 29 2 27 1 25 2 23 1 21 1 19 1
65 184 2 182 1 180 1 178 1 176 2 170 1 168 1 166 2 162 2 160 2 158 1 156 2 148 2 146 1 142 2 140 2 138 1 136 1 134 2 132 2 130 2 128 1 124 1 122 2 120 2 118 2 116 1 112 1 110 2 108 2 106 2 104 1 100 1 98 2 96 2 94 2 92 1 90 2 86 1 84 2 76 2 74 1 72 1 70 1 68 2 62 1 60 1 58 1 56 1 54 2 52 1 50 1 48 2 46 2 44 2 42 1 38 1 36 2 34 2 30 2 28 2 26 2 24 2 22 1 20 1
62 189 2 187 2 185 1 183 1 181 2 179 2 173 2 171 1 169 1 165 1 163 1 161 1 159 2 157 2 153 2 151 2 149 1 147 1 145 1 141 1 139 1 135 2 133 1 131 1 125 2 123 2 121 1 119 1 113 2 111 2 109 1 107 1 101 2 99 2 97 1 95 1 89 2 87 2 85 2 81 2 79 2 77 1 75 1 73 2 71 2 65 2 63 1 61 1 57 2 55 2 51 2 49 2 45 2 43 2 41 2 37 1 35 2 33 2 31 2 29 2 27 2 23 2
62 186 2 184 2 182 2 180 1 176 1 172 2 170 2 168 2 166 2 162 1 160 2 158 1 156 1 150 2 148 2 146 2 142 2 140 2 138 2 136 2 134 1 132 2 128 2 126 1 124 1 122 1 120 2 116 2 114 1 112 1 110 1 108 2 104 2 102 1 100 1 98 1 96 2 92 2 90 1 88 2 86 1 84 1 78 2 76 2 74 2 72 1 68 1 64 2 62 2 60 2 56 1 54 1 52 2 50 1 48 1 46 1 44 2 40 2 32 2 30 1 26 1 22 1
54 191 1 189 1 179 2 177 1 175 1 171 1 167 2 165 2 163 2 161 1 159 2 157 1 155 1 153 1 145 2 141 1 139 2 137 2 135 1 131 1 129 2 127 1 119 1 117 2 115 1 107 1 105 2 103 1 95 1 93 2 89 1 87 2 85 1 83 1 81 1 71 2 69 1 67 1 63 1 59 2 57 2 55 1 53 1 51 2 49 1 47 1 43 2 41 2 39 1 37 1 35 1 31 2 29 1 23 1
59 190 2 188 2 186 1 180 2 178 2 176 1 174 2 172 1 170 1 168 1 166 1 164 1 162 2 160 2 156 2 154 2 152 2 150 1 138 1 136 2 132 1 130 1 128 2 126 2 120 1 118 1 116 2 114 2 108 1 106 1 104 2 102 2 96 1 94 1 92 2 90 2 88 2 84 2 82 2 80 2 78 1 72 2 70 2 68 1 66 2 64 1 62 1 60 1 58 1 54 2 52 2 48 2 46 2 44 1 40 1 32 1 30 1 28 2 26 1
61 191 1 189 2 187 2 185 2 181 1 177 2 173 1 169 1 165 1 163 2 161 1 159 1 157 2 155 1 153 2 151 2 149 2 145 2 143 1 141 2 139 1 137 2 135 2 133 1 129 1 127 1 125 1 121 2 117 1 115 1 113 1 109 2 105 1 103 1 101 1 97 2 93 1 91 2 89 1 87 1 85 2 83 1 81 2 79 2 77 2 73 1 69 2 65 1 61 1 57 1 55 2 53 1 51 1 49 2 47 1 43 2 39 2 37 1 31 2 29 2 27 1
57 190 2 188 2 186 2 184 2 180 1 178 1 176 2 172 1 170 2 168 2 164 1 160 1 158 1 156 2 154 2 152 2 150 2 148 2 144 1 140 2 138 1 134 2 132 2 128 1 126 1 124 1 120 2 116 1 114 1 112 1 108 2 104 1 102 1 100 1 96 2 92 1 88 1 86 1 84 2 82 2 80 2 78 2 76 2 72 1 70 1 68 2 64 1 62 2 60 2 56 1 52 1 50 1 48 2 42 2 38 2 30 2 28 1
49 187 1 185 1 183 2 181 2 179 2 177 1 173 1 159 2 157 2 151 1 149 1 147 2 145 2 143 1 141 1 139 1 135 2 133 2 127 2 125 2 123 1 121 1 115 2 113 2 111 1 109 1 103 2 101 2 99 1 97 1 87 2 85 2 79 1 77 1 75 2 73 2 71 2 69 1 65 1 51 2 49 2 45 1 41 2 39 2 37 2 31 2 29 1 27 1 25 1
49 190 1 186 2 184 1 182 2 180 2 178 1 176 2 174 1 172 2 160 1 158 1 156 1 154 1 150 2 148 1 146 2 144 2 142 1 140 2 138 2 134 2 126 1 124 2 122 1 114 1 112 2 110 1 102 1 100 2 98 1 88 1 86 1 84 1 82 1 78 2 76 1 74 2 72 2 70 1 68 2 66 1 64 2 52 1 50 1 48 1 44 2 30 2 28 2 26 1
59 191 1 189 1 187 2 185 1 181 1 179 2 175 1 167 1 165 1 163 2 159 2 157 1 155 1 153 1 151 2 149 1 145 1 143 2 139 2 137 2 133 1 131 1 129 1 127 1 125 2 121 2 119 1 117 1 115 1 113 2 109 2 107 1 105 1 103 1 101 2 97 2 95 1 93 1 91 2 87 2 85 1 83 1 81 1 79 2 77 1 73 1 71 2 67 1 59 1 57 1 55 2 51 2 49 1 47 1 41 1 39 1 31 2 29 1 25 2
45 190 1 188 1 174 2 172 2 170 2 168 1 166 2 164 2 156 2 154 1 152 1 138 1 136 1 132 1 130 2 128 2 122 1 120 1 118 2 116 2 110 1 108 1 106 2 104 2 98 1 96 1 94 2 92 2 84 2 82 1 80 1 66 2 64 2 62 2 60 1 58 2 56 2 48 2 44 2 42 1 40 1 38 1 30 1 28 1 26 2
62 191 1 187 1 185 2 183 2 181 2 171 2 169 2 167 2 165 1 163 2 161 2 159 1 157 2 155 1 151 1 149 2 147 2 145 2 139 2 137 2 135 2 133 2 131 2 129 1 125 1 123 2 121 2 119 2 117 1 113 1 111 2 109 2 107 2 105 1 101 1 99 2 97 2 95 2 93 1 91 2 89 2 87 1 85 2 83 1 79 1 77 2 75 2 73 2 63 2 61 2 59 2 57 1 55 2 53 2 51 1 49 2 47 1 45 2 39 1 37 1 31 1 29 1
43 188 2 186 2 180 1 178 1 174 1 164 2 162 2 158 1 156 2 152 2 150 2 144 1 142 1 138 1 136 1 128 2 126 1 124 2 116 2 114 1 112 2 104 2 102 1 100 2 92 2 90 2 86 1 84 2 80 2 78 2 72 1 70 1 66 1 56 2 54 2 50 1 48 2 46 2 42 2 40 1 38 2 36 1 28 2
47 185 2 181 2 179 1 173 2 171 1 165 2 163 2 161 2 159 2 157 2 149 2 145 2 143 1 135 1 129 2 127 2 125 1 123 1 117 2 115 2 113 1 111 1 105 2 103 2 101 1 99 1 93 2 91 2 89 2 87 2 85 2 77 2 73 2 71 1 65 2 63 1 57 2 55 2 53 2 51 2 49 2 45 1 43 1 41 1 39 2 37 2 29 2
56 188 2 186 1 184 2 178 2 176 1 174 2 172 2 170 2 166 1 162 1 160 2 158 1 156 1 152 2 150 1 148 2 142 2 140 1 138 2 136 2 134 2 130 1 126 2 124 2 122 2 118 1 114 2 112 2 110 2 106 1 102 2 100 2 98 2 94 1 90 1 88 2 86 1 84 1 80 2 78 1 76 2 70 2 68 1 66 2 64 2 62 2 58 1 54 1 52 2 50 1 48 1 46 1 42 1 38 1 36 2 34 2
69 191 1 189 2 187 2 185 1 183 2 181 1 179 2 177 1 175 1 173 2 171 1 169 2 165 1 163 2 161 1 159 2 157 1 155 1 153 2 151 2 149 1 147 2 145 1 143 2 141 1 139 1 137 2 135 1 133 2 129 1 125 2 123 2 121 2 117 1 113 2 111 2 109 2 105 1 101 2 99 2 97 2 93 1 91 2 89 1 87 2 85 1 83 1 81 2 79 2 77 1 75 2 73 1 71 2 69 1 67 1 65 2 63 1 61 2 57 1 55 2 53 1 51 2 49 1 47 1 45 2 43 1 41 1 37 2 35 2
52 190 2 186 1 184 1 182 2 174 2 170 1 168 2 166 2 162 2 160 2 156 2 154 2 150 1 148 1 146 2 138 2 134 1 132 2 130 2 124 1 122 1 120 2 118 2 112 1 110 1 108 2 106 2 100 1 98 1 96 2 94 2 90 2 88 2 84 2 82 2 78 1 76 1 74 2 66 2 62 1 60 2 58 2 54 2 52 2 48 2 46 2 44 2 42 1 40 2 38 1 36 1 34 1
61 191 1 189 2 187 1 185 2 181 2 179 2 177 1 175 2 173 1 169 2 167 2 163 1 161 1 159 1 157 2 155 1 153 2 151 1 149 2 145 2 143 2 141 1 139 2 137 1 133 2 131 2 123 2 121 1 119 2 111 2 109 1 107 2 99 2 97 1 95 2 91 1 89 1 87 1 85 2 83 1 81 2 79 1 77 2 73 2 71 2 69 1 67 2 65 1 61 2 59 2 55 1 53 1 51 1 49 2 47 1 45 2 43 1 41 2 39 1 37 1 35 1
59 190 1 188 1 186 1 182 1 180 2 176 2 172 1 170 2 166 1 164 2 160 1 158 1 156 2 154 1 152 1 150 1 146 1 144 2 140 2 136 1 134 2 130 1 128 2 126 2 124 2 122 1 118 1 116 2 114 2 112 2 110 1 106 1 104 2 102 2 100 2 98 1 94 1 92 2 88 1 86 1 84 2 82 1 80 1 78 1 74 1 72 2 68 2 64 1 62 2 58 1 56 2 52 1 50 1 48 2 46 1 44 1 42 1 40 1 34 2
63 191 2 189 1 185 1 183 2 181 2 179 1 175 1 173 2 171 2 169 2 167 2 165 2 163 2 159 2 157 2 155 2 153 1 149 1 147 2 145 2 143 1 139 1 137 2 135 2 133 2 131 2 129 2 127 1 125 1 119 2 117 2 115 1 113 1 107 2 105 2 103 1 101 1 95 2 93 2 91 2 87 2 85 2 83 2 81 1 77 1 75 2 73 2 71 1 67 1 65 2 63 2 61 2 59 2 57 2 55 2 51 2 49 2 47 2 45 1 41 1 39 1 37 1 35 2
54 190 1 188 2 184 1 182 2 178 1 174 2 170 1 168 1 166 1 164 1 160 1 158 1 154 1 152 2 148 1 146 2 142 1 138 2 134 1 132 1 130 1 128 1 126 2 122 2 120 1 118 1 116 1 114 2 110 2 108 1 106 1 104 1 102 2 98 2 96 1 94 1 92 1 88 1 86 1 82 1 80 2 76 1 74 2 70 1 66 2 62 1 60 1 58 1 56 1 52 1 50 1 46 1 44 2 38 1
46 191 1 189 1 185 2 179 1 177 2 175 1 171 2 169 2 163 1 159 2 157 2 155 1 153 1 149 2 143 1 141 2 139 1 135 2 133 2 125 1 123 2 121 1 113 1 111 2 109 1 101 1 99 2 97 1 91 1 87 2 85 2 83 1 81 1 77 2 71 1 69 2 67 1 63 2 61 2 55 1 51 2 49 2 47 1 45 1 41 2 37 2
35 188 2 182 1 178 2 174 1 172 1 168 2 156 1 152 2 146 1 142 2 138 1 136 1 132 2 126 1 124 1 122 2 120 2 114 1 112 1 110 2 108 2 102 1 100 1 98 2 96 2 84 1 80 2 74 1 70 2 66 1 64 1 60 2 48 1 44 2 38 2
54 191 2 189 1 187 2 181 1 177 1 173 1 171 1 169 1 167 1 163 1 161 2 159 1 157 1 155 2 153 1 151 2 145 1 141 1 137 1 135 1 133 1 131 1 127 2 123 1 121 1 119 1 115 2 111 1 109 1 107 1 103 2 99 1 97 1 95 1 91 1 89 2 87 1 85 1 83 2 81 1 79 2 73 1 69 1 65 1 63 1 61 1 59 1 55 1 53 2 51 1 49 1 47 2 45 1 43 2
50 190 1 188 2 180 2 176 1 172 2 170 1 168 1 166 1 162 2 160 2 158 1 156 1 154 1 152 2 144 2 140 1 136 2 134 1 132 1 130 1 126 2 122 1 120 1 118 1 114 2 110 1 108 1 106 1 102 2 98 1 96 1 94 1 90 2 88 2 86 1 84 1 82 1 80 2 72 2 68 1 64 2 62 1 60 1 58 1 54 2 52 2 50 1 48 1 46 1 44 2
39 181 1 179 1 177 1 175 1 169 2 167 2 165 1 163 1 159 1 145 1 143 1 141 1 139 1 133 2 131 2 129 1 127 1 121 2 119 2 117 1 115 1 109 2 107 2 105 1 103 1 97 2 95 2 93 1 91 1 87 1 73 1 71 1 69 1 67 1 61 2 59 2 57 1 55 1 51 1
46 190 2 180 2 178 2 174 1 172 1 168 1 166 2 164 1 162 2 160 1 158 2 156 2 154 2 144 2 142 2 138 1 136 1 132 1 130 2 128 1 120 1 118 2 116 1 108 1 106 2 104 1 96 1 94 2 92 1 90 2 88 1 86 2 84 2 82 2 72 2 70 2 66 1 64 1 60 1 58 2 56 1 54 2 52 1 50 2 48 2 46 2
47 191 2 181 1 179 1 177 2 175 2 169 1 167 2 163 1 161 1 159 1 157 2 155 2 145 1 143 1 141 2 139 2 133 1 131 2 127 2 125 1 123 1 121 1 119 2 115 2 113 1 111 1 109 1 107 2 103 2 101 1 99 1 97 1 95 2 89 1 85 2 83 2 73 1 71 1 69 2 67 2 61 1 59 2 55 1 53 1 51 1 49 2 47 2
31 176 2 174 1 172 2 170 2 162 1 158 1 140 2 138 1 136 2 134 2 128 1 126 1 124 2 122 2 116 1 114 1 112 2 110 2 104 1 102 1 100 2 98 2 92 1 88 2 86 1 68 2 66 1 64 2 62 2 54 1 50 1
47 181 2 179 1 177 2 173 2 171 2 169 1 167 1 165 1 163 2 161 2 157 2 145 2 143 1 141 2 137 2 135 2 133 1 131 1 129 2 127 2 125 2 123 1 119 1 117 2 115 2 113 2 111 1 107 1 105 2 103 2 101 2 99 1 95 1 93 2 91 1 87 1 73 2 71 1 69 2 65 2 63 2 61 1 59 1 57 1 55 2 53 2 49 2
30 180 1 178 1 176 1 174 2 168 1 162 2 158 2 144 1 142 1 140 1 138 2 132 1 130 2 122 2 120 1 118 2 110 2 108 1 106 2 98 2 96 1 94 2 88 2 72 1 70 1 68 1 66 2 60 1 54 2 50 2
38 179 1 177 1 175 2 171 1 169 1 167 1 163 2 161 2 143 1 141 1 139 2 135 1 133 1 131 1 129 1 123 2 121 2 119 1 117 1 111 2 109 2 107 1 105 1 99 2 97 2 95 1 93 1 91 2 87 2 85 2 71 1 69 1 67 2 63 1 61 1 59 1 55 2 53 2
38 180 2 176 2 174 1 172 2 170 2 168 2 166 1 160 1 144 2 140 2 138 1 136 2 134 2 132 2 130 2 128 2 124 1 120 2 118 2 116 2 112 1 108 2 106 2 104 2 100 1 96 2 94 2 92 2 88 1 86 2 72 2 68 2 66 1 64 2 62 2 60 2 58 1 52 1
40 189 1 181 2 179 2 175 2 173 1 171 1 167 2 165 1 161 1 145 2 143 2 139 2 137 1 135 1 133 1 131 2 129 2 127 2 123 1 119 2 117 2 115 2 111 1 107 2 105 2 103 2 99 1 95 2 93 2 91 1 85 2 81 1 73 2 71 2 67 2 65 1 63 1 59 2 57 1 53 1
41 190 1 180 2 178 1 176 2 170 2 168 2 166 2 164 1 162 1 160 1 144 2 142 1 140 2 134 1 130 1 128 1 126 2 124 2 118 1 116 1 114 2 112 2 106 1 104 1 102 2 100 2 94 1 92 1 90 1 88 1 84 1 82 1 72 2 70 1 68 2 62 2 60 2 58 2 56 1 54 1 52 1
43 191 2 189 2 187 2 181 1 179 1 177 2 175 1 173 2 171 1 169 2 167 1 161 1 145 1 143 1 141 2 139 1 137 2 129 2 127 1 125 2 117 2 115 1 113 2 105 2 103 1 101 2 93 2 91 2 89 2 87 2 85 1 83 2 81 2 79 2 73 1 71 1 69 2 67 1 65 2 63 1 61 2 59 1 53 1
69 188 1 186 2 184 2 182 1 180 2 176 2 172 1 170 1 168 1 164 2 160 1 158 1 156 1 152 2 148 1 146 1 144 1 140 2 136 1 134 2 132 1 130 1 128 2 126 1 124 2 122 2 120 2 116 1 112 2 110 2 104 1 100 2 98 2 96 2 92 1 88 2 86 2 84 2 80 1 78 2 76 2 74 1 72 2 68 2 64 1 62 1 60 1 56 2 52 2 50 1 48 2 46 2 44 1 42 2 40 2 38 1 34 1 30 1 26 2 22 2 18 2 16 1 14 2 12 1 10 1 8 2 6 2 4 1 0 2
62 185 1 183 1 175 2 173 2 171 1 169 1 163 2 161 2 159 1 157 1 151 2 149 2 147 1 145 1 139 2 137 2 135 1 131 2 129 2 125 1 123 2 121 2 115 1 113 1 111 2 109 2 103 1 101 1 99 2 97 2 91 1 89 1 87 2 85 2 77 1 75 1 67 2 65 2 63 1 61 1 55 2 53 1 51 1 47 1 45 1 41 1 39 1 35 2 33 2 31 1 27 1 25 1 23 1 21 1 19 2 17 2 15 2 11 2 9 2 7 1 5 2 1 2
73 188 2 186 1 184 2 182 2 180 1 176 2 174 2 172 2 168 1 164 2 162 2 160 2 156 1 152 1 150 2 148 2 144 1 140 2 138 2 136 2 134 1 132 2 130 1 128 1 126 2 124 1 120 2 116 1 114 1 112 1 108 2 104 1 102 1 100 1 96 2 92 1 90 1 88 1 84 2 80 2 78 1 76 2 74 2 72 1 68 2 66 2 64 2 60 1 56 2 54 2 52 2 50 2 48 1 46 2 44 2 42 1 40 2 38 2 36 1 34 1 32 2 28 2 26 2 24 2 22 2 20 1 16 1 14 1 12 2 10 1 8 1 6 2 2 2
78 189 1 187 2 185 1 183 2 181 2 177 2 175 1 173 1 171 1 169 2 165 2 163 1 161 1 159 1 157 2 151 1 149 1 147 1 145 2 141 2 139 1 137 1 135 1 133 1 131 2 129 1 127 1 125 2 123 2 121 1 117 1 115 2 113 2 111 2 109 1 105 1 103 2 101 2 99 2 97 1 93 1 91 2 89 2 87 2 85 1 81 1 79 2 77 1 75 2 73 2 69 2 67 1 65 1 63 1 61 2 57 2 55 1 53 1 51 2 49 2 47 1 45 2 43 2 41 1 39 2 37 2 35 2 33 2 29 1 25 1 23 1 21 1 17 2 15 1 13 1 11 2 7 1 3 1
64 190 1 188 1 186 1 182 1 180 1 178 2 176 2 170 1 168 1 166 2 164 2 158 1 156 1 152 2 150 1 146 1 144 1 142 2 140 2 134 2 132 2 128 2 126 2 122 2 120 2 118 1 116 1 110 2 108 2 106 1 104 1 98 2 96 2 94 1 92 1 86 2 84 2 82 1 80 1 78 1 74 1 72 1 70 2 68 2 62 1 60 1 58 2 56 2 50 1 48 1 44 1 42 1 38 1 36 1 34 1 30 2 26 2 24 2 22 2 18 1 14 2 12 2 10 2 8 2
63 187 2 185 2 183 1 181 2 173 2 171 1 169 2 161 2 159 1 157 2 155 2 151 2 149 2 147 1 145 2 137 2 135 1 133 1 131 1 129 2 127 1 125 1 123 2 121 1 113 1 111 2 109 1 101 1 99 2 97 1 89 1 87 2 85 1 79 2 77 2 75 1 73 2 65 2 63 1 61 2 53 2 51 1 49 2 47 2 45 1 43 2 41 2 39 1 37 2 35 1 33 2 31 1 29 2 27 1 25 1 23 2 21 1 19 2 17 1 15 2 13 1 11 2 9 2
64 188 1 186 2 184 2 182 1 180 2 172 2 170 1 168 2 160 2 158 1 156 2 152 1 148 2 146 1 144 2 136 2 134 2 132 1 130 1 128 2 126 1 124 1 122 2 120 1 112 1 110 2 108 1 100 1 98 2 96 1 88 1 86 2 84 1 80 1 78 2 76 2 74 1 72 2 64 2 62 1 60 2 52 2 50 1 48 2 46 2 44 1 42 2 40 2 38 1 36 2 34 1 32 2 30 1 28 2 26 2 24 1 22 2 20 1 18 2 16 1 14 2 12 1 10 1 6 2
60 189 1 185 1 183 1 177 2 175 2 173 1 171 1 165 2 163 2 161 1 159 1 153 1 151 2 149 1 147 1 141 2 139 2 137 1 135 1 131 2 129 2 125 2 123 2 117 1 115 1 113 2 111 2 105 1 103 1 101 2 99 2 93 1 91 1 89 2 87 2 81 1 77 1 75 1 69 2 67 2 65 1 63 1 57 2 55 2 53 1 51 1 47 1 45 1 41 1 39 1 35 2 31 1 29 1 27 1 23 1 19 2 17 2 15 2 11 2 7 1
79 190 2 188 2 186 1 184 2 182 2 180 1 178 1 176 2 172 2 170 1 168 1 166 1 164 2 160 2 158 2 156 1 154 2 152 1 150 1 148 2 146 2 144 1 142 1 140 2 136 2 134 1 132 2 130 1 128 1 126 2 124 1 122 2 120 2 118 2 116 1 112 1 110 2 108 2 106 2 104 1 100 1 98 2 96 2 94 2 92 1 88 1 86 2 84 2 82 2 80 2 78 1 76 2 74 2 72 1 70 1 68 2 64 2 62 1 60 1 58 1 56 2 52 2 50 2 48 1 46 2 44 2 42 1 40 2 38 2 36 1 32 2 30 2 28 2 24 2 20 1 18 1 16 1 12 2 8 1
72 191 1 189 1 187 2 185 1 183 2 181 2 179 2 177 2 173 1 169 2 167 2 165 2 161 1 159 2 157 2 155 1 151 2 149 1 147 2 145 2 143 2 141 2 137 1 133 1 131 2 129 1 127 1 125 2 121 1 119 1 117 1 113 2 109 1 107 1 105 1 101 2 97 1 95 1 93 1 89 2 85 1 83 1 81 1 79 2 77 1 75 2 73 2 71 2 69 2 65 1 61 2 59 2 57 2 53 1 51 2 49 2 47 1 45 2 43 2 41 1 39 2 37 2 33 2 31 1 29 1 27 1 25 1 21 1 19 2 17 2 15 2 13 1
64 190 1 188 1 186 1 182 1 180 1 178 2 172 1 170 1 168 2 166 2 158 1 156 1 152 1 150 1 146 1 144 1 142 2 136 1 134 2 132 2 128 2 126 2 124 2 122 2 120 1 118 1 112 2 110 2 108 1 106 1 100 2 98 2 96 1 94 1 88 2 86 2 84 1 82 1 80 1 78 1 74 1 72 1 70 2 64 1 62 1 60 2 58 2 50 1 48 1 44 1 42 1 38 1 36 1 34 1 32 2 30 2 28 2 26 2 22 2 20 1 18 1 16 1 14 2 10 2
66 189 1 187 2 185 2 183 1 181 2 177 2 173 1 171 1 169 1 165 2 159 1 157 2 155 2 153 1 151 2 149 2 147 1 145 2 141 2 137 1 135 1 133 1 131 1 129 2 127 1 125 2 123 2 121 2 117 1 113 2 111 2 109 2 105 1 101 2 99 2 97 2 93 1 89 2 87 2 85 2 81 1 79 2 77 2 75 1 73 2 69 2 65 1 63 1 61 1 57 2 51 1 49 2 47 2 45 1 43 2 41 2 39 1 37 2 35 1 31 1 27 1 23 2 19 2 17 1 15 2 11 2
75 190 2 188 1 186 2 184 2 182 1 180 2 178 1 174 1 172 2 170 2 168 2 166 1 160 2 158 1 156 2 154 2 152 1 150 2 148 2 146 1 144 2 142 1 138 1 136 2 134 2 132 1 130 1 128 2 126 1 124 1 122 1 120 1 118 2 114 2 112 1 110 1 108 1 106 2 102 2 100 1 98 1 96 1 94 2 90 2 88 1 86 1 84 1 82 2 80 1 78 2 76 2 74 1 72 2 70 1 66 1 64 2 62 2 60 2 58 1 52 2 50 1 48 2 46 2 44 1 42 2 40 2 38 1 36 2 32 2 28 2 24 1 20 1 18 2 16 1 12 1
53 191 1 189 1 185 1 183 1 179 2 177 2 175 1 173 1 167 2 165 2 161 1 155 1 153 1 149 1 147 1 143 2 141 2 139 1 137 1 131 2 129 2 125 2 119 1 117 1 115 2 113 2 107 1 105 1 103 2 101 2 95 1 93 1 91 2 89 2 83 1 81 1 77 1 75 1 71 2 69 2 67 1 65 1 59 2 57 2 53 1 47 1 45 1 41 1 39 1 31 2 29 1 27 2 17 2
59 190 2 188 2 186 1 184 2 182 2 180 1 178 1 170 1 168 2 166 1 164 1 158 2 156 1 154 2 152 2 150 1 148 2 146 2 144 1 142 1 134 1 132 2 130 1 128 1 126 2 122 2 120 1 118 2 110 2 108 1 106 2 98 2 96 1 94 2 86 2 84 1 82 2 80 2 78 1 76 2 74 2 72 1 70 1 62 1 60 2 58 1 56 1 50 2 48 1 46 2 44 2 42 1 40 2 38 2 36 1 32 1 30 2 28 1 18 1
59 191 1 189 2 187 2 185 1 183 2 181 2 179 2 177 1 169 1 167 2 165 1 159 2 157 2 155 1 153 2 151 2 149 1 147 2 145 2 143 2 141 1 133 1 131 2 129 1 127 1 121 2 119 1 117 2 109 2 107 1 105 2 97 2 95 1 93 2 85 2 83 1 81 2 79 2 77 1 75 2 73 2 71 2 69 1 61 1 59 2 57 1 51 2 49 2 47 1 45 2 43 2 41 1 39 2 37 2 31 1 29 2 27 1 19 2 15 2
56 188 1 186 1 182 1 180 1 174 1 172 1 170 2 168 2 162 2 158 1 156 1 152 1 150 1 146 1 144 1 138 1 136 1 134 2 132 2 128 2 126 2 124 2 122 1 120 1 114 2 112 2 110 1 108 1 102 2 100 2 98 1 96 1 90 2 88 2 86 1 84 1 80 1 78 1 74 1 72 1 66 1 64 1 62 2 60 2 54 2 50 1 48 1 44 1 42 1 38 1 36 1 32 2 30 1 28 2 20 1 16 1
71 191 1 189 1 187 2 185 2 183 1 181 2 179 2 177 2 175 2 173 1 169 1 167 1 165 2 163 1 157 2 155 1 153 1 151 2 149 2 147 1 145 2 143 2 141 2 139 2 137 1 133 1 131 1 129 2 127 1 125 2 121 2 119 1 117 1 115 1 113 2 109 2 107 1 105 1 103 1 101 2 97 2 95 1 93 1 91 1 89 2 85 2 83 1 81 1 79 2 77 2 75 1 73 2 71 2 69 2 67 2 65 1 61 1 59 1 57 2 55 1 49 2 47 1 45 1 43 2 41 2 39 1 37 2 35 2 31 2 27 2 17 1
64 190 2 188 1 186 2 184 2 182 1 180 2 178 1 176 1 174 1 170 2 168 1 166 1 164 2 158 1 154 2 152 1 150 2 148 2 146 1 144 2 142 1 140 1 138 1 134 2 132 1 130 1 128 2 126 1 122 1 118 2 116 2 114 2 110 1 106 2 104 2 102 2 98 1 94 2 92 2 90 2 86 1 82 2 80 1 78 2 76 2 74 1 72 2 70 1 68 1 66 1 62 2 60 1 58 1 56 2 50 1 46 2 44 1 42 2 40 2 38 1 36 2 32 1 28 1 18 2
50 191 1 189 2 185 1 183 1 179 2 177 1 175 1 167 2 165 2 157 1 155 1 153 2 149 1 147 1 143 2 141 1 139 1 131 2 129 2 121 1 119 1 117 2 115 2 109 1 107 1 105 2 103 2 97 1 95 1 93 2 91 2 85 1 83 1 81 2 77 1 75 1 71 2 69 1 67 1 59 2 57 2 49 1 47 1 45 2 41 1 39 1 33 1 31 2 29 2 27 2
67 190 1 188 2 186 1 184 2 182 2 180 1 178 2 174 1 170 2 168 2 166 1 164 1 162 2 158 1 156 1 154 1 152 2 150 1 148 2 146 2 144 1 142 2 138 1 134 2 132 2 130 1 128 1 126 2 122 1 120 1 118 1 114 2 110 1 108 1 106 1 102 2 98 1 96 1 94 1 90 2 86 1 84 1 82 1 80 2 78 1 76 2 74 2 72 1 70 2 66 1 62 2 60 2 58 1 56 1 54 2 50 1 48 1 46 1 44 2 42 1 40 2 38 2 36 1 34 2 32 1 30 1 28 1
73 191 2 189 2 187 2 185 1 183 2 181 2 179 1 177 1 175 2 171 1 169 1 167 2 165 1 163 1 159 1 157 2 155 2 153 2 151 2 149 1 147 2 145 2 143 1 141 1 139 2 135 1 133 1 131 2 129 1 127 1 123 1 121 2 119 2 117 2 115 1 111 1 109 2 107 2 105 2 103 1 99 1 97 2 95 2 93 2 91 1 87 1 85 2 83 2 81 2 79 2 77 1 75 2 73 2 71 1 69 1 67 2 63 1 61 1 59 2 57 1 55 1 51 1 49 2 47 2 45 2 43 2 41 1 39 2 37 2 35 1 31 2 29 2 27 2
58 188 1 186 1 182 1 180 1 176 1 174 1 172 1 170 2 168 1 164 2 162 2 160 1 158 1 152 1 150 1 146 1 144 1 140 1 138 1 136 1 134 2 132 1 128 2 126 2 124 1 122 1 116 2 114 2 112 1 110 1 104 2 102 2 100 1 98 1 92 2 90 2 88 1 86 1 80 1 78 1 74 1 72 1 68 1 66 1 64 1 62 2 60 1 56 2 54 2 52 1 50 1 44 1 42 1 38 1 36 1 32 1 30 1 28 1
62 191 1 189 2 187 2 185 2 183 1 181 2 179 2 177 1 175 2 173 1 169 2 167 1 165 2 163 1 155 1 153 2 151 2 149 2 147 1 145 2 143 2 141 1 139 2 137 1 133 2 131 1 129 2 127 1 119 1 117 2 115 1 107 1 105 2 103 1 95 1 93 2 91 1 83 1 81 2 79 2 77 2 75 1 73 2 71 2 69 1 67 2 65 1 61 2 59 1 57 2 55 1 47 1 45 2 43 2 41 2 39 1 37 2 35 2 33 1 31 2 29 1 27 2
61 190 1 188 1 186 2 184 2 182 1 180 2 178 2 176 1 174 2 170 1 168 1 166 1 164 2 162 1 154 1 152 1 150 2 148 2 146 1 144 2 142 2 140 1 138 2 134 1 132 1 130 1 128 2 126 1 118 1 116 2 114 1 106 1 104 2 102 1 94 1 92 2 90 1 82 1 80 1 78 2 76 2 74 1 72 2 70 2 68 1 66 2 62 1 60 1 58 1 56 2 54 1 46 1 44 1 42 2 40 2 38 1 36 2 34 2 32 1 30 2 28 1
49 191 2 189 2 185 1 183 1 179 1 177 1 167 2 165 2 159 1 157 1 155 2 153 2 149 1 147 1 143 1 141 1 131 2 129 2 123 1 121 1 119 2 117 2 111 1 109 1 107 2 105 2 99 1 97 1 95 2 93 2 87 1 85 1 83 2 81 2 77 1 75 1 71 1 69 1 59 2 57 2 51 1 49 1 47 2 45 2 41 1 39 1 35 1 33 1 29 2
65 190 1 188 2 186 1 184 2 182 2 180 1 178 2 174 1 170 2 168 1 166 1 162 2 160 2 158 1 154 1 152 2 150 1 148 2 146 2 144 1 142 2 138 1 134 2 132 1 130 1 126 2 124 2 122 1 118 1 116 2 114 2 112 2 110 1 106 1 104 2 102 2 100 2 98 1 94 1 92 2 90 2 88 2 86 1 82 1 80 2 78 1 76 2 74 2 72 1 70 2 66 1 62 2 60 1 58 1 54 2 52 2 50 1 46 1 44 2 42 1 40 2 38 2 36 1 34 2 30 1
66 191 2 187 2 185 1 183 2 181 2 179 1 177 1 175 2 171 1 169 2 167 2 165 2 163 1 161 1 159 1 155 2 151 2 149 1 147 2 145 2 143 1 141 1 139 2 135 1 133 2 131 2 129 2 127 1 125 1 123 1 119 2 115 1 113 1 111 1 107 2 103 1 101 1 99 1 95 2 91 1 89 1 87 1 83 2 79 2 77 1 75 2 73 2 71 1 69 1 67 2 63 1 61 2 59 2 57 2 55 1 53 1 51 1 47 2 43 2 41 1 39 2 37 2 35 1 33 1 31 2 27 2
59 190 2 188 1 186 1 182 1 180 1 178 2 176 1 172 1 170 1 168 1 166 1 164 2 160 1 154 2 152 1 150 1 146 1 144 1 142 2 140 1 136 1 134 1 132 1 130 1 128 2 124 1 118 2 116 2 114 1 112 1 106 2 104 2 102 1 100 1 94 2 92 2 90 1 88 1 82 2 80 1 78 1 74 1 72 1 70 2 68 1 64 1 62 1 60 1 58 1 56 2 52 1 46 2 44 1 42 1 38 1 36 1 34 2 32 1 28 1
57 191 2 189 2 187 2 185 2 183 1 181 2 179 2 177 1 173 1 169 2 165 2 159 1 155 2 153 2 151 2 149 2 147 1 145 2 143 2 141 1 137 1 133 2 129 2 123 1 119 2 117 2 115 2 111 1 107 2 105 2 103 2 99 1 95 2 93 2 91 2 87 1 83 2 81 2 79 2 77 2 75 1 73 2 71 2 69 1 65 1 61 2 57 2 51 1 47 2 45 2 43 2 41 2 39 1 37 2 35 2 33 1 29 1
58 190 1 188 1 186 2 184 2 182 1 178 2 174 2 170 1 166 1 162 1 160 2 156 2 154 1 152 1 150 2 148 2 146 1 142 2 138 2 134 1 130 1 126 1 124 2 120 2 118 1 116 1 114 1 112 2 108 2 106 1 104 1 102 1 100 2 96 2 94 1 92 1 90 1 88 2 84 2 82 1 80 1 78 2 76 2 74 1 70 2 66 2 62 1 58 1 54 1 52 2 48 2 46 1 44 1 42 2 40 2 38 1 34 2 30 2
50 191 2 185 1 183 1 181 1 179 1 169 1 167 2 165 1 161 1 159 1 157 2 155 2 149 1 147 1 145 1 143 1 133 1 131 2 129 1 125 1 123 1 121 2 119 2 113 1 111 1 109 2 107 2 101 1 99 1 97 2 95 2 89 1 87 1 85 2 83 2 77 1 75 1 73 1 71 1 61 1 59 2 57 1 53 1 51 1 49 2 47 2 41 1 39 1 37 1 35 1
41 188 2 186 1 184 2 182 1 180 1 170 2 168 1 166 2 160 2 152 2 150 1 148 2 146 1 144 1 134 2 132 1 130 2 124 2 116 2 114 1 112 2 104 2 102 1 100 2 92 2 90 1 88 2 80 2 78 1 76 2 74 1 72 1 62 2 60 1 58 2 52 2 44 2 42 1 40 2 38 1 36 1
44 187 2 185 1 183 2 181 2 177 1 169 2 167 1 165 2 161 1 159 2 151 2 149 1 147 2 145 2 141 1 133 2 131 1 129 2 125 1 123 2 115 2 113 1 111 2 103 2 101 1 99 2 91 2 89 1 87 2 79 2 77 1 75 2 73 2 69 1 61 2 59 1 57 2 53 1 51 2 43 2 41 1 39 2 37 2 33 1
44 190 2 188 1 186 1 182 1 178 2 170 1 168 2 166 1 156 2 154 2 152 1 150 1 146 1 142 2 134 1 132 2 130 1 120 2 118 2 116 1 114 1 108 2 106 2 104 1 102 1 96 2 94 2 92 1 90 1 84 2 82 2 80 1 78 1 74 1 70 2 62 1 60 2 58 1 48 2 46 2 44 1 42 1 38 1 34 2
46 191 2 187 2 183 1 179 2 169 1 165 1 161 1 159 1 157 1 155 2 151 2 147 1 143 2 133 1 129 1 125 1 123 1 121 1 119 2 115 2 113 1 111 1 109 1 107 2 103 2 101 1 99 1 97 1 95 2 91 2 89 1 87 1 85 1 83 2 79 2 75 1 71 2 61 1 57 1 53 1 51 1 49 1 47 2 43 2 39 1 35 2
42 188 1 186 1 184 2 170 2 166 2 162 2 160 2 158 2 156 2 152 1 150 1 148 2 134 2 130 2 126 2 124 2 122 2 120 2 116 1 112 2 110 2 108 2 104 1 100 2 98 2 96 2 92 1 88 2 86 2 84 2 80 1 78 1 76 2 62 2 58 2 54 2 52 2 50 2 48 2 44 1 42 1 40 2
45 187 2 185 1 181 1 169 1 167 1 165 1 163 2 161 1 159 2 157 2 151 2 149 1 145 1 133 1 131 1 129 1 127 2 125 1 123 2 121 2 115 1 113 1 111 2 109 2 103 1 101 1 99 2 97 2 91 1 89 1 87 2 85 2 79 2 77 1 73 1 61 1 59 1 57 1 55 2 53 1 51 2 49 2 43 2 41 1 37 1
40 186 1 182 1 170 2 168 2 166 2 164 1 160 1 156 2 152 2 150 1 146 1 134 2 132 2 130 2 128 1 124 1 120 2 116 1 114 1 112 1 108 2 104 1 102 1 100 1 96 2 92 1 90 1 88 1 84 2 78 1 74 1 62 2 60 2 58 2 56 1 52 1 48 2 44 2 42 1 38 1
45 189 1 187 2 183 2 169 1 167 1 165 1 161 2 159 2 157 1 153 2 151 2 147 2 133 1 131 1 129 1 125 2 123 2 121 1 117 1 115 2 113 2 111 2 109 1 105 1 103 2 101 2 99 2 97 1 93 1 91 2 89 2 87 2 85 1 81 1 79 2 75 2 61 1 59 1 57 1 53 2 51 2 49 1 45 2 43 2 39 2
40 190 1 188 1 186 2 170 2 168 2 166 2 162 1 158 2 156 2 154 2 152 1 134 2 132 2 130 2 126 1 122 2 120 2 118 1 116 1 110 2 108 2 106 1 104 1 98 2 96 2 94 1 92 1 86 2 84 2 82 1 80 1 78 2 62 2 60 2 58 2 54 1 50 2 48 2 46 2 44 1
34 187 1 169 1 167 2 165 1 163 2 161 1 159 2 157 1 155 2 133 1 131 2 129 1 127 2 125 1 123 2 121 1 113 1 111 2 109 1 101 1 99 2 97 1 89 1 87 2 85 1 79 1 61 1 59 2 57 1 55 2 53 1 51 2 49 1 47 2
39 188 2 186 1 170 2 168 1 166 2 164 1 162 2 160 1 158 2 156 1 150 1 134 2 132 1 130 2 128 1 126 2 124 1 122 2 120 1 112 1 110 2 108 1 100 1 98 2 96 1 88 1 86 2 84 1 80 2 78 1 62 2 60 1 58 2 56 1 54 2 52 1 50 2 48 1 42 1
30 189 1 187 2 167 1 163 2 161 2 159 2 151 2 131 1 127 2 125 2 123 2 117 1 115 1 113 2 111 2 105 1 103 1 101 2 99 2 93 1 91 1 89 2 87 2 81 1 79 2 59 1 55 2 53 2 51 2 43 2
39 190 2 186 2 182 2 168 2 164 1 162 1 160 1 156 2 152 2 132 2 128 1 126 1 124 1 122 2 120 2 118 2 116 1 112 1 110 2 108 2 106 2 104 1 100 1 98 2 96 2 94 2 92 1 88 1 86 2 84 2 82 2 78 2 74 2 60 2 56 1 54 1 52 1 48 2 44 2
39 191 1 189 1 187 1 183 1 169 1 165 1 163 2 161 2 159 2 157 1 153 2 133 1 129 1 127 2 125 2 121 1 119 1 117 1 113 2 109 1 107 1 105 1 101 2 97 1 95 1 93 1 89 2 85 1 83 1 81 1 79 1 75 1 61 1 57 1 55 2 53 2 51 2 49 1 45 2
43 190 1 188 2 186 2 184 1 180 1 170 2 166 2 164 1 162 1 160 1 158 2 154 2 134 2 130 2 128 1 126 1 124 2 122 2 120 1 118 1 112 2 110 2 108 1 106 1 100 2 98 2 96 1 94 1 88 2 86 2 84 1 82 1 80 2 78 2 76 1 72 1 62 2 58 2 56 1 54 1 52 1 50 2 46 2
35 189 1 187 1 185 2 181 2 167 2 163 2 161 1 159 2 155 2 131 2 127 2 125 2 123 2 121 2 117 1 113 2 111 2 109 2 105 1 101 2 99 2 97 2 93 1 89 2 87 2 85 2 81 1 79 1 77 2 73 2 59 2 55 2 53 1 51 2 47 2
56 189 2 187 1 185 2 181 1 177 1 175 2 173 1 165 1 163 2 161 1 153 1 151 2 149 1 141 1 139 2 137 1 135 2 133 2 131 1 127 2 125 2 117 2 115 1 113 2 109 2 105 2 103 1 101 2 93 2 91 1 89 2 81 2 79 1 77 2 73 1 69 1 67 2 65 1 57 1 55 2 53 2 49 1 47 2 43 1 41 2 35 1 33 2 27 2 25 1 23 2 21 1 17 1 13 2 11 1 7 2 5 1
57 188 2 184 1 182 2 180 1 172 1 170 2 168 1 160 1 158 2 156 1 152 2 148 1 146 2 144 1 136 1 134 1 130 2 128 1 126 1 124 2 122 1 120 2 112 2 110 1 108 2 100 2 98 1 96 2 88 2 86 1 84 2 80 2 76 1 74 2 72 1 64 1 62 2 60 1 54 1 52 1 50 2 46 1 44 2 40 1 38 2 36 2 34 2 32 1 28 1 26 1 24 1 22 1 20 2 18 1 16 2 14 1 10 2
63 189 2 187 1 185 2 181 1 175 2 173 2 171 1 169 1 163 2 161 2 159 1 157 1 153 2 151 2 149 2 147 1 145 1 139 2 137 2 133 2 131 1 127 2 125 1 123 2 121 2 115 1 113 1 111 2 109 2 103 1 101 1 99 2 97 2 91 1 89 1 87 2 85 2 81 2 79 1 77 2 73 1 67 2 65 2 63 1 61 1 55 2 53 2 49 1 47 2 43 1 41 2 37 1 35 1 29 2 27 1 25 2 23 2 17 1 13 2 11 1 9 2 7 2 3 2
71 188 2 184 1 182 2 180 1 176 1 174 2 172 2 170 2 168 1 164 1 162 2 160 2 158 2 156 1 152 1 148 2 146 2 144 1 140 1 138 2 136 2 134 1 130 2 128 1 124 1 122 1 120 2 116 2 114 1 112 1 110 1 108 2 104 2 102 1 100 1 98 1 96 2 92 2 90 1 88 1 86 1 84 2 80 2 76 1 74 2 72 1 68 1 66 2 64 2 62 2 60 1 56 1 54 2 52 1 50 2 46 1 44 2 40 1 38 2 36 2 34 2 30 1 26 1 24 1 22 1 18 2 16 2 14 1 10 2 8 1 4 2
65 191 2 189 2 187 1 185 2 181 1 179 1 177 1 173 2 169 1 167 1 165 1 161 2 157 1 155 2 153 1 151 1 149 2 145 1 143 1 141 1 137 2 135 2 133 2 131 1 127 2 125 1 121 2 119 2 117 2 113 1 109 2 107 2 105 2 101 1 97 2 95 2 93 2 89 1 85 2 83 2 81 2 79 1 77 2 73 1 71 1 69 1 65 2 61 1 59 1 57 1 53 2 49 1 47 2 43 1 41 2 37 1 33 2 31 2 29 2 27 2 25 2 21 1 19 1 17 1 13 2
66 188 2 184 1 182 2 180 2 174 1 172 1 170 2 168 2 162 1 160 1 158 2 152 2 150 1 148 1 146 2 144 2 138 1 136 1 134 1 130 2 128 1 124 2 122 1 120 1 114 2 112 2 110 1 108 1 102 2 100 2 98 1 96 1 90 2 88 2 86 1 84 1 80 2 76 1 74 2 72 2 66 1 64 1 62 2 60 2 54 1 52 1 50 2 46 1 44 2 40 1 38 2 36 1 34 2 32 1 30 2 28 1 26 1 24 2 22 1 20 2 18 1 16 2 14 1 12 2 10 2 6 2
61 187 1 185 2 181 1 177 2 175 2 173 2 169 1 165 2 163 2 161 2 157 1 151 2 149 2 145 1 141 2 139 2 137 2 135 2 133 2 131 1 127 2 125 1 121 2 117 1 115 1 113 1 109 2 105 1 103 1 101 1 97 2 93 1 91 1 89 1 85 2 79 1 77 2 73 1 69 2 67 2 65 2 61 1 57 2 55 2 53 2 49 1 47 2 43 1 41 2 37 1 35 1 33 1 29 2 27 2 25 2 23 2 21 2 17 1 13 2 11 1 7 2
70 190 1 188 2 184 1 182 2 180 1 178 2 174 2 172 1 170 1 168 1 166 2 162 2 160 1 158 2 156 1 154 1 152 2 148 1 146 2 144 1 142 2 138 2 136 1 134 1 130 2 128 1 124 2 122 2 120 2 118 1 114 1 112 2 110 2 108 2 106 1 102 1 100 2 98 2 96 2 94 1 90 1 88 2 86 2 84 2 82 1 80 2 76 1 74 2 72 1 70 2 66 2 64 1 62 1 60 1 58 2 54 2 52 1 50 2 46 1 44 2 40 1 38 2 36 2 32 1 30 1 28 1 24 1 20 2 18 2 16 2
63 191 2 189 2 187 1 185 2 181 1 179 1 173 2 171 2 169 1 167 1 161 2 157 1 155 2 153 2 151 1 149 2 145 1 143 1 137 2 135 2 133 2 131 1 127 2 125 1 123 1 121 2 119 2 113 1 111 1 109 2 107 2 101 1 99 1 97 2 95 2 89 1 87 1 85 2 83 2 81 2 79 1 77 2 73 1 71 1 65 2 63 2 61 1 59 1 53 2 49 1 47 2 43 1 41 2 37 1 31 2 29 2 27 1 25 2 19 1 17 1 15 2 13 2 9 2
56 188 2 184 1 182 2 180 2 174 2 172 1 170 2 162 2 160 1 158 2 152 2 148 1 146 2 144 2 138 2 136 1 134 1 130 2 128 1 124 2 122 1 114 1 112 2 110 1 102 1 100 2 98 1 90 1 88 2 86 1 80 2 76 1 74 2 72 2 66 2 64 1 62 2 54 2 52 1 50 2 46 1 44 2 40 1 38 2 36 1 34 2 32 1 30 1 28 1 26 1 22 1 20 2 18 2 16 2 14 1 10 2
50 191 2 187 1 185 2 181 1 179 1 177 2 169 2 167 1 165 2 157 1 155 2 151 1 149 2 145 1 143 1 141 2 135 2 133 2 131 1 127 2 121 1 119 2 117 1 109 1 107 2 105 1 97 1 95 2 93 1 85 1 83 2 79 1 77 2 73 1 71 1 69 2 61 2 59 1 57 2 49 1 47 2 43 1 41 2 37 1 33 1 31 2 29 1 27 2 21 2 19 1
62 190 1 188 2 184 1 182 2 180 2 178 2 172 1 170 1 168 2 166 2 160 1 158 2 154 1 152 2 148 1 146 2 144 2 142 2 136 1 134 1 130 2 128 1 126 2 124 2 122 2 120 1 118 1 112 2 110 2 108 1 106 1 100 2 98 2 96 1 94 1 88 2 86 2 84 1 82 1 80 2 76 1 74 2 72 2 70 2 64 1 62 1 60 2 58 2 52 1 50 2 46 1 44 2 40 1 38 2 36 1 32 1 28 1 24 2 20 2 18 1 16 2 12 2
70 191 2 187 1 185 2 181 1 179 1 177 2 173 2 171 1 169 1 167 1 165 2 161 2 159 2 157 1 155 2 151 1 149 2 145 1 143 1 141 2 137 2 135 1 133 2 131 1 127 2 125 1 123 2 121 2 119 2 117 1 113 1 111 2 109 2 107 2 105 1 101 1 99 2 97 2 95 2 93 1 89 1 87 2 85 2 83 2 79 1 77 2 73 1 71 1 69 2 65 2 63 1 61 1 59 1 57 2 53 2 51 2 49 1 47 2 43 1 41 2 37 1 33 1 31 2 29 2 27 2 25 2 21 2 19 1 17 1 13 2
59 190 1 188 2 184 1 182 2 180 2 178 2 176 2 174 2 170 1 166 2 164 1 162 2 158 2 154 1 152 2 148 1 146 2 144 2 142 2 140 2 138 2 134 1 130 2 128 1 122 2 118 1 116 1 114 1 110 2 106 1 104 1 102 1 98 2 94 1 92 1 90 1 86 2 82 1 80 2 76 1 74 2 72 2 70 2 68 2 66 2 62 1 58 2 56 1 54 2 50 2 46 1 44 2 40 1 38 2 36 1 32 2 30 1 28 2 18 2
54 191 2 187 1 185 2 181 1 179 1 177 1 171 2 169 2 167 1 157 1 155 2 151 1 149 2 145 1 143 1 141 1 135 2 133 2 131 1 127 2 123 1 121 1 119 2 117 2 111 1 109 1 107 2 105 2 99 1 97 1 95 2 93 2 87 1 85 1 83 2 79 1 77 2 73 1 71 1 69 1 63 2 61 2 59 1 49 1 47 2 43 1 41 2 37 1 33 2 31 2 29 1 27 1 19 1 15 2
62 190 1 188 2 184 1 182 2 180 2 178 2 174 1 172 1 170 1 166 2 162 2 160 1 158 2 154 1 152 2 148 1 146 2 144 2 142 2 138 1 136 1 134 1 130 2 128 1 126 2 124 2 122 2 118 1 114 2 112 2 110 2 106 1 102 2 100 2 98 2 94 1 90 2 88 2 86 2 82 1 80 2 76 1 74 2 72 2 70 2 66 1 64 1 62 1 58 2 54 2 52 1 50 2 46 1 44 2 40 1 38 2 36 1 32 1 30 2 28 1 20 2 16 2
66 191 1 187 1 185 2 181 1 179 2 177 2 175 1 171 1 169 2 167 1 165 2 163 2 159 2 157 1 155 1 151 1 149 2 145 1 143 2 141 2 139 1 135 1 133 2 131 1 127 2 123 2 121 1 119 1 117 1 115 2 111 2 109 1 107 1 105 1 103 2 99 2 97 1 95 1 93 1 91 2 87 2 85 1 83 1 79 1 77 2 73 1 71 2 69 2 67 1 63 1 61 2 59 1 57 2 55 2 51 2 49 1 47 1 43 1 41 2 37 1 35 2 33 1 31 1 29 1 27 2 21 2
53 190 1 188 2 184 1 182 2 178 2 176 2 170 1 166 2 164 1 158 2 156 2 154 1 152 2 148 1 146 2 142 2 140 2 134 1 130 2 128 1 126 2 122 2 120 2 118 1 116 1 110 2 108 2 106 1 104 1 98 2 96 2 94 1 92 1 86 2 84 2 82 1 80 2 76 1 74 2 70 2 68 2 62 1 58 2 56 1 50 2 48 2 46 1 44 2 40 1 38 2 32 2 28 2 18 1
52 191 2 189 1 187 1 185 2 181 1 179 1 171 1 169 2 167 1 159 2 157 1 155 2 153 1 151 1 149 2 145 1 143 1 135 1 133 2 131 1 127 2 123 2 121 1 119 2 111 2 109 1 107 2 99 2 97 1 95 2 87 2 85 1 83 2 81 1 79 1 77 2 73 1 71 1 63 1 61 2 59 1 51 2 49 1 47 2 45 1 43 1 41 2 37 1 31 2 29 1 27 2 19 1
54 190 2 188 2 184 1 182 2 180 2 178 1 176 2 174 1 170 2 166 2 164 1 162 2 154 2 152 2 148 1 146 2 144 2 142 1 140 2 138 1 134 2 130 2 128 1 126 2 118 2 116 1 114 2 106 2 104 1 102 2 94 2 92 1 90 2 82 2 80 2 76 1 74 2 72 2 70 1 68 2 66 1 62 2 58 2 56 1 54 2 46 2 44 2 40 1 38 2 36 1 34 1 32 2 30 2 28 2
57 191 1 187 1 185 2 181 1 179 2 177 1 175 1 171 2 169 2 167 1 163 2 157 1 155 1 151 1 149 2 145 1 143 2 141 1 139 1 135 2 133 2 131 1 127 2 121 1 119 1 117 2 115 2 109 1 107 1 105 2 103 2 97 1 95 1 93 2 91 2 85 1 83 1 79 1 77 2 73 1 71 2 69 1 67 1 63 2 61 2 59 1 55 2 49 1 47 1 43 1 41 2 37 1 35 2 33 2 31 1 29 1 27 2
64 190 1 188 2 184 1 182 2 178 2 176 2 174 1 170 1 168 2 166 2 164 1 162 2 158 2 156 1 154 1 152 2 148 1 146 2 142 2 140 2 138 1 134 1 132 2 130 2 128 1 126 2 122 2 120 1 118 1 116 1 114 2 110 2 108 1 106 1 104 1 102 2 98 2 96 1 94 1 92 1 90 2 86 2 84 1 82 1 80 2 76 1 74 2 70 2 68 2 66 1 62 1 60 2 58 2 56 1 54 2 50 2 48 1 46 1 44 2 40 1 38 2 32 2 30 2 28 2
59 191 1 189 1 187 1 185 2 181 1 179 2 175 1 171 1 169 1 167 1 163 2 161 2 159 2 155 1 153 1 151 1 149 2 145 1 143 2 139 1 135 1 133 1 131 1 127 2 125 2 123 2 119 1 115 2 113 2 111 2 107 1 103 2 101 2 99 2 95 1 91 2 89 2 87 2 83 1 81 1 79 1 77 2 73 1 71 2 67 1 63 1 61 1 59 1 55 2 53 2 51 2 47 1 45 1 43 1 41 2 37 1 35 2 31 1 27 2
56 190 2 188 2 184 1 182 2 178 1 176 2 174 1 170 2 166 2 164 1 162 1 156 2 154 2 152 2 148 1 146 2 142 1 140 2 138 1 134 2 130 2 128 1 126 1 120 2 118 2 116 1 114 1 108 2 106 2 104 1 102 1 96 2 94 2 92 1 90 1 84 2 82 2 80 2 76 1 74 2 70 1 68 2 66 1 62 2 58 2 56 1 54 1 48 2 46 2 44 2 40 1 38 2 34 1 32 2 30 1 28 2
59 191 1 189 1 187 1 185 2 181 1 179 2 175 1 171 2 169 2 167 1 163 2 159 1 157 1 155 1 153 1 151 1 149 2 145 1 143 2 139 1 135 2 133 2 131 1 127 2 123 1 121 1 119 1 115 2 111 1 109 1 107 1 103 2 99 1 97 1 95 1 91 2 87 1 85 1 83 1 81 1 79 1 77 2 73 1 71 2 67 1 63 2 61 2 59 1 55 2 51 1 49 1 47 1 45 1 43 1 41 2 37 1 35 2 31 1 29 1
57 190 2 188 2 184 1 182 2 178 1 174 1 170 2 168 2 166 2 162 2 160 1 156 1 154 2 152 2 148 1 146 2 142 1 138 1 134 2 132 2 130 2 126 2 124 1 120 1 118 2 116 2 114 2 112 1 108 1 106 2 104 2 102 2 100 1 96 1 94 2 92 2 90 2 88 1 84 1 82 2 80 2 76 1 74 2 70 1 66 1 62 2 60 2 58 2 54 2 52 1 48 1 46 2 44 2 40 1 38 2 34 1 30 2
63 191 1 189 1 187 1 185 2 181 1 179 2 177 1 175 1 171 2 169 1 167 1 165 2 163 2 161 2 155 1 153 1 151 1 149 2 145 1 143 2 141 1 139 1 135 2 133 1 131 1 129 2 127 2 125 2 119 1 117 1 115 2 113 2 107 1 105 1 103 2 101 2 95 1 93 1 91 2 89 2 83 1 81 1 79 1 77 2 73 1 71 2 69 1 67 1 63 2 61 1 59 1 57 2 55 2 53 2 47 1 45 1 43 1 41 2 37 1 35 2 33 1 31 1 27 2
52 190 2 188 2 184 1 182 2 178 1 176 2 170 2 168 2 166 2 164 1 162 2 156 1 154 2 152 2 148 1 146 2 142 1 140 2 134 2 132 2 130 2 128 1 126 2 120 1 118 2 116 1 108 1 106 2 104 1 96 1 94 2 92 1 84 1 82 2 80 2 76 1 74 2 70 1 68 2 62 2 60 2 58 2 56 1 54 2 48 1 46 2 44 2 40 1 38 2 34 1 32 2 28 2
40 189 1 187 1 185 2 181 1 171 2 169 1 167 2 161 2 159 1 153 1 151 1 149 2 145 1 135 2 133 1 131 2 125 2 123 1 115 1 113 2 111 1 103 1 101 2 99 1 91 1 89 2 87 1 81 1 79 1 77 2 73 1 63 2 61 1 59 2 53 2 51 1 45 1 43 1 41 2 37 1
52 190 2 188 2 184 1 182 2 180 1 178 1 174 1 170 2 166 2 162 1 160 1 154 2 152 2 148 1 146 2 144 1 142 1 138 1 134 2 130 2 126 1 124 1 118 2 116 2 114 1 112 1 106 2 104 2 102 1 100 1 94 2 92 2 90 1 88 1 82 2 80 2 76 1 74 2 72 1 70 1 66 1 62 2 58 2 54 1 52 1 46 2 44 2 40 1 38 2 36 1 34 1 30 1
64 191 1 189 2 187 1 185 2 181 1 179 2 175 1 171 2 169 1 167 1 165 1 163 2 161 2 159 1 155 1 153 2 151 1 149 2 145 1 143 2 139 1 135 2 133 1 131 1 129 1 127 2 125 2 123 1 119 1 117 2 115 2 113 2 111 1 107 1 105 2 103 2 101 2 99 1 95 1 93 2 91 2 89 2 87 1 83 1 81 2 79 1 77 2 73 1 71 2 67 1 63 2 61 1 59 1 57 1 55 2 53 2 51 1 47 1 45 2 43 1 41 2 37 1 35 2 31 1
41 188 2 184 1 170 1 168 2 166 1 162 2 160 1 158 1 156 1 152 2 148 1 134 1 132 2 130 1 126 2 124 1 122 1 120 1 116 2 112 1 110 1 108 1 104 2 100 1 98 1 96 1 92 2 88 1 86 1 84 1 80 2 76 1 62 1 60 2 58 1 54 2 52 1 50 1 48 1 44 2 40 1
54 189 1 187 1 185 2 183 1 181 1 177 1 171 1 169 1 167 2 165 2 161 2 159 2 153 1 151 1 149 2 147 1 145 1 141 1 135 1 133 1 131 2 129 2 125 2 123 2 117 1 115 1 113 2 111 2 105 1 103 1 101 2 99 2 93 1 91 1 89 2 87 2 81 1 79 1 77 2 75 1 73 1 69 1 63 1 61 1 59 2 57 2 53 2 51 2 45 1 43 1 41 2 39 1 37 1 33 1
50 190 2 188 2 184 1 182 2 178 1 170 2 168 1 166 2 162 2 160 1 156 2 154 2 152 2 148 1 146 2 142 1 134 2 132 1 130 2 126 2 124 1 120 2 118 2 116 2 112 1 108 2 106 2 104 2 100 1 96 2 94 2 92 2 88 1 84 2 82 2 80 2 76 1 74 2 70 1 62 2 60 1 58 2 54 2 52 1 48 2 46 2 44 2 40 1 38 2 34 1
44 189 2 187 1 171 2 169 2 167 2 165 1 161 1 159 1 157 2 153 2 151 1 135 2 133 2 131 2 129 1 125 1 123 1 121 2 117 2 115 1 113 1 111 1 109 2 105 2 103 1 101 1 99 1 97 2 93 2 91 1 89 1 87 1 85 2 81 2 79 1 63 2 61 2 59 2 57 1 53 1 51 1 49 2 45 2 43 1
43 188 2 186 1 184 1 180 1 170 1 166 1 162 1 160 1 158 1 152 2 150 1 148 1 144 1 134 1 130 1 126 1 124 1 122 1 116 2 114 2 112 1 110 1 104 2 102 2 100 1 98 1 92 2 90 2 88 1 86 1 80 2 78 1 76 1 72 1 62 1 58 1 54 1 52 1 50 1 44 2 42 1 40 1 36 1
40 189 2 187 1 185 2 181 1 171 1 169 1 167 2 165 1 161 2 153 2 151 1 149 2 145 1 135 1 133 1 131 2 129 1 125 2 117 2 115 1 113 2 105 2 103 1 101 2 93 2 91 1 89 2 81 2 79 1 77 2 73 1 63 1 61 1 59 2 57 1 53 2 45 2 43 1 41 2 37 1
35 188 1 170 1 168 1 166 1 164 2 162 2 160 2 158 1 156 2 134 1 132 1 130 1 128 2 126 2 124 2 122 1 120 2 112 2 110 1 108 2 100 2 98 1 96 2 88 2 86 1 84 2 80 1 62 1 60 1 58 1 56 2 54 2 52 2 50 1 48 2
40 189 1 187 1 183 1 171 1 169 2 167 2 161 1 159 2 157 2 151 1 147 1 135 1 133 2 131 2 125 1 123 2 121 2 115 1 113 1 111 2 109 2 103 1 101 1 99 2 97 2 91 1 89 1 87 2 85 2 81 1 79 1 75 1 63 1 61 2 59 2 53 1 51 2 49 2 43 1 39 1
46 188 2 186 2 184 1 170 1 168 1 166 1 162 2 160 1 158 1 156 2 152 2 148 1 134 1 132 1 130 1 126 2 124 1 122 1 120 2 116 2 114 1 112 1 110 1 108 2 104 2 102 1 100 1 98 1 96 2 92 2 90 1 88 1 86 1 84 2 80 2 78 2 76 1 62 1 60 1 58 1 54 2 52 1 50 1 48 2 44 2 40 1
38 191 2 189 2 187 2 171 1 169 2 165 1 163 1 161 1 157 2 153 2 135 1 133 2 129 1 127 1 125 1 121 2 119 2 117 2 113 1 109 2 107 2 105 2 101 1 97 2 95 2 93 2 89 1 85 2 83 2 81 2 79 2 63 1 61 2 57 1 55 1 53 1 49 2 45 2
42 188 1 186 1 170 1 168 2 166 1 164 2 162 1 160 2 158 1 156 2 150 1 134 1 132 2 130 1 128 2 126 1 124 2 122 1 120 1 114 2 112 2 110 1 108 1 102 2 100 2 98 1 96 1 90 2 88 2 86 1 84 1 80 1 78 1 62 1 60 2 58 1 56 2 54 1 52 2 50 1 48 2 42 1
36 189 2 187 1 171 1 169 2 167 2 165 2 161 1 157 2 151 1 135 1 133 2 131 2 129 2 125 1 121 2 117 1 115 1 113 1 109 2 105 1 103 1 101 1 97 2 93 1 91 1 89 1 85 2 81 2 79 1 63 1 61 2 59 2 57 2 53 1 49 2 43 1
39 190 1 188 1 186 2 182 2 168 1 164 2 162 2 160 2 156 2 132 1 128 2 126 2 124 2 122 2 120 2 118 1 114 1 112 2 110 2 108 2 106 1 102 1 100 2 98 2 96 2 94 1 90 1 88 2 86 2 84 2 82 1 80 1 78 2 74 2 60 1 56 2 54 2 52 2 48 2
35 191 2 189 1 187 2 183 2 169 2 163 1 161 1 159 2 157 2 133 2 127 1 125 1 123 1 121 2 119 2 113 1 111 1 109 2 107 2 101 1 99 1 97 2 95 2 89 1 87 1 85 2 83 2 81 1 79 2 75 2 61 2 55 1 53 1 51 2 49 2
33 188 1 186 2 180 1 170 1 166 1 164 2 162 2 160 2 158 1 134 1 130 1 128 2 126 2 124 2 122 1 114 1 112 2 110 1 102 1 100 2 98 1 90 1 88 2 86 1 80 1 78 2 72 1 62 1 58 1 56 2 54 2 52 2 50 1
29 191 2 189 2 187 2 185 1 181 1 171 1 165 2 163 1 135 1 129 2 127 1 121 1 119 2 117 1 109 1 107 2 105 1 97 1 95 2 93 1 85 1 83 2 81 2 79 2 77 1 73 1 63 1 57 2 55 1
34 190 1 188 1 182 2 168 2 164 2 162 1 160 2 156 2 132 2 128 2 126 1 124 2 122 2 120 1 118 1 112 2 110 2 108 1 106 1 100 2 98 2 96 1 94 1 88 2 86 2 84 1 82 1 80 1 74 2 60 2 56 2 54 1 52 2 48 2
57 188 2 184 1 182 2 180 1 172 1 170 2 168 1 160 1 158 2 156 1 152 2 148 1 146 2 144 1 136 1 134 1 130 2 128 1 126 1 124 2 122 1 120 2 112 2 110 1 108 2 100 2 98 1 96 2 88 2 86 1 84 2 80 2 76 1 74 2 72 1 64 1 62 2 60 1 54 1 52 1 50 2 46 1 44 2 40 1 38 2 36 2 34 2 32 1 28 1 26 1 24 1 22 1 20 2 18 1 16 2 14 1 10 2
63 189 2 187 1 185 2 181 1 175 2 173 2 171 1 169 1 163 2 161 2 159 1 157 1 153 2 151 2 149 2 147 1 145 1 139 2 137 2 133 2 131 1 127 2 125 1 123 2 121 2 115 1 113 1 111 2 109 2 103 1 101 1 99 2 97 2 91 1 89 1 87 2 85 2 81 2 79 1 77 2 73 1 67 2 65 2 63 1 61 1 55 2 53 2 49 1 47 2 43 1 41 2 37 1 35 1 29 2 27 1 25 2 23 2 17 1 13 2 11 1 9 2 7 2 3 2
71 188 2 184 1 182 2 180 1 176 1 174 2 172 2 170 2 168 1 164 1 162 2 160 2 158 2 156 1 152 1 148 2 146 2 144 1 140 1 138 2 136 2 134 1 130 2 128 1 124 1 122 1 120 2 116 2 114 1 112 1 110 1 108 2 104 2 102 1 100 1 98 1 96 2 92 2 90 1 88 1 86 1 84 2 80 2 76 1 74 2 72 1 68 1 66 2 64 2 62 2 60 1 56 1 54 2 52 1 50 2 46 1 44 2 40 1 38 2 36 2 34 2 30 1 26 1 24 1 22 1 18 2 16 2 14 1 10 2 8 1 4 2
65 191 2 189 2 187 1 185 2 181 1 179 1 177 1 173 2 169 1 167 1 165 1 161 2 157 1 155 2 153 1 151 1 149 2 145 1 143 1 141 1 137 2 135 2 133 2 131 1 127 2 125 1 121 2 119 2 117 2 113 1 109 2 107 2 105 2 101 1 97 2 95 2 93 2 89 1 85 2 83 2 81 2 79 1 77 2 73 1 71 1 69 1 65 2 61 1 59 1 57 1 53 2 49 1 47 2 43 1 41 2 37 1 33 2 31 2 29 2 27 2 25 2 21 1 19 1 17 1 13 2
66 188 2 184 1 182 2 180 2 174 1 172 1 170 2 168 2 162 1 160 1 158 2 152 2 150 1 148 1 146 2 144 2 138 1 136 1 134 1 130 2 128 1 124 2 122 1 120 1 114 2 112 2 110 1 108 1 102 2 100 2 98 1 96 1 90 2 88 2 86 1 84 1 80 2 76 1 74 2 72 2 66 1 64 1 62 2 60 2 54 1 52 1 50 2 46 1 44 2 40 1 38 2 36 1 34 2 32 1 30 2 28 1 26 1 24 2 22 1 20 2 18 1 16 2 14 1 12 2 10 2 6 2
61 187 1 185 2 181 1 177 2 175 2 173 2 169 1 165 2 163 2 161 2 157 1 151 2 149 2 145 1 141 2 139 2 137 2 135 2 133 2 131 1 127 2 125 1 121 2 117 1 115 1 113 1 109 2 105 1 103 1 101 1 97 2 93 1 91 1 89 1 85 2 79 1 77 2 73 1 69 2 67 2 65 2 61 1 57 2 55 2 53 2 49 1 47 2 43 1 41 2 37 1 35 1 33 1 29 2 27 2 25 2 23 2 21 2 17 1 13 2 11 1 7 2
70 190 1 188 2 184 1 182 2 180 1 178 2 174 2 172 1 170 1 168 1 166 2 162 2 160 1 158 2 156 1 154 1 152 2 148 1 146 2 144 1 142 2 138 2 136 1 134 1 130 2 128 1 124 2 122 2 120 2 118 1 114 1 112 2 110 2 108 2 106 1 102 1 100 2 98 2 96 2 94 1 90 1 88 2 86 2 84 2 82 1 80 2 76 1 74 2 72 1 70 2 66 2 64 1 62 1 60 1 58 2 54 2 52 1 50 2 46 1 44 2 40 1 38 2 36 2 32 1 30 1 28 1 24 1 20 2 18 2 16 2
63 191 2 189 2 187 1 185 2 181 1 179 1 173 2 171 2 169 1 167 1 161 2 157 1 155 2 153 2 151 1 149 2 145 1 143 1 137 2 135 2 133 2 131 1 127 2 125 1 123 1 121 2 119 2 113 1 111 1 109 2 107 2 101 1 99 1 97 2 95 2 89 1 87 1 85 2 83 2 81 2 79 1 77 2 73 1 71 1 65 2 63 2 61 1 59 1 53 2 49 1 47 2 43 1 41 2 37 1 31 2 29 2 27 1 25 2 19 1 17 1 15 2 13 2 9 2
56 188 2 184 1 182 2 180 2 174 2 172 1 170 2 162 2 160 1 158 2 152 2 148 1 146 2 144 2 138 2 136 1 134 1 130 2 128 1 124 2 122 1 114 1 112 2 110 1 102 1 100 2 98 1 90 1 88 2 86 1 80 2 76 1 74 2 72 2 66 2 64 1 62 2 54 2 52 1 50 2 46 1 44 2 40 1 38 2 36 1 34 2 32 1 30 1 28 1 26 1 22 1 20 2 18 2 16 2 14 1 10 2
50 191 2 187 1 185 2 181 1 179 1 177 2 169 2 167 1 165 2 157 1 155 2 151 1 149 2 145 1 143 1 141 2 135 2 133 2 131 1 127 2 121 1 119 2 117 1 109 1 107 2 105 1 97 1 95 2 93 1 85 1 83 2 79 1 77 2 73 1 71 1 69 2 61 2 59 1 57 2 49 1 47 2 43 1 41 2 37 1 33 1 31 2 29 1 27 2 21 2 19 1
62 190 1 188 2 184 1 182 2 180 2 178 2 172 1 170 1 168 2 166 2 160 1 158 2 154 1 152 2 148 1 146 2 144 2 142 2 136 1 134 1 130 2 128 1 126 2 124 2 122 2 120 1 118 1 112 2 110 2 108 1 106 1 100 2 98 2 96 1 94 1 88 2 86 2 84 1 82 1 80 2 76 1 74 2 72 2 70 2 64 1 62 1 60 2 58 2 52 1 50 2 46 1 44 2 40 1 38 2 36 1 32 1 28 1 24 2 20 2 18 1 16 2 12 2
70 191 2 187 1 185 2 181 1 179 1 177 2 173 2 171 1 169 1 167 1 165 2 161 2 159 2 157 1 155 2 151 1 149 2 145 1 143 1 141 2 137 2 135 1 133 2 131 1 127 2 125 1 123 2 121 2 119 2 117 1 113 1 111 2 109 2 107 2 105 1 101 1 99 2 97 2 95 2 93 1 89 1 87 2 85 2 83 2 79 1 77 2 73 1 71 1 69 2 65 2 63 1 61 1 59 1 57 2 53 2 51 2 49 1 47 2 43 1 41 2 37 1 33 1 31 2 29 2 27 2 25 2 21 2 19 1 17 1 13 2
59 190 1 188 2 184 1 182 2 180 2 178 2 176 2 174 2 170 1 166 2 164 1 162 2 158 2 154 1 152 2 148 1 146 2 144 2 142 2 140 2 138 2 134 1 130 2 128 1 122 2 118 1 116 1 114 1 110 2 106 1 104 1 102 1 98 2 94 1 92 1 90 1 86 2 82 1 80 2 76 1 74 2 72 2 70 2 68 2 66 2 62 1 58 2 56 1 54 2 50 2 46 1 44 2 40 1 38 2 36 1 32 2 30 1 28 2 18 2
54 191 2 187 1 185 2 181 1 179 1 177 1 171 2 169 2 167 1 157 1 155 2 151 1 149 2 145 1 143 1 141 1 135 2 133 2 131 1 127 2 123 1 121 1 119 2 117 2 111 1 109 1 107 2 105 2 99 1 97 1 95 2 93 2 87 1 85 1 83 2 79 1 77 2 73 1 71 1 69 1 63 2 61 2 59 1 49 1 47 2 43 1 41 2 37 1 33 2 31 2 29 1 27 1 19 1 15 2
62 190 1 188 2 184 1 182 2 180 2 178 2 174 1 172 1 170 1 166 2 162 2 160 1 158 2 154 1 152 2 148 1 146 2 144 2 142 2 138 1 136 1 134 1 130 2 128 1 126 2 124 2 122 2 118 1 114 2 112 2 110 2 106 1 102 2 100 2 98 2 94 1 90 2 88 2 86 2 82 1 80 2 76 1 74 2 72 2 70 2 66 1 64 1 62 1 58 2 54 2 52 1 50 2 46 1 44 2 40 1 38 2 36 1 32 1 30 2 28 1 20 2 16 2
66 191 1 187 1 185 2 181 1 179 2 177 2 175 1 171 1 169 2 167 1 165 2 163 2 159 2 157 1 155 1 151 1 149 2 145 1 143 2 141 2 139 1 135 1 133 2 131 1 127 2 123 2 121 1 119 1 117 1 115 2 111 2 109 1 107 1 105 1 103 2 99 2 97 1 95 1 93 1 91 2 87 2 85 1 83 1 79 1 77 2 73 1 71 2 69 2 67 1 63 1 61 2 59 1 57 2 55 2 51 2 49 1 47 1 43 1 41 2 37 1 35 2 33 1 31 1 29 1 27 2 21 2
53 190 1 188 2 184 1 182 2 178 2 176 2 170 1 166 2 164 1 158 2 156 2 154 1 152 2 148 1 146 2 142 2 140 2 134 1 130 2 128 1 126 2 122 2 120 2 118 1 116 1 110 2 108 2 106 1 104 1 98 2 96 2 94 1 92 1 86 2 84 2 82 1 80 2 76 1 74 2 70 2 68 2 62 1 58 2 56 1 50 2 48 2 46 1 44 2 40 1 38 2 32 2 28 2 18 1
52 191 2 189 1 187 1 185 2 181 1 179 1 171 1 169 2 167 1 159 2 157 1 155 2 153 1 151 1 149 2 145 1 143 1 135 1 133 2 131 1 127 2 123 2 121 1 119 2 111 2 109 1 107 2 99 2 97 1 95 2 87 2 85 1 83 2 81 1 79 1 77 2 73 1 71 1 63 1 61 2 59 1 51 2 49 1 47 2 45 1 43 1 41 2 37 1 31 2 29 1 27 2 19 1
54 190 2 188 2 184 1 182 2 180 2 178 1 176 2 174 1 170 2 166 2 164 1 162 2 154 2 152 2 148 1 146 2 144 2 142 1 140 2 138 1 134 2 130 2 128 1 126 2 118 2 116 1 114 2 106 2 104 1 102 2 94 2 92 1 90 2 82 2 80 2 76 1 74 2 72 2 70 1 68 2 66 1 62 2 58 2 56 1 54 2 46 2 44 2 40 1 38 2 36 1 34 1 32 2 30 2 28 2
57 191 1 187 1 185 2 181 1 179 2 177 1 175 1 171 2 169 2 167 1 163 2 157 1 155 1 151 1 149 2 145 1 143 2 141 1 139 1 135 2 133 2 131 1 127 2 121 1 119 1 117 2 115 2 109 1 107 1 105 2 103 2 97 1 95 1 93 2 91 2 85 1 83 1 79 1 77 2 73 1 71 2 69 1 67 1 63 2 61 2 59 1 55 2 49 1 47 1 43 1 41 2 37 1 35 2 33 2 31 1 29 1 27 2
64 190 1 188 2 184 1 182 2 178 2 176 2 174 1 170 1 168 2 166 2 164 1 162 2 158 2 156 1 154 1 152 2 148 1 146 2 142 2 140 2 138 1 134 1 132 2 130 2 128 1 126 2 122 2 120 1 118 1 116 1 114 2 110 2 108 1 106 1 104 1 102 2 98 2 96 1 94 1 92 1 90 2 86 2 84 1 82 1 80 2 76 1 74 2 70 2 68 2 66 1 62 1 60 2 58 2 56 1 54 2 50 2 48 1 46 1 44 2 40 1 38 2 32 2 30 2 28 2
59 191 1 189 1 187 1 185 2 181 1 179 2 175 1 171 1 169 1 167 1 163 2 161 2 159 2 155 1 153 1 151 1 149 2 145 1 143 2 139 1 135 1 133 1 131 1 127 2 125 2 123 2 119 1 115 2 113 2 111 2 107 1 103 2 101 2 99 2 95 1 91 2 89 2 87 2 83 1 81 1 79 1 77 2 73 1 71 2 67 1 63 1 61 1 59 1 55 2 53 2 51 2 47 1 45 1 43 1 41 2 37 1 35 2 31 1 27 2
56 190 2 188 2 184 1 182 2 178 1 176 2 174 1 170 2 166 2 164 1 162 1 156 2 154 2 152 2 148 1 146 2 142 1 140 2 138 1 134 2 130 2 128 1 126 1 120 2 118 2 116 1 114 1 108 2 106 2 104 1 102 1 96 2 94 2 92 1 90 1 84 2 82 2 80 2 76 1 74 2 70 1 68 2 66 1 62 2 58 2 56 1 54 1 48 2 46 2 44 2 40 1 38 2 34 1 32 2 30 1 28 2
59 191 1 189 1 187 1 185 2 181 1 179 2 175 1 171 2 169 2 167 1 163 2 159 1 157 1 155 1 153 1 151 1 149 2 145 1 143 2 139 1 135 2 133 2 131 1 127 2 123 1 121 1 119 1 115 2 111 1 109 1 107 1 103 2 99 1 97 1 95 1 91 2 87 1 85 1 83 1 81 1 79 1 77 2 73 1 71 2 67 1 63 2 61 2 59 1 55 2 51 1 49 1 47 1 45 1 43 1 41 2 37 1 35 2 31 1 29 1
57 190 2 188 2 184 1 182 2 178 1 174 1 170 2 168 2 166 2 162 2 160 1 156 1 154 2 152 2 148 1 146 2 142 1 138 1 134 2 132 2 130 2 126 2 124 1 120 1 118 2 116 2 114 2 112 1 108 1 106 2 104 2 102 2 100 1 96 1 94 2 92 2 90 2 88 1 84 1 82 2 80 2 76 1 74 2 70 1 66 1 62 2 60 2 58 2 54 2 52 1 48 1 46 2 44 2 40 1 38 2 34 1 30 2
63 191 1 189 1 187 1 185 2 181 1 179 2 177 1 175 1 171 2 169 1 167 1 165 2 163 2 161 2 155 1 153 1 151 1 149 2 145 1 143 2 141 1 139 1 135 2 133 1 131 1 129 2 127 2 125 2 119 1 117 1 115 2 113 2 107 1 105 1 103 2 101 2 95 1 93 1 91 2 89 2 83 1 81 1 79 1 77 2 73 1 71 2 69 1 67 1 63 2 61 1 59 1 57 2 55 2 53 2 47 1 45 1 43 1 41 2 37 1 35 2 33 1 31 1 27 2
52 190 2 188 2 184 1 182 2 178 1 176 2 170 2 168 2 166 2 164 1 162 2 156 1 154 2 152 2 148 1 146 2 142 1 140 2 134 2 132 2 130 2 128 1 126 2 120 1 118 2 116 1 108 1 106 2 104 1 96 1 94 2 92 1 84 1 82 2 80 2 76 1 74 2 70 1 68 2 62 2 60 2 58 2 56 1 54 2 48 1 46 2 44 2 40 1 38 2 34 1 32 2 28 2
40 189 1 187 1 185 2 181 1 171 2 169 1 167 2 161 2 159 1 153 1 151 1 149 2 145 1 135 2 133 1 131 2 125 2 123 1 115 1 113 2 111 1 103 1 101 2 99 1 91 1 89 2 87 1 81 1 79 1 77 2 73 1 63 2 61 1 59 2 53 2 51 1 45 1 43 1 41 2 37 1
52 190 2 188 2 184 1 182 2 180 1 178 1 174 1 170 2 166 2 162 1 160 1 154 2 152 2 148 1 146 2 144 1 142 1 138 1 134 2 130 2 126 1 124 1 118 2 116 2 114 1 112 1 106 2 104 2 102 1 100 1 94 2 92 2 90 1 88 1 82 2 80 2 76 1 74 2 72 1 70 1 66 1 62 2 58 2 54 1 52 1 46 2 44 2 40 1 38 2 36 1 34 1 30 1
64 191 1 189 2 187 1 185 2 181 1 179 2 175 1 171 2 169 1 167 1 165 1 163 2 161 2 159 1 155 1 153 2 151 1 149 2 145 1 143 2 139 1 135 2 133 1 131 1 129 1 127 2 125 2 123 1 119 1 117 2 115 2 113 2 111 1 107 1 105 2 103 2 101 2 99 1 95 1 93 2 91 2 89 2 87 1 83 1 81 2 79 1 77 2 73 1 71 2 67 1 63 2 61 1 59 1 57 1 55 2 53 2 51 1 47 1 45 2 43 1 41 2 37 1 35 2 31 1
41 188 2 184 1 170 1 168 2 166 1 162 2 160 1 158 1 156 1 152 2 148 1 134 1 132 2 130 1 126 2 124 1 122 1 120 1 116 2 112 1 110 1 108 1 104 2 100 1 98 1 96 1 92 2 88 1 86 1 84 1 80 2 76 1 62 1 60 2 58 1 54 2 52 1 50 1 48 1 44 2 40 1
54 189 1 187 1 185 2 183 1 181 1 177 1 171 1 169 1 167 2 165 2 161 2 159 2 153 1 151 1 149 2 147 1 145 1 141 1 135 1 133 1 131 2 129 2 125 2 123 2 117 1 115 1 113 2 111 2 105 1 103 1 101 2 99 2 93 1 91 1 89 2 87 2 81 1 79 1 77 2 75 1 73 1 69 1 63 1 61 1 59 2 57 2 53 2 51 2 45 1 43 1 41 2 39 1 37 1 33 1
50 190 2 188 2 184 1 182 2 178 1 170 2 168 1 166 2 162 2 160 1 156 2 154 2 152 2 148 1 146 2 142 1 134 2 132 1 130 2 126 2 124 1 120 2 118 2 116 2 112 1 108 2 106 2 104 2 100 1 96 2 94 2 92 2 88 1 84 2 82 2 80 2 76 1 74 2 70 1 62 2 60 1 58 2 54 2 52 1 48 2 46 2 44 2 40 1 38 2 34 1
44 189 2 187 1 171 2 169 2 167 2 165 1 161 1 159 1 157 2 153 2 151 1 135 2 133 2 131 2 129 1 125 1 123 1 121 2 117 2 115 1 113 1 111 1 109 2 105 2 103 1 101 1 99 1 97 2 93 2 91 1 89 1 87 1 85 2 81 2 79 1 63 2 61 2 59 2 57 1 53 1 51 1 49 2 45 2 43 1
43 188 2 186 1 184 1 180 1 170 1 166 1 162 1 160 1 158 1 152 2 150 1 148 1 144 1 134 1 130 1 126 1 124 1 122 1 116 2 114 2 112 1 110 1 104 2 102 2 100 1 98 1 92 2 90 2 88 1 86 1 80 2 78 1 76 1 72 1 62 1 58 1 54 1 52 1 50 1 44 2 42 1 40 1 36 1
40 189 2 187 1 185 2 181 1 171 1 169 1 167 2 165 1 161 2 153 2 151 1 149 2 145 1 135 1 133 1 131 2 129 1 125 2 117 2 115 1 113 2 105 2 103 1 101 2 93 2 91 1 89 2 81 2 79 1 77 2 73 1 63 1 61 1 59 2 57 1 53 2 45 2 43 1 41 2 37 1
35 188 1 170 1 168 1 166 1 164 2 162 2 160 2 158 1 156 2 134 1 132 1 130 1 128 2 126 2 124 2 122 1 120 2 112 2 110 1 108 2 100 2 98 1 96 2 88 2 86 1 84 2 80 1 62 1 60 1 58 1 56 2 54 2 52 2 50 1 48 2
40 189 1 187 1 183 1 171 1 169 2 167 2 161 1 159 2 157 2 151 1 147 1 135 1 133 2 131 2 125 1 123 2 121 2 115 1 113 1 111 2 109 2 103 1 101 1 99 2 97 2 91 1 89 1 87 2 85 2 81 1 79 1 75 1 63 1 61 2 59 2 53 1 51 2 49 2 43 1 39 1
46 188 2 186 2 184 1 170 1 168 1 166 1 162 2 160 1 158 1 156 2 152 2 148 1 134 1 132 1 130 1 126 2 124 1 122 1 120 2 116 2 114 1 112 1 110 1 108 2 104 2 102 1 100 1 98 1 96 2 92 2 90 1 88 1 86 1 84 2 80 2 78 2 76 1 62 1 60 1 58 1 54 2 52 1 50 1 48 2 44 2 40 1
38 191 2 189 2 187 2 171 1 169 2 165 1 163 1 161 1 157 2 153 2 135 1 133 2 129 1 127 1 125 1 121 2 119 2 117 2 113 1 109 2 107 2 105 2 101 1 97 2 95 2 93 2 89 1 85 2 83 2 81 2 79 2 63 1 61 2 57 1 55 1 53 1 49 2 45 2
42 188 1 186 1 170 1 168 2 166 1 164 2 162 1 160 2 158 1 156 2 150 1 134 1 132 2 130 1 128 2 126 1 124 2 122 1 120 1 114 2 112 2 110 1 108 1 102 2 100 2 98 1 96 1 90 2 88 2 86 1 84 1 80 1 78 1 62 1 60 2 58 1 56 2 54 1 52 2 50 1 48 2 42 1
36 189 2 187 1 171 1 169 2 167 2 165 2 161 1 157 2 151 1 135 1 133 2 131 2 129 2 125 1 121 2 117 1 115 1 113 1 109 2 105 1 103 1 101 1 97 2 93 1 91 1 89 1 85 2 81 2 79 1 63 1 61 2 59 2 57 2 53 1 49 2 43 1
39 190 1 188 1 186 2 182 2 168 1 164 2 162 2 160 2 156 2 132 1 128 2 126 2 124 2 122 2 120 2 118 1 114 1 112 2 110 2 108 2 106 1 102 1 100 2 98 2 96 2 94 1 90 1 88 2 86 2 84 2 82 1 80 1 78 2 74 2 60 1 56 2 54 2 52 2 48 2
35 191 2 189 1 187 2 183 2 169 2 163 1 161 1 159 2 157 2 133 2 127 1 125 1 123 1 121 2 119 2 113 1 111 1 109 2 107 2 101 1 99 1 97 2 95 2 89 1 87 1 85 2 83 2 81 1 79 2 75 2 61 2 55 1 53 1 51 2 49 2
33 188 1 186 2 180 1 170 1 166 1 164 2 162 2 160 2 158 1 134 1 130 1 128 2 126 2 124 2 122 1 114 1 112 2 110 1 102 1 100 2 98 1 90 1 88 2 86 1 80 1 78 2 72 1 62 1 58 1 56 2 54 2 52 2 50 1
29 191 2 189 2 187 2 185 1 181 1 171 1 165 2 163 1 135 1 129 2 127 1 121 1 119 2 117 1 109 1 107 2 105 1 97 1 95 2 93 1 85 1 83 2 81 2 79 2 77 1 73 1 63 1 57 2 55 1
34 190 1 188 1 182 2 168 2 164 2 162 1 160 2 156 2 132 2 128 2 126 1 124 2 122 2 120 1 118 1 112 2 110 2 108 1 106 1 100 2 98 2 96 1 94 1 88 2 86 2 84 1 82 1 80 1 74 2 60 2 56 2 54 1 52 2 48 2
39 191 2 189 2 187 2 183 1 169 2 165 2 163 1 161 1 157 2 133 2 129 2 127 1 125 1 123 2 121 2 119 2 117 1 113 1 111 2 109 2 107 2 105 1 101 1 99 2 97 2 95 2 93 1 89 1 87 2 85 2 83 2 81 2 79 2 75 1 61 2 57 2 55 1 53 1 49 2
67 191 2 187 2 185 1 183 1 181 1 179 1 175 1 173 1 169 1 167 1 163 1 161 1 157 1 155 1 153 2 151 1 149 1 145 1 143 1 139 1 135 2 133 1 131 2 129 2 125 2 121 2 119 2 115 2 113 2 111 2 109 2 107 2 103 2 101 2 97 2 95 2 91 2 89 2 85 2 83 2 79 2 77 1 75 1 73 1 71 1 67 1 65 1 61 1 59 1 53 1 51 1 49 2 47 1 45 1 43 2 41 1 35 1 33 2 27 1 23 2 21 1 19 2 17 2 15 2 13 1 11 2 7 1
81 188 1 186 2 184 1 182 2 180 1 178 1 176 2 174 1 172 1 170 2 168 1 166 1 164 2 162 1 160 1 158 2 156 1 154 1 152 2 150 2 148 1 146 2 144 1 142 1 140 2 138 1 136 2 134 2 132 1 130 2 126 1 124 2 122 1 120 2 118 2 116 1 114 2 112 2 110 1 108 2 106 2 104 1 102 2 100 2 98 1 96 2 94 2 92 1 90 2 88 2 86 1 84 2 80 1 78 2 76 1 74 2 72 1 70 1 68 2 66 1 64 1 62 2 60 1 58 1 54 1 52 1 50 1 48 2 46 1 44 1 42 2 40 1 34 1 28 2 22 2 20 1 16 2 14 2 12 1 10 1 8 2
77 189 1 187 2 183 2 181 1 179 2 177 2 175 1 173 2 171 2 169 1 167 2 165 2 163 1 161 2 159 2 157 1 155 1 153 2 151 2 149 2 147 2 145 1 143 2 141 2 139 1 137 1 133 1 129 1 127 1 125 1 123 1 121 2 119 1 117 1 115 2 113 1 111 1 109 2 107 1 105 1 103 2 101 1 99 1 97 2 95 1 93 1 91 2 89 1 87 1 85 2 81 1 79 2 75 2 73 1 71 2 69 2 67 1 65 2 63 2 61 1 59 2 57 2 55 1 51 2 49 2 45 2 43 2 39 2 35 1 33 2 23 2 21 1 15 1 13 1 11 2 9 1 5 1
67 190 1 188 1 186 1 184 2 182 2 178 2 176 2 172 2 170 2 166 2 164 2 160 2 158 2 154 2 152 1 148 2 146 2 142 2 140 2 134 2 132 2 130 1 128 2 126 1 124 1 122 1 118 1 116 1 112 1 110 1 106 1 104 1 100 1 98 1 94 1 92 1 88 1 86 1 82 1 80 1 78 1 76 2 74 2 70 2 68 2 64 2 62 2 58 2 56 2 54 2 52 2 50 1 48 1 46 2 44 1 42 1 40 2 36 2 34 2 30 2 24 1 22 1 16 1 14 2 12 2 10 1 6 1
83 191 2 189 2 187 1 185 1 183 2 181 2 179 1 177 2 175 2 173 1 171 2 169 2 167 1 165 2 163 2 161 1 159 2 157 1 155 1 153 2 151 2 149 1 147 2 145 2 143 1 141 2 139 2 133 2 131 2 129 1 127 2 125 2 123 1 121 1 119 2 117 1 115 1 113 2 111 1 109 1 107 2 105 1 103 1 101 2 99 1 97 1 95 2 93 1 91 1 89 2 87 1 85 1 83 2 81 2 79 1 77 1 75 2 73 2 71 1 69 2 67 2 65 1 63 2 61 2 59 1 57 2 55 2 53 1 51 2 49 1 47 1 45 2 43 1 41 1 39 2 35 1 33 2 23 2 21 1 17 2 15 1 11 2 7 2
76 190 2 186 2 184 2 182 2 180 1 178 2 176 1 174 1 172 2 170 1 168 1 166 2 164 1 162 1 160 2 156 1 154 2 150 2 148 2 146 2 144 1 142 2 140 1 138 1 132 1 130 1 126 1 124 1 122 2 120 2 118 1 116 2 114 2 112 1 110 2 108 2 106 1 104 2 102 2 100 1 98 2 96 2 94 1 92 2 90 2 88 1 86 2 84 2 82 2 78 2 76 2 74 2 72 1 70 2 68 1 66 1 64 2 62 1 60 1 58 2 56 1 54 1 52 2 48 2 46 2 42 2 40 2 38 1 34 2 32 2 26 1 22 1 20 1 16 1 14 1 12 1
67 191 1 187 2 185 1 183 1 181 1 179 1 175 1 173 1 169 1 167 1 163 1 161 1 159 1 157 1 155 1 153 2 151 2 149 1 147 1 145 1 143 1 139 1 135 1 133 1 131 2 129 2 127 1 125 2 121 2 119 2 115 2 113 2 109 2 107 2 103 2 101 2 97 2 95 2 91 2 89 2 85 2 83 1 79 2 77 1 75 1 73 1 71 1 67 1 65 1 61 1 59 1 55 1 53 1 51 1 49 2 47 1 45 1 43 2 41 1 39 1 35 1 33 2 23 2 21 1 17 2 15 1 13 1
78 188 1 186 2 184 1 182 2 178 1 176 2 174 1 172 1 170 2 168 1 166 1 164 2 162 1 160 1 158 2 156 2 154 1 152 1 150 2 148 1 146 2 142 1 140 2 138 1 136 1 134 2 132 1 130 2 128 2 126 1 124 2 122 1 120 2 118 2 116 1 114 2 112 2 110 1 108 2 106 2 104 1 102 2 100 2 98 1 96 2 94 2 92 1 90 2 88 2 86 1 84 2 80 1 78 2 76 1 74 2 70 1 68 2 66 1 64 1 62 2 60 1 58 1 56 2 54 1 52 1 50 1 48 2 46 1 44 1 42 2 40 1 36 1 34 1 28 1 22 2 16 2 14 2 10 1
73 189 2 187 2 183 2 179 2 177 2 175 1 173 2 171 2 169 1 167 2 165 2 163 1 161 1 159 2 157 2 155 1 153 2 151 2 147 2 143 2 141 2 139 1 137 2 133 1 129 1 127 1 125 1 123 1 121 2 119 1 117 1 115 2 113 1 111 1 109 2 107 1 105 1 103 2 101 1 99 1 97 2 95 1 93 1 91 2 89 1 87 1 85 2 81 2 79 2 75 2 71 2 69 2 67 1 65 2 63 2 61 1 59 2 57 2 55 1 53 1 51 2 49 2 45 2 43 2 39 2 37 1 35 1 33 2 29 1 23 2 21 1 15 1 11 2
65 190 2 188 1 186 1 184 2 178 2 176 2 172 2 170 2 166 2 164 2 162 1 160 2 158 1 154 2 152 1 150 1 148 2 142 2 140 2 134 2 132 2 130 1 128 2 126 2 124 1 122 1 118 1 116 1 112 1 110 1 106 1 104 1 100 1 98 1 94 1 92 1 88 1 86 1 82 2 80 1 78 1 76 2 70 2 68 2 64 2 62 2 58 2 56 2 54 1 52 2 50 1 48 1 46 2 44 1 42 1 40 2 38 2 36 2 34 2 30 2 24 1 22 1 18 2 16 1 12 2
79 191 1 189 2 187 1 185 1 183 2 181 2 179 1 177 2 175 2 173 1 171 2 169 2 167 1 165 2 161 1 159 1 157 1 155 1 153 2 151 1 149 1 147 2 145 2 143 1 141 2 139 2 135 2 133 2 131 2 129 1 125 2 123 1 121 1 119 2 117 1 115 1 113 2 111 1 109 1 107 2 105 1 103 1 101 2 99 1 97 1 95 2 93 1 91 1 89 2 87 1 85 1 83 1 81 2 79 1 77 1 75 2 73 2 71 1 69 2 67 2 65 1 63 2 61 2 59 1 57 2 53 1 51 1 49 1 47 1 45 2 43 1 41 1 39 2 35 1 33 2 27 2 23 2 21 1 17 2
75 190 2 186 2 184 2 182 2 178 2 176 1 174 1 172 2 170 1 168 1 166 2 164 1 162 1 160 1 156 2 154 2 150 2 148 2 146 2 142 2 140 1 138 1 136 2 132 1 130 1 128 2 126 1 124 1 122 2 120 2 118 1 116 2 114 2 112 1 110 2 108 2 106 1 104 2 102 2 100 1 98 2 96 2 94 1 92 2 90 2 88 1 86 2 84 2 82 2 78 2 76 2 74 2 70 2 68 1 66 1 64 2 62 1 60 1 58 2 56 1 54 1 52 1 48 2 46 2 42 2 40 2 38 1 36 1 34 2 32 2 28 2 26 1 22 1 20 2 14 1
67 191 1 189 1 187 2 185 1 183 1 179 1 175 1 173 1 169 1 167 1 163 1 161 2 159 1 157 2 155 1 153 1 151 2 149 1 147 1 143 1 139 1 137 1 135 1 133 1 131 2 129 2 127 1 125 2 121 2 119 2 115 2 113 2 109 2 107 2 103 2 101 2 97 2 95 2 91 2 89 2 85 2 83 1 81 1 79 2 77 1 75 1 71 1 67 1 65 1 61 1 59 1 55 1 53 2 51 1 49 2 47 1 45 1 43 2 41 1 39 1 37 1 35 1 33 2 29 1 23 2 21 1 15 1
75 190 1 188 1 186 2 184 1 178 1 176 2 174 1 172 1 170 2 168 1 166 2 164 2 162 2 160 1 158 1 156 2 154 1 152 1 150 2 148 1 142 1 140 2 138 1 136 1 134 2 132 1 130 2 128 2 126 2 124 2 122 1 120 2 118 2 116 1 114 2 112 2 110 1 108 2 106 2 104 1 102 2 100 2 98 1 96 2 94 2 92 1 90 2 88 2 86 1 84 2 82 1 80 1 78 2 76 1 70 1 68 2 66 1 64 1 62 2 60 1 58 2 56 2 54 2 52 1 50 1 48 2 46 1 44 1 42 2 40 1 38 2 36 1 34 1 28 1 16 2
73 191 2 189 2 187 2 183 2 179 2 177 2 175 1 173 2 171 2 169 1 165 2 163 2 161 1 159 1 157 2 155 2 153 2 151 2 147 2 143 2 141 2 139 1 137 2 135 2 133 1 129 1 127 2 125 1 123 1 121 2 119 1 117 1 115 2 113 1 111 1 109 2 107 1 105 1 103 2 101 1 99 1 97 2 95 1 93 1 91 2 89 1 87 1 85 2 83 2 81 2 79 2 75 2 71 2 69 2 67 1 65 2 63 2 61 1 57 2 55 2 53 1 51 1 49 2 47 2 45 2 43 2 39 2 37 1 35 1 33 2 29 1 27 2 21 1
67 190 2 188 1 186 1 184 2 180 2 178 2 176 2 172 2 170 2 168 2 166 2 164 1 162 1 160 1 158 1 154 2 152 1 150 1 148 2 144 2 142 2 140 2 136 2 134 2 132 2 130 1 128 1 126 2 124 1 122 1 118 1 116 1 112 1 110 1 106 1 104 1 100 1 98 1 94 1 92 1 88 1 86 1 82 2 80 1 78 1 76 2 72 2 70 2 68 2 64 2 62 2 60 2 58 2 56 1 54 1 52 1 50 1 46 2 44 1 42 1 40 2 38 2 34 2 30 2 28 2 22 1 18 2
76 191 1 187 1 185 1 183 2 181 1 179 1 177 2 175 2 173 1 171 2 169 2 167 1 165 1 161 2 159 1 157 1 155 1 151 1 149 1 147 2 145 1 143 1 141 2 139 2 137 1 135 2 133 2 131 2 129 1 125 2 123 1 121 1 119 2 117 1 115 1 113 2 111 1 109 1 107 2 105 1 103 1 101 2 99 1 97 1 95 2 93 1 91 1 89 2 87 1 85 1 83 1 79 1 77 1 75 2 73 1 71 1 69 2 67 2 65 1 63 2 61 2 59 1 57 1 53 2 51 1 49 1 47 1 43 1 41 1 39 2 37 1 35 1 33 2 29 1 27 2 23 2
67 186 2 184 2 178 2 176 1 174 1 172 2 170 1 168 1 166 1 164 1 162 2 160 1 158 2 156 2 150 2 148 2 142 2 140 1 138 1 136 2 134 1 132 1 130 1 128 2 126 2 124 1 122 2 120 2 118 1 116 2 114 2 112 1 110 2 108 2 106 1 104 2 102 2 100 1 98 2 96 2 94 1 92 2 90 2 88 1 86 2 84 2 78 2 76 2 70 2 68 1 66 1 64 2 62 1 60 1 58 1 56 1 54 2 52 1 50 2 48 2 42 2 40 2 36 1 34 2 32 2 28 2 20 2
62 189 1 187 2 185 1 183 1 179 1 175 1 173 1 171 1 169 1 167 2 163 2 161 2 157 2 153 1 151 2 149 1 147 1 143 1 139 1 137 1 135 1 133 1 131 2 129 2 127 2 125 2 121 2 119 2 115 2 113 2 109 2 107 2 103 2 101 2 97 2 95 2 91 2 89 2 85 2 81 1 79 2 77 1 75 1 71 1 67 1 65 1 63 1 61 1 59 2 55 2 53 2 49 2 45 1 43 2 41 1 39 1 37 1 35 1 33 2 29 1 27 2 21 1
71 190 1 188 1 186 2 184 1 180 2 178 1 176 2 174 1 170 2 166 2 164 1 162 2 160 2 158 1 156 2 154 1 152 1 150 2 148 1 144 2 142 1 140 2 138 1 134 2 130 2 128 1 126 2 124 2 122 1 120 2 118 2 116 1 114 2 112 2 110 1 108 2 106 2 104 1 102 2 100 2 98 1 96 2 94 2 92 1 90 2 88 2 86 1 84 2 82 1 80 1 78 2 76 1 72 2 70 1 68 2 66 1 62 2 58 2 56 1 54 2 52 2 50 1 48 2 46 1 44 1 42 2 40 1 38 2 36 2 34 1 28 2
67 191 2 187 2 183 2 181 2 179 2 177 2 175 1 173 1 171 2 165 1 163 2 161 1 159 1 157 2 155 2 151 2 147 2 145 2 143 2 141 2 139 1 137 1 135 2 129 1 127 2 125 1 123 1 121 2 119 1 117 1 115 2 113 1 111 1 109 2 107 1 105 1 103 2 101 1 99 1 97 2 95 1 93 1 91 2 89 1 87 1 85 2 83 2 79 2 75 2 73 2 71 2 69 2 67 1 65 1 63 2 57 1 55 2 53 1 51 1 49 2 47 2 43 2 39 2 37 2 35 1 33 2 27 2
58 188 1 186 1 184 2 182 1 180 2 178 2 176 2 172 2 168 2 166 1 164 1 160 1 158 1 152 1 150 1 148 2 146 1 144 2 142 2 140 2 136 2 132 2 130 1 128 1 124 1 122 1 118 1 116 1 112 1 110 1 106 1 104 1 100 1 98 1 94 1 92 1 88 1 86 1 80 1 78 1 76 2 74 1 72 2 70 2 68 2 64 2 60 2 58 1 56 1 52 1 50 1 44 1 42 1 40 2 38 1 34 2 30 2 28 2
70 187 1 185 1 183 2 181 1 179 1 177 2 173 1 171 1 169 2 167 2 165 1 163 1 161 2 159 1 157 1 151 1 149 1 147 2 145 1 143 1 141 2 137 1 135 1 133 2 131 2 129 1 127 1 125 2 123 1 121 1 119 2 117 1 115 1 113 2 111 1 109 1 107 2 105 1 103 1 101 2 99 1 97 1 95 2 93 1 91 1 89 2 87 1 85 1 79 1 77 1 75 2 73 1 71 1 69 2 65 1 63 1 61 2 59 2 57 1 55 1 53 2 51 1 49 1 43 1 41 1 39 2 37 1 35 1 33 2 29 1
62 186 2 184 2 180 2 178 2 176 2 174 1 172 1 170 1 166 1 162 2 160 1 158 2 156 2 150 2 148 2 144 2 142 2 140 2 138 1 136 1 134 1 130 1 126 2 124 1 122 2 120 2 118 1 116 2 114 2 112 1 110 2 108 2 106 1 104 2 102 2 100 1 98 2 96 2 94 1 92 2 90 2 88 1 86 2 84 2 78 2 76 2 72 2 70 2 68 2 66 1 64 1 62 1 58 1 54 2 52 1 50 2 48 2 42 2 40 2 36 2 34 2 32 2
65 189 2 187 2 185 1 183 1 181 2 179 1 177 2 175 1 173 2 171 1 167 2 165 1 163 2 161 2 157 2 153 2 151 2 149 1 147 1 145 2 143 1 141 2 139 1 137 2 135 1 131 2 129 1 127 2 125 2 121 2 119 2 115 2 113 2 109 2 107 2 103 2 101 2 97 2 95 2 91 2 89 2 85 2 81 2 79 2 77 1 75 1 73 2 71 1 69 2 67 1 65 2 63 1 59 2 57 1 55 2 53 2 49 2 45 2 43 2 41 1 39 1 37 2 35 1 33 2 27 2
68 190 2 188 1 186 2 184 1 182 1 180 2 178 1 176 2 166 2 164 1 162 1 160 2 158 1 156 2 154 2 152 1 150 2 148 1 146 1 144 2 142 1 140 2 130 2 128 1 126 1 124 2 122 1 120 2 118 2 116 1 114 2 112 2 110 1 108 2 106 2 104 1 102 2 100 2 98 1 96 2 94 2 92 1 90 2 88 2 86 1 84 2 82 2 80 1 78 2 76 1 74 1 72 2 70 1 68 2 58 2 56 1 54 1 52 2 50 1 48 2 46 2 44 1 42 2 40 1 38 1 36 2 34 1 28 2
62 191 1 187 2 183 2 181 2 177 2 173 1 171 1 167 2 165 1 163 1 161 1 159 1 157 2 155 1 151 2 147 2 145 2 141 2 137 1 135 1 131 2 129 1 127 1 125 1 123 1 121 2 119 1 117 1 115 2 113 1 111 1 109 2 107 1 105 1 103 2 101 1 99 1 97 2 95 1 93 1 91 2 89 1 87 1 85 2 83 1 79 2 75 2 73 2 69 2 65 1 63 1 59 2 57 1 55 1 53 1 51 1 49 2 47 1 43 2 39 2 37 2 33 2
51 188 1 186 1 184 2 182 1 178 2 172 1 168 1 166 1 164 2 160 1 158 1 152 1 150 1 148 2 146 1 142 2 136 1 132 1 130 1 128 2 124 1 122 1 118 1 116 1 112 1 110 1 106 1 104 1 100 1 98 1 94 1 92 1 88 1 86 1 80 1 78 1 76 2 74 1 70 2 64 1 60 1 58 1 56 2 52 1 50 1 44 1 42 1 40 2 38 1 34 2 30 2
66 189 1 187 1 185 1 183 2 181 2 179 1 173 2 171 1 167 2 165 1 163 1 161 2 159 1 157 1 153 1 151 1 149 1 147 2 145 2 143 1 137 2 135 1 131 2 129 1 127 1 125 2 123 1 121 1 119 2 117 1 115 1 113 2 111 1 109 1 107 2 105 1 103 1 101 2 99 1 97 1 95 2 93 1 91 1 89 2 87 1 85 1 81 1 79 1 77 1 75 2 73 2 71 1 65 2 63 1 59 2 57 1 55 1 53 2 51 1 49 1 45 1 43 1 41 1 39 2 37 2 35 1
63 190 1 186 2 184 2 182 1 180 2 176 2 172 1 170 1 166 1 162 1 160 1 158 2 156 2 154 1 150 2 148 2 146 1 144 2 140 2 136 1 134 1 130 1 126 1 124 1 122 2 120 2 118 1 116 2 114 2 112 1 110 2 108 2 106 1 104 2 102 2 100 1 98 2 96 2 94 1 92 2 90 2 88 1 86 2 84 2 82 1 78 2 76 2 74 1 72 2 68 2 64 1 62 1 58 1 54 1 52 1 50 2 48 2 46 1 42 2 40 2 38 1 36 2 32 2
61 191 2 189 2 187 2 185 1 183 1 181 2 177 2 173 2 171 1 167 2 165 1 163 1 161 2 157 2 155 2 153 2 151 2 149 1 147 1 145 2 141 2 137 2 135 1 131 2 129 1 127 1 125 2 121 2 119 2 115 2 113 2 109 2 107 2 103 2 101 2 97 2 95 2 91 2 89 2 85 2 83 2 81 2 79 2 77 1 75 1 73 2 69 2 65 2 63 1 59 2 57 1 55 1 53 2 49 2 47 2 45 2 43 2 41 1 39 1 37 2 33 2
59 190 2 188 1 186 2 182 1 178 1 172 2 166 2 164 2 162 1 160 2 158 1 156 2 154 2 152 1 150 2 146 1 142 1 136 2 130 2 128 2 126 1 124 2 122 1 120 2 118 2 116 1 114 2 112 2 110 1 108 2 106 2 104 1 102 2 100 2 98 1 96 2 94 2 92 1 90 2 88 2 86 1 84 2 82 2 80 1 78 2 74 1 70 1 64 2 58 2 56 2 54 1 52 2 50 1 48 2 46 2 44 1 42 2 38 1 34 1
62 191 1 189 1 187 2 185 2 183 2 173 1 171 1 167 2 165 1 163 1 161 1 159 1 157 2 155 1 153 1 151 2 149 2 147 2 137 1 135 1 131 2 129 1 127 1 125 1 123 1 121 2 119 1 117 1 115 2 113 1 111 1 109 2 107 1 105 1 103 2 101 1 99 1 97 2 95 1 93 1 91 2 89 1 87 1 85 2 83 1 81 1 79 2 77 2 75 2 65 1 63 1 59 2 57 1 55 1 53 1 51 1 49 2 47 1 45 1 43 2 41 2 39 2
49 190 1 188 1 186 2 184 2 172 1 168 1 166 1 164 2 162 2 160 1 158 1 154 1 152 1 150 2 148 2 136 1 132 1 130 1 128 2 126 2 124 1 122 1 118 1 116 1 112 1 110 1 106 1 104 1 100 1 98 1 94 1 92 1 88 1 86 1 82 1 80 1 78 2 76 2 64 1 60 1 58 1 56 2 54 2 52 1 50 1 46 1 44 1 42 2 40 2
59 191 2 189 1 187 1 185 1 181 2 173 2 171 2 167 2 165 1 161 2 159 1 157 1 155 2 153 1 151 1 149 1 145 2 137 2 135 2 131 2 129 1 125 2 123 1 121 1 119 2 117 1 115 1 113 2 111 1 109 1 107 2 105 1 103 1 101 2 99 1 97 1 95 2 93 1 91 1 89 2 87 1 85 1 83 2 81 1 79 1 77 1 73 2 65 2 63 2 59 2 57 1 53 2 51 1 49 1 47 2 45 1 43 1 41 1 37 2
56 190 1 188 1 186 2 182 1 172 2 170 1 166 1 164 1 162 1 160 1 158 2 156 2 154 1 150 2 146 1 136 2 134 1 130 1 128 1 126 1 124 1 122 2 120 2 118 1 116 2 114 2 112 1 110 2 108 2 106 1 104 2 102 2 100 1 98 2 96 2 94 1 92 2 90 2 88 1 86 2 84 2 82 1 80 1 78 2 74 1 64 2 62 1 58 1 56 1 54 1 52 1 50 2 48 2 46 1 42 2 38 1
47 191 2 187 2 183 1 173 1 171 1 167 2 165 1 163 1 161 2 157 2 155 2 153 2 151 2 147 1 137 1 135 1 131 2 129 1 127 1 125 2 121 2 119 2 115 2 113 2 109 2 107 2 103 2 101 2 97 2 95 2 91 2 89 2 85 2 83 2 79 2 75 1 65 1 63 1 59 2 57 1 55 1 53 2 49 2 47 2 45 2 43 2 39 1
46 190 1 188 1 186 2 172 2 166 2 164 2 160 2 158 1 156 2 154 1 152 1 136 2 130 2 128 2 124 2 122 1 120 2 118 2 116 1 114 2 112 2 110 1 108 2 106 2 104 1 102 2 100 2 98 1 96 2 94 2 92 1 90 2 88 2 86 1 84 2 82 1 80 1 78 2 64 2 58 2 56 2 52 2 50 1 48 2 46 1 44 1
53 191 2 189 1 187 2 185 2 173 1 171 2 167 2 165 1 161 1 159 1 157 2 155 1 153 1 149 2 137 1 135 2 131 2 129 1 125 1 123 1 121 2 119 1 117 1 115 2 113 1 111 1 109 2 107 1 105 1 103 2 101 1 99 1 97 2 95 1 93 1 91 2 89 1 87 1 85 2 83 2 81 1 79 2 77 2 65 1 63 2 59 2 57 1 53 1 51 1 49 2 47 1 45 1 41 2
40 190 1 188 1 186 2 172 2 168 1 166 1 162 2 160 1 158 1 154 1 150 2 136 2 132 1 130 1 126 2 124 1 122 1 118 1 116 1 112 1 110 1 106 1 104 1 100 1 98 1 94 1 92 1 88 1 86 1 82 1 80 1 78 2 64 2 60 1 58 1 54 2 52 1 50 1 46 1 42 2
45 191 2 187 1 173 1 171 2 167 2 165 1 161 2 159 1 155 2 151 1 137 1 135 2 131 2 129 1 125 2 123 1 121 1 119 2 117 1 115 1 113 2 111 1 109 1 107 2 105 1 103 1 101 2 99 1 97 1 95 2 93 1 91 1 89 2 87 1 85 1 83 2 79 1 65 1 63 2 59 2 57 1 53 2 51 1 47 2 43 1
45 188 1 186 2 182 2 172 2 170 1 166 1 164 1 160 1 158 1 156 2 136 2 134 1 130 1 128 1 124 1 122 2 120 2 118 1 116 2 114 2 112 1 110 2 108 2 106 1 104 2 102 2 100 1 98 2 96 2 94 1 92 2 90 2 88 1 86 2 84 2 80 1 78 2 74 2 64 2 62 1 58 1 56 1 52 1 50 1 48 2
38 187 2 183 2 173 1 171 2 167 2 165 1 161 2 159 1 157 2 153 2 137 1 135 2 131 2 129 1 125 2 121 2 119 2 115 2 113 2 109 2 107 2 103 2 101 2 97 2 95 2 91 2 89 2 85 2 79 2 75 2 65 1 63 2 59 2 57 1 53 2 51 1 49 2 45 2
38 190 1 188 1 186 2 180 1 166 2 160 2 158 1 154 1 130 2 124 2 122 1 120 2 118 2 116 1 114 2 112 2 110 1 108 2 106 2 104 1 102 2 100 2 98 1 96 2 94 2 92 1 90 2 88 2 86 1 84 2 82 1 80 1 78 2 72 1 58 2 52 2 50 1 46 1
42 191 2 187 2 185 2 181 1 171 2 167 2 165 1 159 1 155 1 135 2 131 2 129 1 125 1 123 1 121 2 119 1 117 1 115 2 113 1 111 1 109 2 107 1 105 1 103 2 101 1 99 1 97 2 95 1 93 1 91 2 89 1 87 1 85 2 83 2 79 2 77 2 73 1 63 2 59 2 57 1 51 1 47 1
34 188 1 186 2 182 2 172 2 168 1 166 1 162 2 160 1 136 2 132 1 130 1 126 1 124 1 122 1 118 1 116 1 112 1 110 1 106 1 104 1 100 1 98 1 94 1 92 1 88 1 86 1 80 1 78 2 74 2 64 2 60 1 58 1 54 2 52 1
35 187 1 173 1 167 2 165 1 161 2 137 1 131 2 129 1 127 2 125 2 123 1 121 1 119 2 117 1 115 1 113 2 111 1 109 1 107 2 105 1 103 1 101 2 99 1 97 1 95 2 93 1 91 1 89 2 87 1 85 1 79 1 65 1 59 2 57 1 53 2
40 188 1 186 2 182 2 180 1 170 1 166 1 164 2 158 1 134 1 130 1 128 2 124 1 122 2 120 2 118 1 116 2 114 2 112 1 110 2 108 2 106 1 104 2 102 2 100 1 98 2 96 2 94 1 92 2 90 2 88 1 86 2 84 2 80 1 78 2 74 2 72 1 62 1 58 1 56 2 50 1
48 190 2 182 2 178 1 174 2 172 2 170 2 166 1 162 2 160 2 158 2 154 1 148 2 146 2 142 1 128 2 124 1 122 1 118 2 114 1 112 2 110 1 106 2 102 1 100 1 98 1 94 2 90 1 88 1 86 1 82 2 74 2 70 1 66 2 64 2 62 2 58 1 56 2 54 2 40 1 38 1 34 2 30 2 28 2 26 2 22 1 20 2 18 2 4 2
59 189 2 183 2 181 1 179 1 177 1 175 2 171 2 169 1 167 1 165 1 163 2 159 2 157 1 153 1 147 2 145 1 143 1 141 1 139 2 137 1 135 2 129 2 123 1 121 2 119 2 117 2 115 1 111 1 109 2 107 2 105 2 103 1 99 1 97 2 95 2 93 2 91 1 87 1 85 2 81 2 75 2 73 1 71 1 69 1 67 2 63 2 61 1 59 1 55 2 39 1 37 2 35 2 33 2 31 1 29 1 27 1 25 1 23 1 19 2
54 190 2 182 2 180 2 178 1 176 1 170 2 168 2 166 1 164 1 158 2 156 1 154 1 146 2 144 2 142 1 140 1 138 1 136 2 126 1 122 1 120 1 118 2 116 2 110 1 108 1 106 2 104 2 98 1 96 1 94 2 92 2 86 1 84 2 82 2 74 2 72 2 70 1 68 1 62 2 60 2 58 1 56 1 54 1 38 1 36 1 34 2 32 2 30 1 28 2 26 2 24 2 22 1 20 1 18 1
43 191 1 183 2 181 1 179 2 171 2 169 1 167 2 159 2 157 1 155 2 147 2 145 1 143 2 137 1 135 2 127 1 123 1 121 2 119 1 111 1 109 2 107 1 99 1 97 2 95 1 87 1 85 2 83 1 75 2 73 1 71 2 63 2 61 1 59 2 55 1 39 1 37 2 35 1 29 1 27 1 25 1 23 2 19 1
35 182 1 178 2 176 1 174 2 166 2 164 1 162 2 146 1 142 2 140 1 136 2 118 1 116 2 114 1 106 1 104 2 102 1 94 1 92 2 90 1 74 1 70 2 68 1 66 2 58 2 56 1 54 2 38 2 34 1 32 2 30 2 28 2 22 2 20 1 18 2
53 189 2 183 1 181 1 179 1 177 2 175 2 169 1 167 1 165 2 163 2 157 1 153 1 147 1 145 1 143 1 141 2 139 2 137 1 135 2 121 2 119 2 117 1 115 1 109 2 107 2 105 1 103 1 97 2 95 2 93 1 91 1 85 2 81 2 75 1 73 1 71 1 69 2 67 2 61 1 59 1 57 2 55 2 39 2 37 2 35 2 33 1 31 1 29 1 27 2 25 1 23 1 21 2 19 2
52 190 2 182 2 178 1 176 1 174 2 170 2 168 1 166 1 164 1 162 2 158 2 154 1 146 2 142 1 140 1 136 2 122 1 120 2 118 2 116 2 114 1 110 1 108 2 106 2 104 2 102 1 98 1 96 2 94 2 92 2 90 1 86 1 82 2 74 2 70 1 68 1 66 2 62 2 60 1 58 1 56 1 54 2 38 1 34 2 32 2 30 2 28 2 26 2 24 1 22 1 20 1 18 2
47 183 2 181 2 179 1 175 2 173 2 171 2 167 1 163 2 161 1 159 2 147 2 145 2 143 1 139 2 137 2 135 2 125 1 123 1 119 2 115 1 113 1 111 1 107 2 103 1 101 1 99 1 95 2 91 1 89 1 87 1 75 2 73 2 71 1 67 2 65 2 63 2 59 1 55 2 53 1 39 1 37 1 35 2 31 1 29 1 27 1 23 1 19 2
47 182 1 180 2 178 2 176 1 174 1 168 2 166 2 164 1 156 1 146 1 144 2 142 2 140 1 138 1 136 2 126 1 120 1 118 1 116 2 114 2 108 1 106 1 104 2 102 2 96 1 94 1 92 2 90 2 84 2 74 1 72 2 70 2 68 1 66 1 60 2 58 2 56 1 38 2 36 1 34 1 32 2 30 2 28 2 24 2 22 2 20 1 18 2
48 183 1 181 1 179 1 175 2 171 1 169 1 167 1 163 2 159 2 157 1 147 1 145 1 143 1 139 2 137 1 135 1 123 2 121 2 119 2 115 1 111 2 109 2 107 2 103 1 99 2 97 2 95 2 91 1 87 2 85 2 75 1 73 1 71 1 67 2 63 1 61 1 59 1 55 2 51 2 39 2 37 2 35 2 31 1 29 1 27 2 25 1 23 1 19 2
49 182 1 178 2 176 2 174 2 172 1 168 1 166 2 164 1 162 2 160 2 146 1 142 2 140 2 136 1 128 1 124 2 120 2 118 1 116 1 114 1 112 2 108 2 106 1 104 1 102 1 100 2 96 2 94 1 92 1 90 1 88 2 74 1 70 2 68 2 66 2 64 1 60 1 58 2 56 1 54 2 52 2 38 2 34 1 32 1 30 2 28 2 24 1 22 2 18 2
49 183 1 181 2 179 1 177 1 175 2 173 2 167 1 163 2 161 1 147 1 145 2 143 1 141 1 139 2 137 2 135 2 129 1 125 1 119 2 117 2 115 1 113 1 107 2 105 2 103 1 101 1 95 2 93 2 91 1 89 1 75 1 73 2 71 1 69 1 67 2 65 2 59 1 55 2 53 1 39 2 37 1 35 2 33 2 31 1 29 1 27 2 23 1 21 2 19 2
32 182 1 178 2 176 1 168 1 166 2 164 1 146 1 142 2 140 1 136 2 120 2 118 1 116 2 108 2 106 1 104 2 96 2 94 1 92 2 74 1 70 2 68 1 60 1 58 2 56 1 38 2 34 1 32 2 28 2 24 1 22 2 20 1
42 191 2 183 1 181 2 175 1 173 2 171 1 163 2 161 1 159 2 155 2 147 1 145 2 139 1 137 2 135 1 127 2 125 1 123 2 115 2 113 1 111 2 103 2 101 1 99 2 91 2 89 1 87 2 83 2 75 1 73 2 67 1 65 2 63 1 55 2 53 1 51 2 47 2 39 2 37 1 31 2 29 1 27 2
50 182 1 180 2 178 2 176 2 174 1 172 1 166 2 164 1 160 2 156 2 146 1 144 2 142 2 140 2 138 1 136 1 128 1 126 1 124 2 118 1 116 1 114 2 112 2 106 1 104 1 102 2 100 2 94 1 92 1 90 2 88 2 84 2 74 1 72 2 70 2 68 2 66 1 64 1 58 2 56 1 52 2 48 2 38 2 36 1 34 1 32 1 30 2 28 2 22 2 18 2
62 189 1 183 1 181 2 179 1 177 2 175 2 173 2 171 1 167 1 165 1 163 2 161 1 159 2 153 1 147 1 145 2 143 1 141 2 139 2 137 2 135 1 129 1 125 1 123 2 119 2 117 1 115 1 113 1 111 2 107 2 105 1 103 1 101 1 99 2 95 2 93 1 91 1 89 1 87 2 81 1 75 1 73 2 71 1 69 2 67 2 65 2 63 1 59 1 57 1 55 2 53 1 51 2 45 1 39 2 37 1 35 2 33 1 31 1 29 1 27 2 23 1 19 2
39 190 1 176 2 172 1 170 1 168 1 164 1 160 2 158 2 154 1 140 2 136 1 134 1 128 1 124 2 122 2 120 2 116 1 112 2 110 2 108 2 104 1 100 2 98 2 96 2 92 1 88 2 86 2 82 1 68 2 64 1 62 1 60 1 56 1 52 2 50 2 46 1 32 1 28 2 24 1
47 191 2 181 2 177 1 175 1 173 2 171 2 163 2 161 1 159 1 155 2 145 2 141 1 139 1 137 2 135 2 129 1 127 2 125 1 123 1 117 2 115 2 113 1 111 1 105 2 103 2 101 1 99 1 93 2 91 2 89 1 87 1 83 2 73 2 69 1 67 1 65 2 63 2 55 2 53 1 51 1 47 2 37 1 33 2 31 2 29 1 27 2 21 2
40 182 1 178 2 176 2 172 1 168 2 166 2 164 1 160 2 146 1 142 2 140 2 136 1 132 2 128 1 124 2 120 1 118 1 116 1 112 2 108 1 106 1 104 1 100 2 96 1 94 1 92 1 88 2 74 1 70 2 68 2 64 1 60 2 58 2 56 1 52 2 38 2 34 1 32 1 28 2 22 2
60 191 2 189 1 183 1 177 2 175 1 173 1 171 1 169 2 165 1 163 2 161 2 159 2 157 1 155 2 153 1 147 1 141 2 139 1 137 1 135 1 133 2 129 1 127 2 125 2 123 2 121 1 117 1 115 2 113 2 111 2 109 1 105 1 103 2 101 2 99 2 97 1 93 1 91 2 89 2 87 2 85 1 83 2 81 1 75 1 69 2 67 1 65 1 63 1 61 2 57 1 55 2 53 2 51 2 49 1 47 2 45 1 39 2 33 1 31 2 27 2
50 190 1 180 2 176 2 174 2 172 1 170 1 164 1 162 1 160 2 158 2 156 2 154 1 144 2 140 2 138 2 136 1 134 1 128 1 126 1 124 2 122 2 116 1 114 1 112 2 110 2 104 1 102 1 100 2 98 2 92 1 90 1 88 2 86 2 84 2 82 1 72 2 68 2 66 2 64 1 62 1 56 1 54 1 52 2 50 2 48 2 46 1 36 1 32 1 30 2 28 2
42 191 2 189 1 181 2 177 2 175 1 173 2 165 1 163 2 161 1 155 2 153 1 145 2 141 2 139 1 137 2 129 1 127 2 125 1 117 1 115 2 113 1 105 1 103 2 101 1 93 1 91 2 89 1 83 2 81 1 73 2 69 2 67 1 65 2 57 1 55 2 53 1 47 2 45 1 37 1 33 1 31 2 29 1
31 190 1 172 2 170 1 168 2 164 1 160 1 158 2 154 1 136 2 134 1 132 2 128 1 124 1 122 2 120 1 112 1 110 2 108 1 100 1 98 2 96 1 88 1 86 2 82 1 64 2 62 1 60 2 56 1 52 1 50 2 46 1
49 191 2 189 1 175 1 173 1 171 2 169 2 165 1 163 2 161 2 159 1 157 1 155 2 153 1 139 1 137 1 135 2 133 2 129 1 127 2 125 2 123 1 121 1 115 2 113 2 111 1 109 1 103 2 101 2 99 1 97 1 91 2 89 2 87 1 85 1 83 2 81 1 67 1 65 1 63 2 61 2 57 1 55 2 53 2 51 1 49 1 47 2 45 1 31 2 27 2
48 190 1 176 2 174 1 172 1 170 1 168 2 164 1 162 1 160 2 158 2 154 1 140 2 138 1 136 1 134 1 132 2 128 1 126 1 124 2 122 2 120 1 116 1 114 2 112 2 110 2 108 1 104 1 102 2 100 2 98 2 96 1 92 1 90 2 88 2 86 2 82 1 68 2 66 1 64 1 62 1 60 2 56 1 54 1 52 2 50 2 46 1 32 1 28 2
45 191 1 189 1 177 2 173 1 169 2 167 2 165 1 163 2 161 2 157 1 155 1 153 1 141 2 137 1 133 2 131 2 129 1 127 2 125 2 121 1 119 1 117 1 113 2 109 1 107 1 105 1 101 2 97 1 95 1 93 1 89 2 85 1 83 1 81 1 69 2 65 1 61 2 59 2 57 1 55 2 53 2 49 1 47 1 45 1 33 1
44 190 1 174 2 172 2 170 1 168 1 164 1 162 1 160 1 158 2 156 2 154 1 138 2 136 2 134 1 132 1 128 1 126 1 124 1 122 2 120 2 114 1 112 1 110 2 108 2 102 1 100 1 98 2 96 2 90 1 88 1 86 2 84 2 82 1 66 2 64 2 62 1 60 1 56 1 54 1 52 1 50 2 48 2 46 1 30 2
42 191 2 189 2 175 1 173 1 169 2 165 2 163 2 161 2 157 1 155 2 153 2 139 1 137 1 133 2 129 2 127 2 125 2 121 1 117 2 115 2 113 2 109 1 105 2 103 2 101 2 97 1 93 2 91 2 89 2 85 1 83 2 81 2 67 1 65 1 61 2 57 2 55 2 53 2 49 1 47 2 45 2 31 2
46 190 2 174 1 172 2 170 2 168 2 166 1 164 1 162 1 160 1 158 1 154 2 138 1 136 2 134 2 132 2 130 1 128 1 126 1 124 1 122 1 120 1 118 2 114 2 112 1 110 1 108 1 106 2 102 2 100 1 98 1 96 1 94 2 90 2 88 1 86 1 82 2 66 1 64 2 62 2 60 2 58 1 56 1 54 1 52 1 50 1 46 2
47 191 1 189 1 173 1 171 1 169 2 167 2 165 1 163 2 161 2 159 2 157 1 155 1 153 1 137 1 135 1 133 2 131 2 129 1 127 2 125 2 123 2 121 1 119 1 113 2 111 2 109 1 107 1 101 2 99 2 97 1 95 1 89 2 87 2 85 1 83 1 81 1 65 1 63 1 61 2 59 2 57 1 55 2 53 2 51 2 49 1 47 1 45 1
34 190 1 174 1 172 2 170 1 164 1 162 1 160 1 158 2 154 1 138 1 136 2 134 1 128 1 126 1 124 1 122 2 114 2 112 1 110 2 102 2 100 1 98 2 90 2 88 1 86 2 82 1 66 1 64 2 62 1 56 1 54 1 52 1 50 2 46 1
35 191 1 189 2 173 2 169 1 167 2 165 2 163 2 157 2 155 1 153 2 137 2 133 1 131 2 129 2 127 2 121 2 119 1 117 2 109 2 107 1 105 2 97 2 95 1 93 2 85 2 83 1 81 2 65 2 61 1 59 2 57 2 55 2 49 2 47 1 45 2
46 190 2 174 2 172 2 170 2 168 1 166 1 164 1 162 2 160 1 158 1 156 2 154 2 138 2 136 2 134 2 132 1 130 1 128 1 126 2 124 1 122 1 120 2 118 2 112 1 110 1 108 2 106 2 100 1 98 1 96 2 94 2 88 1 86 1 84 2 82 2 66 2 64 2 62 2 60 1 58 1 56 1 54 2 52 1 50 1 48 2 46 2
47 191 1 189 2 173 1 169 2 167 2 165 2 163 2 161 2 159 1 157 1 155 1 153 2 137 1 133 2 131 2 129 2 127 2 125 2 123 1 121 1 119 1 117 2 113 2 111 1 109 1 107 1 105 2 101 2 99 1 97 1 95 1 93 2 89 2 87 1 85 1 83 1 81 2 65 1 61 2 59 2 57 2 55 2 53 2 51 1 49 1 47 1 45 2
39 190 2 188 1 174 1 172 1 170 2 166 1 164 1 162 1 158 1 154 2 138 1 136 1 134 2 130 1 128 1 126 1 122 1 118 2 116 2 114 2 110 1 106 2 104 2 102 2 98 1 94 2 92 2 90 2 86 1 82 2 80 1 66 1 64 1 62 2 58 1 56 1 54 1 50 1 46 2
42 191 1 173 2 171 1 169 1 167 2 165 2 163 2 159 2 157 2 155 1 153 2 137 2 135 1 133 1 131 2 129 2 127 2 123 2 121 2 119 1 117 1 111 2 109 2 107 1 105 1 99 2 97 2 95 1 93 1 87 2 85 2 83 1 65 2 63 1 61 1 59 2 57 2 55 2 51 2 49 2 47 1 45 2
42 190 2 186 2 174 2 172 2 170 2 166 1 164 1 162 2 160 1 158 1 154 2 138 2 136 2 134 2 130 1 128 1 126 2 124 1 122 1 118 2 114 1 112 1 110 1 106 2 102 1 100 1 98 1 94 2 90 1 88 1 86 1 82 2 78 2 66 2 64 2 62 2 58 1 56 1 54 2 52 1 50 1 46 2
44 191 1 189 2 187 2 173 2 169 1 167 1 165 2 163 2 159 1 157 2 153 2 137 2 133 1 131 1 129 2 127 2 123 1 121 2 119 2 117 2 115 1 111 1 109 2 107 2 105 2 103 1 99 1 97 2 95 2 93 2 91 1 87 1 85 2 83 1 81 2 79 2 65 2 61 1 59 1 57 2 55 2 51 1 49 2 45 2
44 190 2 188 1 174 2 172 1 170 2 168 2 166 1 164 1 162 2 158 1 156 2 154 2 138 2 136 1 134 2 132 2 130 1 128 1 126 2 122 1 120 1 118 2 116 2 110 1 108 1 106 2 104 2 98 1 96 1 94 2 92 2 86 1 82 2 80 1 66 2 64 1 62 2 60 2 58 1 56 1 54 2 50 1 48 2 46 2
31 191 1 173 2 169 1 167 2 163 2 159 1 157 2 155 1 137 2 133 1 131 2 127 2 123 1 121 2 119 1 111 1 109 2 107 1 99 1 97 2 95 1 87 1 85 2 83 1 65 2 61 1 59 2 55 2 51 1 49 2 47 1
32 190 2 188 1 186 2 182 2 174 2 172 1 166 2 164 1 162 2 138 2 136 1 130 2 128 1 126 2 118 1 116 2 114 1 106 1 104 2 102 1 94 1 92 2 90 1 82 2 80 1 78 2 74 2 66 2 64 1 58 2 56 1 54 2
41 191 1 187 2 183 2 173 2 171 1 169 1 167 1 165 2 163 2 157 2 153 2 137 2 135 1 133 1 131 1 129 2 127 2 121 2 119 2 117 1 115 1 109 2 107 2 105 1 103 1 97 2 95 2 93 1 91 1 85 2 83 1 79 2 75 2 65 2 63 1 61 1 59 1 57 2 55 2 49 2 45 2
50 190 2 188 1 186 2 180 1 174 2 172 1 170 2 168 1 166 1 164 1 162 2 158 1 154 2 138 2 136 1 134 2 132 1 130 1 128 1 126 2 122 1 120 2 118 2 116 2 114 1 110 1 108 2 106 2 104 2 102 1 98 1 96 2 94 2 92 2 90 1 86 1 84 1 82 2 80 1 78 2 72 1 66 2 64 1 62 2 60 1 58 1 56 1 54 2 50 1 46 2
30 191 1 187 2 185 2 181 1 167 1 163 2 159 1 131 1 127 2 125 1 123 1 119 2 115 1 113 1 111 1 107 2 103 1 101 1 99 1 95 2 91 1 89 1 87 1 83 1 79 2 77 2 73 1 59 1 55 2 51 1
36 190 2 188 1 186 1 182 2 172 1 168 2 166 2 164 1 162 2 156 2 136 1 132 2 130 2 128 1 120 1 118 1 116 2 114 2 108 1 106 1 104 2 102 2 96 1 94 1 92 2 90 2 82 2 80 1 78 1 74 2 64 1 60 2 58 2 56 1 54 2 48 2
32 191 1 187 2 173 2 169 1 167 1 163 2 157 2 137 2 133 1 131 1 127 2 123 2 121 2 119 2 115 1 111 2 109 2 107 2 103 1 99 2 97 2 95 2 91 1 87 2 85 2 83 1 79 2 65 2 61 1 59 1 55 2 49 2
42 190 2 188 2 186 2 184 1 182 2 180 1 174 2 168 1 166 2 162 2 138 2 132 1 130 2 128 1 126 2 124 2 120 2 118 1 116 1 114 1 112 2 108 2 106 1 104 1 102 1 100 2 96 2 94 1 92 1 90 1 88 2 84 1 82 2 80 2 78 2 76 1 74 2 72 1 66 2 60 1 58 2 54 2
36 191 1 189 1 187 2 185 2 183 2 181 1 171 1 167 1 165 2 163 2 135 1 131 1 127 2 125 1 119 2 117 2 115 1 113 1 107 2 105 2 103 1 101 1 95 2 93 2 91 1 89 1 83 1 81 1 79 2 77 2 75 2 73 1 63 1 59 1 57 2 55 2
59 189 2 183 2 181 1 179 1 177 1 175 2 171 2 169 1 167 1 165 1 163 2 159 2 157 1 153 1 147 2 145 1 143 1 141 1 139 2 137 1 135 2 129 2 123 1 121 2 119 2 117 2 115 1 111 1 109 2 107 2 105 2 103 1 99 1 97 2 95 2 93 2 91 1 87 1 85 2 81 2 75 2 73 1 71 1 69 1 67 2 63 2 61 1 59 1 55 2 39 1 37 2 35 2 33 2 31 1 29 1 27 1 25 1 23 1 19 2
54 190 2 182 2 180 2 178 1 176 1 170 2 168 2 166 1 164 1 158 2 156 1 154 1 146 2 144 2 142 1 140 1 138 1 136 2 126 1 122 1 120 1 118 2 116 2 110 1 108 1 106 2 104 2 98 1 96 1 94 2 92 2 86 1 84 2 82 2 74 2 72 2 70 1 68 1 62 2 60 2 58 1 56 1 54 1 38 1 36 1 34 2 32 2 30 1 28 2 26 2 24 2 22 1 20 1 18 1
43 191 1 183 2 181 1 179 2 171 2 169 1 167 2 159 2 157 1 155 2 147 2 145 1 143 2 137 1 135 2 127 1 123 1 121 2 119 1 111 1 109 2 107 1 99 1 97 2 95 1 87 1 85 2 83 1 75 2 73 1 71 2 63 2 61 1 59 2 55 1 39 1 37 2 35 1 29 1 27 1 25 1 23 2 19 1
35 182 1 178 2 176 1 174 2 166 2 164 1 162 2 146 1 142 2 140 1 136 2 118 1 116 2 114 1 106 1 104 2 102 1 94 1 92 2 90 1 74 1 70 2 68 1 66 2 58 2 56 1 54 2 38 2 34 1 32 2 30 2 28 2 22 2 20 1 18 2
53 189 2 183 1 181 1 179 1 177 2 175 2 169 1 167 1 165 2 163 2 157 1 153 1 147 1 145 1 143 1 141 2 139 2 137 1 135 2 121 2 119 2 117 1 115 1 109 2 107 2 105 1 103 1 97 2 95 2 93 1 91 1 85 2 81 2 75 1 73 1 71 1 69 2 67 2 61 1 59 1 57 2 55 2 39 2 37 2 35 2 33 1 31 1 29 1 27 2 25 1 23 1 21 2 19 2
52 190 2 182 2 178 1 176 1 174 2 170 2 168 1 166 1 164 1 162 2 158 2 154 1 146 2 142 1 140 1 136 2 122 1 120 2 118 2 116 2 114 1 110 1 108 2 106 2 104 2 102 1 98 1 96 2 94 2 92 2 90 1 86 1 82 2 74 2 70 1 68 1 66 2 62 2 60 1 58 1 56 1 54 2 38 1 34 2 32 2 30 2 28 2 26 2 24 1 22 1 20 1 18 2
47 183 2 181 2 179 1 175 2 173 2 171 2 167 1 163 2 161 1 159 2 147 2 145 2 143 1 139 2 137 2 135 2 125 1 123 1 119 2 115 1 113 1 111 1 107 2 103 1 101 1 99 1 95 2 91 1 89 1 87 1 75 2 73 2 71 1 67 2 65 2 63 2 59 1 55 2 53 1 39 1 37 1 35 2 31 1 29 1 27 1 23 1 19 2
47 182 1 180 2 178 2 176 1 174 1 168 2 166 2 164 1 156 1 146 1 144 2 142 2 140 1 138 1 136 2 126 1 120 1 118 1 116 2 114 2 108 1 106 1 104 2 102 2 96 1 94 1 92 2 90 2 84 2 74 1 72 2 70 2 68 1 66 1 60 2 58 2 56 1 38 2 36 1 34 1 32 2 30 2 28 2 24 2 22 2 20 1 18 2
48 183 1 181 1 179 1 175 2 171 1 169 1 167 1 163 2 159 2 157 1 147 1 145 1 143 1 139 2 137 1 135 1 123 2 121 2 119 2 115 1 111 2 109 2 107 2 103 1 99 2 97 2 95 2 91 1 87 2 85 2 75 1 73 1 71 1 67 2 63 1 61 1 59 1 55 2 51 2 39 2 37 2 35 2 31 1 29 1 27 2 25 1 23 1 19 2
49 182 1 178 2 176 2 174 2 172 1 168 1 166 2 164 1 162 2 160 2 146 1 142 2 140 2 136 1 128 1 124 2 120 2 118 1 116 1 114 1 112 2 108 2 106 1 104 1 102 1 100 2 96 2 94 1 92 1 90 1 88 2 74 1 70 2 68 2 66 2 64 1 60 1 58 2 56 1 54 2 52 2 38 2 34 1 32 1 30 2 28 2 24 1 22 2 18 2
49 183 1 181 2 179 1 177 1 175 2 173 2 167 1 163 2 161 1 147 1 145 2 143 1 141 1 139 2 137 2 135 2 129 1 125 1 119 2 117 2 115 1 113 1 107 2 105 2 103 1 101 1 95 2 93 2 91 1 89 1 75 1 73 2 71 1 69 1 67 2 65 2 59 1 55 2 53 1 39 2 37 1 35 2 33 2 31 1 29 1 27 2 23 1 21 2 19 2
32 182 1 178 2 176 1 168 1 166 2 164 1 146 1 142 2 140 1 136 2 120 2 118 1 116 2 108 2 106 1 104 2 96 2 94 1 92 2 74 1 70 2 68 1 60 1 58 2 56 1 38 2 34 1 32 2 28 2 24 1 22 2 20 1
42 191 2 183 1 181 2 175 1 173 2 171 1 163 2 161 1 159 2 155 2 147 1 145 2 139 1 137 2 135 1 127 2 125 1 123 2 115 2 113 1 111 2 103 2 101 1 99 2 91 2 89 1 87 2 83 2 75 1 73 2 67 1 65 2 63 1 55 2 53 1 51 2 47 2 39 2 37 1 31 2 29 1 27 2
50 182 1 180 2 178 2 176 2 174 1 172 1 166 2 164 1 160 2 156 2 146 1 144 2 142 2 140 2 138 1 136 1 128 1 126 1 124 2 118 1 116 1 114 2 112 2 106 1 104 1 102 2 100 2 94 1 92 1 90 2 88 2 84 2 74 1 72 2 70 2 68 2 66 1 64 1 58 2 56 1 52 2 48 2 38 2 36 1 34 1 32 1 30 2 28 2 22 2 18 2
62 189 1 183 1 181 2 179 1 177 2 175 2 173 2 171 1 167 1 165 1 163 2 161 1 159 2 153 1 147 1 145 2 143 1 141 2 139 2 137 2 135 1 129 1 125 1 123 2 119 2 117 1 115 1 113 1 111 2 107 2 105 1 103 1 101 1 99 2 95 2 93 1 91 1 89 1 87 2 81 1 75 1 73 2 71 1 69 2 67 2 65 2 63 1 59 1 57 1 55 2 53 1 51 2 45 1 39 2 37 1 35 2 33 1 31 1 29 1 27 2 23 1 19 2
39 190 1 176 2 172 1 170 1 168 1 164 1 160 2 158 2 154 1 140 2 136 1 134 1 128 1 124 2 122 2 120 2 116 1 112 2 110 2 108 2 104 1 100 2 98 2 96 2 92 1 88 2 86 2 82 1 68 2 64 1 62 1 60 1 56 1 52 2 50 2 46 1 32 1 28 2 24 1
47 191 2 181 2 177 1 175 1 173 2 171 2 163 2 161 1 159 1 155 2 145 2 141 1 139 1 137 2 135 2 129 1 127 2 125 1 123 1 117 2 115 2 113 1 111 1 105 2 103 2 101 1 99 1 93 2 91 2 89 1 87 1 83 2 73 2 69 1 67 1 65 2 63 2 55 2 53 1 51 1 47 2 37 1 33 2 31 2 29 1 27 2 21 2
40 182 1 178 2 176 2 172 1 168 2 166 2 164 1 160 2 146 1 142 2 140 2 136 1 132 2 128 1 124 2 120 1 118 1 116 1 112 2 108 1 106 1 104 1 100 2 96 1 94 1 92 1 88 2 74 1 70 2 68 2 64 1 60 2 58 2 56 1 52 2 38 2 34 1 32 1 28 2 22 2
60 191 2 189 1 183 1 177 2 175 1 173 1 171 1 169 2 165 1 163 2 161 2 159 2 157 1 155 2 153 1 147 1 141 2 139 1 137 1 135 1 133 2 129 1 127 2 125 2 123 2 121 1 117 1 115 2 113 2 111 2 109 1 105 1 103 2 101 2 99 2 97 1 93 1 91 2 89 2 87 2 85 1 83 2 81 1 75 1 69 2 67 1 65 1 63 1 61 2 57 1 55 2 53 2 51 2 49 1 47 2 45 1 39 2 33 1 31 2 27 2
50 190 1 180 2 176 2 174 2 172 1 170 1 164 1 162 1 160 2 158 2 156 2 154 1 144 2 140 2 138 2 136 1 134 1 128 1 126 1 124 2 122 2 116 1 114 1 112 2 110 2 104 1 102 1 100 2 98 2 92 1 90 1 88 2 86 2 84 2 82 1 72 2 68 2 66 2 64 1 62 1 56 1 54 1 52 2 50 2 48 2 46 1 36 1 32 1 30 2 28 2
42 191 2 189 1 181 2 177 2 175 1 173 2 165 1 163 2 161 1 155 2 153 1 145 2 141 2 139 1 137 2 129 1 127 2 125 1 117 1 115 2 113 1 105 1 103 2 101 1 93 1 91 2 89 1 83 2 81 1 73 2 69 2 67 1 65 2 57 1 55 2 53 1 47 2 45 1 37 1 33 1 31 2 29 1
31 190 1 172 2 170 1 168 2 164 1 160 1 158 2 154 1 136 2 134 1 132 2 128 1 124 1 122 2 120 1 112 1 110 2 108 1 100 1 98 2 96 1 88 1 86 2 82 1 64 2 62 1 60 2 56 1 52 1 50 2 46 1
49 191 2 189 1 175 1 173 1 171 2 169 2 165 1 163 2 161 2 159 1 157 1 155 2 153 1 139 1 137 1 135 2 133 2 129 1 127 2 125 2 123 1 121 1 115 2 113 2 111 1 109 1 103 2 101 2 99 1 97 1 91 2 89 2 87 1 85 1 83 2 81 1 67 1 65 1 63 2 61 2 57 1 55 2 53 2 51 1 49 1 47 2 45 1 31 2 27 2
48 190 1 176 2 174 1 172 1 170 1 168 2 164 1 162 1 160 2 158 2 154 1 140 2 138 1 136 1 134 1 132 2 128 1 126 1 124 2 122 2 120 1 116 1 114 2 112 2 110 2 108 1 104 1 102 2 100 2 98 2 96 1 92 1 90 2 88 2 86 2 82 1 68 2 66 1 64 1 62 1 60 2 56 1 54 1 52 2 50 2 46 1 32 1 28 2
45 191 1 189 1 177 2 173 1 169 2 167 2 165 1 163 2 161 2 157 1 155 1 153 1 141 2 137 1 133 2 131 2 129 1 127 2 125 2 121 1 119 1 117 1 113 2 109 1 107 1 105 1 101 2 97 1 95 1 93 1 89 2 85 1 83 1 81 1 69 2 65 1 61 2 59 2 57 1 55 2 53 2 49 1 47 1 45 1 33 1
44 190 1 174 2 172 2 170 1 168 1 164 1 162 1 160 1 158 2 156 2 154 1 138 2 136 2 134 1 132 1 128 1 126 1 124 1 122 2 120 2 114 1 112 1 110 2 108 2 102 1 100 1 98 2 96 2 90 1 88 1 86 2 84 2 82 1 66 2 64 2 62 1 60 1 56 1 54 1 52 1 50 2 48 2 46 1 30 2
42 191 2 189 2 175 1 173 1 169 2 165 2 163 2 161 2 157 1 155 2 153 2 139 1 137 1 133 2 129 2 127 2 125 2 121 1 117 2 115 2 113 2 109 1 105 2 103 2 101 2 97 1 93 2 91 2 89 2 85 1 83 2 81 2 67 1 65 1 61 2 57 2 55 2 53 2 49 1 47 2 45 2 31 2
46 190 2 174 1 172 2 170 2 168 2 166 1 164 1 162 1 160 1 158 1 154 2 138 1 136 2 134 2 132 2 130 1 128 1 126 1 124 1 122 1 120 1 118 2 114 2 112 1 110 1 108 1 106 2 102 2 100 1 98 1 96 1 94 2 90 2 88 1 86 1 82 2 66 1 64 2 62 2 60 2 58 1 56 1 54 1 52 1 50 1 46 2
47 191 1 189 1 173 1 171 1 169 2 167 2 165 1 163 2 161 2 159 2 157 1 155 1 153 1 137 1 135 1 133 2 131 2 129 1 127 2 125 2 123 2 121 1 119 1 113 2 111 2 109 1 107 1 101 2 99 2 97 1 95 1 89 2 87 2 85 1 83 1 81 1 65 1 63 1 61 2 59 2 57 1 55 2 53 2 51 2 49 1 47 1 45 1
34 190 1 174 1 172 2 170 1 164 1 162 1 160 1 158 2 154 1 138 1 136 2 134 1 128 1 126 1 124 1 122 2 114 2 112 1 110 2 102 2 100 1 98 2 90 2 88 1 86 2 82 1 66 1 64 2 62 1 56 1 54 1 52 1 50 2 46 1
35 191 1 189 2 173 2 169 1 167 2 165 2 163 2 157 2 155 1 153 2 137 2 133 1 131 2 129 2 127 2 121 2 119 1 117 2 109 2 107 1 105 2 97 2 95 1 93 2 85 2 83 1 81 2 65 2 61 1 59 2 57 2 55 2 49 2 47 1 45 2
46 190 2 174 2 172 2 170 2 168 1 166 1 164 1 162 2 160 1 158 1 156 2 154 2 138 2 136 2 134 2 132 1 130 1 128 1 126 2 124 1 122 1 120 2 118 2 112 1 110 1 108 2 106 2 100 1 98 1 96 2 94 2 88 1 86 1 84 2 82 2 66 2 64 2 62 2 60 1 58 1 56 1 54 2 52 1 50 1 48 2 46 2
47 191 1 189 2 173 1 169 2 167 2 165 2 163 2 161 2 159 1 157 1 155 1 153 2 137 1 133 2 131 2 129 2 127 2 125 2 123 1 121 1 119 1 117 2 113 2 111 1 109 1 107 1 105 2 101 2 99 1 97 1 95 1 93 2 89 2 87 1 85 1 83 1 81 2 65 1 61 2 59 2 57 2 55 2 53 2 51 1 49 1 47 1 45 2
39 190 2 188 1 174 1 172 1 170 2 166 1 164 1 162 1 158 1 154 2 138 1 136 1 134 2 130 1 128 1 126 1 122 1 118 2 116 2 114 2 110 1 106 2 104 2 102 2 98 1 94 2 92 2 90 2 86 1 82 2 80 1 66 1 64 1 62 2 58 1 56 1 54 1 50 1 46 2
42 191 1 173 2 171 1 169 1 167 2 165 2 163 2 159 2 157 2 155 1 153 2 137 2 135 1 133 1 131 2 129 2 127 2 123 2 121 2 119 1 117 1 111 2 109 2 107 1 105 1 99 2 97 2 95 1 93 1 87 2 85 2 83 1 65 2 63 1 61 1 59 2 57 2 55 2 51 2 49 2 47 1 45 2
42 190 2 186 2 174 2 172 2 170 2 166 1 164 1 162 2 160 1 158 1 154 2 138 2 136 2 134 2 130 1 128 1 126 2 124 1 122 1 118 2 114 1 112 1 110 1 106 2 102 1 100 1 98 1 94 2 90 1 88 1 86 1 82 2 78 2 66 2 64 2 62 2 58 1 56 1 54 2 52 1 50 1 46 2
44 191 1 189 2 187 2 173 2 169 1 167 1 165 2 163 2 159 1 157 2 153 2 137 2 133 1 131 1 129 2 127 2 123 1 121 2 119 2 117 2 115 1 111 1 109 2 107 2 105 2 103 1 99 1 97 2 95 2 93 2 91 1 87 1 85 2 83 1 81 2 79 2 65 2 61 1 59 1 57 2 55 2 51 1 49 2 45 2
44 190 2 188 1 174 2 172 1 170 2 168 2 166 1 164 1 162 2 158 1 156 2 154 2 138 2 136 1 134 2 132 2 130 1 128 1 126 2 122 1 120 1 118 2 116 2 110 1 108 1 106 2 104 2 98 1 96 1 94 2 92 2 86 1 82 2 80 1 66 2 64 1 62 2 60 2 58 1 56 1 54 2 50 1 48 2 46 2
31 191 1 173 2 169 1 167 2 163 2 159 1 157 2 155 1 137 2 133 1 131 2 127 2 123 1 121 2 119 1 111 1 109 2 107 1 99 1 97 2 95 1 87 1 85 2 83 1 65 2 61 1 59 2 55 2 51 1 49 2 47 1
32 190 2 188 1 186 2 182 2 174 2 172 1 166 2 164 1 162 2 138 2 136 1 130 2 128 1 126 2 118 1 116 2 114 1 106 1 104 2 102 1 94 1 92 2 90 1 82 2 80 1 78 2 74 2 66 2 64 1 58 2 56 1 54 2
41 191 1 187 2 183 2 173 2 171 1 169 1 167 1 165 2 163 2 157 2 153 2 137 2 135 1 133 1 131 1 129 2 127 2 121 2 119 2 117 1 115 1 109 2 107 2 105 1 103 1 97 2 95 2 93 1 91 1 85 2 83 1 79 2 75 2 65 2 63 1 61 1 59 1 57 2 55 2 49 2 45 2
50 190 2 188 1 186 2 180 1 174 2 172 1 170 2 168 1 166 1 164 1 162 2 158 1 154 2 138 2 136 1 134 2 132 1 130 1 128 1 126 2 122 1 120 2 118 2 116 2 114 1 110 1 108 2 106 2 104 2 102 1 98 1 96 2 94 2 92 2 90 1 86 1 84 1 82 2 80 1 78 2 72 1 66 2 64 1 62 2 60 1 58 1 56 1 54 2 50 1 46 2
30 191 1 187 2 185 2 181 1 167 1 163 2 159 1 131 1 127 2 125 1 123 1 119 2 115 1 113 1 111 1 107 2 103 1 101 1 99 1 95 2 91 1 89 1 87 1 83 1 79 2 77 2 73 1 59 1 55 2 51 1
36 190 2 188 1 186 1 182 2 172 1 168 2 166 2 164 1 162 2 156 2 136 1 132 2 130 2 128 1 120 1 118 1 116 2 114 2 108 1 106 1 104 2 102 2 96 1 94 1 92 2 90 2 82 2 80 1 78 1 74 2 64 1 60 2 58 2 56 1 54 2 48 2
32 191 1 187 2 173 2 169 1 167 1 163 2 157 2 137 2 133 1 131 1 127 2 123 2 121 2 119 2 115 1 111 2 109 2 107 2 103 1 99 2 97 2 95 2 91 1 87 2 85 2 83 1 79 2 65 2 61 1 59 1 55 2 49 2
42 190 2 188 2 186 2 184 1 182 2 180 1 174 2 168 1 166 2 162 2 138 2 132 1 130 2 128 1 126 2 124 2 120 2 118 1 116 1 114 1 112 2 108 2 106 1 104 1 102 1 100 2 96 2 94 1 92 1 90 1 88 2 84 1 82 2 80 2 78 2 76 1 74 2 72 1 66 2 60 1 58 2 54 2
36 191 1 189 1 187 2 185 2 183 2 181 1 171 1 167 1 165 2 163 2 135 1 131 1 127 2 125 1 119 2 117 2 115 1 113 1 107 2 105 2 103 1 101 1 95 2 93 2 91 1 89 1 83 1 81 1 79 2 77 2 75 2 73 1 63 1 59 1 57 2 55 2
30 190 2 188 1 182 2 180 1 172 1 168 1 166 2 164 1 136 1 132 1 130 2 128 1 120 2 118 1 116 2 108 2 106 1 104 2 96 2 94 1 92 2 84 1 82 2 80 1 74 2 72 1 64 1 60 1 58 2 56 1
54 190 2 182 2 180 2 178 1 176 1 170 2 168 2 166 1 164 1 158 2 156 1 154 1 146 2 144 2 142 1 140 1 138 1 136 2 126 1 122 1 120 1 118 2 116 2 110 1 108 1 106 2 104 2 98 1 96 1 94 2 92 2 86 1 84 2 82 2 74 2 72 2 70 1 68 1 62 2 60 2 58 1 56 1 54 1 38 1 36 1 34 2 32 2 30 1 28 2 26 2 24 2 22 1 20 1 18 1
43 191 1 183 2 181 1 179 2 171 2 169 1 167 2 159 2 157 1 155 2 147 2 145 1 143 2 137 1 135 2 127 1 123 1 121 2 119 1 111 1 109 2 107 1 99 1 97 2 95 1 87 1 85 2 83 1 75 2 73 1 71 2 63 2 61 1 59 2 55 1 39 1 37 2 35 1 29 1 27 1 25 1 23 2 19 1
35 182 1 178 2 176 1 174 2 166 2 164 1 162 2 146 1 142 2 140 1 136 2 118 1 116 2 114 1 106 1 104 2 102 1 94 1 92 2 90 1 74 1 70 2 68 1 66 2 58 2 56 1 54 2 38 2 34 1 32 2 30 2 28 2 22 2 20 1 18 2
53 189 2 183 1 181 1 179 1 177 2 175 2 169 1 167 1 165 2 163 2 157 1 153 1 147 1 145 1 143 1 141 2 139 2 137 1 135 2 121 2 119 2 117 1 115 1 109 2 107 2 105 1 103 1 97 2 95 2 93 1 91 1 85 2 81 2 75 1 73 1 71 1 69 2 67 2 61 1 59 1 57 2 55 2 39 2 37 2 35 2 33 1 31 1 29 1 27 2 25 1 23 1 21 2 19 2
52 190 2 182 2 178 1 176 1 174 2 170 2 168 1 166 1 164 1 162 2 158 2 154 1 146 2 142 1 140 1 136 2 122 1 120 2 118 2 116 2 114 1 110 1 108 2 106 2 104 2 102 1 98 1 96 2 94 2 92 2 90 1 86 1 82 2 74 2 70 1 68 1 66 2 62 2 60 1 58 1 56 1 54 2 38 1 34 2 32 2 30 2 28 2 26 2 24 1 22 1 20 1 18 2
47 183 2 181 2 179 1 175 2 173 2 171 2 167 1 163 2 161 1 159 2 147 2 145 2 143 1 139 2 137 2 135 2 125 1 123 1 119 2 115 1 113 1 111 1 107 2 103 1 101 1 99 1 95 2 91 1 89 1 87 1 75 2 73 2 71 1 67 2 65 2 63 2 59 1 55 2 53 1 39 1 37 1 35 2 31 1 29 1 27 1 23 1 19 2
47 182 1 180 2 178 2 176 1 174 1 168 2 166 2 164 1 156 1 146 1 144 2 142 2 140 1 138 1 136 2 126 1 120 1 118 1 116 2 114 2 108 1 106 1 104 2 102 2 96 1 94 1 92 2 90 2 84 2 74 1 72 2 70 2 68 1 66 1 60 2 58 2 56 1 38 2 36 1 34 1 32 2 30 2 28 2 24 2 22 2 20 1 18 2
48 183 1 181 1 179 1 175 2 171 1 169 1 167 1 163 2 159 2 157 1 147 1 145 1 143 1 139 2 137 1 135 1 123 2 121 2 119 2 115 1 111 2 109 2 107 2 103 1 99 2 97 2 95 2 91 1 87 2 85 2 75 1 73 1 71 1 67 2 63 1 61 1 59 1 55 2 51 2 39 2 37 2 35 2 31 1 29 1 27 2 25 1 23 1 19 2
49 182 1 178 2 176 2 174 2 172 1 168 1 166 2 164 1 162 2 160 2 146 1 142 2 140 2 136 1 128 1 124 2 120 2 118 1 116 1 114 1 112 2 108 2 106 1 104 1 102 1 100 2 96 2 94 1 92 1 90 1 88 2 74 1 70 2 68 2 66 2 64 1 60 1 58 2 56 1 54 2 52 2 38 2 34 1 32 1 30 2 28 2 24 1 22 2 18 2
49 183 1 181 2 179 1 177 1 175 2 173 2 167 1 163 2 161 1 147 1 145 2 143 1 141 1 139 2 137 2 135 2 129 1 125 1 119 2 117 2 115 1 113 1 107 2 105 2 103 1 101 1 95 2 93 2 91 1 89 1 75 1 73 2 71 1 69 1 67 2 65 2 59 1 55 2 53 1 39 2 37 1 35 2 33 2 31 1 29 1 27 2 23 1 21 2 19 2
32 182 1 178 2 176 1 168 1 166 2 164 1 146 1 142 2 140 1 136 2 120 2 118 1 116 2 108 2 106 1 104 2 96 2 94 1 92 2 74 1 70 2 68 1 60 1 58 2 56 1 38 2 34 1 32 2 28 2 24 1 22 2 20 1
42 191 2 183 1 181 2 175 1 173 2 171 1 163 2 161 1 159 2 155 2 147 1 145 2 139 1 137 2 135 1 127 2 125 1 123 2 115 2 113 1 111 2 103 2 101 1 99 2 91 2 89 1 87 2 83 2 75 1 73 2 67 1 65 2 63 1 55 2 53 1 51 2 47 2 39 2 37 1 31 2 29 1 27 2
50 182 1 180 2 178 2 176 2 174 1 172 1 166 2 164 1 160 2 156 2 146 1 144 2 142 2 140 2 138 1 136 1 128 1 126 1 124 2 118 1 116 1 114 2 112 2 106 1 104 1 102 2 100 2 94 1 92 1 90 2 88 2 84 2 74 1 72 2 70 2 68 2 66 1 64 1 58 2 56 1 52 2 48 2 38 2 36 1 34 1 32 1 30 2 28 2 22 2 18 2
62 189 1 183 1 181 2 179 1 177 2 175 2 173 2 171 1 167 1 165 1 163 2 161 1 159 2 153 1 147 1 145 2 143 1 141 2 139 2 137 2 135 1 129 1 125 1 123 2 119 2 117 1 115 1 113 1 111 2 107 2 105 1 103 1 101 1 99 2 95 2 93 1 91 1 89 1 87 2 81 1 75 1 73 2 71 1 69 2 67 2 65 2 63 1 59 1 57 1 55 2 53 1 51 2 45 1 39 2 37 1 35 2 33 1 31 1 29 1 27 2 23 1 19 2
39 190 1 176 2 172 1 170 1 168 1 164 1 160 2 158 2 154 1 140 2 136 1 134 1 128 1 124 2 122 2 120 2 116 1 112 2 110 2 108 2 104 1 100 2 98 2 96 2 92 1 88 2 86 2 82 1 68 2 64 1 62 1 60 1 56 1 52 2 50 2 46 1 32 1 28 2 24 1
47 191 2 181 2 177 1 175 1 173 2 171 2 163 2 161 1 159 1 155 2 145 2 141 1 139 1 137 2 135 2 129 1 127 2 125 1 123 1 117 2 115 2 113 1 111 1 105 2 103 2 101 1 99 1 93 2 91 2 89 1 87 1 83 2 73 2 69 1 67 1 65 2 63 2 55 2 53 1 51 1 47 2 37 1 33 2 31 2 29 1 27 2 21 2
40 182 1 178 2 176 2 172 1 168 2 166 2 164 1 160 2 146 1 142 2 140 2 136 1 132 2 128 1 124 2 120 1 118 1 116 1 112 2 108 1 106 1 104 1 100 2 96 1 94 1 92 1 88 2 74 1 70 2 68 2 64 1 60 2 58 2 56 1 52 2 38 2 34 1 32 1 28 2 22 2
60 191 2 189 1 183 1 177 2 175 1 173 1 171 1 169 2 165 1 163 2 161 2 159 2 157 1 155 2 153 1 147 1 141 2 139 1 137 1 135 1 133 2 129 1 127 2 125 2 123 2 121 1 117 1 115 2 113 2 111 2 109 1 105 1 103 2 101 2 99 2 97 1 93 1 91 2 89 2 87 2 85 1 83 2 81 1 75 1 69 2 67 1 65 1 63 1 61 2 57 1 55 2 53 2 51 2 49 1 47 2 45 1 39 2 33 1 31 2 27 2
50 190 1 180 2 176 2 174 2 172 1 170 1 164 1 162 1 160 2 158 2 156 2 154 1 144 2 140 2 138 2 136 1 134 1 128 1 126 1 124 2 122 2 116 1 114 1 112 2 110 2 104 1 102 1 100 2 98 2 92 1 90 1 88 2 86 2 84 2 82 1 72 2 68 2 66 2 64 1 62 1 56 1 54 1 52 2 50 2 48 2 46 1 36 1 32 1 30 2 28 2
42 191 2 189 1 181 2 177 2 175 1 173 2 165 1 163 2 161 1 155 2 153 1 145 2 141 2 139 1 137 2 129 1 127 2 125 1 117 1 115 2 113 1 105 1 103 2 101 1 93 1 91 2 89 1 83 2 81 1 73 2 69 2 67 1 65 2 57 1 55 2 53 1 47 2 45 1 37 1 33 1 31 2 29 1
31 190 1 172 2 170 1 168 2 164 1 160 1 158 2 154 1 136 2 134 1 132 2 128 1 124 1 122 2 120 1 112 1 110 2 108 1 100 1 98 2 96 1 88 1 86 2 82 1 64 2 62 1 60 2 56 1 52 1 50 2 46 1
49 191 2 189 1 175 1 173 1 171 2 169 2 165 1 163 2 161 2 159 1 157 1 155 2 153 1 139 1 137 1 135 2 133 2 129 1 127 2 125 2 123 1 121 1 115 2 113 2 111 1 109 1 103 2 101 2 99 1 97 1 91 2 89 2 87 1 85 1 83 2 81 1 67 1 65 1 63 2 61 2 57 1 55 2 53 2 51 1 49 1 47 2 45 1 31 2 27 2
48 190 1 176 2 174 1 172 1 170 1 168 2 164 1 162 1 160 2 158 2 154 1 140 2 138 1 136 1 134 1 132 2 128 1 126 1 124 2 122 2 120 1 116 1 114 2 112 2 110 2 108 1 104 1 102 2 100 2 98 2 96 1 92 1 90 2 88 2 86 2 82 1 68 2 66 1 64 1 62 1 60 2 56 1 54 1 52 2 50 2 46 1 32 1 28 2
45 191 1 189 1 177 2 173 1 169 2 167 2 165 1 163 2 161 2 157 1 155 1 153 1 141 2 137 1 133 2 131 2 129 1 127 2 125 2 121 1 119 1 117 1 113 2 109 1 107 1 105 1 101 2 97 1 95 1 93 1 89 2 85 1 83 1 81 1 69 2 65 1 61 2 59 2 57 1 55 2 53 2 49 1 47 1 45 1 33 1
44 190 1 174 2 172 2 170 1 168 1 164 1 162 1 160 1 158 2 156 2 154 1 138 2 136 2 134 1 132 1 128 1 126 1 124 1 122 2 120 2 114 1 112 1 110 2 108 2 102 1 100 1 98 2 96 2 90 1 88 1 86 2 84 2 82 1 66 2 64 2 62 1 60 1 56 1 54 1 52 1 50 2 48 2 46 1 30 2
42 191 2 189 2 175 1 173 1 169 2 165 2 163 2 161 2 157 1 155 2 153 2 139 1 137 1 133 2 129 2 127 2 125 2 121 1 117 2 115 2 113 2 109 1 105 2 103 2 101 2 97 1 93 2 91 2 89 2 85 1 83 2 81 2 67 1 65 1 61 2 57 2 55 2 53 2 49 1 47 2 45 2 31 2
46 190 2 174 1 172 2 170 2 168 2 166 1 164 1 162 1 160 1 158 1 154 2 138 1 136 2 134 2 132 2 130 1 128 1 126 1 124 1 122 1 120 1 118 2 114 2 112 1 110 1 108 1 106 2 102 2 100 1 98 1 96 1 94 2 90 2 88 1 86 1 82 2 66 1 64 2 62 2 60 2 58 1 56 1 54 1 52 1 50 1 46 2
47 191 1 189 1 173 1 171 1 169 2 167 2 165 1 163 2 161 2 159 2 157 1 155 1 153 1 137 1 135 1 133 2 131 2 129 1 127 2 125 2 123 2 121 1 119 1 113 2 111 2 109 1 107 1 101 2 99 2 97 1 95 1 89 2 87 2 85 1 83 1 81 1 65 1 63 1 61 2 59 2 57 1 55 2 53 2 51 2 49 1 47 1 45 1
34 190 1 174 1 172 2 170 1 164 1 162 1 160 1 158 2 154 1 138 1 136 2 134 1 128 1 126 1 124 1 122 2 114 2 112 1 110 2 102 2 100 1 98 2 90 2 88 1 86 2 82 1 66 1 64 2 62 1 56 1 54 1 52 1 50 2 46 1
35 191 1 189 2 173 2 169 1 167 2 165 2 163 2 157 2 155 1 153 2 137 2 133 1 131 2 129 2 127 2 121 2 119 1 117 2 109 2 107 1 105 2 97 2 95 1 93 2 85 2 83 1 81 2 65 2 61 1 59 2 57 2 55 2 49 2 47 1 45 2
46 190 2 174 2 172 2 170 2 168 1 166 1 164 1 162 2 160 1 158 1 156 2 154 2 138 2 136 2 134 2 132 1 130 1 128 1 126 2 124 1 122 1 120 2 118 2 112 1 110 1 108 2 106 2 100 1 98 1 96 2 94 2 88 1 86 1 84 2 82 2 66 2 64 2 62 2 60 1 58 1 56 1 54 2 52 1 50 1 48 2 46 2
47 191 1 189 2 173 1 169 2 167 2 165 2 163 2 161 2 159 1 157 1 155 1 153 2 137 1 133 2 131 2 129 2 127 2 125 2 123 1 121 1 119 1 117 2 113 2 111 1 109 1 107 1 105 2 101 2 99 1 97 1 95 1 93 2 89 2 87 1 85 1 83 1 81 2 65 1 61 2 59 2 57 2 55 2 53 2 51 1 49 1 47 1 45 2
39 190 2 188 1 174 1 172 1 170 2 166 1 164 1 162 1 158 1 154 2 138 1 136 1 134 2 130 1 128 1 126 1 122 1 118 2 116 2 114 2 110 1 106 2 104 2 102 2 98 1 94 2 92 2 90 2 86 1 82 2 80 1 66 1 64 1 62 2 58 1 56 1 54 1 50 1 46 2
42 191 1 173 2 171 1 169 1 167 2 165 2 163 2 159 2 157 2 155 1 153 2 137 2 135 1 133 1 131 2 129 2 127 2 123 2 121 2 119 1 117 1 111 2 109 2 107 1 105 1 99 2 97 2 95 1 93 1 87 2 85 2 83 1 65 2 63 1 61 1 59 2 57 2 55 2 51 2 49 2 47 1 45 2
42 190 2 186 2 174 2 172 2 170 2 166 1 164 1 162 2 160 1 158 1 154 2 138 2 136 2 134 2 130 1 128 1 126 2 124 1 122 1 118 2 114 1 112 1 110 1 106 2 102 1 100 1 98 1 94 2 90 1 88 1 86 1 82 2 78 2 66 2 64 2 62 2 58 1 56 1 54 2 52 1 50 1 46 2
44 191 1 189 2 187 2 173 2 169 1 167 1 165 2 163 2 159 1 157 2 153 2 137 2 133 1 131 1 129 2 127 2 123 1 121 2 119 2 117 2 115 1 111 1 109 2 107 2 105 2 103 1 99 1 97 2 95 2 93 2 91 1 87 1 85 2 83 1 81 2 79 2 65 2 61 1 59 1 57 2 55 2 51 1 49 2 45 2
44 190 2 188 1 174 2 172 1 170 2 168 2 166 1 164 1 162 2 158 1 156 2 154 2 138 2 136 1 134 2 132 2 130 1 128 1 126 2 122 1 120 1 118 2 116 2 110 1 108 1 106 2 104 2 98 1 96 1 94 2 92 2 86 1 82 2 80 1 66 2 64 1 62 2 60 2 58 1 56 1 54 2 50 1 48 2 46 2
31 191 1 173 2 169 1 167 2 163 2 159 1 157 2 155 1 137 2 133 1 131 2 127 2 123 1 121 2 119 1 111 1 109 2 107 1 99 1 97 2 95 1 87 1 85 2 83 1 65 2 61 1 59 2 55 2 51 1 49 2 47 1
32 190 2 188 1 186 2 182 2 174 2 172 1 166 2 164 1 162 2 138 2 136 1 130 2 128 1 126 2 118 1 116 2 114 1 106 1 104 2 102 1 94 1 92 2 90 1 82 2 80 1 78 2 74 2 66 2 64 1 58 2 56 1 54 2
41 191 1 187 2 183 2 173 2 171 1 169 1 167 1 165 2 163 2 157 2 153 2 137 2 135 1 133 1 131 1 129 2 127 2 121 2 119 2 117 1 115 1 109 2 107 2 105 1 103 1 97 2 95 2 93 1 91 1 85 2 83 1 79 2 75 2 65 2 63 1 61 1 59 1 57 2 55 2 49 2 45 2
50 190 2 188 1 186 2 180 1 174 2 172 1 170 2 168 1 166 1 164 1 162 2 158 1 154 2 138 2 136 1 134 2 132 1 130 1 128 1 126 2 122 1 120 2 118 2 116 2 114 1 110 1 108 2 106 2 104 2 102 1 98 1 96 2 94 2 92 2 90 1 86 1 84 1 82 2 80 1 78 2 72 1 66 2 64 1 62 2 60 1 58 1 56 1 54 2 50 1 46 2
30 191 1 187 2 185 2 181 1 167 1 163 2 159 1 131 1 127 2 125 1 123 1 119 2 115 1 113 1 111 1 107 2 103 1 101 1 99 1 95 2 91 1 89 1 87 1 83 1 79 2 77 2 73 1 59 1 55 2 51 1
36 190 2 188 1 186 1 182 2 172 1 168 2 166 2 164 1 162 2 156 2 136 1 132 2 130 2 128 1 120 1 118 1 116 2 114 2 108 1 106 1 104 2 102 2 96 1 94 1 92 2 90 2 82 2 80 1 78 1 74 2 64 1 60 2 58 2 56 1 54 2 48 2
32 191 1 187 2 173 2 169 1 167 1 163 2 157 2 137 2 133 1 131 1 127 2 123 2 121 2 119 2 115 1 111 2 109 2 107 2 103 1 99 2 97 2 95 2 91 1 87 2 85 2 83 1 79 2 65 2 61 1 59 1 55 2 49 2
42 190 2 188 2 186 2 184 1 182 2 180 1 174 2 168 1 166 2 162 2 138 2 132 1 130 2 128 1 126 2 124 2 120 2 118 1 116 1 114 1 112 2 108 2 106 1 104 1 102 1 100 2 96 2 94 1 92 1 90 1 88 2 84 1 82 2 80 2 78 2 76 1 74 2 72 1 66 2 60 1 58 2 54 2
36 191 1 189 1 187 2 185 2 183 2 181 1 171 1 167 1 165 2 163 2 135 1 131 1 127 2 125 1 119 2 117 2 115 1 113 1 107 2 105 2 103 1 101 1 95 2 93 2 91 1 89 1 83 1 81 1 79 2 77 2 75 2 73 1 63 1 59 1 57 2 55 2
30 190 2 188 1 182 2 180 1 172 1 168 1 166 2 164 1 136 1 132 1 130 2 128 1 120 2 118 1 116 2 108 2 106 1 104 2 96 2 94 1 92 2 84 1 82 2 80 1 74 2 72 1 64 1 60 1 58 2 56 1
20 191 1 187 1 185 2 181 1 127 2 125 1 123 2 115 2 113 1 111 2 103 2 101 1 99 2 91 2 89 1 87 2 83 1 79 1 77 2 73 1
43 191 1 183 2 181 1 179 2 171 2 169 1 167 2 159 2 157 1 155 2 147 2 145 1 143 2 137 1 135 2 127 1 123 1 121 2 119 1 111 1 109 2 107 1 99 1 97 2 95 1 87 1 85 2 83 1 75 2 73 1 71 2 63 2 61 1 59 2 55 1 39 1 37 2 35 1 29 1 27 1 25 1 23 2 19 1
35 182 1 178 2 176 1 174 2 166 2 164 1 162 2 146 1 142 2 140 1 136 2 118 1 116 2 114 1 106 1 104 2 102 1 94 1 92 2 90 1 74 1 70 2 68 1 66 2 58 2 56 1 54 2 38 2 34 1 32 2 30 2 28 2 22 2 20 1 18 2
53 189 2 183 1 181 1 179 1 177 2 175 2 169 1 167 1 165 2 163 2 157 1 153 1 147 1 145 1 143 1 141 2 139 2 137 1 135 2 121 2 119 2 117 1 115 1 109 2 107 2 105 1 103 1 97 2 95 2 93 1 91 1 85 2 81 2 75 1 73 1 71 1 69 2 67 2 61 1 59 1 57 2 55 2 39 2 37 2 35 2 33 1 31 1 29 1 27 2 25 1 23 1 21 2 19 2
52 190 2 182 2 178 1 176 1 174 2 170 2 168 1 166 1 164 1 162 2 158 2 154 1 146 2 142 1 140 1 136 2 122 1 120 2 118 2 116 2 114 1 110 1 108 2 106 2 104 2 102 1 98 1 96 2 94 2 92 2 90 1 86 1 82 2 74 2 70 1 68 1 66 2 62 2 60 1 58 1 56 1 54 2 38 1 34 2 32 2 30 2 28 2 26 2 24 1 22 1 20 1 18 2
47 183 2 181 2 179 1 175 2 173 2 171 2 167 1 163 2 161 1 159 2 147 2 145 2 143 1 139 2 137 2 135 2 125 1 123 1 119 2 115 1 113 1 111 1 107 2 103 1 101 1 99 1 95 2 91 1 89 1 87 1 75 2 73 2 71 1 67 2 65 2 63 2 59 1 55 2 53 1 39 1 37 1 35 2 31 1 29 1 27 1 23 1 19 2
47 182 1 180 2 178 2 176 1 174 1 168 2 166 2 164 1 156 1 146 1 144 2 142 2 140 1 138 1 136 2 126 1 120 1 118 1 116 2 114 2 108 1 106 1 104 2 102 2 96 1 94 1 92 2 90 2 84 2 74 1 72 2 70 2 68 1 66 1 60 2 58 2 56 1 38 2 36 1 34 1 32 2 30 2 28 2 24 2 22 2 20 1 18 2
48 183 1 181 1 179 1 175 2 171 1 169 1 167 1 163 2 159 2 157 1 147 1 145 1 143 1 139 2 137 1 135 1 123 2 121 2 119 2 115 1 111 2 109 2 107 2 103 1 99 2 97 2 95 2 91 1 87 2 85 2 75 1 73 1 71 1 67 2 63 1 61 1 59 1 55 2 51 2 39 2 37 2 35 2 31 1 29 1 27 2 25 1 23 1 19 2
49 182 1 178 2 176 2 174 2 172 1 168 1 166 2 164 1 162 2 160 2 146 1 142 2 140 2 136 1 128 1 124 2 120 2 118 1 116 1 114 1 112 2 108 2 106 1 104 1 102 1 100 2 96 2 94 1 92 1 90 1 88 2 74 1 70 2 68 2 66 2 64 1 60 1 58 2 56 1 54 2 52 2 38 2 34 1 32 1 30 2 28 2 24 1 22 2 18 2
49 183 1 181 2 179 1 177 1 175 2 173 2 167 1 163 2 161 1 147 1 145 2 143 1 141 1 139 2 137 2 135 2 129 1 125 1 119 2 117 2 115 1 113 1 107 2 105 2 103 1 101 1 95 2 93 2 91 1 89 1 75 1 73 2 71 1 69 1 67 2 65 2 59 1 55 2 53 1 39 2 37 1 35 2 33 2 31 1 29 1 27 2 23 1 21 2 19 2
32 182 1 178 2 176 1 168 1 166 2 164 1 146 1 142 2 140 1 136 2 120 2 118 1 116 2 108 2 106 1 104 2 96 2 94 1 92 2 74 1 70 2 68 1 60 1 58 2 56 1 38 2 34 1 32 2 28 2 24 1 22 2 20 1
42 191 2 183 1 181 2 175 1 173 2 171 1 163 2 161 1 159 2 155 2 147 1 145 2 139 1 137 2 135 1 127 2 125 1 123 2 115 2 113 1 111 2 103 2 101 1 99 2 91 2 89 1 87 2 83 2 75 1 73 2 67 1 65 2 63 1 55 2 53 1 51 2 47 2 39 2 37 1 31 2 29 1 27 2
50 182 1 180 2 178 2 176 2 174 1 172 1 166 2 164 1 160 2 156 2 146 1 144 2 142 2 140 2 138 1 136 1 128 1 126 1 124 2 118 1 116 1 114 2 112 2 106 1 104 1 102 2 100 2 94 1 92 1 90 2 88 2 84 2 74 1 72 2 70 2 68 2 66 1 64 1 58 2 56 1 52 2 48 2 38 2 36 1 34 1 32 1 30 2 28 2 22 2 18 2
62 189 1 183 1 181 2 179 1 177 2 175 2 173 2 171 1 167 1 165 1 163 2 161 1 159 2 153 1 147 1 145 2 143 1 141 2 139 2 137 2 135 1 129 1 125 1 123 2 119 2 117 1 115 1 113 1 111 2 107 2 105 1 103 1 101 1 99 2 95 2 93 1 91 1 89 1 87 2 81 1 75 1 73 2 71 1 69 2 67 2 65 2 63 1 59 1 57 1 55 2 53 1 51 2 45 1 39 2 37 1 35 2 33 1 31 1 29 1 27 2 23 1 19 2
39 190 1 176 2 172 1 170 1 168 1 164 1 160 2 158 2 154 1 140 2 136 1 134 1 128 1 124 2 122 2 120 2 116 1 112 2 110 2 108 2 104 1 100 2 98 2 96 2 92 1 88 2 86 2 82 1 68 2 64 1 62 1 60 1 56 1 52 2 50 2 46 1 32 1 28 2 24 1
47 191 2 181 2 177 1 175 1 173 2 171 2 163 2 161 1 159 1 155 2 145 2 141 1 139 1 137 2 135 2 129 1 127 2 125 1 123 1 117 2 115 2 113 1 111 1 105 2 103 2 101 1 99 1 93 2 91 2 89 1 87 1 83 2 73 2 69 1 67 1 65 2 63 2 55 2 53 1 51 1 47 2 37 1 33 2 31 2 29 1 27 2 21 2
40 182 1 178 2 176 2 172 1 168 2 166 2 164 1 160 2 146 1 142 2 140 2 136 1 132 2 128 1 124 2 120 1 118 1 116 1 112 2 108 1 106 1 104 1 100 2 96 1 94 1 92 1 88 2 74 1 70 2 68 2 64 1 60 2 58 2 56 1 52 2 38 2 34 1 32 1 28 2 22 2
60 191 2 189 1 183 1 177 2 175 1 173 1 171 1 169 2 165 1 163 2 161 2 159 2 157 1 155 2 153 1 147 1 141 2 139 1 137 1 135 1 133 2 129 1 127 2 125 2 123 2 121 1 117 1 115 2 113 2 111 2 109 1 105 1 103 2 101 2 99 2 97 1 93 1 91 2 89 2 87 2 85 1 83 2 81 1 75 1 69 2 67 1 65 1 63 1 61 2 57 1 55 2 53 2 51 2 49 1 47 2 45 1 39 2 33 1 31 2 27 2
50 190 1 180 2 176 2 174 2 172 1 170 1 164 1 162 1 160 2 158 2 156 2 154 1 144 2 140 2 138 2 136 1 134 1 128 1 126 1 124 2 122 2 116 1 114 1 112 2 110 2 104 1 102 1 100 2 98 2 92 1 90 1 88 2 86 2 84 2 82 1 72 2 68 2 66 2 64 1 62 1 56 1 54 1 52 2 50 2 48 2 46 1 36 1 32 1 30 2 28 2
42 191 2 189 1 181 2 177 2 175 1 173 2 165 1 163 2 161 1 155 2 153 1 145 2 141 2 139 1 137 2 129 1 127 2 125 1 117 1 115 2 113 1 105 1 103 2 101 1 93 1 91 2 89 1 83 2 81 1 73 2 69 2 67 1 65 2 57 1 55 2 53 1 47 2 45 1 37 1 33 1 31 2 29 1
31 190 1 172 2 170 1 168 2 164 1 160 1 158 2 154 1 136 2 134 1 132 2 128 1 124 1 122 2 120 1 112 1 110 2 108 1 100 1 98 2 96 1 88 1 86 2 82 1 64 2 62 1 60 2 56 1 52 1 50 2 46 1
49 191 2 189 1 175 1 173 1 171 2 169 2 165 1 163 2 161 2 159 1 157 1 155 2 153 1 139 1 137 1 135 2 133 2 129 1 127 2 125 2 123 1 121 1 115 2 113 2 111 1 109 1 103 2 101 2 99 1 97 1 91 2 89 2 87 1 85 1 83 2 81 1 67 1 65 1 63 2 61 2 57 1 55 2 53 2 51 1 49 1 47 2 45 1 31 2 27 2
48 190 1 176 2 174 1 172 1 170 1 168 2 164 1 162 1 160 2 158 2 154 1 140 2 138 1 136 1 134 1 132 2 128 1 126 1 124 2 122 2 120 1 116 1 114 2 112 2 110 2 108 1 104 1 102 2 100 2 98 2 96 1 92 1 90 2 88 2 86 2 82 1 68 2 66 1 64 1 62 1 60 2 56 1 54 1 52 2 50 2 46 1 32 1 28 2
45 191 1 189 1 177 2 173 1 169 2 167 2 165 1 163 2 161 2 157 1 155 1 153 1 141 2 137 1 133 2 131 2 129 1 127 2 125 2 121 1 119 1 117 1 113 2 109 1 107 1 105 1 101 2 97 1 95 1 93 1 89 2 85 1 83 1 81 1 69 2 65 1 61 2 59 2 57 1 55 2 53 2 49 1 47 1 45 1 33 1
44 190 1 174 2 172 2 170 1 168 1 164 1 162 1 160 1 158 2 156 2 154 1 138 2 136 2 134 1 132 1 128 1 126 1 124 1 122 2 120 2 114 1 112 1 110 2 108 2 102 1 100 1 98 2 96 2 90 1 88 1 86 2 84 2 82 1 66 2 64 2 62 1 60 1 56 1 54 1 52 1 50 2 48 2 46 1 30 2
42 191 2 189 2 175 1 173 1 169 2 165 2 163 2 161 2 157 1 155 2 153 2 139 1 137 1 133 2 129 2 127 2 125 2 121 1 117 2 115 2 113 2 109 1 105 2 103 2 101 2 97 1 93 2 91 2 89 2 85 1 83 2 81 2 67 1 65 1 61 2 57 2 55 2 53 2 49 1 47 2 45 2 31 2
46 190 2 174 1 172 2 170 2 168 2 166 1 164 1 162 1 160 1 158 1 154 2 138 1 136 2 134 2 132 2 130 1 128 1 126 1 124 1 122 1 120 1 118 2 114 2 112 1 110 1 108 1 106 2 102 2 100 1 98 1 96 1 94 2 90 2 88 1 86 1 82 2 66 1 64 2 62 2 60 2 58 1 56 1 54 1 52 1 50 1 46 2
47 191 1 189 1 173 1 171 1 169 2 167 2 165 1 163 2 161 2 159 2 157 1 155 1 153 1 137 1 135 1 133 2 131 2 129 1 127 2 125 2 123 2 121 1 119 1 113 2 111 2 109 1 107 1 101 2 99 2 97 1 95 1 89 2 87 2 85 1 83 1 81 1 65 1 63 1 61 2 59 2 57 1 55 2 53 2 51 2 49 1 47 1 45 1
34 190 1 174 1 172 2 170 1 164 1 162 1 160 1 158 2 154 1 138 1 136 2 134 1 128 1 126 1 124 1 122 2 114 2 112 1 110 2 102 2 100 1 98 2 90 2 88 1 86 2 82 1 66 1 64 2 62 1 56 1 54 1 52 1 50 2 46 1
35 191 1 189 2 173 2 169 1 167 2 165 2 163 2 157 2 155 1 153 2 137 2 133 1 131 2 129 2 127 2 121 2 119 1 117 2 109 2 107 1 105 2 97 2 95 1 93 2 85 2 83 1 81 2 65 2 61 1 59 2 57 2 55 2 49 2 47 1 45 2
46 190 2 174 2 172 2 170 2 168 1 166 1 164 1 162 2 160 1 158 1 156 2 154 2 138 2 136 2 134 2 132 1 130 1 128 1 126 2 124 1 122 1 120 2 118 2 112 1 110 1 108 2 106 2 100 1 98 1 96 2 94 2 88 1 86 1 84 2 82 2 66 2 64 2 62 2 60 1 58 1 56 1 54 2 52 1 50 1 48 2 46 2
47 191 1 189 2 173 1 169 2 167 2 165 2 163 2 161 2 159 1 157 1 155 1 153 2 137 1 133 2 131 2 129 2 127 2 125 2 123 1 121 1 119 1 117 2 113 2 111 1 109 1 107 1 105 2 101 2 99 1 97 1 95 1 93 2 89 2 87 1 85 1 83 1 81 2 65 1 61 2 59 2 57 2 55 2 53 2 51 1 49 1 47 1 45 2
39 190 2 188 1 174 1 172 1 170 2 166 1 164 1 162 1 158 1 154 2 138 1 136 1 134 2 130 1 128 1 126 1 122 1 118 2 116 2 114 2 110 1 106 2 104 2 102 2 98 1 94 2 92 2 90 2 86 1 82 2 80 1 66 1 64 1 62 2 58 1 56 1 54 1 50 1 46 2
42 191 1 173 2 171 1 169 1 167 2 165 2 163 2 159 2 157 2 155 1 153 2 137 2 135 1 133 1 131 2 129 2 127 2 123 2 121 2 119 1 117 1 111 2 109 2 107 1 105 1 99 2 97 2 95 1 93 1 87 2 85 2 83 1 65 2 63 1 61 1 59 2 57 2 55 2 51 2 49 2 47 1 45 2
42 190 2 186 2 174 2 172 2 170 2 166 1 164 1 162 2 160 1 158 1 154 2 138 2 136 2 134 2 130 1 128 1 126 2 124 1 122 1 118 2 114 1 112 1 110 1 106 2 102 1 100 1 98 1 94 2 90 1 88 1 86 1 82 2 78 2 66 2 64 2 62 2 58 1 56 1 54 2 52 1 50 1 46 2
44 191 1 189 2 187 2 173 2 169 1 167 1 165 2 163 2 159 1 157 2 153 2 137 2 133 1 131 1 129 2 127 2 123 1 121 2 119 2 117 2 115 1 111 1 109 2 107 2 105 2 103 1 99 1 97 2 95 2 93 2 91 1 87 1 85 2 83 1 81 2 79 2 65 2 61 1 59 1 57 2 55 2 51 1 49 2 45 2
44 190 2 188 1 174 2 172 1 170 2 168 2 166 1 164 1 162 2 158 1 156 2 154 2 138 2 136 1 134 2 132 2 130 1 128 1 126 2 122 1 120 1 118 2 116 2 110 1 108 1 106 2 104 2 98 1 96 1 94 2 92 2 86 1 82 2 80 1 66 2 64 1 62 2 60 2 58 1 56 1 54 2 50 1 48 2 46 2
31 191 1 173 2 169 1 167 2 163 2 159 1 157 2 155 1 137 2 133 1 131 2 127 2 123 1 121 2 119 1 111 1 109 2 107 1 99 1 97 2 95 1 87 1 85 2 83 1 65 2 61 1 59 2 55 2 51 1 49 2 47 1
32 190 2 188 1 186 2 182 2 174 2 172 1 166 2 164 1 162 2 138 2 136 1 130 2 128 1 126 2 118 1 116 2 114 1 106 1 104 2 102 1 94 1 92 2 90 1 82 2 80 1 78 2 74 2 66 2 64 1 58 2 56 1 54 2
41 191 1 187 2 183 2 173 2 171 1 169 1 167 1 165 2 163 2 157 2 153 2 137 2 135 1 133 1 131 1 129 2 127 2 121 2 119 2 117 1 115 1 109 2 107 2 105 1 103 1 97 2 95 2 93 1 91 1 85 2 83 1 79 2 75 2 65 2 63 1 61 1 59 1 57 2 55 2 49 2 45 2
50 190 2 188 1 186 2 180 1 174 2 172 1 170 2 168 1 166 1 164 1 162 2 158 1 154 2 138 2 136 1 134 2 132 1 130 1 128 1 126 2 122 1 120 2 118 2 116 2 114 1 110 1 108 2 106 2 104 2 102 1 98 1 96 2 94 2 92 2 90 1 86 1 84 1 82 2 80 1 78 2 72 1 66 2 64 1 62 2 60 1 58 1 56 1 54 2 50 1 46 2
30 191 1 187 2 185 2 181 1 167 1 163 2 159 1 131 1 127 2 125 1 123 1 119 2 115 1 113 1 111 1 107 2 103 1 101 1 99 1 95 2 91 1 89 1 87 1 83 1 79 2 77 2 73 1 59 1 55 2 51 1
36 190 2 188 1 186 1 182 2 172 1 168 2 166 2 164 1 162 2 156 2 136 1 132 2 130 2 128 1 120 1 118 1 116 2 114 2 108 1 106 1 104 2 102 2 96 1 94 1 92 2 90 2 82 2 80 1 78 1 74 2 64 1 60 2 58 2 56 1 54 2 48 2
32 191 1 187 2 173 2 169 1 167 1 163 2 157 2 137 2 133 1 131 1 127 2 123 2 121 2 119 2 115 1 111 2 109 2 107 2 103 1 99 2 97 2 95 2 91 1 87 2 85 2 83 1 79 2 65 2 61 1 59 1 55 2 49 2
42 190 2 188 2 186 2 184 1 182 2 180 1 174 2 168 1 166 2 162 2 138 2 132 1 130 2 128 1 126 2 124 2 120 2 118 1 116 1 114 1 112 2 108 2 106 1 104 1 102 1 100 2 96 2 94 1 92 1 90 1 88 2 84 1 82 2 80 2 78 2 76 1 74 2 72 1 66 2 60 1 58 2 54 2
36 191 1 189 1 187 2 185 2 183 2 181 1 171 1 167 1 165 2 163 2 135 1 131 1 127 2 125 1 119 2 117 2 115 1 113 1 107 2 105 2 103 1 101 1 95 2 93 2 91 1 89 1 83 1 81 1 79 2 77 2 75 2 73 1 63 1 59 1 57 2 55 2
30 190 2 188 1 182 2 180 1 172 1 168 1 166 2 164 1 136 1 132 1 130 2 128 1 120 2 118 1 116 2 108 2 106 1 104 2 96 2 94 1 92 2 84 1 82 2 80 1 74 2 72 1 64 1 60 1 58 2 56 1
20 191 1 187 1 185 2 181 1 127 2 125 1 123 2 115 2 113 1 111 2 103 2 101 1 99 2 91 2 89 1 87 2 83 1 79 1 77 2 73 1
32 190 2 188 2 186 1 184 1 182 2 180 1 166 2 162 2 130 2 128 1 124 2 118 1 116 1 114 2 112 2 106 1 104 1 102 2 100 2 94 1 92 1 90 2 88 2 84 1 82 2 80 2 78 1 76 1 74 2 72 1 58 2 54 2
35 182 1 178 2 176 1 174 2 166 2 164 1 162 2 146 1 142 2 140 1 136 2 118 1 116 2 114 1 106 1 104 2 102 1 94 1 92 2 90 1 74 1 70 2 68 1 66 2 58 2 56 1 54 2 38 2 34 1 32 2 30 2 28 2 22 2 20 1 18 2
53 189 2 183 1 181 1 179 1 177 2 175 2 169 1 167 1 165 2 163 2 157 1 153 1 147 1 145 1 143 1 141 2 139 2 137 1 135 2 121 2 119 2 117 1 115 1 109 2 107 2 105 1 103 1 97 2 95 2 93 1 91 1 85 2 81 2 75 1 73 1 71 1 69 2 67 2 61 1 59 1 57 2 55 2 39 2 37 2 35 2 33 1 31 1 29 1 27 2 25 1 23 1 21 2 19 2
52 190 2 182 2 178 1 176 1 174 2 170 2 168 1 166 1 164 1 162 2 158 2 154 1 146 2 142 1 140 1 136 2 122 1 120 2 118 2 116 2 114 1 110 1 108 2 106 2 104 2 102 1 98 1 96 2 94 2 92 2 90 1 86 1 82 2 74 2 70 1 68 1 66 2 62 2 60 1 58 1 56 1 54 2 38 1 34 2 32 2 30 2 28 2 26 2 24 1 22 1 20 1 18 2
47 183 2 181 2 179 1 175 2 173 2 171 2 167 1 163 2 161 1 159 2 147 2 145 2 143 1 139 2 137 2 135 2 125 1 123 1 119 2 115 1 113 1 111 1 107 2 103 1 101 1 99 1 95 2 91 1 89 1 87 1 75 2 73 2 71 1 67 2 65 2 63 2 59 1 55 2 53 1 39 1 37 1 35 2 31 1 29 1 27 1 23 1 19 2
47 182 1 180 2 178 2 176 1 174 1 168 2 166 2 164 1 156 1 146 1 144 2 142 2 140 1 138 1 136 2 126 1 120 1 118 1 116 2 114 2 108 1 106 1 104 2 102 2 96 1 94 1 92 2 90 2 84 2 74 1 72 2 70 2 68 1 66 1 60 2 58 2 56 1 38 2 36 1 34 1 32 2 30 2 28 2 24 2 22 2 20 1 18 2
48 183 1 181 1 179 1 175 2 171 1 169 1 167 1 163 2 159 2 157 1 147 1 145 1 143 1 139 2 137 1 135 1 123 2 121 2 119 2 115 1 111 2 109 2 107 2 103 1 99 2 97 2 95 2 91 1 87 2 85 2 75 1 73 1 71 1 67 2 63 1 61 1 59 1 55 2 51 2 39 2 37 2 35 2 31 1 29 1 27 2 25 1 23 1 19 2
49 182 1 178 2 176 2 174 2 172 1 168 1 166 2 164 1 162 2 160 2 146 1 142 2 140 2 136 1 128 1 124 2 120 2 118 1 116 1 114 1 112 2 108 2 106 1 104 1 102 1 100 2 96 2 94 1 92 1 90 1 88 2 74 1 70 2 68 2 66 2 64 1 60 1 58 2 56 1 54 2 52 2 38 2 34 1 32 1 30 2 28 2 24 1 22 2 18 2
49 183 1 181 2 179 1 177 1 175 2 173 2 167 1 163 2 161 1 147 1 145 2 143 1 141 1 139 2 137 2 135 2 129 1 125 1 119 2 117 2 115 1 113 1 107 2 105 2 103 1 101 1 95 2 93 2 91 1 89 1 75 1 73 2 71 1 69 1 67 2 65 2 59 1 55 2 53 1 39 2 37 1 35 2 33 2 31 1 29 1 27 2 23 1 21 2 19 2
32 182 1 178 2 176 1 168 1 166 2 164 1 146 1 142 2 140 1 136 2 120 2 118 1 116 2 108 2 106 1 104 2 96 2 94 1 92 2 74 1 70 2 68 1 60 1 58 2 56 1 38 2 34 1 32 2 28 2 24 1 22 2 20 1
42 191 2 183 1 181 2 175 1 173 2 171 1 163 2 161 1 159 2 155 2 147 1 145 2 139 1 137 2 135 1 127 2 125 1 123 2 115 2 113 1 111 2 103 2 101 1 99 2 91 2 89 1 87 2 83 2 75 1 73 2 67 1 65 2 63 1 55 2 53 1 51 2 47 2 39 2 37 1 31 2 29 1 27 2
50 182 1 180 2 178 2 176 2 174 1 172 1 166 2 164 1 160 2 156 2 146 1 144 2 142 2 140 2 138 1 136 1 128 1 126 1 124 2 118 1 116 1 114 2 112 2 106 1 104 1 102 2 100 2 94 1 92 1 90 2 88 2 84 2 74 1 72 2 70 2 68 2 66 1 64 1 58 2 56 1 52 2 48 2 38 2 36 1 34 1 32 1 30 2 28 2 22 2 18 2
62 189 1 183 1 181 2 179 1 177 2 175 2 173 2 171 1 167 1 165 1 163 2 161 1 159 2 153 1 147 1 145 2 143 1 141 2 139 2 137 2 135 1 129 1 125 1 123 2 119 2 117 1 115 1 113 1 111 2 107 2 105 1 103 1 101 1 99 2 95 2 93 1 91 1 89 1 87 2 81 1 75 1 73 2 71 1 69 2 67 2 65 2 63 1 59 1 57 1 55 2 53 1 51 2 45 1 39 2 37 1 35 2 33 1 31 1 29 1 27 2 23 1 19 2
39 190 1 176 2 172 1 170 1 168 1 164 1 160 2 158 2 154 1 140 2 136 1 134 1 128 1 124 2 122 2 120 2 116 1 112 2 110 2 108 2 104 1 100 2 98 2 96 2 92 1 88 2 86 2 82 1 68 2 64 1 62 1 60 1 56 1 52 2 50 2 46 1 32 1 28 2 24 1
47 191 2 181 2 177 1 175 1 173 2 171 2 163 2 161 1 159 1 155 2 145 2 141 1 139 1 137 2 135 2 129 1 127 2 125 1 123 1 117 2 115 2 113 1 111 1 105 2 103 2 101 1 99 1 93 2 91 2 89 1 87 1 83 2 73 2 69 1 67 1 65 2 63 2 55 2 53 1 51 1 47 2 37 1 33 2 31 2 29 1 27 2 21 2
40 182 1 178 2 176 2 172 1 168 2 166 2 164 1 160 2 146 1 142 2 140 2 136 1 132 2 128 1 124 2 120 1 118 1 116 1 112 2 108 1 106 1 104 1 100 2 96 1 94 1 92 1 88 2 74 1 70 2 68 2 64 1 60 2 58 2 56 1 52 2 38 2 34 1 32 1 28 2 22 2
60 191 2 189 1 183 1 177 2 175 1 173 1 171 1 169 2 165 1 163 2 161 2 159 2 157 1 155 2 153 1 147 1 141 2 139 1 137 1 135 1 133 2 129 1 127 2 125 2 123 2 121 1 117 1 115 2 113 2 111 2 109 1 105 1 103 2 101 2 99 2 97 1 93 1 91 2 89 2 87 2 85 1 83 2 81 1 75 1 69 2 67 1 65 1 63 1 61 2 57 1 55 2 53 2 51 2 49 1 47 2 45 1 39 2 33 1 31 2 27 2
50 190 1 180 2 176 2 174 2 172 1 170 1 164 1 162 1 160 2 158 2 156 2 154 1 144 2 140 2 138 2 136 1 134 1 128 1 126 1 124 2 122 2 116 1 114 1 112 2 110 2 104 1 102 1 100 2 98 2 92 1 90 1 88 2 86 2 84 2 82 1 72 2 68 2 66 2 64 1 62 1 56 1 54 1 52 2 50 2 48 2 46 1 36 1 32 1 30 2 28 2
42 191 2 189 1 181 2 177 2 175 1 173 2 165 1 163 2 161 1 155 2 153 1 145 2 141 2 139 1 137 2 129 1 127 2 125 1 117 1 115 2 113 1 105 1 103 2 101 1 93 1 91 2 89 1 83 2 81 1 73 2 69 2 67 1 65 2 57 1 55 2 53 1 47 2 45 1 37 1 33 1 31 2 29 1
31 190 1 172 2 170 1 168 2 164 1 160 1 158 2 154 1 136 2 134 1 132 2 128 1 124 1 122 2 120 1 112 1 110 2 108 1 100 1 98 2 96 1 88 1 86 2 82 1 64 2 62 1 60 2 56 1 52 1 50 2 46 1
49 191 2 189 1 175 1 173 1 171 2 169 2 165 1 163 2 161 2 159 1 157 1 155 2 153 1 139 1 137 1 135 2 133 2 129 1 127 2 125 2 123 1 121 1 115 2 113 2 111 1 109 1 103 2 101 2 99 1 97 1 91 2 89 2 87 1 85 1 83 2 81 1 67 1 65 1 63 2 61 2 57 1 55 2 53 2 51 1 49 1 47 2 45 1 31 2 27 2
48 190 1 176 2 174 1 172 1 170 1 168 2 164 1 162 1 160 2 158 2 154 1 140 2 138 1 136 1 134 1 132 2 128 1 126 1 124 2 122 2 120 1 116 1 114 2 112 2 110 2 108 1 104 1 102 2 100 2 98 2 96 1 92 1 90 2 88 2 86 2 82 1 68 2 66 1 64 1 62 1 60 2 56 1 54 1 52 2 50 2 46 1 32 1 28 2
45 191 1 189 1 177 2 173 1 169 2 167 2 165 1 163 2 161 2 157 1 155 1 153 1 141 2 137 1 133 2 131 2 129 1 127 2 125 2 121 1 119 1 117 1 113 2 109 1 107 1 105 1 101 2 97 1 95 1 93 1 89 2 85 1 83 1 81 1 69 2 65 1 61 2 59 2 57 1 55 2 53 2 49 1 47 1 45 1 33 1
44 190 1 174 2 172 2 170 1 168 1 164 1 162 1 160 1 158 2 156 2 154 1 138 2 136 2 134 1 132 1 128 1 126 1 124 1 122 2 120 2 114 1 112 1 110 2 108 2 102 1 100 1 98 2 96 2 90 1 88 1 86 2 84 2 82 1 66 2 64 2 62 1 60 1 56 1 54 1 52 1 50 2 48 2 46 1 30 2
42 191 2 189 2 175 1 173 1 169 2 165 2 163 2 161 2 157 1 155 2 153 2 139 1 137 1 133 2 129 2 127 2 125 2 121 1 117 2 115 2 113 2 109 1 105 2 103 2 101 2 97 1 93 2 91 2 89 2 85 1 83 2 81 2 67 1 65 1 61 2 57 2 55 2 53 2 49 1 47 2 45 2 31 2
46 190 2 174 1 172 2 170 2 168 2 166 1 164 1 162 1 160 1 158 1 154 2 138 1 136 2 134 2 132 2 130 1 128 1 126 1 124 1 122 1 120 1 118 2 114 2 112 1 110 1 108 1 106 2 102 2 100 1 98 1 96 1 94 2 90 2 88 1 86 1 82 2 66 1 64 2 62 2 60 2 58 1 56 1 54 1 52 1 50 1 46 2
47 191 1 189 1 173 1 171 1 169 2 167 2 165 1 163 2 161 2 159 2 157 1 155 1 153 1 137 1 135 1 133 2 131 2 129 1 127 2 125 2 123 2 121 1 119 1 113 2 111 2 109 1 107 1 101 2 99 2 97 1 95 1 89 2 87 2 85 1 83 1 81 1 65 1 63 1 61 2 59 2 57 1 55 2 53 2 51 2 49 1 47 1 45 1
34 190 1 174 1 172 2 170 1 164 1 162 1 160 1 158 2 154 1 138 1 136 2 134 1 128 1 126 1 124 1 122 2 114 2 112 1 110 2 102 2 100 1 98 2 90 2 88 1 86 2 82 1 66 1 64 2 62 1 56 1 54 1 52 1 50 2 46 1
35 191 1 189 2 173 2 169 1 167 2 165 2 163 2 157 2 155 1 153 2 137 2 133 1 131 2 129 2 127 2 121 2 119 1 117 2 109 2 107 1 105 2 97 2 95 1 93 2 85 2 83 1 81 2 65 2 61 1 59 2 57 2 55 2 49 2 47 1 45 2
46 190 2 174 2 172 2 170 2 168 1 166 1 164 1 162 2 160 1 158 1 156 2 154 2 138 2 136 2 134 2 132 1 130 1 128 1 126 2 124 1 122 1 120 2 118 2 112 1 110 1 108 2 106 2 100 1 98 1 96 2 94 2 88 1 86 1 84 2 82 2 66 2 64 2 62 2 60 1 58 1 56 1 54 2 52 1 50 1 48 2 46 2
47 191 1 189 2 173 1 169 2 167 2 165 2 163 2 161 2 159 1 157 1 155 1 153 2 137 1 133 2 131 2 129 2 127 2 125 2 123 1 121 1 119 1 117 2 113 2 111 1 109 1 107 1 105 2 101 2 99 1 97 1 95 1 93 2 89 2 87 1 85 1 83 1 81 2 65 1 61 2 59 2 57 2 55 2 53 2 51 1 49 1 47 1 45 2
39 190 2 188 1 174 1 172 1 170 2 166 1 164 1 162 1 158 1 154 2 138 1 136 1 134 2 130 1 128 1 126 1 122 1 118 2 116 2 114 2 110 1 106 2 104 2 102 2 98 1 94 2 92 2 90 2 86 1 82 2 80 1 66 1 64 1 62 2 58 1 56 1 54 1 50 1 46 2
42 191 1 173 2 171 1 169 1 167 2 165 2 163 2 159 2 157 2 155 1 153 2 137 2 135 1 133 1 131 2 129 2 127 2 123 2 121 2 119 1 117 1 111 2 109 2 107 1 105 1 99 2 97 2 95 1 93 1 87 2 85 2 83 1 65 2 63 1 61 1 59 2 57 2 55 2 51 2 49 2 47 1 45 2
42 190 2 186 2 174 2 172 2 170 2 166 1 164 1 162 2 160 1 158 1 154 2 138 2 136 2 134 2 130 1 128 1 126 2 124 1 122 1 118 2 114 1 112 1 110 1 106 2 102 1 100 1 98 1 94 2 90 1 88 1 86 1 82 2 78 2 66 2 64 2 62 2 58 1 56 1 54 2 52 1 50 1 46 2
44 191 1 189 2 187 2 173 2 169 1 167 1 165 2 163 2 159 1 157 2 153 2 137 2 133 1 131 1 129 2 127 2 123 1 121 2 119 2 117 2 115 1 111 1 109 2 107 2 105 2 103 1 99 1 97 2 95 2 93 2 91 1 87 1 85 2 83 1 81 2 79 2 65 2 61 1 59 1 57 2 55 2 51 1 49 2 45 2
44 190 2 188 1 174 2 172 1 170 2 168 2 166 1 164 1 162 2 158 1 156 2 154 2 138 2 136 1 134 2 132 2 130 1 128 1 126 2 122 1 120 1 118 2 116 2 110 1 108 1 106 2 104 2 98 1 96 1 94 2 92 2 86 1 82 2 80 1 66 2 64 1 62 2 60 2 58 1 56 1 54 2 50 1 48 2 46 2
31 191 1 173 2 169 1 167 2 163 2 159 1 157 2 155 1 137 2 133 1 131 2 127 2 123 1 121 2 119 1 111 1 109 2 107 1 99 1 97 2 95 1 87 1 85 2 83 1 65 2 61 1 59 2 55 2 51 1 49 2 47 1
32 190 2 188 1 186 2 182 2 174 2 172 1 166 2 164 1 162 2 138 2 136 1 130 2 128 1 126 2 118 1 116 2 114 1 106 1 104 2 102 1 94 1 92 2 90 1 82 2 80 1 78 2 74 2 66 2 64 1 58 2 56 1 54 2
41 191 1 187 2 183 2 173 2 171 1 169 1 167 1 165 2 163 2 157 2 153 2 137 2 135 1 133 1 131 1 129 2 127 2 121 2 119 2 117 1 115 1 109 2 107 2 105 1 103 1 97 2 95 2 93 1 91 1 85 2 83 1 79 2 75 2 65 2 63 1 61 1 59 1 57 2 55 2 49 2 45 2
50 190 2 188 1 186 2 180 1 174 2 172 1 170 2 168 1 166 1 164 1 162 2 158 1 154 2 138 2 136 1 134 2 132 1 130 1 128 1 126 2 122 1 120 2 118 2 116 2 114 1 110 1 108 2 106 2 104 2 102 1 98 1 96 2 94 2 92 2 90 1 86 1 84 1 82 2 80 1 78 2 72 1 66 2 64 1 62 2 60 1 58 1 56 1 54 2 50 1 46 2
30 191 1 187 2 185 2 181 1 167 1 163 2 159 1 131 1 127 2 125 1 123 1 119 2 115 1 113 1 111 1 107 2 103 1 101 1 99 1 95 2 91 1 89 1 87 1 83 1 79 2 77 2 73 1 59 1 55 2 51 1
36 190 2 188 1 186 1 182 2 172 1 168 2 166 2 164 1 162 2 156 2 136 1 132 2 130 2 128 1 120 1 118 1 116 2 114 2 108 1 106 1 104 2 102 2 96 1 94 1 92 2 90 2 82 2 80 1 78 1 74 2 64 1 60 2 58 2 56 1 54 2 48 2
32 191 1 187 2 173 2 169 1 167 1 163 2 157 2 137 2 133 1 131 1 127 2 123 2 121 2 119 2 115 1 111 2 109 2 107 2 103 1 99 2 97 2 95 2 91 1 87 2 85 2 83 1 79 2 65 2 61 1 59 1 55 2 49 2
42 190 2 188 2 186 2 184 1 182 2 180 1 174 2 168 1 166 2 162 2 138 2 132 1 130 2 128 1 126 2 124 2 120 2 118 1 116 1 114 1 112 2 108 2 106 1 104 1 102 1 100 2 96 2 94 1 92 1 90 1 88 2 84 1 82 2 80 2 78 2 76 1 74 2 72 1 66 2 60 1 58 2 54 2
36 191 1 189 1 187 2 185 2 183 2 181 1 171 1 167 1 165 2 163 2 135 1 131 1 127 2 125 1 119 2 117 2 115 1 113 1 107 2 105 2 103 1 101 1 95 2 93 2 91 1 89 1 83 1 81 1 79 2 77 2 75 2 73 1 63 1 59 1 57 2 55 2
30 190 2 188 1 182 2 180 1 172 1 168 1 166 2 164 1 136 1 132 1 130 2 128 1 120 2 118 1 116 2 108 2 106 1 104 2 96 2 94 1 92 2 84 1 82 2 80 1 74 2 72 1 64 1 60 1 58 2 56 1
20 191 1 187 1 185 2 181 1 127 2 125 1 123 2 115 2 113 1 111 2 103 2 101 1 99 2 91 2 89 1 87 2 83 1 79 1 77 2 73 1
32 190 2 188 2 186 1 184 1 182 2 180 1 166 2 162 2 130 2 128 1 124 2 118 1 116 1 114 2 112 2 106 1 104 1 102 2 100 2 94 1 92 1 90 2 88 2 84 1 82 2 80 2 78 1 76 1 74 2 72 1 58 2 54 2
34 191 1 189 1 187 2 185 2 181 1 167 1 163 2 131 1 129 1 127 2 125 1 123 2 119 2 117 1 115 1 113 1 111 2 107 2 105 1 103 1 101 1 99 2 95 2 93 1 91 1 89 1 87 2 83 1 81 1 79 2 77 2 73 1 59 1 55 2
53 189 2 183 1 181 1 179 1 177 2 175 2 169 1 167 1 165 2 163 2 157 1 153 1 147 1 145 1 143 1 141 2 139 2 137 1 135 2 121 2 119 2 117 1 115 1 109 2 107 2 105 1 103 1 97 2 95 2 93 1 91 1 85 2 81 2 75 1 73 1 71 1 69 2 67 2 61 1 59 1 57 2 55 2 39 2 37 2 35 2 33 1 31 1 29 1 27 2 25 1 23 1 21 2 19 2
52 190 2 182 2 178 1 176 1 174 2 170 2 168 1 166 1 164 1 162 2 158 2 154 1 146 2 142 1 140 1 136 2 122 1 120 2 118 2 116 2 114 1 110 1 108 2 106 2 104 2 102 1 98 1 96 2 94 2 92 2 90 1 86 1 82 2 74 2 70 1 68 1 66 2 62 2 60 1 58 1 56 1 54 2 38 1 34 2 32 2 30 2 28 2 26 2 24 1 22 1 20 1 18 2
47 183 2 181 2 179 1 175 2 173 2 171 2 167 1 163 2 161 1 159 2 147 2 145 2 143 1 139 2 137 2 135 2 125 1 123 1 119 2 115 1 113 1 111 1 107 2 103 1 101 1 99 1 95 2 91 1 89 1 87 1 75 2 73 2 71 1 67 2 65 2 63 2 59 1 55 2 53 1 39 1 37 1 35 2 31 1 29 1 27 1 23 1 19 2
47 182 1 180 2 178 2 176 1 174 1 168 2 166 2 164 1 156 1 146 1 144 2 142 2 140 1 138 1 136 2 126 1 120 1 118 1 116 2 114 2 108 1 106 1 104 2 102 2 96 1 94 1 92 2 90 2 84 2 74 1 72 2 70 2 68 1 66 1 60 2 58 2 56 1 38 2 36 1 34 1 32 2 30 2 28 2 24 2 22 2 20 1 18 2
48 183 1 181 1 179 1 175 2 171 1 169 1 167 1 163 2 159 2 157 1 147 1 145 1 143 1 139 2 137 1 135 1 123 2 121 2 119 2 115 1 111 2 109 2 107 2 103 1 99 2 97 2 95 2 91 1 87 2 85 2 75 1 73 1 71 1 67 2 63 1 61 1 59 1 55 2 51 2 39 2 37 2 35 2 31 1 29 1 27 2 25 1 23 1 19 2
49 182 1 178 2 176 2 174 2 172 1 168 1 166 2 164 1 162 2 160 2 146 1 142 2 140 2 136 1 128 1 124 2 120 2 118 1 116 1 114 1 112 2 108 2 106 1 104 1 102 1 100 2 96 2 94 1 92 1 90 1 88 2 74 1 70 2 68 2 66 2 64 1 60 1 58 2 56 1 54 2 52 2 38 2 34 1 32 1 30 2 28 2 24 1 22 2 18 2
49 183 1 181 2 179 1 177 1 175 2 173 2 167 1 163 2 161 1 147 1 145 2 143 1 141 1 139 2 137 2 135 2 129 1 125 1 119 2 117 2 115 1 113 1 107 2 105 2 103 1 101 1 95 2 93 2 91 1 89 1 75 1 73 2 71 1 69 1 67 2 65 2 59 1 55 2 53 1 39 2 37 1 35 2 33 2 31 1 29 1 27 2 23 1 21 2 19 2
32 182 1 178 2 176 1 168 1 166 2 164 1 146 1 142 2 140 1 136 2 120 2 118 1 116 2 108 2 106 1 104 2 96 2 94 1 92 2 74 1 70 2 68 1 60 1 58 2 56 1 38 2 34 1 32 2 28 2 24 1 22 2 20 1
42 191 2 183 1 181 2 175 1 173 2 171 1 163 2 161 1 159 2 155 2 147 1 145 2 139 1 137 2 135 1 127 2 125 1 123 2 115 2 113 1 111 2 103 2 101 1 99 2 91 2 89 1 87 2 83 2 75 1 73 2 67 1 65 2 63 1 55 2 53 1 51 2 47 2 39 2 37 1 31 2 29 1 27 2
50 182 1 180 2 178 2 176 2 174 1 172 1 166 2 164 1 160 2 156 2 146 1 144 2 142 2 140 2 138 1 136 1 128 1 126 1 124 2 118 1 116 1 114 2 112 2 106 1 104 1 102 2 100 2 94 1 92 1 90 2 88 2 84 2 74 1 72 2 70 2 68 2 66 1 64 1 58 2 56 1 52 2 48 2 38 2 36 1 34 1 32 1 30 2 28 2 22 2 18 2
62 189 1 183 1 181 2 179 1 177 2 175 2 173 2 171 1 167 1 165 1 163 2 161 1 159 2 153 1 147 1 145 2 143 1 141 2 139 2 137 2 135 1 129 1 125 1 123 2 119 2 117 1 115 1 113 1 111 2 107 2 105 1 103 1 101 1 99 2 95 2 93 1 91 1 89 1 87 2 81 1 75 1 73 2 71 1 69 2 67 2 65 2 63 1 59 1 57 1 55 2 53 1 51 2 45 1 39 2 37 1 35 2 33 1 31 1 29 1 27 2 23 1 19 2
39 190 1 176 2 172 1 170 1 168 1 164 1 160 2 158 2 154 1 140 2 136 1 134 1 128 1 124 2 122 2 120 2 116 1 112 2 110 2 108 2 104 1 100 2 98 2 96 2 92 1 88 2 86 2 82 1 68 2 64 1 62 1 60 1 56 1 52 2 50 2 46 1 32 1 28 2 24 1
47 191 2 181 2 177 1 175 1 173 2 171 2 163 2 161 1 159 1 155 2 145 2 141 1 139 1 137 2 135 2 129 1 127 2 125 1 123 1 117 2 115 2 113 1 111 1 105 2 103 2 101 1 99 1 93 2 91 2 89 1 87 1 83 2 73 2 69 1 67 1 65 2 63 2 55 2 53 1 51 1 47 2 37 1 33 2 31 2 29 1 27 2 21 2
40 182 1 178 2 176 2 172 1 168 2 166 2 164 1 160 2 146 1 142 2 140 2 136 1 132 2 128 1 124 2 120 1 118 1 116 1 112 2 108 1 106 1 104 1 100 2 96 1 94 1 92 1 88 2 74 1 70 2 68 2 64 1 60 2 58 2 56 1 52 2 38 2 34 1 32 1 28 2 22 2
60 191 2 189 1 183 1 177 2 175 1 173 1 171 1 169 2 165 1 163 2 161 2 159 2 157 1 155 2 153 1 147 1 141 2 139 1 137 1 135 1 133 2 129 1 127 2 125 2 123 2 121 1 117 1 115 2 113 2 111 2 109 1 105 1 103 2 101 2 99 2 97 1 93 1 91 2 89 2 87 2 85 1 83 2 81 1 75 1 69 2 67 1 65 1 63 1 61 2 57 1 55 2 53 2 51 2 49 1 47 2 45 1 39 2 33 1 31 2 27 2
50 190 1 180 2 176 2 174 2 172 1 170 1 164 1 162 1 160 2 158 2 156 2 154 1 144 2 140 2 138 2 136 1 134 1 128 1 126 1 124 2 122 2 116 1 114 1 112 2 110 2 104 1 102 1 100 2 98 2 92 1 90 1 88 2 86 2 84 2 82 1 72 2 68 2 66 2 64 1 62 1 56 1 54 1 52 2 50 2 48 2 46 1 36 1 32 1 30 2 28 2
42 191 2 189 1 181 2 177 2 175 1 173 2 165 1 163 2 161 1 155 2 153 1 145 2 141 2 139 1 137 2 129 1 127 2 125 1 117 1 115 2 113 1 105 1 103 2 101 1 93 1 91 2 89 1 83 2 81 1 73 2 69 2 67 1 65 2 57 1 55 2 53 1 47 2 45 1 37 1 33 1 31 2 29 1
31 190 1 172 2 170 1 168 2 164 1 160 1 158 2 154 1 136 2 134 1 132 2 128 1 124 1 122 2 120 1 112 1 110 2 108 1 100 1 98 2 96 1 88 1 86 2 82 1 64 2 62 1 60 2 56 1 52 1 50 2 46 1
49 191 2 189 1 175 1 173 1 171 2 169 2 165 1 163 2 161 2 159 1 157 1 155 2 153 1 139 1 137 1 135 2 133 2 129 1 127 2 125 2 123 1 121 1 115 2 113 2 111 1 109 1 103 2 101 2 99 1 97 1 91 2 89 2 87 1 85 1 83 2 81 1 67 1 65 1 63 2 61 2 57 1 55 2 53 2 51 1 49 1 47 2 45 1 31 2 27 2
48 190 1 176 2 174 1 172 1 170 1 168 2 164 1 162 1 160 2 158 2 154 1 140 2 138 1 136 1 134 1 132 2 128 1 126 1 124 2 122 2 120 1 116 1 114 2 112 2 110 2 108 1 104 1 102 2 100 2 98 2 96 1 92 1 90 2 88 2 86 2 82 1 68 2 66 1 64 1 62 1 60 2 56 1 54 1 52 2 50 2 46 1 32 1 28 2
45 191 1 189 1 177 2 173 1 169 2 167 2 165 1 163 2 161 2 157 1 155 1 153 1 141 2 137 1 133 2 131 2 129 1 127 2 125 2 121 1 119 1 117 1 113 2 109 1 107 1 105 1 101 2 97 1 95 1 93 1 89 2 85 1 83 1 81 1 69 2 65 1 61 2 59 2 57 1 55 2 53 2 49 1 47 1 45 1 33 1
44 190 1 174 2 172 2 170 1 168 1 164 1 162 1 160 1 158 2 156 2 154 1 138 2 136 2 134 1 132 1 128 1 126 1 124 1 122 2 120 2 114 1 112 1 110 2 108 2 102 1 100 1 98 2 96 2 90 1 88 1 86 2 84 2 82 1 66 2 64 2 62 1 60 1 56 1 54 1 52 1 50 2 48 2 46 1 30 2
42 191 2 189 2 175 1 173 1 169 2 165 2 163 2 161 2 157 1 155 2 153 2 139 1 137 1 133 2 129 2 127 2 125 2 121 1 117 2 115 2 113 2 109 1 105 2 103 2 101 2 97 1 93 2 91 2 89 2 85 1 83 2 81 2 67 1 65 1 61 2 57 2 55 2 53 2 49 1 47 2 45 2 31 2
46 190 2 174 1 172 2 170 2 168 2 166 1 164 1 162 1 160 1 158 1 154 2 138 1 136 2 134 2 132 2 130 1 128 1 126 1 124 1 122 1 120 1 118 2 114 2 112 1 110 1 108 1 106 2 102 2 100 1 98 1 96 1 94 2 90 2 88 1 86 1 82 2 66 1 64 2 62 2 60 2 58 1 56 1 54 1 52 1 50 1 46 2
47 191 1 189 1 173 1 171 1 169 2 167 2 165 1 163 2 161 2 159 2 157 1 155 1 153 1 137 1 135 1 133 2 131 2 129 1 127 2 125 2 123 2 121 1 119 1 113 2 111 2 109 1 107 1 101 2 99 2 97 1 95 1 89 2 87 2 85 1 83 1 81 1 65 1 63 1 61 2 59 2 57 1 55 2 53 2 51 2 49 1 47 1 45 1
34 190 1 174 1 172 2 170 1 164 1 162 1 160 1 158 2 154 1 138 1 136 2 134 1 128 1 126 1 124 1 122 2 114 2 112 1 110 2 102 2 100 1 98 2 90 2 88 1 86 2 82 1 66 1 64 2 62 1 56 1 54 1 52 1 50 2 46 1
35 191 1 189 2 173 2 169 1 167 2 165 2 163 2 157 2 155 1 153 2 137 2 133 1 131 2 129 2 127 2 121 2 119 1 117 2 109 2 107 1 105 2 97 2 95 1 93 2 85 2 83 1 81 2 65 2 61 1 59 2 57 2 55 2 49 2 47 1 45 2
46 190 2 174 2 172 2 170 2 168 1 166 1 164 1 162 2 160 1 158 1 156 2 154 2 138 2 136 2 134 2 132 1 130 1 128 1 126 2 124 1 122 1 120 2 118 2 112 1 110 1 108 2 106 2 100 1 98 1 96 2 94 2 88 1 86 1 84 2 82 2 66 2 64 2 62 2 60 1 58 1 56 1 54 2 52 1 50 1 48 2 46 2
47 191 1 189 2 173 1 169 2 167 2 165 2 163 2 161 2 159 1 157 1 155 1 153 2 137 1 133 2 131 2 129 2 127 2 125 2 123 1 121 1 119 1 117 2 113 2 111 1 109 1 107 1 105 2 101 2 99 1 97 1 95 1 93 2 89 2 87 1 85 1 83 1 81 2 65 1 61 2 59 2 57 2 55 2 53 2 51 1 49 1 47 1 45 2
39 190 2 188 1 174 1 172 1 170 2 166 1 164 1 162 1 158 1 154 2 138 1 136 1 134 2 130 1 128 1 126 1 122 1 118 2 116 2 114 2 110 1 106 2 104 2 102 2 98 1 94 2 92 2 90 2 86 1 82 2 80 1 66 1 64 1 62 2 58 1 56 1 54 1 50 1 46 2
42 191 1 173 2 171 1 169 1 167 2 165 2 163 2 159 2 157 2 155 1 153 2 137 2 135 1 133 1 131 2 129 2 127 2 123 2 121 2 119 1 117 1 111 2 109 2 107 1 105 1 99 2 97 2 95 1 93 1 87 2 85 2 83 1 65 2 63 1 61 1 59 2 57 2 55 2 51 2 49 2 47 1 45 2
42 190 2 186 2 174 2 172 2 170 2 166 1 164 1 162 2 160 1 158 1 154 2 138 2 136 2 134 2 130 1 128 1 126 2 124 1 122 1 118 2 114 1 112 1 110 1 106 2 102 1 100 1 98 1 94 2 90 1 88 1 86 1 82 2 78 2 66 2 64 2 62 2 58 1 56 1 54 2 52 1 50 1 46 2
44 191 1 189 2 187 2 173 2 169 1 167 1 165 2 163 2 159 1 157 2 153 2 137 2 133 1 131 1 129 2 127 2 123 1 121 2 119 2 117 2 115 1 111 1 109 2 107 2 105 2 103 1 99 1 97 2 95 2 93 2 91 1 87 1 85 2 83 1 81 2 79 2 65 2 61 1 59 1 57 2 55 2 51 1 49 2 45 2
44 190 2 188 1 174 2 172 1 170 2 168 2 166 1 164 1 162 2 158 1 156 2 154 2 138 2 136 1 134 2 132 2 130 1 128 1 126 2 122 1 120 1 118 2 116 2 110 1 108 1 106 2 104 2 98 1 96 1 94 2 92 2 86 1 82 2 80 1 66 2 64 1 62 2 60 2 58 1 56 1 54 2 50 1 48 2 46 2
31 191 1 173 2 169 1 167 2 163 2 159 1 157 2 155 1 137 2 133 1 131 2 127 2 123 1 121 2 119 1 111 1 109 2 107 1 99 1 97 2 95 1 87 1 85 2 83 1 65 2 61 1 59 2 55 2 51 1 49 2 47 1
32 190 2 188 1 186 2 182 2 174 2 172 1 166 2 164 1 162 2 138 2 136 1 130 2 128 1 126 2 118 1 116 2 114 1 106 1 104 2 102 1 94 1 92 2 90 1 82 2 80 1 78 2 74 2 66 2 64 1 58 2 56 1 54 2
41 191 1 187 2 183 2 173 2 171 1 169 1 167 1 165 2 163 2 157 2 153 2 137 2 135 1 133 1 131 1 129 2 127 2 121 2 119 2 117 1 115 1 109 2 107 2 105 1 103 1 97 2 95 2 93 1 91 1 85 2 83 1 79 2 75 2 65 2 63 1 61 1 59 1 57 2 55 2 49 2 45 2
50 190 2 188 1 186 2 180 1 174 2 172 1 170 2 168 1 166 1 164 1 162 2 158 1 154 2 138 2 136 1 134 2 132 1 130 1 128 1 126 2 122 1 120 2 118 2 116 2 114 1 110 1 108 2 106 2 104 2 102 1 98 1 96 2 94 2 92 2 90 1 86 1 84 1 82 2 80 1 78 2 72 1 66 2 64 1 62 2 60 1 58 1 56 1 54 2 50 1 46 2
30 191 1 187 2 185 2 181 1 167 1 163 2 159 1 131 1 127 2 125 1 123 1 119 2 115 1 113 1 111 1 107 2 103 1 101 1 99 1 95 2 91 1 89 1 87 1 83 1 79 2 77 2 73 1 59 1 55 2 51 1
36 190 2 188 1 186 1 182 2 172 1 168 2 166 2 164 1 162 2 156 2 136 1 132 2 130 2 128 1 120 1 118 1 116 2 114 2 108 1 106 1 104 2 102 2 96 1 94 1 92 2 90 2 82 2 80 1 78 1 74 2 64 1 60 2 58 2 56 1 54 2 48 2
32 191 1 187 2 173 2 169 1 167 1 163 2 157 2 137 2 133 1 131 1 127 2 123 2 121 2 119 2 115 1 111 2 109 2 107 2 103 1 99 2 97 2 95 2 91 1 87 2 85 2 83 1 79 2 65 2 61 1 59 1 55 2 49 2
42 190 2 188 2 186 2 184 1 182 2 180 1 174 2 168 1 166 2 162 2 138 2 132 1 130 2 128 1 126 2 124 2 120 2 118 1 116 1 114 1 112 2 108 2 106 1 104 1 102 1 100 2 96 2 94 1 92 1 90 1 88 2 84 1 82 2 80 2 78 2 76 1 74 2 72 1 66 2 60 1 58 2 54 2
36 191 1 189 1 187 2 185 2 183 2 181 1 171 1 167 1 165 2 163 2 135 1 131 1 127 2 125 1 119 2 117 2 115 1 113 1 107 2 105 2 103 1 101 1 95 2 93 2 91 1 89 1 83 1 81 1 79 2 77 2 75 2 73 1 63 1 59 1 57 2 55 2
30 190 2 188 1 182 2 180 1 172 1 168 1 166 2 164 1 136 1 132 1 130 2 128 1 120 2 118 1 116 2 108 2 106 1 104 2 96 2 94 1 92 2 84 1 82 2 80 1 74 2 72 1 64 1 60 1 58 2 56 1
20 191 1 187 1 185 2 181 1 127 2 125 1 123 2 115 2 113 1 111 2 103 2 101 1 99 2 91 2 89 1 87 2 83 1 79 1 77 2 73 1
32 190 2 188 2 186 1 184 1 182 2 180 1 166 2 162 2 130 2 128 1 124 2 118 1 116 1 114 2 112 2 106 1 104 1 102 2 100 2 94 1 92 1 90 2 88 2 84 1 82 2 80 2 78 1 76 1 74 2 72 1 58 2 54 2
34 191 1 189 1 187 2 185 2 181 1 167 1 163 2 131 1 129 1 127 2 125 1 123 2 119 2 117 1 115 1 113 1 111 2 107 2 105 1 103 1 101 1 99 2 95 2 93 1 91 1 89 1 87 2 83 1 81 1 79 2 77 2 73 1 59 1 55 2
29 190 2 188 2 184 1 182 1 180 1 168 1 134 1 132 1 128 1 124 2 122 2 120 2 116 1 112 2 110 2 108 2 104 1 100 2 96 2 92 1 88 2 86 2 84 1 82 2 80 2 76 1 74 1 72 1 60 1
23 43 192
2 1 1 0 1
1 0 2
1 1 2
2 1 1 0 1
1 0 2
1 1 2
2 1 1 0 1
1 0 2
1 1 2
2 1 1 0 1
1 0 2
1 1 2
2 1 1 0 1
1 0 2
1 1 2
2 1 1 0 1
1 0 2
1 1 2
2 1 1 0 1
1 0 2
1 1 2
2 1 1 0 1
1 0 2
1 1 2
2 1 1 0 1
1 0 2
1 1 2
2 1 1 0 1
1 0 2
1 1 2
2 1 1 0 1
1 0 2
1 1 2
2 1 1 0 1
1 0 2
1 1 2
2 1 1 0 1
1 0 2
1 1 2
2 1 1 0 1
1 0 2
1 1 2
2 1 1 0 1
2 1 1 0 2
1 0 2
1 1 2
2 1 2 0 1
1 0 1
1 1 1
2 1 1 0 2
1 0 2
1 1 2
2 1 2 0 1
1 0 1
1 1 1
2 1 1 0 2
1 0 2
1 1 2
2 1 2 0 1
1 0 1
1 1 1
2 1 1 0 2
1 0 2
1 1 2
2 1 2 0 1
1 0 1
1 1 1
2 1 1 0 2
1 0 2
1 1 2
2 1 2 0 1
1 0 1
1 1 1
2 1 1 0 2
1 0 2
1 1 2
2 1 2 0 1
1 0 1
1 1 1
2 1 1 0 2
1 0 2
1 1 2
2 1 2 0 1
1 0 1
1 1 1
2 1 1 0 2
24 122 2 120 1 118 1 112 2 110 2 108 1 94 1 92 1 90 2 86 2 84 1 82 1 40 2 38 2 36 1 32 1 30 2 28 2 14 2 12 1 10 1 4 2 2 2 0 1
24 121 1 119 1 117 2 113 2 111 1 109 1 95 1 93 2 91 2 85 1 83 1 81 2 41 2 39 1 37 1 31 2 29 2 27 1 13 1 11 1 9 2 5 2 3 1 1 1
24 122 1 120 2 118 2 112 1 110 1 108 2 94 2 92 2 90 1 86 1 84 2 82 2 40 1 38 1 36 2 32 2 30 1 28 1 14 1 12 2 10 2 4 1 2 1 0 2
24 121 2 119 2 117 1 113 1 111 2 109 2 95 2 93 1 91 1 85 2 83 2 81 1 41 1 39 2 37 2 31 1 29 1 27 2 13 2 11 2 9 1 5 1 3 2 1 2
24 122 2 120 1 118 1 112 2 110 2 108 1 94 1 92 1 90 2 86 2 84 1 82 1 40 2 38 2 36 1 32 1 30 2 28 2 14 2 12 1 10 1 4 2 2 2 0 1
24 121 1 119 1 117 2 113 2 111 1 109 1 95 1 93 2 91 2 85 1 83 1 81 2 41 2 39 1 37 1 31 2 29 2 27 1 13 1 11 1 9 2 5 2 3 1 1 1
24 122 1 120 2 118 2 112 1 110 1 108 2 94 2 92 2 90 1 86 1 84 2 82 2 40 1 38 1 36 2 32 2 30 1 28 1 14 1 12 2 10 2 4 1 2 1 0 2
24 121 2 119 2 117 1 113 1 111 2 109 2 95 2 93 1 91 1 85 2 83 2 81 1 41 1 39 2 37 2 31 1 29 1 27 2 13 2 11 2 9 1 5 1 3 2 1 2
24 122 2 120 1 118 1 112 2 110 2 108 1 94 1 92 1 90 2 86 2 84 1 82 1 40 2 38 2 36 1 32 1 30 2 28 2 14 2 12 1 10 1 4 2 2 2 0 1
24 121 1 119 1 117 2 113 2 111 1 109 1 95 1 93 2 91 2 85 1 83 1 81 2 41 2 39 1 37 1 31 2 29 2 27 1 13 1 11 1 9 2 5 2 3 1 1 1
24 122 1 120 2 118 2 112 1 110 1 108 2 94 2 92 2 90 1 86 1 84 2 82 2 40 1 38 1 36 2 32 2 30 1 28 1 14 1 12 2 10 2 4 1 2 1 0 2
24 121 2 119 2 117 1 113 1 111 2 109 2 95 2 93 1 91 1 85 2 83 2 81 1 41 1 39 2 37 2 31 1 29 1 27 2 13 2 11 2 9 1 5 1 3 2 1 2
24 122 2 120 1 118 1 112 2 110 2 108 1 94 1 92 1 90 2 86 2 84 1 82 1 40 2 38 2 36 1 32 1 30 2 28 2 14 2 12 1 10 1 4 2 2 2 0 1
24 121 1 119 1 117 2 113 2 111 1 109 1 95 1 93 2 91 2 85 1 83 1 81 2 41 2 39 1 37 1 31 2 29 2 27 1 13 1 11 1 9 2 5 2 3 1 1 1
24 122 1 120 2 118 2 112 1 110 1 108 2 94 2 92 2 90 1 86 1 84 2 82 2 40 1 38 1 36 2 32 2 30 1 28 1 14 1 12 2 10 2 4 1 2 1 0 2
24 121 2 119 2 117 1 113 1 111 2 109 2 95 2 93 1 91 1 85 2 83 2 81 1 41 1 39 2 37 2 31 1 29 1 27 2 13 2 11 2 9 1 5 1 3 2 1 2
24 122 2 120 1 118 1 112 2 110 2 108 1 94 1 92 1 90 2 86 2 84 1 82 1 40 2 38 2 36 1 32 1 30 2 28 2 14 2 12 1 10 1 4 2 2 2 0 1
24 121 1 119 1 117 2 113 2 111 1 109 1 95 1 93 2 91 2 85 1 83 1 81 2 41 2 39 1 37 1 31 2 29 2 27 1 13 1 11 1 9 2 5 2 3 1 1 1
24 122 1 120 2 118 2 112 1 110 1 108 2 94 2 92 2 90 1 86 1 84 2 82 2 40 1 38 1 36 2 32 2 30 1 28 1 14 1 12 2 10 2 4 1 2 1 0 2
24 121 2 119 2 117 1 113 1 111 2 109 2 95 2 93 1 91 1 85 2 83 2 81 1 41 1 39 2 37 2 31 1 29 1 27 2 13 2 11 2 9 1 5 1 3 2 1 2
24 122 2 120 1 118 1 112 2 110 2 108 1 94 1 92 1 90 2 86 2 84 1 82 1 40 2 38 2 36 1 32 1 30 2 28 2 14 2 12 1 10 1 4 2 2 2 0 1
24 121 1 119 1 117 2 113 2 111 1 109 1 95 1 93 2 91 2 85 1 83 1 81 2 41 2 39 1 37 1 31 2 29 2 27 1 13 1 11 1 9 2 5 2 3 1 1 1
24 122 1 120 2 118 2 112 1 110 1 108 2 94 2 92 2 90 1 86 1 84 2 82 2 40 1 38 1 36 2 32 2 30 1 28 1 14 1 12 2 10 2 4 1 2 1 0 2
24 121 2 119 2 117 1 113 1 111 2 109 2 95 2 93 1 91 1 85 2 83 2 81 1 41 1 39 2 37 2 31 1 29 1 27 2 13 2 11 2 9 1 5 1 3 2 1 2
24 122 2 120 1 118 1 112 2 110 2 108 1 94 1 92 1 90 2 86 2 84 1 82 1 40 2 38 2 36 1 32 1 30 2 28 2 14 2 12 1 10 1 4 2 2 2 0 1
24 121 1 119 1 117 2 113 2 111 1 109 1 95 1 93 2 91 2 85 1 83 1 81 2 41 2 39 1 37 1 31 2 29 2 27 1 13 1 11 1 9 2 5 2 3 1 1 1
24 122 1 120 2 118 2 112 1 110 1 108 2 94 2 92 2 90 1 86 1 84 2 82 2 40 1 38 1 36 2 32 2 30 1 28 1 14 1 12 2 10 2 4 1 2 1 0 2
24 121 2 119 2 117 1 113 1 111 2 109 2 95 2 93 1 91 1 85 2 83 2 81 1 41 1 39 2 37 2 31 1 29 1 27 2 13 2 11 2 9 1 5 1 3 2 1 2
24 122 2 120 1 118 1 112 2 110 2 108 1 94 1 92 1 90 2 86 2 84 1 82 1 40 2 38 2 36 1 32 1 30 2 28 2 14 2 12 1 10 1 4 2 2 2 0 1
24 121 1 119 1 117 2 113 2 111 1 109 1 95 1 93 2 91 2 85 1 83 1 81 2 41 2 39 1 37 1 31 2 29 2 27 1 13 1 11 1 9 2 5 2 3 1 1 1
24 122 1 120 2 118 2 112 1 110 1 108 2 94 2 92 2 90 1 86 1 84 2 82 2 40 1 38 1 36 2 32 2 30 1 28 1 14 1 12 2 10 2 4 1 2 1 0 2
24 121 2 119 2 117 1 113 1 111 2 109 2 95 2 93 1 91 1 85 2 83 2 81 1 41 1 39 2 37 2 31 1 29 1 27 2 13 2 11 2 9 1 5 1 3 2 1 2
24 122 2 120 1 118 1 112 2 110 2 108 1 94 1 92 1 90 2 86 2 84 1 82 1 40 2 38 2 36 1 32 1 30 2 28 2 14 2 12 1 10 1 4 2 2 2 0 1
24 121 1 119 1 117 2 113 2 111 1 109 1 95 1 93 2 91 2 85 1 83 1 81 2 41 2 39 1 37 1 31 2 29 2 27 1 13 1 11 1 9 2 5 2 3 1 1 1
24 122 1 120 2 118 2 112 1 110 1 108 2 94 2 92 2 90 1 86 1 84 2 82 2 40 1 38 1 36 2 32 2 30 1 28 1 14 1 12 2 10 2 4 1 2 1 0 2
24 121 2 119 2 117 1 113 1 111 2 109 2 95 2 93 1 91 1 85 2 83 2 81 1 41 1 39 2 37 2 31 1 29 1 27 2 13 2 11 2 9 1 5 1 3 2 1 2
24 122 2 120 1 118 1 112 2 110 2 108 1 94 1 92 1 90 2 86 2 84 1 82 1 40 2 38 2 36 1 32 1 30 2 28 2 14 2 12 1 10 1 4 2 2 2 0 1
24 121 1 119 1 117 2 113 2 111 1 109 1 95 1 93 2 91 2 85 1 83 1 81 2 41 2 39 1 37 1 31 2 29 2 27 1 13 1 11 1 9 2 5 2 3 1 1 1
24 122 1 120 2 118 2 112 1 110 1 108 2 94 2 92 2 90 1 86 1 84 2 82 2 40 1 38 1 36 2 32 2 30 1 28 1 14 1 12 2 10 2 4 1 2 1 0 2
24 121 2 119 2 117 1 113 1 111 2 109 2 95 2 93 1 91 1 85 2 83 2 81 1 41 1 39 2 37 2 31 1 29 1 27 2 13 2 11 2 9 1 5 1 3 2 1 2
24 122 2 120 1 118 1 112 2 110 2 108 1 94 1 92 1 90 2 86 2 84 1 82 1 40 2 38 2 36 1 32 1 30 2 28 2 14 2 12 1 10 1 4 2 2 2 0 1
24 121 1 119 1 117 2 113 2 111 1 109 1 95 1 93 2 91 2 85 1 83 1 81 2 41 2 39 1 37 1 31 2 29 2 27 1 13 1 11 1 9 2 5 2 3 1 1 1
24 122 1 120 2 118 2 112 1 110 1 108 2 94 2 92 2 90 1 86 1 84 2 82 2 40 1 38 1 36 2 32 2 30 1 28 1 14 1 12 2 10 2 4 1 2 1 0 2
0
0
0
0
0
0
0
0
0
0
0
0
0
0
0
0
0
0
0
0
0
0
0
0
0
0
0
0
0
0
0
0
0
0
0
0
0
0
0
0
0
0
1 0 1
0
0
0
0
0
0
0
0
0
0
0
0
0
0
0
0
0
0
0
0
0
0
0
0
0
0
0
0
0
0
0
0
0
0
0
0
1 0 1
1 1 1
2 2 1 0 2
2 3 2 1 2
3 4 2 2 2 0 1
3 5 2 3 1 1 1
2 4 1 2 1
0
0
0
0
0
0
0
0
0
0
0
0
0
0
0
0
0
0
0
0
0
0
0
0
0
0
0
0
0
0
0
0
0
0
1 0 1
1 1 1
1 2 1
1 3 2
2 4 2 0 1
2 5 2 1 1
1 2 1
1 3 2
1 4 2
0
0
0
0
0
0
0
0
0
0
0
0
0
0
0
0
0
0
0
0
0
0
0
0
0
0
0
0
0
0
0
0
1 0 1
1 1 1
1 2 1
1 3 2
1 4 2
1 5 2
1 0 2
1 1 2
1 2 2
2 9 2 3 1
2 10 2 4 1
0
0
0
0
0
0
0
0
0
0
0
0
0
0
0
0
0
0
0
0
0
0
0
0
0
0
0
0
0
0
0
0
0
0
0
0
0
0
0
0
0
1 0 1
1 1 1
0
0
0
0
0
0
0
0
0
0
0
0
0
0
0
0
0
0
0
0
0
0
0
0
0
0
0
0
0
0
0
0
0
0
0
0
0
1 0 1
1 1 1
2 2 1 0 1
2 3 2 1 1
2 4 2 2 1
2 5 2 3 2
0
0
0
0
0
0
0
0
0
0
0
0
0
0
0
0
0
0
0
0
0
0
0
0
0
0
0
0
0
0
0
0
0
0
0
1 0 1
1 1 1
1 2 1
1 3 2
1 4 2
1 5 2
0
0
0
0
0
0
0
0
0
0
0
0
0
0
0
0
0
0
0
0
0
0
0
0
0
0
0
0
0
0
0
0
0
0
0
1 0 1
1 1 1
1 2 1
1 3 2
1 4 2
1 5 2
0
0
0
1 9 2
0
0
0
0
0
0
0
0
0
0
0
0
0
0
0
0
0
0
0
0
0
0
0
0
0
0
0
0
0
0
0
0
0
0
0
0
0
0
0
1 0 1
1 1 1
2 2 1 0 2
2 3 2 1 2
0
0
0
0
0
0
0
0
0
0
0
0
0
0
0
0
0
0
0
0
0
0
0
0
0
0
0
0
0
0
0
0
0
0
0
0
0
0
1 0 1
1 1 1
1 2 1
1 3 2
1 4 2
0
0
0
0
0
0
0
0
0
0
0
0
0
0
0
0
0
0
0
0
0
0
0
0
0
0
0
0
0
0
0
0
0
0
1 0 1
1 1 1
1 2 1
1 3 2
1 4 2
1 5 2
1 0 2
1 1 2
2 2 2 0 1
2 7 2 5 2
2 8 1 6 2
2 9 1 7 2
2 10 1 8 1
1 9 1
1 10 1
0
0
0
0
0
0
0
0
0
0
0
0
0
0
0
0
0
0
0
0
0
0
0
0
0
0
0
0
0
0
0
0
0
0
0
0
0
0
0
1 5 2
1 6 2
1 7 2
1 8 1
1 9 1
1 10 1
0
0
0
0
0
0
0
0
0
0
0
0
0
0
0
0
0
0
0
0
0
0
0
0
0
0
0
0
0
0
0
0
0
0
0
3 10 2 8 1 6 1
3 9 1 7 1 5 2
3 10 1 8 2 6 2
2 9 2 7 2
2 10 2 8 1
1 9 1
1 10 1
0
0
0
0
0
0
0
0
0
0
0
0
0
0
0
0
0
0
0
0
0
0
0
0
0
0
0
0
0
0
0
0
0
0
0
0
119 191 2 190 2 189 1 188 2 185 1 184 1 183 2 181 2 180 2 176 2 175 1 174 1 173 1 171 2 170 2 169 2 168 1 164 2 163 2 162 1 161 1 158 2 156 2 154 1 152 1 150 1 149 2 147 1 146 2 145 1 144 1 142 1 140 2 139 2 134 2 133 1 132 1 129 2 128 2 126 2 125 2 123 2 122 1 121 2 120 1 118 1 116 1 114 2 113 1 112 1 110 1 109 1 108 1 101 1 100 2 99 2 98 2 97 2 96 1 94 1 93 1 91 2 88 2 86 2 85 2 84 1 83 2 80 2 78 1 75 2 73 1 72 1 70 2 69 2 67 1 65 2 64 2 63 1 62 2 61 1 60 1 59 1 58 1 55 1 54 2 52 2 51 2 48 1 46 1 45 1 44 2 43 1 42 2 41 2 39 2 38 1 37 2 36 2 35 2 34 1 33 1 32 1 31 2 30 1 29 1 28 1 26 1 24 1 22 1 20 1 18 1 16 1 14 1 12 1 10 1 8 1 6 2 4 1 2 2
121 191 2 190 1 189 1 188 2 187 2 186 2 184 1 183 1 182 2 181 1 180 2 179 2 178 2 177 2 174 1 173 2 172 1 171 1 170 2 168 2 167 2 165 1 162 1 161 1 159 2 157 2 155 2 152 2 151 2 150 1 149 1 148 2 146 1 144 1 143 2 139 1 138 2 137 2 136 2 134 2 132 2 131 1 130 1 126 2 123 2 121 2 119 2 117 2 115 2 114 2 113 2 111 1 110 2 109 2 107 1 103 1 101 1 100 2 98 2 95 2 94 1 93 2 92 2 91 1 89 1 88 1 86 2 84 1 83 2 82 2 81 2 80 2 79 1 78 2 77 1 76 2 74 1 73 2 71 1 68 1 67 2 65 2 63 1 62 2 61 1 60 1 58 1 55 1 52 1 51 1 50 2 49 1 47 2 45 2 44 1 43 2 42 2 40 2 39 1 38 2 36 2 35 1 34 2 33 1 32 2 31 1 29 1 28 2 27 1 25 1 23 1 21 1 19 1 17 1 15 1 13 1 11 1 9 1 7 1 5 1 1 1
119 191 2 190 1 189 1 186 1 185 2 183 1 182 1 179 2 178 1 176 1 175 1 173 2 171 1 170 1 164 1 163 1 162 2 161 2 160 1 158 2 156 2 149 1 148 1 147 2 144 1 142 1 139 2 138 1 137 1 136 1 134 2 133 1 132 2 131 2 130 2 129 1 128 1 127 1 126 2 125 1 123 1 122 1 121 2 120 2 119 1 118 2 117 2 114 2 112 1 109 2 108 1 105 2 103 1 102 1 101 1 99 1 98 1 97 1 95 1 94 1 93 1 91 1 90 1 89 2 87 1 86 1 85 2 83 2 82 1 81 2 80 2 79 2 78 1 77 2 75 2 74 2 73 2 70 1 69 2 67 2 66 2 65 2 64 1 63 2 62 1 61 1 60 1 58 2 57 1 55 2 54 2 53 1 52 2 51 2 50 1 48 1 47 1 44 1 41 2 40 1 39 2 38 1 37 2 36 1 34 1 33 2 32 1 30 1 28 1 26 1 24 1 22 1 20 1 18 1 16 1 14 1 12 1 10 1 6 1
131 191 2 190 1 189 1 188 1 187 1 186 1 185 1 184 2 182 1 181 1 180 2 178 1 176 1 174 2 171 1 170 1 169 1 168 1 166 1 165 1 162 2 159 2 157 2 155 2 153 1 152 1 151 2 150 2 148 1 147 1 146 2 144 2 143 1 142 2 138 1 137 1 136 1 135 1 134 2 132 2 131 2 130 2 128 1 127 2 126 1 125 1 124 2 123 2 120 1 119 2 118 2 116 2 113 1 112 1 109 2 107 1 106 2 105 2 104 2 102 2 101 1 100 2 99 2 98 1 97 2 94 2 92 1 91 1 90 2 89 1 88 2 87 2 86 2 85 2 84 2 81 2 80 1 79 1 78 1 77 1 76 2 75 2 74 2 73 1 72 2 70 1 69 1 68 1 65 2 64 1 62 2 61 1 59 1 58 2 57 1 56 1 54 1 52 1 51 2 50 2 49 1 48 1 47 1 46 2 45 2 43 2 42 2 41 1 40 2 39 2 38 2 37 1 36 1 35 1 34 2 33 1 31 1 30 1 29 1 27 1 25 1 23 1 21 1 19 1 17 1 15 1 13 1 11 1 9 2 7 1 3 2
117 189 1 188 1 185 1 184 1 183 2 181 2 180 2 179 1 178 2 177 2 176 2 175 2 174 1 173 2 171 2 168 1 167 1 163 2 162 2 161 1 158 2 156 2 154 1 152 1 150 1 149 2 147 1 146 1 143 2 142 1 140 1 139 1 137 1 136 2 135 2 134 2 133 1 132 1 131 1 130 1 129 2 127 2 125 1 124 2 122 1 120 1 117 1 116 1 115 1 113 1 108 2 104 1 103 1 101 2 99 1 98 1 96 1 95 2 94 2 93 1 92 2 89 2 87 2 86 1 84 1 82 1 80 2 78 1 77 2 76 2 75 2 74 2 73 1 72 1 71 1 70 2 68 2 65 1 64 2 63 2 62 1 60 1 58 1 56 2 55 2 53 1 52 2 51 2 50 1 49 1 48 1 47 1 45 2 43 1 42 1 41 2 39 2 38 1 37 2 36 1 35 2 34 1 32 1 31 2 30 1 28 1 26 1 24 1 22 1 20 1 18 1 16 1 14 1 12 1 10 1 8 1 4 1
113 191 1 190 1 189 1 188 2 186 2 184 1 183 1 181 1 180 2 178 1 177 2 175 1 174 1 171 1 170 2 168 2 166 2 165 1 163 1 162 1 161 1 159 2 157 2 155 2 152 2 151 2 150 1 149 1 148 2 146 1 145 1 144 1 143 1 142 1 139 1 138 2 137 1 136 1 132 2 131 1 130 1 126 2 125 1 124 2 123 2 122 1 119 2 118 1 117 2 116 2 115 2 114 2 113 2 112 2 111 1 110 1 109 1 107 2 103 1 101 2 97 2 93 2 92 1 89 2 88 1 86 1 85 2 84 1 82 2 81 2 80 1 79 1 78 2 77 1 76 2 74 2 70 1 67 2 65 1 63 1 62 2 61 1 60 1 59 2 58 2 55 2 53 1 51 1 50 2 49 1 47 1 45 2 44 1 43 2 42 2 41 1 40 2 39 1 37 1 36 2 35 1 33 1 31 1 29 1 27 1 25 1 23 1 21 1 19 1 17 1 15 1 13 1 9 1
113 189 2 188 2 187 1 186 1 185 2 182 1 180 2 179 2 178 1 177 2 176 2 173 1 172 1 171 1 170 1 167 2 166 1 164 1 163 1 162 2 161 2 160 1 158 2 156 2 149 1 148 1 147 2 144 1 143 1 139 2 138 1 137 2 135 1 132 2 131 2 130 2 129 2 127 2 125 2 124 2 123 2 122 2 121 1 117 2 116 1 115 2 113 2 112 2 110 1 109 1 108 2 107 1 106 2 105 2 103 1 102 1 100 1 99 1 97 2 94 2 92 2 91 2 90 1 89 1 88 1 83 1 82 2 81 1 80 1 78 1 77 2 73 1 72 1 70 1 67 2 66 2 63 2 62 1 61 1 60 1 59 1 58 1 57 1 55 2 54 2 51 2 50 1 46 1 45 2 44 2 43 2 42 2 41 2 40 1 39 1 38 1 37 2 36 1 34 1 33 1 32 1 30 1 28 1 26 1 24 1 22 1 20 1 18 1 16 1 14 1 12 2 10 1 6 2
128 191 1 190 2 189 1 188 2 187 1 186 1 185 1 184 2 182 1 180 2 178 2 177 1 175 2 173 1 172 1 171 2 170 1 168 2 167 1 166 1 163 2 159 2 157 2 155 2 153 1 152 1 151 2 150 2 148 1 147 1 146 2 144 2 142 2 141 1 139 1 136 2 135 1 134 1 132 1 131 2 130 1 129 1 128 2 122 2 121 2 120 1 117 2 116 1 115 2 114 2 113 2 112 2 111 2 110 2 109 2 108 1 106 2 105 1 104 2 103 2 101 2 100 2 99 1 98 2 97 1 95 1 94 1 92 2 90 1 89 2 88 1 87 2 85 1 84 1 83 1 82 1 80 2 79 1 78 2 77 1 75 1 74 1 73 2 70 1 69 2 68 1 67 1 65 1 64 1 63 1 62 2 61 2 60 2 58 2 57 2 56 1 55 1 53 1 52 1 51 1 50 2 48 2 47 2 46 1 45 1 44 2 43 2 42 2 41 1 40 2 39 1 38 2 37 1 35 1 34 2 33 1 31 1 29 1 27 1 25 1 23 1 21 1 19 1 17 1 15 1 13 1 11 1 7 1
116 190 2 189 1 188 1 187 2 185 2 184 1 183 2 181 1 180 2 178 2 177 2 176 1 175 1 174 1 172 2 171 2 170 2 169 1 168 1 167 1 164 2 162 2 161 1 158 2 156 2 154 1 152 1 150 1 149 2 147 1 146 1 143 2 142 1 140 2 137 1 136 1 135 2 134 2 132 1 131 2 130 2 129 2 125 1 122 2 120 1 119 1 118 1 117 1 116 2 115 2 113 2 112 1 110 2 108 2 106 2 103 2 101 2 99 1 97 1 96 1 95 2 93 1 92 1 91 2 89 2 88 1 87 2 85 2 84 1 83 2 80 2 79 1 78 1 77 2 76 1 75 2 74 2 73 2 72 1 70 1 67 1 65 1 64 2 63 2 62 2 61 2 60 1 58 1 55 1 53 1 52 2 51 2 50 1 49 2 48 1 47 1 46 2 45 2 44 1 43 2 42 1 40 1 39 2 38 1 36 1 34 1 32 1 30 1 28 1 26 1 24 1 22 1 20 1 18 1 16 1 12 1
125 190 2 189 2 188 1 187 1 186 1 184 1 183 1 181 1 180 2 179 1 177 1 176 2 175 2 174 2 173 1 172 2 170 1 169 1 168 1 167 1 166 1 165 2 163 1 161 2 160 2 159 2 157 2 155 2 152 2 151 2 150 1 149 1 148 2 146 1 145 1 144 1 143 1 142 1 141 2 139 1 136 2 135 1 134 2 133 1 132 1 131 1 130 1 129 2 128 1 127 2 123 2 121 1 120 1 117 2 116 1 112 1 109 2 107 2 105 1 103 1 102 2 100 2 99 1 97 2 96 2 95 1 94 2 93 2 92 2 91 2 90 2 86 2 85 1 84 1 83 1 82 1 79 2 78 2 77 1 76 2 75 1 74 1 73 1 72 2 71 2 70 2 69 2 67 2 66 1 64 1 62 2 61 1 60 2 59 1 57 2 55 2 54 1 52 1 51 1 50 2 49 1 48 2 47 2 46 2 44 2 43 1 42 1 41 1 40 2 39 1 37 1 36 1 35 1 33 1 31 1 29 1 27 1 25 1 23 1 21 1 19 1 17 1 15 2 13 1 9 2
113 191 1 189 2 186 2 185 2 183 2 182 1 181 1 180 1 179 1 178 1 174 1 172 1 170 2 169 2 168 2 167 1 165 1 164 1 162 1 161 1 160 2 159 2 158 2 156 2 149 1 148 1 147 2 144 1 143 1 142 1 141 2 138 2 135 1 134 1 133 2 131 2 130 1 129 2 128 2 126 2 124 2 123 2 121 1 120 2 119 2 117 1 116 2 115 2 114 2 113 1 112 2 111 2 110 2 108 1 107 1 106 1 101 2 99 2 95 2 93 2 92 1 90 1 88 2 87 2 86 2 85 1 82 1 80 2 79 1 77 2 76 1 75 2 74 1 73 1 72 1 71 1 70 2 65 1 64 1 63 1 62 1 61 2 60 2 59 2 58 2 53 1 52 2 50 1 49 2 48 1 47 2 46 1 45 2 44 1 43 2 42 1 41 2 40 1 38 1 37 2 36 1 34 1 32 1 30 1 28 1 26 1 24 1 22 1 20 1 18 1 16 1 14 1 10 1
120 190 1 189 1 188 2 187 1 186 1 185 1 182 2 181 2 180 2 179 1 178 2 177 1 176 2 173 2 171 2 170 1 169 2 168 2 167 2 163 2 161 1 159 2 157 2 155 2 153 1 152 1 151 2 150 2 148 1 147 1 146 2 144 2 143 2 142 1 141 1 139 1 137 2 136 1 135 1 134 1 132 1 131 2 129 1 128 2 124 2 122 1 121 2 120 1 118 2 117 2 115 2 114 2 112 1 111 2 110 1 109 1 108 1 107 1 105 1 104 2 103 2 100 1 99 1 98 1 97 2 95 2 94 1 92 1 91 2 90 1 88 1 87 2 86 1 84 1 83 2 82 2 79 2 78 2 77 1 76 2 75 1 74 2 73 1 71 2 70 1 69 2 68 1 67 1 64 2 63 1 62 2 61 2 60 2 59 2 57 2 56 1 55 1 52 1 51 1 50 2 49 1 48 2 47 1 46 2 45 1 43 1 42 2 41 1 39 1 37 1 35 1 33 1 31 1 29 1 27 1 25 1 23 1 21 1 19 1 15 1
124 191 2 189 1 188 1 187 2 186 2 183 1 181 1 180 2 179 2 176 1 175 1 172 2 171 2 170 2 169 1 168 2 167 2 166 2 165 2 163 2 161 2 160 2 159 1 158 1 157 1 156 2 154 1 152 1 150 1 149 2 147 1 146 1 144 1 143 2 142 1 141 1 140 1 139 1 138 2 136 2 135 2 134 2 130 1 129 1 128 1 127 2 126 1 124 1 123 1 122 2 120 1 119 1 118 1 117 2 116 2 115 2 114 2 113 2 112 1 111 1 110 2 107 1 106 1 105 2 104 1 103 1 102 1 100 2 99 1 98 1 96 1 95 1 94 1 89 1 88 2 87 2 86 2 84 1 83 1 82 1 81 1 78 2 77 1 76 2 75 2 74 1 72 2 70 1 69 1 68 2 67 2 66 2 62 1 59 2 58 2 57 1 56 2 55 2 54 2 51 1 50 2 49 1 48 1 47 2 46 1 45 1 44 1 43 2 42 1 40 1 39 1 38 1 36 1 34 1 32 1 30 1 28 1 26 1 24 1 22 1 20 1 18 2 16 1 12 2
118 191 1 190 1 189 1 188 1 186 2 185 2 184 1 183 1 181 1 180 1 179 2 178 2 177 1 176 2 174 2 173 1 171 1 170 1 169 1 168 1 165 2 164 2 162 1 161 1 158 1 157 2 155 2 152 2 151 2 150 1 149 1 148 2 146 1 145 2 143 1 142 2 141 2 140 1 139 1 137 1 136 1 134 2 132 2 130 1 129 2 127 2 125 1 124 2 121 2 120 1 118 2 116 1 115 1 109 2 108 1 107 1 106 2 105 1 104 2 103 1 102 2 101 2 99 2 98 2 97 1 96 1 95 2 94 1 93 2 91 1 90 1 89 1 88 2 84 1 83 2 80 2 77 2 76 2 75 1 74 2 73 2 71 2 69 2 68 1 67 2 66 1 65 1 64 2 61 1 60 2 59 2 58 1 57 2 56 1 53 1 50 1 49 1 48 2 47 1 46 2 45 1 44 2 43 1 41 1 40 2 39 1 37 1 35 1 33 1 31 1 29 1 27 1 25 1 23 1 21 1 19 1 17 1 13 1
122 190 2 189 2 187 1 186 2 184 1 183 2 182 1 181 2 180 1 179 2 178 2 176 2 175 1 174 1 173 1 172 1 170 1 169 2 168 2 167 1 165 1 164 2 163 2 162 1 161 1 159 2 158 2 157 2 156 2 149 1 148 1 147 2 145 2 144 1 143 1 142 2 141 2 140 1 139 2 138 2 137 2 136 2 135 1 134 1 130 2 129 2 128 1 127 1 126 2 125 1 124 2 123 2 122 1 121 2 120 2 118 1 117 1 116 1 114 2 113 2 112 1 111 2 110 1 109 2 108 1 107 1 106 1 104 2 103 1 100 1 99 2 98 2 97 1 95 2 94 1 93 2 91 2 90 1 89 2 87 2 86 1 85 2 83 1 82 2 80 2 79 2 77 2 75 2 74 1 72 1 71 1 68 1 67 2 65 1 64 1 63 1 62 2 61 1 60 2 59 2 58 2 56 2 55 1 53 1 52 1 50 1 48 1 46 1 45 2 44 1 42 1 40 1 38 1 36 1 34 1 32 1 30 1 28 1 26 1 24 1 22 1 18 1
116 190 1 186 2 185 2 184 2 182 2 181 2 180 1 179 1 178 2 177 1 175 2 173 1 172 1 171 1 168 2 167 2 165 1 164 1 163 1 162 2 161 2 160 2 158 2 155 2 153 1 152 1 151 2 150 2 148 1 147 1 146 2 143 1 142 2 141 1 140 2 139 2 138 1 137 2 136 1 134 2 133 2 132 2 130 2 129 2 128 2 126 2 124 2 123 1 122 2 121 1 120 1 119 2 117 2 116 1 115 1 114 2 113 2 112 2 111 2 110 2 108 1 107 1 105 1 103 1 102 2 100 1 96 2 92 2 91 1 90 1 89 1 87 2 86 2 85 2 84 2 82 1 81 2 80 1 79 1 75 1 74 2 73 1 72 1 71 1 70 2 69 2 67 2 64 2 63 1 62 1 60 2 59 2 57 1 55 2 54 1 53 2 52 2 48 1 47 1 46 2 45 1 43 1 42 1 41 1 39 1 37 1 35 1 33 1 31 1 29 1 27 1 25 1 23 1 21 2 19 1 15 2
120 191 2 190 1 189 1 186 1 185 2 181 1 180 2 179 2 178 1 177 1 174 2 173 1 172 2 171 1 169 1 167 2 165 1 164 2 163 1 161 1 160 1 159 2 158 2 157 1 156 2 153 1 152 1 150 1 149 2 147 1 146 1 145 1 141 2 140 2 139 1 138 1 135 2 134 1 133 1 132 2 131 2 130 1 128 1 127 2 126 2 124 2 123 2 122 1 121 2 120 1 119 2 118 2 116 1 115 1 114 1 112 2 111 2 110 1 109 2 108 2 107 1 106 2 105 1 103 1 102 2 100 2 98 2 97 1 96 1 94 2 93 2 92 2 91 1 87 2 86 1 85 1 84 1 82 1 80 2 79 2 77 2 76 2 75 2 74 1 72 2 71 1 69 2 67 2 66 1 64 2 63 1 62 2 60 2 59 2 58 1 57 2 54 2 53 1 52 1 50 1 49 1 48 1 47 2 46 2 45 2 44 1 43 2 42 1 40 1 38 1 36 1 34 1 32 1 30 1 28 1 26 1 24 1 22 1 20 1 16 1
112 190 2 189 1 188 1 186 2 185 2 183 1 182 1 181 1 180 1 178 2 177 1 176 1 175 1 174 2 173 2 171 1 170 1 169 2 168 1 166 2 165 2 164 2 162 1 161 2 160 2 158 1 157 1 155 1 154 1 152 2 151 2 150 1 149 1 148 2 146 1 145 1 142 2 141 2 139 1 136 2 134 2 132 2 131 2 129 2 128 1 127 1 125 1 124 2 122 2 121 2 120 1 119 1 118 1 115 2 113 1 112 2 110 2 108 1 107 2 106 1 105 1 103 1 102 2 100 1 99 2 98 1 97 1 96 1 94 1 93 2 92 1 90 1 89 2 88 1 85 2 84 1 82 2 79 2 77 2 76 1 75 1 74 1 73 2 71 1 69 2 68 1 67 2 66 1 61 1 60 2 59 2 58 2 57 2 56 1 52 1 50 2 49 2 48 2 47 2 46 2 45 1 43 1 41 1 39 1 37 1 35 1 33 1 31 1 29 1 27 1 25 1 21 1
103 190 2 188 2 187 2 185 2 184 2 183 1 182 1 181 2 179 2 178 2 177 2 176 1 175 2 174 2 173 2 170 1 169 2 168 2 167 1 165 2 164 1 162 2 161 2 160 2 159 1 157 1 153 2 152 1 151 2 149 1 148 1 147 2 145 2 141 2 140 2 139 1 137 2 136 2 135 2 133 1 132 2 131 2 129 1 128 1 127 1 126 2 125 1 124 2 123 1 119 1 115 1 111 1 108 2 107 2 104 1 103 2 102 2 100 1 98 2 97 1 95 1 94 2 93 2 92 2 90 1 89 1 88 1 81 2 80 2 79 2 78 2 76 2 74 1 72 2 71 1 69 2 68 2 67 1 66 1 65 1 64 1 60 2 59 2 58 2 57 2 54 2 52 2 49 1 46 1 45 2 43 1 42 1 40 1 38 1 36 1 34 1 32 1 30 1 28 1 26 1 24 2 22 1 18 2
115 190 1 189 1 188 1 187 1 186 1 183 2 182 2 181 1 180 1 179 1 178 2 176 1 175 2 174 1 172 2 171 2 169 1 168 1 167 2 166 1 164 2 161 1 160 2 159 2 158 1 157 2 156 1 155 2 154 2 151 2 150 2 148 1 147 1 146 2 145 2 144 1 143 2 142 1 140 1 139 1 137 2 136 1 135 1 133 2 132 2 131 1 129 2 128 2 127 2 126 2 124 2 123 1 121 1 120 2 119 1 117 1 116 2 115 1 113 1 112 2 111 1 108 2 106 1 105 2 104 1 103 2 97 2 96 1 95 1 94 2 90 1 89 2 88 2 87 2 85 1 83 1 82 1 81 1 80 1 77 2 76 2 75 2 74 2 73 2 72 1 71 1 70 1 69 1 68 2 67 1 66 1 64 1 61 2 59 2 58 2 57 2 56 2 50 1 49 1 48 2 47 1 45 2 44 1 43 1 41 1 39 1 37 1 35 1 33 1 31 1 29 1 27 1 25 1 23 1 19 1
113 191 1 189 1 187 1 186 1 185 1 184 1 180 2 178 2 177 1 176 2 175 1 174 2 173 2 171 1 170 1 167 2 166 2 165 1 163 1 161 2 159 2 156 2 153 1 152 1 151 1 150 1 149 2 147 1 146 1 145 2 143 2 142 2 141 2 139 2 138 1 137 2 136 2 135 2 134 2 132 2 131 1 130 1 127 1 126 2 125 1 124 2 123 2 120 1 118 1 115 2 114 1 113 1 112 1 111 2 108 2 107 2 105 1 104 2 102 2 101 1 100 1 98 1 97 1 96 1 95 2 93 2 92 1 91 2 89 1 88 1 87 2 85 1 84 1 83 1 82 1 80 2 79 1 76 1 75 2 74 1 73 1 72 2 71 1 69 2 68 1 67 1 66 1 64 2 63 1 62 1 61 2 60 2 59 2 58 2 57 2 56 2 54 2 53 2 52 1 48 1 46 2 45 2 44 1 43 2 42 1 40 1 38 1 36 1 34 1 32 1 30 1 28 1 24 1
117 191 1 190 1 189 1 188 1 186 1 185 1 184 1 183 2 181 2 180 2 179 1 178 1 177 2 176 1 175 1 174 1 173 2 171 1 168 2 167 2 165 2 164 1 163 1 162 2 160 1 159 2 158 1 157 1 156 2 155 2 153 2 151 1 150 1 149 1 148 2 146 1 145 1 143 1 142 1 140 1 137 1 136 1 135 2 134 2 131 2 129 1 127 2 126 1 125 2 124 1 123 1 122 2 121 2 119 1 118 1 117 1 115 2 114 2 113 1 112 2 111 1 110 2 107 2 106 1 104 2 103 2 102 2 101 2 100 2 99 2 98 2 96 1 95 1 93 2 92 2 91 2 90 2 86 1 85 1 84 2 83 1 82 1 79 2 78 1 74 2 73 1 72 1 70 1 68 2 67 1 65 1 64 2 62 1 60 1 58 1 57 2 56 2 55 2 53 2 52 2 51 2 50 1 48 2 47 1 45 2 44 2 43 2 41 1 39 1 37 1 35 1 33 1 31 1 29 1 27 2 25 1 21 2
110 191 2 190 1 189 2 188 2 187 2 183 1 182 2 181 1 180 1 179 1 178 1 177 2 176 1 174 2 173 2 171 2 170 2 167 2 165 2 164 2 162 1 161 1 159 2 155 2 154 1 153 1 151 2 149 1 148 1 147 2 145 1 144 1 143 2 140 1 137 1 135 2 132 2 131 2 130 1 129 1 128 2 126 1 124 1 123 1 121 1 119 1 118 2 115 2 112 2 111 1 109 2 108 1 107 2 105 2 104 2 102 2 101 1 100 2 99 1 98 1 97 2 93 2 92 1 91 1 90 1 88 2 87 1 86 2 85 1 83 2 82 1 80 2 79 2 78 2 77 2 76 1 72 2 71 2 69 2 68 1 66 1 64 1 62 2 61 2 60 1 59 1 58 2 57 2 56 2 55 1 54 2 53 1 52 2 51 2 50 1 49 2 47 1 45 2 44 1 43 1 42 1 40 1 38 1 36 1 34 1 32 1 30 1 28 1 26 1 22 1
100 191 2 190 2 189 1 188 2 187 1 186 1 183 2 181 1 180 1 179 2 178 2 174 1 171 2 168 1 167 2 164 1 159 2 158 1 157 1 156 1 155 1 154 2 150 2 148 1 147 1 146 1 144 1 143 1 142 1 139 1 137 1 135 1 134 1 133 1 132 2 130 1 129 2 127 1 126 2 125 1 124 2 123 1 122 2 121 2 120 2 119 2 118 2 117 1 116 1 115 2 113 2 112 1 111 1 108 2 107 1 106 2 105 2 104 2 103 2 101 1 100 2 98 1 97 1 96 1 95 2 94 1 91 2 90 1 87 2 83 2 82 2 81 1 77 2 76 2 75 2 74 1 72 1 69 1 68 2 67 1 66 1 64 2 59 2 57 2 55 2 53 1 50 2 49 1 48 2 47 2 46 1 45 2 44 1 41 1 39 1 37 1 35 1 33 1 31 1 27 1
110 191 2 190 2 189 2 188 1 186 1 185 1 184 1 182 2 181 1 179 1 178 1 177 1 173 1 172 1 171 1 170 1 168 1 167 1 165 2 163 1 162 1 161 2 158 2 157 1 156 2 155 1 154 2 153 2 151 2 150 1 149 2 147 2 146 1 145 2 142 1 139 2 138 1 136 1 135 2 134 1 133 1 132 2 131 2 128 2 127 2 125 2 124 1 123 2 122 1 121 2 120 1 119 2 118 2 116 1 115 1 114 1 112 2 111 1 110 1 109 2 106 2 104 2 102 2 100 2 97 2 96 1 95 1 94 1 88 2 86 2 85 2 84 1 82 2 81 2 80 1 79 2 76 1 75 2 74 2 71 1 69 2 68 1 67 1 65 1 64 1 63 1 62 1 61 2 60 1 58 1 57 1 56 2 54 2 53 1 52 2 51 2 48 1 47 2 45 1 44 2 43 1 42 1 40 1 38 1 36 1 34 1 32 1 30 2 28 1 24 2
109 190 2 189 1 185 1 182 1 178 2 172 1 169 2 165 2 164 1 163 1 159 1 158 2 157 2 156 1 155 1 152 1 151 1 150 1 149 1 148 2 146 1 145 1 144 1 142 1 141 1 140 1 139 1 136 1 133 1 132 1 131 1 130 2 128 1 127 1 126 1 125 1 124 2 123 2 122 1 121 1 120 2 119 2 118 2 117 2 116 2 115 1 114 1 113 2 111 2 110 1 107 1 106 1 105 2 104 2 103 1 102 2 100 2 99 1 97 2 96 1 95 2 94 2 93 2 91 1 89 1 88 2 86 2 83 2 82 2 81 1 80 1 79 2 78 2 76 1 75 2 74 1 73 2 72 1 70 1 69 1 68 2 67 2 66 2 64 2 62 1 61 1 59 2 58 1 57 2 56 2 54 1 52 2 51 1 50 1 49 2 48 2 47 2 46 2 45 2 44 1 43 2 41 1 39 1 37 1 35 1 33 1 31 1 29 1 25 1
111 191 2 189 2 188 2 187 1 185 2 184 1 183 1 182 2 180 1 179 2 178 2 177 2 176 2 175 1 174 2 172 1 171 2 169 1 167 1 166 2 165 2 164 1 163 2 162 1 161 2 159 2 158 1 157 1 155 1 154 1 153 1 151 1 148 1 147 2 144 1 143 1 140 2 139 1 137 1 135 2 134 1 133 2 132 2 131 1 130 2 129 1 127 1 126 1 125 1 124 2 123 1 122 2 121 2 119 2 118 1 116 2 113 2 112 1 111 1 110 2 108 1 106 2 105 2 104 1 103 2 102 2 101 1 100 2 99 1 95 1 94 1 93 2 91 1 90 1 89 1 87 1 86 1 85 1 83 1 80 2 78 2 73 2 72 2 71 2 70 2 69 2 67 2 66 1 64 2 62 1 61 1 60 1 59 2 57 2 55 1 54 2 53 2 52 2 51 2 49 1 47 1 46 1 45 2 44 1 43 2 42 1 40 1 38 1 36 1 34 1 30 1
101 191 1 189 2 188 1 187 2 186 2 183 1 182 1 180 1 179 1 176 2 175 1 174 2 173 1 172 2 171 2 170 2 169 1 168 1 166 2 165 1 164 1 162 2 158 2 148 1 147 1 146 1 144 2 143 1 142 1 141 2 139 1 138 1 136 1 134 1 133 1 132 1 131 2 130 2 128 1 125 2 124 1 122 1 118 1 110 2 109 1 108 1 107 1 106 2 104 2 103 2 102 2 101 2 100 1 99 1 98 1 97 1 96 2 92 1 91 1 90 2 89 1 88 2 87 2 86 1 85 2 82 1 81 2 80 2 79 1 78 2 77 2 76 2 73 1 72 2 71 2 70 1 69 2 68 2 67 1 66 2 65 2 63 1 59 1 58 1 57 1 55 2 52 1 51 1 50 2 49 1 48 1 45 1 44 2 43 2 41 1 39 1 37 1 35 1 33 2 31 1 27 2
112 190 2 189 2 188 2 187 2 186 2 185 1 183 2 182 1 181 2 180 2 179 2 178 2 177 2 176 1 174 2 172 1 170 2 166 2 165 1 163 2 162 1 161 2 159 2 158 1 157 1 156 1 155 2 154 1 153 1 149 2 146 1 145 2 142 1 141 1 138 2 137 1 136 2 135 1 134 1 133 1 132 1 129 1 128 1 127 1 125 1 124 1 123 1 122 2 121 2 120 2 119 1 118 2 117 2 116 2 115 1 114 2 113 2 112 2 111 2 110 2 109 1 108 2 106 1 104 2 103 2 102 1 101 2 100 1 99 1 97 1 94 2 93 1 92 2 91 1 89 2 87 1 86 1 84 1 83 2 82 1 81 1 80 2 78 2 76 2 71 2 69 2 68 1 67 2 65 2 64 2 62 1 60 1 59 1 58 2 57 2 56 2 55 1 53 2 52 1 51 2 49 2 47 1 45 1 44 1 43 1 42 1 40 1 38 1 36 1 34 1 32 1 28 1
91 191 2 190 1 189 1 188 1 185 1 182 2 179 1 178 1 176 2 169 2 167 1 166 1 165 2 163 2 161 2 160 1 159 1 157 1 156 1 154 2 152 1 150 1 149 1 148 1 145 1 144 1 143 1 141 1 140 1 139 1 137 2 136 2 134 1 133 2 132 1 128 2 127 1 126 1 125 2 124 1 123 2 121 2 120 2 118 1 117 2 116 2 115 2 114 1 111 2 110 1 109 2 107 2 105 2 104 2 103 1 102 2 101 1 100 1 99 1 98 1 97 2 96 1 93 2 89 2 85 2 81 1 78 2 76 1 75 2 73 1 72 1 71 2 69 1 68 2 66 2 62 2 61 2 59 1 57 2 54 1 53 1 51 1 50 1 49 2 48 2 45 2 44 1 41 1 39 1 37 1 33 1
111 191 1 190 1 189 1 188 2 187 1 186 2 183 2 181 2 180 1 179 1 177 1 176 1 175 2 174 2 172 1 171 2 169 1 168 2 167 1 166 2 165 2 164 2 163 1 161 1 160 1 159 1 158 1 157 1 156 1 155 1 154 1 152 1 150 1 149 2 148 2 143 1 140 2 139 1 138 2 136 1 135 2 131 1 130 2 127 1 126 2 125 2 124 1 123 2 122 2 121 2 120 2 119 2 118 1 116 2 114 2 113 2 112 1 111 1 110 2 108 2 107 1 106 1 105 1 104 2 103 1 101 2 100 1 99 2 98 1 97 2 96 1 95 2 92 2 91 2 90 1 88 1 87 1 85 2 82 1 79 2 77 2 76 1 75 2 74 2 71 2 70 2 69 2 67 2 66 2 65 2 61 2 59 1 58 1 57 2 56 2 55 2 54 2 53 1 51 1 50 1 48 1 47 2 45 2 44 1 43 2 42 1 40 1 38 1 36 2 34 1 30 2
107 191 2 190 2 189 1 188 1 187 1 186 2 185 2 183 1 181 1 180 2 179 2 177 2 175 2 174 2 173 1 172 1 170 2 169 2 166 1 165 1 163 1 162 2 161 1 160 1 158 2 157 2 154 2 153 2 152 2 151 1 150 2 149 1 148 1 147 1 146 1 143 1 142 1 141 1 139 1 138 1 137 1 136 1 135 1 134 2 132 1 131 2 128 1 127 2 125 1 122 1 121 1 115 1 114 2 112 2 110 2 109 1 108 1 106 1 104 1 103 2 102 2 101 1 99 1 97 1 96 1 95 2 94 2 92 2 89 2 88 1 87 2 86 2 85 1 83 1 81 2 80 1 79 2 78 2 76 2 74 1 73 1 71 2 70 1 68 2 67 1 66 2 64 1 62 1 60 2 59 2 58 2 57 1 56 1 54 1 53 1 51 1 50 1 49 1 48 1 47 2 44 2 43 2 41 1 39 1 37 1 35 1 31 1
109 190 1 189 2 188 2 187 1 186 2 184 1 183 2 182 2 180 2 178 2 177 2 176 2 174 2 173 2 172 2 170 1 169 2 167 2 166 1 165 1 164 2 163 1 162 1 161 1 159 2 158 2 156 1 155 2 154 1 153 1 149 1 148 2 146 2 145 1 142 2 141 1 140 1 138 2 137 1 135 1 134 2 133 2 132 1 131 2 130 1 129 1 128 2 125 2 124 1 123 1 122 1 120 2 118 1 117 2 116 1 114 2 113 1 112 1 111 2 110 1 109 1 108 2 106 1 104 1 102 1 100 1 99 1 98 2 95 1 94 2 93 1 92 1 91 1 89 1 88 1 87 1 85 1 84 1 83 1 82 2 81 1 80 2 79 2 78 2 77 1 76 1 74 2 73 1 71 2 70 2 69 2 67 2 62 2 60 1 59 2 58 2 57 2 53 2 52 2 51 2 50 2 47 1 46 2 45 1 44 1 43 1 42 1 40 1 36 1
108 191 2 190 1 188 2 187 2 185 2 184 2 183 2 182 2 178 2 177 2 176 2 174 2 173 2 172 1 170 1 169 1 168 2 166 2 165 2 164 1 163 1 162 2 161 1 160 2 159 1 158 2 157 2 155 1 154 1 153 2 152 2 151 2 148 2 147 2 145 1 144 1 143 1 140 1 139 1 137 2 136 2 135 2 134 1 133 2 132 1 131 1 130 2 128 1 127 2 126 2 123 2 122 1 121 1 120 1 119 2 118 2 117 2 115 1 113 2 112 1 111 2 110 2 109 1 107 2 105 2 102 1 101 1 100 1 99 1 98 2 97 1 93 2 92 1 91 2 88 2 86 1 85 1 83 1 82 2 80 1 79 2 78 2 77 2 76 2 73 1 72 1 71 2 69 2 68 2 66 1 62 1 60 2 59 1 57 2 56 2 55 1 54 2 52 1 51 1 50 2 49 1 48 2 45 2 44 1 41 1 39 2 37 1 33 2
107 191 1 190 2 188 1 187 2 186 1 185 2 180 2 179 2 176 1 175 1 174 2 173 1 172 1 170 2 168 1 167 2 165 2 164 1 163 2 161 2 158 2 157 2 156 2 154 2 153 2 151 2 150 2 148 2 147 1 145 2 143 1 140 2 139 1 138 1 133 1 132 1 130 1 129 2 128 1 126 2 125 1 124 2 122 1 121 1 120 1 118 2 116 1 115 2 114 1 112 2 111 1 110 1 109 2 108 1 107 1 106 2 104 1 103 1 102 1 101 2 100 2 97 2 96 2 95 2 94 1 93 1 92 1 91 2 90 2 89 2 88 2 87 1 86 2 83 2 82 1 81 1 80 2 79 1 78 1 76 1 75 1 74 2 73 2 72 2 71 2 70 2 69 2 67 2 65 2 63 2 62 1 61 2 60 2 59 1 57 2 53 2 52 1 48 2 47 2 46 1 45 1 44 1 43 2 42 1 40 1 38 1 34 1
97 191 1 190 1 189 1 188 2 187 1 186 2 183 1 182 1 181 1 180 2 177 2 175 1 174 2 173 1 172 2 170 2 167 1 166 1 165 1 164 2 162 2 158 1 157 1 155 2 154 2 153 2 152 2 150 2 149 2 148 2 147 1 145 2 143 2 142 1 141 1 139 2 138 1 137 1 136 2 135 1 132 1 131 1 130 1 128 2 125 2 124 1 122 1 121 2 119 1 115 2 114 2 113 1 112 2 110 1 109 2 108 1 107 1 104 2 103 2 102 2 101 2 99 1 98 1 97 1 96 1 94 2 92 2 87 2 83 2 81 2 79 1 78 2 77 2 76 2 73 1 71 1 70 1 66 2 64 2 62 2 60 2 59 1 58 1 57 1 56 1 55 2 54 1 53 2 52 1 51 1 50 1 49 1 48 1 46 2 44 2 43 2 39 1
103 190 1 189 2 188 1 187 2 186 2 185 2 184 2 183 1 182 2 180 2 179 2 177 2 176 2 174 1 172 1 170 1 169 2 168 1 164 1 163 2 160 1 159 2 157 2 155 1 154 2 153 2 152 2 151 1 150 1 149 2 148 1 147 1 146 2 145 1 144 1 143 1 142 1 141 1 140 1 138 2 137 1 135 2 133 1 131 1 130 2 129 2 127 2 126 1 123 2 121 1 119 1 115 1 113 2 111 1 109 2 107 1 103 1 100 1 99 1 98 1 97 1 96 2 95 1 94 2 93 2 91 2 90 2 89 1 88 1 87 1 86 2 85 2 84 1 81 2 80 2 79 2 78 2 77 2 75 1 74 2 73 1 70 1 69 1 67 2 63 2 62 2 60 2 59 2 58 2 57 1 56 1 55 2 53 1 50 1 49 1 48 2 47 1 46 2 45 2 43 2 42 2 40 1 36 2
106 191 2 190 1 189 1 187 1 182 2 181 1 180 1 179 1 178 1 177 2 176 2 175 2 173 1 171 1 170 1 169 1 168 2 167 2 166 2 165 1 164 2 163 2 162 2 161 2 159 1 158 1 157 2 156 1 155 2 154 2 153 2 151 1 150 1 149 2 148 1 147 2 141 2 140 1 139 1 137 2 135 1 133 2 131 2 130 2 129 1 127 1 126 2 125 2 123 1 122 2 121 1 120 1 119 1 118 2 117 1 116 1 115 1 113 1 112 1 111 1 109 1 108 1 107 1 106 2 105 2 104 1 103 1 102 2 101 1 100 2 99 2 97 2 96 1 94 1 92 2 90 2 88 1 86 2 83 2 82 2 81 2 80 1 78 2 77 1 76 1 75 2 71 1 68 2 62 1 61 2 60 2 59 1 58 2 57 1 56 1 55 2 54 1 53 1 52 2 51 2 49 2 48 1 46 1 44 2 41 1 37 1
96 191 1 190 1 186 1 185 1 184 2 182 1 180 2 179 1 178 1 176 1 175 2 174 2 170 1 168 1 166 2 165 2 163 2 157 2 156 2 154 2 153 2 152 1 151 2 150 2 149 1 148 2 147 1 146 1 145 2 143 1 142 2 140 2 139 1 138 1 136 2 134 1 132 1 131 2 130 2 129 2 128 2 126 2 124 1 120 1 119 2 118 1 115 1 114 1 113 1 112 1 111 1 108 1 106 2 102 1 100 2 98 2 97 1 96 2 95 2 94 1 93 1 90 2 89 1 88 1 87 1 86 1 85 1 83 1 82 1 81 1 79 2 78 1 77 1 76 2 75 1 74 1 73 2 72 2 70 2 69 2 63 2 62 2 61 1 60 2 59 1 57 2 56 1 53 2 50 2 49 1 48 2 47 2 46 1 45 1 43 1 42 1
107 191 2 189 2 188 2 187 1 186 2 185 1 184 2 183 1 181 2 180 1 179 2 178 1 177 1 176 1 174 2 173 2 172 1 169 2 168 2 167 1 166 1 165 2 164 2 162 2 161 2 160 1 157 2 155 2 154 2 153 2 152 1 151 1 148 1 147 2 146 1 145 1 144 2 141 1 139 2 138 1 137 1 136 2 135 1 134 2 133 1 132 2 131 1 130 1 129 2 128 2 123 1 122 1 121 2 120 1 119 1 117 1 115 2 114 1 113 1 112 2 111 1 110 1 109 2 108 2 107 1 103 1 102 2 101 1 100 1 97 2 96 2 95 2 93 2 92 1 91 1 90 2 89 2 88 1 87 2 86 1 85 2 82 2 81 1 79 1 78 2 77 1 74 1 72 1 71 2 66 1 64 2 63 2 62 2 60 1 59 2 57 2 56 2 55 1 54 2 53 1 52 2 49 2 48 2 47 2 45 2 44 1 39 2
106 191 2 190 1 189 2 188 1 186 2 185 1 183 1 181 1 178 2 177 1 176 1 174 1 173 2 172 1 171 1 168 1 166 2 164 1 163 1 162 2 161 1 159 2 158 1 157 1 155 1 154 2 153 2 151 1 149 1 147 1 146 1 145 2 144 2 142 1 141 1 140 1 138 2 137 1 135 2 134 1 131 1 129 2 127 1 126 1 125 2 124 2 123 1 121 2 119 1 118 2 117 2 115 2 113 2 112 2 111 1 109 2 108 1 107 1 106 1 104 2 103 2 101 1 100 1 98 2 97 2 96 2 95 2 94 2 93 2 92 1 91 1 90 1 89 2 88 2 87 1 86 1 84 1 83 2 80 2 79 1 78 2 76 2 75 1 74 1 73 2 71 2 70 1 67 2 64 2 63 2 62 2 61 2 60 2 59 1 58 2 57 1 54 1 53 2 50 2 49 2 48 2 47 2 46 1 44 1 43 2 40 1
98 191 1 190 2 189 1 188 1 187 2 185 1 184 2 182 1 180 1 179 1 177 2 176 2 173 1 171 1 168 2 166 1 165 1 164 1 163 2 162 2 161 1 160 1 159 1 156 1 155 2 154 2 153 2 152 2 151 1 150 1 148 1 147 2 146 2 145 1 142 1 141 2 140 1 139 1 137 2 135 1 134 1 131 1 129 1 128 2 126 2 124 1 123 1 122 2 121 2 120 1 119 2 118 2 117 1 115 2 113 2 111 1 110 2 108 1 107 2 105 2 104 2 102 2 101 2 100 2 99 2 97 2 96 1 95 1 92 2 91 2 90 2 89 1 88 1 85 2 82 2 81 2 79 2 78 2 76 2 75 2 73 2 71 1 70 2 64 2 62 1 61 1 60 2 57 1 56 1 54 1 53 2 52 1 51 2 49 2 48 1 46 1 44 2 43 1
95 191 2 189 2 186 1 183 2 181 1 178 2 177 2 176 2 175 1 174 2 171 1 170 1 168 1 167 2 165 2 164 1 163 1 161 1 160 2 158 1 157 1 156 1 155 1 154 1 152 1 151 2 150 1 149 1 148 2 147 1 146 2 145 1 144 1 140 2 139 1 138 1 136 2 135 2 134 1 132 1 130 1 129 1 128 1 127 1 125 1 123 2 122 1 121 2 120 1 119 1 118 2 116 1 114 1 112 2 111 1 110 1 109 2 106 2 104 2 103 1 102 1 101 2 98 2 97 1 96 2 95 1 94 2 93 1 89 2 87 1 85 2 82 2 81 2 79 2 78 1 77 2 76 1 74 2 73 1 71 2 69 1 63 1 60 2 59 2 58 2 57 2 56 1 53 1 52 1 50 2 49 1 47 1 46 2 44 1 42 2
119 191 2 190 1 189 1 188 1 185 1 184 2 183 2 181 2 180 1 176 1 175 1 174 2 173 1 171 2 170 1 169 2 168 2 164 1 163 2 162 2 161 1 158 1 156 1 154 2 152 2 150 2 149 2 147 1 146 1 145 1 144 2 142 2 140 1 139 2 134 1 133 1 132 2 129 2 128 1 126 1 125 2 123 2 122 2 121 2 120 2 118 2 116 2 114 1 113 1 112 2 110 2 109 1 108 2 101 1 100 1 99 2 98 1 97 2 96 2 94 2 93 1 91 2 88 1 86 1 85 2 84 2 83 2 80 1 78 2 75 2 73 1 72 2 70 1 69 2 67 1 65 2 64 1 63 1 62 1 61 1 60 2 59 1 58 2 55 1 54 1 52 1 51 2 48 2 46 2 45 1 44 1 43 1 42 1 41 2 39 2 38 2 37 2 36 1 35 2 34 2 33 1 32 2 31 2 30 2 29 1 28 2 26 2 24 2 22 2 20 2 18 2 16 2 14 2 12 2 10 2 8 2 6 1 4 2 2 1
121 191 1 190 1 189 2 188 2 187 1 186 2 184 1 183 2 182 2 181 2 180 2 179 1 178 2 177 1 174 1 173 1 172 1 171 2 170 2 168 2 167 1 165 2 162 1 161 2 159 1 157 1 155 1 152 2 151 1 150 1 149 2 148 2 146 1 144 1 143 1 139 2 138 2 137 1 136 2 134 2 132 2 131 2 130 1 126 2 123 1 121 1 119 1 117 1 115 1 114 2 113 1 111 2 110 2 109 1 107 2 103 2 101 2 100 2 98 2 95 1 94 1 93 1 92 2 91 2 89 2 88 1 86 2 84 1 83 1 82 2 81 1 80 2 79 2 78 2 77 2 76 2 74 1 73 1 71 2 68 1 67 1 65 1 63 2 62 2 61 2 60 1 58 1 55 2 52 1 51 2 50 2 49 2 47 1 45 1 44 1 43 1 42 2 40 2 39 2 38 2 36 2 35 2 34 2 33 2 32 2 31 2 29 2 28 2 27 2 25 2 23 2 21 2 19 2 17 2 15 2 13 2 11 2 9 2 7 2 5 2 1 2
119 191 2 190 2 189 1 186 2 185 2 183 1 182 2 179 2 178 2 176 2 175 1 173 2 171 1 170 2 164 2 163 1 162 1 161 2 160 2 158 1 156 1 149 1 148 2 147 2 144 2 142 2 139 2 138 2 137 1 136 2 134 1 133 1 132 1 131 2 130 1 129 1 128 2 127 1 126 1 125 1 123 1 122 2 121 2 120 1 119 1 118 1 117 2 114 1 112 2 109 2 108 2 105 2 103 1 102 2 101 1 99 1 98 2 97 1 95 1 94 2 93 1 91 1 90 2 89 2 87 1 86 2 85 2 83 2 82 2 81 2 80 1 79 2 78 2 77 2 75 2 74 1 73 2 70 2 69 2 67 2 66 1 65 2 64 2 63 2 62 2 61 1 60 2 58 1 57 1 55 2 54 1 53 1 52 1 51 2 50 2 48 2 47 1 44 2 41 2 40 2 39 2 38 2 37 2 36 2 34 2 33 2 32 2 30 2 28 2 26 2 24 2 22 2 20 2 18 2 16 2 14 2 12 2 10 2 6 2
131 191 1 190 1 189 2 188 1 187 2 186 1 185 2 184 2 182 1 181 2 180 2 178 1 176 1 174 2 171 2 170 1 169 2 168 1 166 1 165 2 162 2 159 1 157 1 155 1 153 2 152 1 151 1 150 2 148 1 147 2 146 2 144 2 143 2 142 2 138 1 137 2 136 1 135 2 134 2 132 2 131 1 130 2 128 1 127 1 126 1 125 2 124 2 123 1 120 1 119 1 118 2 116 2 113 2 112 1 109 1 107 2 106 2 105 1 104 2 102 2 101 2 100 2 99 1 98 1 97 1 94 2 92 1 91 2 90 2 89 2 88 2 87 1 86 2 85 1 84 2 81 1 80 1 79 2 78 1 77 2 76 2 75 1 74 2 73 2 72 2 70 1 69 2 68 1 65 1 64 1 62 2 61 2 59 2 58 2 57 2 56 1 54 1 52 1 51 1 50 2 49 2 48 1 47 2 46 2 45 1 43 1 42 2 41 2 40 2 39 1 38 2 37 2 36 1 35 2 34 2 33 2 31 2 30 1 29 2 27 2 25 2 23 2 21 2 19 2 17 2 15 2 13 2 11 2 9 1 7 2 3 1
117 189 1 188 2 185 1 184 2 183 2 181 2 180 1 179 1 178 1 177 2 176 1 175 2 174 2 173 2 171 2 168 2 167 1 163 2 162 1 161 1 158 1 156 1 154 2 152 2 150 2 149 2 147 1 146 2 143 2 142 2 140 2 139 1 137 1 136 1 135 2 134 1 133 1 132 2 131 1 130 2 129 2 127 2 125 1 124 1 122 2 120 2 117 1 116 2 115 1 113 1 108 1 104 2 103 1 101 2 99 1 98 2 96 2 95 2 94 1 93 1 92 1 89 2 87 2 86 2 84 2 82 2 80 1 78 2 77 2 76 1 75 2 74 1 73 1 72 2 71 1 70 1 68 1 65 1 64 1 63 2 62 2 60 2 58 2 56 1 55 2 53 1 52 1 51 2 50 2 49 1 48 2 47 1 45 2 43 1 42 2 41 2 39 2 38 2 37 2 36 2 35 2 34 2 32 2 31 2 30 2 28 2 26 2 24 2 22 2 20 2 18 2 16 2 14 2 12 2 10 2 8 2 4 2
113 191 2 190 1 189 2 188 2 186 2 184 1 183 2 181 2 180 2 178 1 177 1 175 2 174 1 171 2 170 2 168 2 166 2 165 2 163 2 162 1 161 2 159 1 157 1 155 1 152 2 151 1 150 1 149 2 148 2 146 1 145 2 144 1 143 2 142 1 139 2 138 2 137 2 136 1 132 2 131 2 130 1 126 2 125 2 124 2 123 1 122 1 119 1 118 1 117 1 116 2 115 1 114 2 113 1 112 2 111 2 110 1 109 2 107 1 103 2 101 1 97 1 93 1 92 1 89 1 88 1 86 1 85 1 84 1 82 2 81 1 80 1 79 2 78 2 77 2 76 2 74 2 70 1 67 1 65 2 63 2 62 2 61 2 60 1 59 1 58 2 55 1 53 2 51 2 50 2 49 2 47 2 45 1 44 1 43 1 42 2 41 2 40 2 39 2 37 2 36 2 35 2 33 2 31 2 29 2 27 2 25 2 23 2 21 2 19 2 17 2 15 2 13 2 9 2
113 189 2 188 1 187 1 186 2 185 2 182 2 180 1 179 2 178 2 177 2 176 1 173 1 172 2 171 1 170 2 167 2 166 2 164 2 163 1 162 1 161 2 160 2 158 1 156 1 149 1 148 2 147 2 144 2 143 1 139 2 138 2 137 2 135 1 132 1 131 2 130 1 129 2 127 2 125 2 124 1 123 2 122 1 121 1 117 2 116 2 115 2 113 2 112 1 110 2 109 1 108 1 107 1 106 1 105 2 103 1 102 2 100 2 99 1 97 2 94 1 92 1 91 2 90 2 89 1 88 2 83 1 82 1 81 1 80 2 78 2 77 2 73 1 72 2 70 2 67 2 66 1 63 2 62 2 61 1 60 2 59 1 58 2 57 1 55 2 54 1 51 2 50 2 46 2 45 2 44 1 43 2 42 1 41 2 40 2 39 1 38 2 37 2 36 2 34 2 33 1 32 2 30 2 28 2 26 2 24 2 22 2 20 2 18 2 16 2 14 2 12 1 10 2 6 1
128 191 2 190 2 189 2 188 2 187 2 186 1 185 2 184 2 182 1 180 2 178 2 177 2 175 1 173 2 172 1 171 1 170 1 168 2 167 2 166 1 163 1 159 1 157 1 155 1 153 2 152 1 151 1 150 2 148 1 147 2 146 2 144 2 142 2 141 2 139 2 136 2 135 2 134 1 132 1 131 1 130 1 129 2 128 2 122 2 121 1 120 1 117 1 116 1 115 1 114 2 113 1 112 2 111 1 110 2 109 1 108 1 106 2 105 2 104 2 103 1 101 1 100 2 99 2 98 2 97 2 95 2 94 1 92 2 90 1 89 1 88 1 87 1 85 2 84 1 83 2 82 1 80 2 79 2 78 2 77 2 75 2 74 1 73 1 70 1 69 1 68 1 67 2 65 2 64 1 63 2 62 2 61 1 60 2 58 2 57 1 56 1 55 2 53 2 52 1 51 2 50 2 48 2 47 1 46 1 45 2 44 2 43 1 42 2 41 2 40 2 39 2 38 2 37 2 35 2 34 2 33 2 31 2 29 2 27 2 25 2 23 2 21 2 19 2 17 2 15 2 13 2 11 2 7 2
116 190 1 189 1 188 2 187 2 185 2 184 2 183 2 181 1 180 1 178 1 177 2 176 2 175 1 174 2 172 1 171 2 170 1 169 1 168 2 167 1 164 1 162 1 161 1 158 1 156 1 154 2 152 2 150 2 149 2 147 1 146 2 143 2 142 2 140 1 137 1 136 2 135 2 134 1 132 2 131 2 130 1 129 2 125 1 122 1 120 2 119 1 118 2 117 1 116 1 115 2 113 2 112 2 110 1 108 1 106 1 103 2 101 2 99 1 97 1 96 2 95 2 93 1 92 2 91 2 89 2 88 2 87 2 85 2 84 2 83 2 80 1 79 1 78 2 77 2 76 2 75 2 74 1 73 2 72 2 70 2 67 1 65 1 64 1 63 2 62 1 61 2 60 2 58 2 55 1 53 1 52 1 51 2 50 2 49 2 48 2 47 1 46 1 45 2 44 2 43 2 42 2 40 2 39 2 38 2 36 2 34 2 32 2 30 2 28 2 26 2 24 2 22 2 20 2 18 2 16 2 12 2
125 190 2 189 1 188 1 187 2 186 1 184 1 183 2 181 2 180 2 179 2 177 2 176 2 175 1 174 2 173 2 172 2 170 1 169 2 168 1 167 2 166 1 165 1 163 2 161 1 160 2 159 1 157 1 155 1 152 2 151 1 150 1 149 2 148 2 146 1 145 2 144 1 143 2 142 1 141 1 139 2 136 2 135 2 134 2 133 2 132 1 131 2 130 1 129 1 128 1 127 1 123 1 121 2 120 1 117 1 116 1 112 1 109 1 107 1 105 2 103 2 102 2 100 2 99 2 97 1 96 2 95 2 94 2 93 1 92 2 91 1 90 2 86 2 85 2 84 1 83 2 82 1 79 1 78 2 77 2 76 2 75 2 74 1 73 2 72 2 71 1 70 2 69 1 67 1 66 1 64 1 62 2 61 2 60 2 59 2 57 1 55 1 54 1 52 1 51 2 50 2 49 2 48 2 47 1 46 2 44 2 43 2 42 1 41 2 40 2 39 2 37 2 36 1 35 2 33 2 31 2 29 2 27 2 25 2 23 2 21 2 19 2 17 2 15 1 13 2 9 1
113 191 1 189 2 186 1 185 2 183 2 182 2 181 1 180 2 179 1 178 2 174 2 172 2 170 1 169 2 168 1 167 1 165 1 164 2 162 2 161 1 160 1 159 2 158 1 156 1 149 1 148 2 147 2 144 2 143 1 142 2 141 2 138 1 135 1 134 2 133 2 131 2 130 2 129 2 128 1 126 1 124 1 123 2 121 1 120 1 119 2 117 1 116 1 115 2 114 1 113 1 112 1 111 2 110 1 108 2 107 1 106 2 101 2 99 2 95 2 93 2 92 2 90 2 88 1 87 2 86 1 85 1 82 2 80 1 79 1 77 2 76 2 75 2 74 2 73 1 72 2 71 1 70 1 65 1 64 2 63 1 62 2 61 2 60 1 59 2 58 1 53 1 52 1 50 2 49 2 48 2 47 2 46 2 45 2 44 2 43 2 42 2 41 2 40 2 38 2 37 2 36 2 34 2 32 2 30 2 28 2 26 2 24 2 22 2 20 2 18 2 16 2 14 2 10 2
120 190 1 189 2 188 2 187 2 186 1 185 2 182 2 181 1 180 2 179 2 178 2 177 2 176 2 173 1 171 1 170 1 169 1 168 2 167 1 163 1 161 2 159 1 157 1 155 1 153 2 152 1 151 1 150 2 148 1 147 2 146 2 144 2 143 1 142 1 141 2 139 2 137 1 136 1 135 2 134 1 132 1 131 1 129 2 128 2 124 2 122 1 121 1 120 1 118 2 117 1 115 1 114 2 112 1 111 1 110 1 109 2 108 1 107 2 105 2 104 2 103 1 100 1 99 2 98 1 97 1 95 1 94 1 92 1 91 1 90 1 88 1 87 1 86 1 84 1 83 1 82 2 79 1 78 2 77 2 76 2 75 2 74 2 73 2 71 1 70 1 69 1 68 1 67 2 64 2 63 2 62 2 61 1 60 2 59 1 57 1 56 1 55 2 52 1 51 2 50 2 49 2 48 2 47 2 46 2 45 2 43 2 42 2 41 2 39 2 37 2 35 2 33 2 31 2 29 2 27 2 25 2 23 2 21 2 19 2 15 2
124 191 2 189 1 188 2 187 2 186 1 183 1 181 1 180 1 179 2 176 2 175 1 172 1 171 2 170 1 169 1 168 1 167 2 166 1 165 2 163 2 161 2 160 1 159 1 158 2 157 1 156 1 154 2 152 2 150 2 149 2 147 1 146 2 144 2 143 2 142 2 141 1 140 2 139 1 138 1 136 1 135 2 134 1 130 2 129 1 128 2 127 2 126 2 124 2 123 1 122 1 120 2 119 1 118 2 117 2 116 1 115 2 114 1 113 2 112 2 111 1 110 1 107 1 106 2 105 2 104 2 103 1 102 2 100 1 99 1 98 2 96 2 95 1 94 2 89 1 88 1 87 2 86 1 84 2 83 1 82 2 81 1 78 1 77 1 76 1 75 2 74 2 72 1 70 2 69 1 68 1 67 2 66 1 62 2 59 2 58 1 57 1 56 1 55 2 54 1 51 1 50 1 49 1 48 2 47 2 46 2 45 1 44 2 43 2 42 2 40 2 39 1 38 2 36 2 34 2 32 2 30 2 28 2 26 2 24 2 22 2 20 2 18 1 16 2 12 1
118 191 2 190 1 189 2 188 1 186 2 185 1 184 1 183 2 181 2 180 1 179 1 178 2 177 2 176 2 174 2 173 2 171 2 170 1 169 2 168 1 165 1 164 2 162 1 161 2 158 1 157 1 155 1 152 2 151 1 150 1 149 2 148 2 146 1 145 1 143 2 142 2 141 1 140 1 139 2 137 2 136 1 134 2 132 2 130 1 129 1 127 1 125 2 124 2 121 1 120 1 118 2 116 1 115 2 109 1 108 1 107 2 106 2 105 2 104 2 103 2 102 2 101 1 99 1 98 2 97 2 96 1 95 1 94 1 93 1 91 2 90 1 89 2 88 2 84 1 83 1 80 2 77 1 76 2 75 2 74 2 73 1 71 1 69 1 68 1 67 1 66 1 65 2 64 2 61 2 60 2 59 1 58 1 57 1 56 1 53 2 50 1 49 2 48 2 47 2 46 2 45 2 44 2 43 2 41 2 40 2 39 2 37 2 35 2 33 2 31 2 29 2 27 2 25 2 23 2 21 2 19 2 17 2 13 2
122 190 1 189 2 187 1 186 1 184 2 183 2 182 2 181 2 180 2 179 2 178 1 176 1 175 1 174 2 173 1 172 2 170 2 169 2 168 1 167 1 165 1 164 1 163 2 162 2 161 1 159 2 158 1 157 2 156 1 149 1 148 2 147 2 145 2 144 2 143 1 142 1 141 2 140 2 139 2 138 1 137 2 136 1 135 1 134 2 130 1 129 2 128 2 127 1 126 1 125 1 124 1 123 2 122 2 121 2 120 1 118 2 117 1 116 2 114 1 113 2 112 2 111 2 110 2 109 2 108 2 107 1 106 2 104 1 103 1 100 2 99 2 98 1 97 1 95 2 94 2 93 2 91 2 90 2 89 2 87 2 86 2 85 2 83 1 82 1 80 1 79 2 77 2 75 2 74 2 72 2 71 1 68 2 67 2 65 1 64 2 63 1 62 1 61 1 60 1 59 2 58 1 56 1 55 1 53 1 52 2 50 2 48 2 46 2 45 2 44 2 42 2 40 2 38 2 36 2 34 2 32 2 30 2 28 2 26 2 24 2 22 2 18 2
116 190 1 186 2 185 1 184 2 182 2 181 1 180 1 179 2 178 2 177 2 175 1 173 2 172 1 171 2 168 2 167 1 165 2 164 1 163 2 162 2 161 1 160 2 158 2 155 1 153 2 152 1 151 1 150 2 148 1 147 2 146 2 143 2 142 2 141 2 140 2 139 1 138 1 137 1 136 1 134 2 133 1 132 2 130 2 129 1 128 2 126 2 124 2 123 2 122 2 121 2 120 1 119 1 117 1 116 1 115 2 114 2 113 1 112 2 111 1 110 2 108 1 107 2 105 2 103 2 102 2 100 1 96 2 92 2 91 2 90 1 89 2 87 1 86 2 85 1 84 2 82 1 81 1 80 1 79 2 75 2 74 2 73 2 72 1 71 2 70 2 69 1 67 1 64 2 63 2 62 1 60 2 59 1 57 2 55 1 54 1 53 1 52 2 48 1 47 2 46 2 45 2 43 2 42 1 41 2 39 2 37 2 35 2 33 2 31 2 29 2 27 2 25 2 23 2 21 1 19 2 15 1
120 191 2 190 2 189 1 186 2 185 2 181 1 180 1 179 2 178 2 177 1 174 1 173 1 172 1 171 1 169 1 167 2 165 1 164 1 163 1 161 1 160 2 159 2 158 1 157 1 156 1 153 1 152 2 150 2 149 2 147 1 146 2 145 1 141 2 140 1 139 1 138 2 135 2 134 2 133 1 132 1 131 2 130 2 128 2 127 2 126 1 124 1 123 2 122 2 121 2 120 2 119 2 118 1 116 2 115 1 114 2 112 1 111 2 110 2 109 2 108 1 107 1 106 1 105 1 103 1 102 1 100 1 98 1 97 1 96 2 94 1 93 2 92 1 91 1 87 2 86 2 85 1 84 2 82 2 80 1 79 2 77 2 76 1 75 2 74 2 72 1 71 1 69 2 67 2 66 2 64 1 63 1 62 1 60 1 59 2 58 2 57 2 54 1 53 1 52 2 50 2 49 1 48 2 47 2 46 1 45 2 44 2 43 2 42 2 40 2 38 2 36 2 34 2 32 2 30 2 28 2 26 2 24 2 22 2 20 2 16 2
112 190 2 189 2 188 1 186 2 185 1 183 2 182 1 181 2 180 1 178 2 177 2 176 1 175 2 174 2 173 1 171 2 170 1 169 1 168 1 166 2 165 1 164 2 162 1 161 1 160 2 158 1 157 2 155 2 154 1 152 2 151 1 150 1 149 2 148 2 146 1 145 2 142 2 141 1 139 2 136 2 134 2 132 2 131 1 129 1 128 1 127 2 125 2 124 2 122 2 121 1 120 1 119 2 118 1 115 1 113 2 112 2 110 2 108 1 107 1 106 1 105 2 103 2 102 2 100 1 99 1 98 1 97 2 96 1 94 1 93 1 92 1 90 1 89 1 88 1 85 1 84 1 82 2 79 1 77 1 76 1 75 2 74 1 73 1 71 2 69 1 68 1 67 1 66 1 61 2 60 2 59 1 58 2 57 1 56 1 52 1 50 2 49 1 48 2 47 1 46 2 45 2 43 2 41 2 39 2 37 2 35 2 33 2 31 2 29 2 27 2 25 2 21 2
103 190 1 188 1 187 2 185 2 184 1 183 1 182 2 181 2 179 2 178 1 177 2 176 2 175 2 174 1 173 2 170 2 169 2 168 1 167 1 165 2 164 2 162 1 161 2 160 1 159 1 157 1 153 2 152 2 151 2 149 1 148 2 147 2 145 2 141 2 140 1 139 1 137 2 136 1 135 2 133 1 132 1 131 2 129 1 128 2 127 1 126 1 125 1 124 1 123 1 119 1 115 1 111 1 108 1 107 2 104 2 103 2 102 1 100 2 98 1 97 1 95 1 94 1 93 2 92 1 90 2 89 1 88 2 81 2 80 1 79 2 78 1 76 1 74 2 72 1 71 1 69 2 68 1 67 1 66 2 65 1 64 2 60 1 59 2 58 1 57 2 54 1 52 1 49 1 46 2 45 2 43 1 42 2 40 2 38 2 36 2 34 2 32 2 30 2 28 2 26 2 24 1 22 2 18 1
115 190 1 189 2 188 1 187 2 186 1 183 1 182 2 181 2 180 1 179 2 178 2 176 1 175 1 174 1 172 2 171 1 169 2 168 1 167 1 166 1 164 2 161 2 160 2 159 1 158 1 157 1 156 1 155 1 154 2 151 1 150 2 148 1 147 2 146 2 145 1 144 1 143 1 142 1 140 1 139 2 137 1 136 1 135 2 133 1 132 2 131 2 129 1 128 2 127 1 126 2 124 2 123 2 121 2 120 2 119 2 117 2 116 2 115 2 113 2 112 2 111 2 108 2 106 1 105 1 104 1 103 1 97 1 96 1 95 2 94 2 90 1 89 1 88 2 87 1 85 2 83 2 82 1 81 2 80 1 77 1 76 2 75 1 74 2 73 1 72 1 71 2 70 1 69 2 68 2 67 2 66 1 64 1 61 1 59 1 58 2 57 1 56 2 50 1 49 2 48 2 47 2 45 1 44 1 43 2 41 2 39 2 37 2 35 2 33 2 31 2 29 2 27 2 25 2 23 2 19 2
113 191 1 189 1 187 1 186 2 185 1 184 2 180 1 178 1 177 1 176 1 175 1 174 1 173 2 171 1 170 2 167 2 166 1 165 1 163 1 161 2 159 2 156 1 153 1 152 2 151 1 150 2 149 2 147 1 146 2 145 2 143 2 142 1 141 2 139 2 138 2 137 2 136 1 135 2 134 1 132 1 131 1 130 2 127 1 126 1 125 1 124 1 123 2 120 2 118 2 115 2 114 2 113 1 112 2 111 2 108 1 107 2 105 1 104 1 102 1 101 1 100 2 98 2 97 1 96 2 95 2 93 2 92 2 91 2 89 1 88 2 87 2 85 1 84 2 83 1 82 2 80 1 79 1 76 2 75 2 74 2 73 1 72 1 71 1 69 2 68 2 67 1 66 2 64 1 63 1 62 2 61 2 60 1 59 2 58 1 57 2 56 1 54 1 53 2 52 2 48 2 46 1 45 2 44 2 43 2 42 2 40 2 38 2 36 2 34 2 32 2 30 2 28 2 24 2
117 191 2 190 1 189 2 188 1 186 1 185 2 184 1 183 1 181 1 180 2 179 2 178 1 177 1 176 1 175 2 174 1 173 1 171 2 168 2 167 1 165 1 164 1 163 2 162 2 160 1 159 1 158 1 157 2 156 2 155 1 153 1 151 2 150 1 149 2 148 2 146 1 145 2 143 2 142 1 140 1 137 2 136 1 135 1 134 2 131 1 129 2 127 1 126 1 125 1 124 1 123 2 122 2 121 1 119 2 118 1 117 2 115 1 114 2 113 2 112 2 111 2 110 2 107 1 106 1 104 2 103 1 102 2 101 1 100 2 99 1 98 2 96 1 95 2 93 1 92 2 91 1 90 2 86 1 85 2 84 2 83 2 82 1 79 1 78 1 74 2 73 2 72 1 70 1 68 2 67 2 65 2 64 2 62 1 60 1 58 1 57 1 56 2 55 1 53 1 52 2 51 1 50 1 48 2 47 2 45 1 44 2 43 1 41 2 39 2 37 2 35 2 33 2 31 2 29 2 27 1 25 2 21 1
110 191 2 190 2 189 2 188 1 187 2 183 1 182 1 181 1 180 2 179 1 178 2 177 2 176 2 174 1 173 2 171 2 170 1 167 2 165 2 164 1 162 2 161 1 159 2 155 2 154 2 153 1 151 2 149 1 148 2 147 2 145 1 144 2 143 2 140 2 137 1 135 2 132 1 131 2 130 2 129 1 128 1 126 2 124 2 123 1 121 1 119 1 118 1 115 2 112 1 111 1 109 2 108 2 107 2 105 2 104 1 102 1 101 1 100 1 99 1 98 2 97 2 93 2 92 2 91 1 90 2 88 1 87 1 86 1 85 1 83 2 82 2 80 1 79 2 78 1 77 2 76 2 72 1 71 2 69 2 68 2 66 2 64 2 62 1 61 2 60 2 59 1 58 1 57 2 56 1 55 1 54 1 53 1 52 1 51 2 50 2 49 2 47 1 45 2 44 2 43 1 42 2 40 2 38 2 36 2 34 2 32 2 30 2 28 2 26 2 22 2
100 191 1 190 2 189 2 188 2 187 2 186 1 183 1 181 2 180 1 179 1 178 2 174 1 171 1 168 1 167 1 164 1 159 1 158 1 157 2 156 1 155 2 154 2 150 2 148 1 147 2 146 1 144 1 143 2 142 1 139 2 137 2 135 2 134 1 133 2 132 2 130 1 129 1 127 2 126 2 125 2 124 2 123 2 122 2 121 1 120 2 119 1 118 2 117 2 116 1 115 1 113 1 112 1 111 2 108 2 107 2 106 2 105 1 104 2 103 1 101 2 100 2 98 1 97 2 96 1 95 1 94 1 91 1 90 1 87 1 83 1 82 2 81 2 77 1 76 2 75 1 74 1 72 1 69 2 68 2 67 2 66 1 64 2 59 1 57 1 55 1 53 2 50 2 49 2 48 2 47 1 46 1 45 1 44 1 41 2 39 2 37 2 35 2 33 2 31 2 27 2
110 191 2 190 1 189 2 188 2 186 2 185 1 184 2 182 1 181 1 179 1 178 2 177 1 173 1 172 2 171 1 170 2 168 2 167 1 165 2 163 1 162 2 161 2 158 1 157 1 156 1 155 1 154 1 153 2 151 2 150 2 149 2 147 2 146 2 145 2 142 2 139 2 138 2 136 2 135 2 134 2 133 1 132 1 131 2 128 1 127 2 125 2 124 2 123 2 122 2 121 2 120 2 119 2 118 1 116 2 115 1 114 2 112 1 111 1 110 2 109 2 106 1 104 1 102 1 100 1 97 2 96 2 95 1 94 2 88 1 86 1 85 2 84 2 82 1 81 2 80 2 79 2 76 2 75 2 74 1 71 1 69 2 68 2 67 1 65 1 64 2 63 1 62 2 61 2 60 2 58 2 57 1 56 1 54 1 53 1 52 1 51 2 48 2 47 2 45 1 44 1 43 1 42 2 40 2 38 2 36 2 34 2 32 2 30 1 28 2 24 1
109 190 2 189 2 185 2 182 1 178 2 172 1 169 1 165 1 164 1 163 2 159 2 158 2 157 1 156 1 155 2 152 1 151 2 150 1 149 2 148 2 146 1 145 2 144 1 142 1 141 2 140 1 139 2 136 1 133 2 132 1 131 2 130 2 128 1 127 2 126 1 125 2 124 2 123 1 122 1 121 2 120 2 119 1 118 2 117 1 116 2 115 2 114 1 113 1 111 1 110 1 107 2 106 1 105 1 104 2 103 2 102 2 100 2 99 2 97 1 96 1 95 1 94 2 93 1 91 2 89 2 88 2 86 2 83 1 82 2 81 2 80 1 79 1 78 2 76 1 75 1 74 1 73 1 72 1 70 1 69 2 68 2 67 1 66 2 64 2 62 1 61 2 59 1 58 1 57 1 56 2 54 1 52 2 51 2 50 1 49 1 48 2 47 1 46 2 45 1 44 1 43 1 41 2 39 2 37 2 35 2 33 2 31 2 29 2 25 2
111 191 2 189 2 188 1 187 1 185 2 184 2 183 1 182 1 180 2 179 2 178 1 177 2 176 1 175 1 174 1 172 2 171 2 169 1 167 1 166 1 165 2 164 2 163 2 162 2 161 2 159 2 158 2 157 1 155 1 154 2 153 1 151 1 148 2 147 2 144 2 143 1 140 1 139 1 137 1 135 2 134 2 133 2 132 1 131 1 130 1 129 1 127 1 126 2 125 1 124 1 123 1 122 1 121 2 119 2 118 2 116 1 113 2 112 2 111 1 110 1 108 2 106 1 105 2 104 2 103 2 102 1 101 1 100 1 99 1 95 1 94 2 93 2 91 1 90 2 89 1 87 1 86 2 85 1 83 1 80 1 78 1 73 2 72 1 71 2 70 1 69 2 67 2 66 2 64 1 62 2 61 1 60 2 59 2 57 2 55 1 54 1 53 2 52 1 51 2 49 1 47 1 46 2 45 2 44 2 43 2 42 2 40 2 38 2 36 2 34 2 30 2
101 191 2 189 1 188 1 187 1 186 2 183 2 182 1 180 1 179 2 176 2 175 2 174 2 173 2 172 2 171 1 170 2 169 2 168 1 166 2 165 2 164 1 162 2 158 2 148 1 147 2 146 1 144 2 143 2 142 1 141 1 139 2 138 1 136 1 134 1 133 2 132 1 131 1 130 2 128 1 125 1 124 1 122 1 118 1 110 2 109 2 108 1 107 2 106 2 104 2 103 1 102 2 101 1 100 1 99 2 98 1 97 2 96 2 92 1 91 2 90 2 89 2 88 2 87 1 86 1 85 1 82 1 81 1 80 2 79 2 78 2 77 1 76 2 73 2 72 2 71 1 70 1 69 1 68 2 67 2 66 2 65 1 63 2 59 2 58 1 57 2 55 1 52 1 51 2 50 2 49 2 48 1 45 2 44 2 43 1 41 2 39 2 37 2 35 2 33 1 31 2 27 1
112 190 1 189 2 188 1 187 2 186 1 185 1 183 2 182 2 181 2 180 1 179 2 178 1 177 2 176 2 174 1 172 2 170 1 166 1 165 1 163 2 162 2 161 2 159 2 158 2 157 1 156 2 155 2 154 2 153 1 149 2 146 2 145 2 142 2 141 1 138 1 137 1 136 1 135 1 134 2 133 1 132 2 129 1 128 2 127 1 125 1 124 2 123 1 122 1 121 2 120 1 119 1 118 1 117 2 116 1 115 1 114 1 113 2 112 1 111 2 110 1 109 1 108 1 106 2 104 1 103 2 102 2 101 2 100 2 99 1 97 1 94 1 93 1 92 1 91 1 89 2 87 1 86 2 84 2 83 2 82 2 81 1 80 1 78 1 76 1 71 2 69 2 68 2 67 2 65 2 64 1 62 2 60 2 59 1 58 1 57 2 56 1 55 1 53 2 52 2 51 2 49 2 47 1 45 1 44 2 43 1 42 2 40 2 38 2 36 2 34 2 32 2 28 2
91 191 1 190 1 189 2 188 1 185 2 182 2 179 2 178 1 176 2 169 1 167 2 166 1 165 1 163 1 161 1 160 1 159 2 157 2 156 1 154 2 152 1 150 1 149 2 148 1 145 2 144 1 143 2 141 2 140 1 139 2 137 1 136 2 134 1 133 1 132 1 128 2 127 2 126 1 125 1 124 1 123 1 121 1 120 2 118 1 117 1 116 2 115 1 114 1 111 1 110 1 109 1 107 1 105 1 104 2 103 2 102 2 101 2 100 1 99 2 98 1 97 1 96 1 93 1 89 1 85 1 81 2 78 2 76 1 75 1 73 2 72 1 71 1 69 2 68 2 66 2 62 2 61 1 59 2 57 1 54 1 53 2 51 2 50 1 49 1 48 2 45 1 44 1 41 2 39 2 37 2 33 2
111 191 1 190 2 189 1 188 1 187 1 186 1 183 2 181 2 180 2 179 1 177 1 176 2 175 2 174 1 172 2 171 2 169 1 168 1 167 1 166 1 165 2 164 1 163 1 161 1 160 2 159 1 158 2 157 1 156 2 155 1 154 2 152 2 150 2 149 2 148 1 143 1 140 1 139 1 138 1 136 2 135 2 131 1 130 1 127 1 126 1 125 2 124 2 123 2 122 1 121 2 120 1 119 2 118 2 116 1 114 1 113 2 112 2 111 1 110 1 108 1 107 1 106 2 105 1 104 1 103 1 101 2 100 2 99 2 98 2 97 2 96 2 95 2 92 1 91 2 90 2 88 2 87 1 85 2 82 2 79 2 77 2 76 2 75 2 74 1 71 2 70 1 69 2 67 2 66 1 65 2 61 2 59 1 58 2 57 2 56 1 55 2 54 1 53 1 51 1 50 2 48 2 47 2 45 2 44 2 43 2 42 2 40 2 38 2 36 1 34 2 30 1
107 191 1 190 2 189 2 188 1 187 2 186 2 185 1 183 2 181 2 180 2 179 1 177 1 175 1 174 2 173 2 172 1 170 2 169 1 166 1 165 2 163 2 162 2 161 2 160 1 158 2 157 1 154 2 153 1 152 2 151 2 150 2 149 2 148 1 147 2 146 1 143 2 142 1 141 2 139 2 138 1 137 2 136 1 135 2 134 2 132 1 131 1 128 1 127 1 125 2 122 1 121 2 115 2 114 2 112 2 110 2 109 2 108 1 106 1 104 1 103 1 102 2 101 2 99 2 97 2 96 1 95 1 94 2 92 2 89 1 88 1 87 1 86 2 85 2 83 2 81 1 80 1 79 1 78 2 76 2 74 1 73 2 71 1 70 1 68 2 67 2 66 2 64 1 62 1 60 2 59 1 58 2 57 2 56 1 54 1 53 2 51 2 50 1 49 2 48 1 47 1 44 2 43 1 41 2 39 2 37 2 35 2 31 2
109 190 2 189 2 188 1 187 1 186 1 184 2 183 2 182 1 180 1 178 1 177 2 176 1 174 1 173 2 172 1 170 2 169 2 167 2 166 2 165 1 164 1 163 1 162 2 161 1 159 2 158 1 156 2 155 2 154 2 153 1 149 1 148 1 146 1 145 1 142 1 141 1 140 2 138 1 137 1 135 1 134 1 133 2 132 2 131 2 130 2 129 1 128 1 125 2 124 2 123 1 122 2 120 1 118 2 117 2 116 2 114 1 113 1 112 2 111 2 110 2 109 1 108 1 106 2 104 2 102 2 100 2 99 1 98 1 95 1 94 1 93 1 92 2 91 1 89 1 88 2 87 1 85 1 84 2 83 1 82 1 81 1 80 1 79 2 78 1 77 1 76 2 74 1 73 1 71 2 70 1 69 2 67 2 62 1 60 2 59 2 58 1 57 2 53 2 52 1 51 2 50 1 47 1 46 1 45 1 44 2 43 1 42 2 40 2 36 2
108 191 1 190 1 188 2 187 1 185 1 184 2 183 1 182 2 178 2 177 1 176 2 174 2 173 1 172 1 170 1 169 2 168 2 166 2 165 1 164 1 163 2 162 2 161 2 160 2 159 2 158 2 157 1 155 2 154 1 153 1 152 2 151 1 148 2 147 1 145 2 144 1 143 2 140 1 139 2 137 1 136 2 135 1 134 1 133 1 132 1 131 2 130 2 128 1 127 1 126 2 123 1 122 1 121 2 120 1 119 1 118 2 117 1 115 2 113 1 112 1 111 1 110 2 109 2 107 1 105 1 102 1 101 2 100 1 99 2 98 2 97 2 93 1 92 1 91 1 88 2 86 1 85 2 83 2 82 2 80 1 79 1 78 2 77 1 76 2 73 2 72 1 71 1 69 1 68 2 66 1 62 1 60 2 59 2 57 1 56 2 55 2 54 2 52 1 51 2 50 2 49 2 48 2 45 1 44 1 41 2 39 1 37 2 33 1
107 191 1 190 1 188 2 187 2 186 2 185 2 180 1 179 2 176 2 175 1 174 1 173 1 172 2 170 1 168 2 167 2 165 2 164 2 163 2 161 2 158 1 157 2 156 1 154 1 153 2 151 2 150 1 148 1 147 1 145 2 143 1 140 1 139 1 138 2 133 1 132 2 130 2 129 2 128 2 126 1 125 1 124 1 122 2 121 1 120 2 118 1 116 2 115 2 114 2 112 1 111 1 110 2 109 2 108 2 107 1 106 1 104 2 103 1 102 2 101 2 100 1 97 2 96 1 95 2 94 2 93 1 92 2 91 2 90 1 89 2 88 1 87 1 86 1 83 2 82 2 81 1 80 1 79 1 78 2 76 2 75 1 74 1 73 2 72 1 71 2 70 1 69 2 67 2 65 2 63 2 62 2 61 2 60 1 59 1 57 2 53 2 52 2 48 1 47 2 46 2 45 1 44 2 43 2 42 2 40 2 38 2 34 2
97 191 2 190 1 189 2 188 2 187 2 186 2 183 2 182 1 181 2 180 2 177 1 175 2 174 2 173 2 172 2 170 2 167 2 166 1 165 2 164 2 162 2 158 1 157 2 155 1 154 2 153 1 152 2 150 2 149 1 148 2 147 2 145 1 143 1 142 1 141 2 139 1 138 1 137 2 136 2 135 2 132 1 131 2 130 1 128 2 125 1 124 1 122 1 121 1 119 2 115 1 114 2 113 2 112 2 110 1 109 1 108 1 107 2 104 2 103 1 102 2 101 1 99 2 98 1 97 2 96 1 94 2 92 2 87 1 83 1 81 1 79 2 78 2 77 1 76 2 73 2 71 2 70 1 66 2 64 2 62 2 60 2 59 2 58 1 57 2 56 1 55 1 54 1 53 1 52 1 51 2 50 1 49 2 48 1 46 2 44 2 43 1 39 2
103 190 2 189 2 188 2 187 2 186 1 185 2 184 1 183 1 182 1 180 1 179 2 177 2 176 1 174 2 172 2 170 2 169 2 168 2 164 2 163 2 160 2 159 2 157 2 155 1 154 1 153 2 152 1 151 1 150 2 149 2 148 2 147 1 146 1 145 1 144 2 143 1 142 2 141 1 140 2 138 1 137 1 135 2 133 1 131 1 130 1 129 2 127 2 126 2 123 2 121 1 119 1 115 1 113 2 111 1 109 2 107 1 103 1 100 2 99 1 98 2 97 1 96 1 95 1 94 1 93 2 91 2 90 1 89 1 88 2 87 1 86 1 85 2 84 2 81 2 80 1 79 2 78 1 77 2 75 1 74 1 73 1 70 2 69 1 67 2 63 2 62 1 60 1 59 2 58 1 57 1 56 2 55 2 53 1 50 2 49 1 48 1 47 1 46 1 45 2 43 2 42 1 40 2 36 1
106 191 1 190 1 189 2 187 2 182 2 181 2 180 1 179 2 178 1 177 1 176 2 175 1 173 2 171 2 170 1 169 2 168 2 167 1 166 2 165 2 164 2 163 1 162 2 161 1 159 2 158 1 157 1 156 1 155 1 154 2 153 1 151 2 150 1 149 1 148 1 147 1 141 1 140 1 139 2 137 1 135 2 133 1 131 1 130 2 129 2 127 2 126 2 125 1 123 2 122 2 121 2 120 1 119 2 118 2 117 2 116 1 115 2 113 2 112 1 111 2 109 2 108 1 107 2 106 2 105 1 104 1 103 2 102 2 101 2 100 2 99 1 97 1 96 1 94 1 92 2 90 2 88 1 86 2 83 1 82 2 81 1 80 1 78 2 77 2 76 1 75 1 71 2 68 2 62 1 61 1 60 2 59 2 58 2 57 2 56 1 55 1 54 1 53 2 52 2 51 1 49 1 48 1 46 1 44 2 41 2 37 2
96 191 1 190 2 186 2 185 1 184 1 182 2 180 1 179 1 178 2 176 2 175 2 174 1 170 2 168 2 166 1 165 2 163 2 157 2 156 1 154 1 153 2 152 2 151 2 150 1 149 1 148 1 147 1 146 2 145 2 143 1 142 1 140 1 139 1 138 2 136 1 134 2 132 2 131 2 130 1 129 2 128 1 126 1 124 2 120 2 119 2 118 2 115 1 114 2 113 1 112 2 111 1 108 2 106 1 102 2 100 1 98 1 97 1 96 1 95 2 94 2 93 1 90 1 89 1 88 2 87 1 86 2 85 1 83 1 82 2 81 1 79 2 78 2 77 1 76 1 75 1 74 2 73 2 72 1 70 1 69 2 63 2 62 1 61 1 60 1 59 1 57 2 56 2 53 2 50 1 49 1 48 1 47 2 46 2 45 1 43 1 42 2
107 191 1 189 1 188 2 187 2 186 2 185 2 184 2 183 2 181 1 180 1 179 1 178 1 177 2 176 1 174 2 173 1 172 1 169 1 168 2 167 2 166 1 165 1 164 2 162 2 161 1 160 1 157 1 155 1 154 2 153 1 152 1 151 2 148 1 147 1 146 1 145 2 144 2 141 2 139 1 138 1 137 2 136 2 135 2 134 2 133 2 132 2 131 2 130 1 129 1 128 2 123 2 122 1 121 1 120 1 119 2 117 2 115 1 114 1 113 2 112 2 111 2 110 1 109 1 108 2 107 2 103 2 102 2 101 2 100 1 97 1 96 2 95 1 93 1 92 1 91 2 90 2 89 1 88 1 87 1 86 1 85 1 82 2 81 2 79 2 78 2 77 2 74 1 72 1 71 1 66 1 64 2 63 1 62 2 60 1 59 1 57 1 56 2 55 2 54 2 53 2 52 2 49 1 48 2 47 1 45 1 44 1 39 1
106 191 2 190 2 189 2 188 2 186 1 185 1 183 1 181 1 178 1 177 1 176 2 174 2 173 2 172 2 171 1 168 2 166 1 164 2 163 1 162 1 161 1 159 2 158 2 157 1 155 1 154 1 153 2 151 1 149 1 147 1 146 2 145 2 144 1 142 2 141 1 140 2 138 1 137 1 135 2 134 2 131 1 129 2 127 1 126 2 125 2 124 1 123 1 121 2 119 1 118 1 117 2 115 2 113 2 112 1 111 1 109 2 108 2 107 1 106 2 104 1 103 2 101 1 100 2 98 1 97 2 96 1 95 2 94 1 93 2 92 2 91 1 90 2 89 2 88 1 87 1 86 2 84 2 83 2 80 1 79 1 78 1 76 1 75 1 74 2 73 2 71 2 70 2 67 2 64 1 63 2 62 1 61 2 60 1 59 1 58 1 57 1 54 2 53 2 50 1 49 2 48 1 47 2 46 2 44 2 43 2 40 2
98 191 2 190 2 189 2 188 1 187 1 185 2 184 2 182 1 180 1 179 2 177 1 176 2 173 2 171 2 168 2 166 1 165 2 164 1 163 1 162 2 161 2 160 1 159 2 156 1 155 1 154 2 153 1 152 2 151 2 150 1 148 1 147 1 146 2 145 2 142 1 141 1 140 1 139 2 137 1 135 2 134 1 131 2 129 2 128 2 126 2 124 1 123 2 122 2 121 1 120 1 119 1 118 2 117 2 115 1 113 1 111 2 110 2 108 1 107 1 105 1 104 2 102 2 101 1 100 2 99 1 97 1 96 1 95 2 92 2 91 1 90 2 89 2 88 1 85 1 82 2 81 1 79 1 78 2 76 2 75 1 73 1 71 2 70 2 64 2 62 1 61 2 60 2 57 2 56 1 54 1 53 1 52 1 51 1 49 1 48 1 46 1 44 2 43 2
95 191 2 189 2 186 2 183 2 181 1 178 1 177 2 176 1 175 1 174 1 171 1 170 2 168 2 167 2 165 2 164 2 163 1 161 1 160 1 158 2 157 1 156 2 155 1 154 2 152 2 151 2 150 2 149 1 148 1 147 1 146 1 145 1 144 2 140 1 139 1 138 2 136 1 135 2 134 2 132 2 130 2 129 1 128 2 127 1 125 1 123 2 122 2 121 2 120 2 119 1 118 1 116 2 114 2 112 1 111 1 110 2 109 2 106 1 104 1 103 1 102 2 101 2 98 1 97 1 96 1 95 1 94 1 93 1 89 2 87 1 85 2 82 1 81 2 79 2 78 2 77 2 76 2 74 1 73 1 71 2 69 1 63 1 60 1 59 2 58 1 57 2 56 2 53 1 52 2 50 1 49 1 47 1 46 1 44 2 42 1
62 191 2 189 1 183 2 181 2 175 2 173 1 171 2 163 2 161 2 159 2 157 2 155 2 153 1 149 2 145 2 143 2 141 2 135 1 129 2 127 1 125 2 121 1 119 2 117 2 115 2 113 1 111 2 105 2 103 2 101 2 93 1 83 2 81 1 79 1 77 2 73 2 71 1 67 1 65 2 63 1 61 1 57 2 55 1 53 2 49 2 45 1 43 1 41 1 33 1 29 1 27 2 25 2 23 2 21 2 19 2 17 2 15 2 13 2 11 2 9 2 5 2 1 1
64 190 2 186 1 184 2 182 1 178 1 176 2 174 1 172 2 164 2 160 1 158 2 156 2 154 1 152 2 150 1 146 1 144 2 142 2 138 1 136 2 134 2 130 2 126 1 122 1 120 2 118 1 114 1 112 2 110 2 104 2 102 1 96 1 94 1 90 1 88 1 84 2 80 2 70 2 68 1 64 2 62 1 60 1 58 2 56 2 54 1 52 1 50 2 48 2 46 1 42 1 38 2 30 2 26 2 24 2 22 2 20 2 18 2 16 2 14 2 12 2 10 2 8 1 6 2 2 1
76 191 1 189 1 187 2 183 1 181 1 179 1 177 1 175 1 171 2 169 1 165 2 163 2 159 2 157 2 155 2 151 1 149 2 147 1 145 1 143 2 139 1 137 2 135 2 133 1 131 1 129 1 127 1 125 1 123 1 121 2 119 1 115 2 113 2 105 2 103 2 101 1 99 1 97 2 95 1 93 1 91 2 89 2 87 1 83 2 81 2 79 2 75 1 73 2 71 2 69 1 67 2 63 2 61 2 57 2 55 2 53 1 51 1 49 1 45 1 43 2 39 1 35 2 31 2 29 2 27 2 25 2 23 2 21 2 19 2 17 2 15 2 13 2 11 2 9 2 7 2 3 2
63 186 2 182 1 178 1 176 2 174 2 172 1 170 1 168 1 166 2 162 1 160 2 158 2 156 2 152 1 148 2 146 1 144 1 140 2 136 2 130 2 126 1 122 1 120 2 116 2 112 1 110 2 106 1 102 1 100 1 98 1 94 1 92 1 90 2 88 1 86 2 84 2 82 1 78 1 76 1 72 2 70 1 68 1 66 1 64 2 60 1 58 1 56 1 52 1 48 2 44 2 36 1 32 2 30 1 28 2 26 2 24 2 22 2 20 2 18 2 16 2 14 2 12 2 8 2
57 191 2 185 2 183 2 177 1 175 1 173 2 171 2 169 2 165 1 163 2 161 2 159 2 157 2 155 2 151 1 143 2 141 1 139 2 135 2 133 1 131 2 123 2 121 2 119 2 115 1 109 1 107 1 101 1 95 1 89 1 87 1 83 2 81 2 79 1 75 1 69 1 61 2 59 2 57 1 55 1 49 1 47 2 43 1 41 2 33 2 29 2 27 2 25 2 23 2 21 2 19 2 17 2 15 2 13 2 11 1 9 2 5 1
61 190 2 184 1 180 1 176 2 174 2 170 1 168 2 164 1 162 2 160 1 158 2 156 2 150 2 148 1 146 1 142 2 140 1 134 1 132 1 130 1 124 1 122 2 118 1 112 2 108 2 106 1 104 1 100 2 94 2 92 1 86 1 84 1 82 1 76 1 74 2 72 2 70 2 66 1 64 1 60 1 58 1 54 1 52 1 48 2 44 1 42 1 38 2 34 2 32 2 30 2 28 2 26 2 24 2 22 2 20 2 18 2 16 2 14 2 12 2 10 2 6 2
61 189 1 187 1 185 2 183 2 181 2 179 2 177 1 173 1 171 1 167 2 163 1 161 2 159 2 157 2 155 2 153 2 147 1 145 2 141 2 139 1 137 1 133 2 131 2 129 1 127 1 119 2 115 2 113 1 111 2 109 1 107 2 103 2 99 1 89 1 85 1 83 1 81 1 75 2 73 2 71 1 69 2 67 2 65 1 57 1 55 2 53 1 49 2 43 2 39 1 35 2 33 1 31 2 29 2 27 2 25 2 23 2 21 2 19 2 17 2 15 2 11 2
59 190 2 186 2 182 2 178 1 174 2 172 1 170 1 166 1 164 2 162 2 158 2 156 2 154 2 152 2 148 2 142 1 136 1 132 2 128 2 126 1 124 2 122 2 118 1 116 1 114 2 110 1 108 2 106 1 104 1 102 1 96 1 94 1 90 2 88 1 86 1 84 2 80 1 76 2 64 1 62 1 60 2 58 2 52 1 48 1 46 1 44 1 36 2 32 2 30 2 28 2 26 2 24 2 22 2 20 2 18 2 16 2 14 1 12 2 8 1
61 191 1 189 2 187 2 185 1 181 2 175 1 171 1 169 2 167 1 163 2 159 2 157 2 155 2 153 1 151 1 147 2 145 1 143 1 141 2 137 1 135 1 129 1 127 2 123 1 117 1 115 1 111 2 109 2 105 1 103 1 99 2 97 2 95 2 93 1 89 2 87 2 83 2 81 1 79 1 73 2 71 1 65 1 59 1 53 1 47 1 45 2 41 2 37 2 35 2 33 2 31 2 29 2 27 2 25 2 23 2 21 2 19 2 17 2 15 2 13 2 9 2
61 190 2 188 2 186 1 184 1 182 1 180 1 176 1 174 1 172 2 168 1 162 1 160 2 158 2 156 2 154 1 152 1 150 2 148 1 144 1 142 1 140 2 138 2 128 1 122 1 120 2 116 1 112 2 110 2 104 2 102 1 100 2 98 2 96 2 94 1 92 2 90 2 88 2 86 2 84 1 80 2 74 1 72 1 68 2 60 2 58 1 56 2 52 1 46 2 42 1 38 2 36 1 34 2 32 2 30 2 28 2 26 2 24 2 22 2 20 2 18 2 14 2
60 189 1 187 1 185 1 181 1 175 1 173 1 171 2 163 1 161 1 159 1 157 2 155 2 153 1 151 1 149 1 147 1 143 1 141 2 139 2 137 1 135 1 133 1 129 1 127 2 125 1 123 1 121 2 119 1 117 1 113 2 111 2 103 1 101 1 97 2 95 1 93 1 89 2 87 1 85 1 83 2 73 1 69 1 63 2 61 2 59 1 57 1 51 1 39 2 35 2 33 2 31 2 29 2 27 2 25 2 23 2 21 2 19 2 17 1 15 2 11 1
60 190 2 188 2 184 1 182 1 176 2 174 2 172 2 170 2 168 1 166 2 160 1 158 2 156 2 154 1 150 1 142 1 140 2 138 1 132 1 126 2 124 1 122 2 120 2 118 1 116 2 112 1 110 2 108 1 106 1 104 2 102 1 100 2 92 1 90 1 86 1 84 1 82 1 80 1 78 1 72 2 70 1 68 2 62 2 56 2 52 2 44 2 40 2 38 2 36 2 34 2 32 2 30 2 28 2 26 2 24 2 22 2 20 2 18 2 16 2 12 2
63 191 1 187 1 185 2 183 1 181 2 177 1 175 1 167 2 165 2 161 1 159 2 155 2 149 1 147 2 145 1 143 1 139 1 137 2 135 1 131 2 127 1 125 1 123 1 119 2 115 1 113 1 111 1 109 1 107 2 99 2 97 1 95 1 91 1 89 1 87 2 85 1 83 1 81 1 79 2 77 1 73 1 69 1 67 1 65 1 63 2 59 2 57 1 55 1 53 1 49 2 45 1 41 2 39 1 37 2 35 2 33 2 31 2 29 2 27 2 25 2 23 2 21 2 17 2
66 190 2 186 2 184 2 182 2 180 2 176 1 174 1 168 1 166 1 164 2 162 2 160 2 156 2 152 2 150 2 148 1 146 2 144 1 142 2 140 2 136 1 134 1 132 2 130 2 128 1 126 1 124 1 120 1 118 2 110 2 108 2 106 1 104 1 100 1 98 2 96 2 94 1 92 1 90 2 88 2 86 1 84 2 82 1 80 2 76 2 72 2 70 1 66 1 64 1 62 2 60 2 56 1 50 2 42 2 38 2 36 2 34 2 32 2 30 2 28 2 26 2 24 2 22 2 20 1 18 2 14 1
64 191 2 189 1 185 1 183 1 181 1 179 2 175 1 171 1 169 1 167 2 165 1 161 1 157 1 155 2 153 2 151 1 149 1 145 2 143 1 141 1 139 2 137 2 135 2 125 2 123 2 121 2 119 1 115 2 113 1 107 2 99 1 97 1 95 2 93 2 89 2 87 2 79 1 77 2 73 1 69 1 67 1 65 2 63 1 61 1 59 2 57 1 53 2 51 2 49 1 47 2 43 2 41 2 39 2 37 2 35 2 33 2 31 2 29 2 27 2 25 2 23 2 21 2 19 2 15 2
67 190 1 188 2 182 2 180 1 176 2 170 1 168 2 166 1 164 1 160 1 158 1 156 2 154 2 152 1 150 1 146 2 140 1 136 1 134 1 132 1 130 2 128 2 126 1 124 1 120 2 118 1 116 1 114 1 112 2 108 2 106 2 104 2 102 2 100 2 98 1 96 2 94 2 92 2 90 1 88 2 86 2 82 1 80 1 78 2 76 1 72 2 68 2 66 1 62 1 60 2 58 1 56 2 54 1 50 1 48 1 44 2 42 1 40 2 38 2 36 2 34 2 32 2 30 2 28 2 26 2 24 2 20 2
67 191 2 189 1 187 2 183 2 181 2 177 1 173 2 171 1 169 2 167 1 163 1 159 2 157 1 155 1 151 1 149 2 147 2 145 1 143 1 141 2 137 1 135 1 133 1 129 2 125 1 123 2 121 1 113 1 111 2 109 1 105 1 103 1 101 2 99 1 97 1 95 2 93 1 91 1 89 2 87 1 85 1 83 2 81 1 79 2 77 2 73 2 71 2 65 2 63 2 61 1 59 2 55 1 49 1 47 1 45 1 41 2 39 2 37 2 35 2 33 2 31 2 29 2 27 2 25 2 23 1 21 2 17 1
63 190 1 188 1 186 1 184 1 182 1 180 1 176 2 174 2 172 2 170 1 166 1 160 1 158 1 156 2 148 2 146 2 144 2 142 2 140 2 138 2 136 1 134 2 128 1 122 1 120 2 116 1 114 2 110 1 108 1 106 2 104 1 102 2 100 1 96 1 92 1 90 1 86 2 84 1 82 2 80 1 76 1 74 1 72 1 68 1 66 2 64 2 62 1 60 2 58 2 46 1 44 2 42 2 40 2 38 2 36 2 34 2 32 2 30 2 28 2 26 2 24 2 22 2 18 2
66 191 1 187 1 183 2 179 1 177 2 173 1 169 1 167 1 161 2 159 2 157 2 155 2 153 1 151 2 149 2 143 2 141 1 139 2 137 1 135 1 133 2 131 1 127 1 125 1 123 1 121 2 119 2 117 2 115 1 111 1 109 1 107 1 101 2 97 2 95 1 93 2 91 1 89 1 87 1 85 1 83 2 81 1 79 2 77 2 75 2 73 1 71 2 67 1 63 2 61 1 59 2 57 2 55 2 53 2 51 1 47 2 45 1 41 2 39 2 37 2 35 2 33 2 31 2 29 2 27 2 23 2
57 188 1 184 2 178 2 174 2 168 1 164 2 162 1 160 2 158 2 152 1 150 1 146 1 144 2 142 1 140 2 138 1 134 2 132 2 122 2 120 2 118 2 116 1 112 1 110 2 108 1 106 2 102 1 100 1 96 2 94 2 92 1 90 2 88 2 86 1 80 2 76 2 72 1 70 2 68 1 66 1 64 2 58 2 56 2 54 1 48 1 46 1 42 2 40 2 38 2 36 2 34 2 32 2 30 2 28 2 26 1 24 2 20 1
56 191 2 187 2 185 1 183 1 175 1 169 2 167 1 165 2 163 1 161 2 157 2 153 2 151 2 149 2 147 1 145 2 143 2 137 1 131 1 125 1 123 1 119 2 117 1 113 2 111 1 109 2 105 2 101 2 97 1 95 2 93 2 87 2 85 1 77 1 75 2 71 2 69 2 67 2 63 2 61 2 59 2 57 2 53 1 49 2 47 1 43 1 41 2 39 2 37 2 35 2 33 2 31 2 29 2 27 2 25 2 21 2
58 190 1 184 2 180 1 178 1 176 1 174 1 172 2 166 2 164 2 162 1 160 2 158 2 154 1 152 2 148 2 146 1 144 1 142 1 138 2 134 1 132 2 130 2 128 2 124 1 118 1 116 2 114 1 108 1 106 1 104 2 102 2 100 1 98 2 96 1 94 2 92 2 88 2 82 1 78 1 72 1 70 1 66 1 62 1 60 2 58 1 56 2 54 2 52 1 46 1 44 1 42 2 40 2 38 2 36 2 34 2 32 2 30 2 26 2
58 191 1 189 2 187 1 185 2 181 1 175 1 171 1 169 1 167 1 163 2 161 2 159 1 151 2 145 1 141 2 137 1 135 1 129 2 127 2 123 1 121 1 119 2 115 2 113 1 111 1 107 2 105 2 103 2 99 1 97 1 95 2 93 1 91 1 89 2 87 2 85 1 81 2 79 2 77 2 75 1 71 1 67 2 63 1 59 1 57 2 49 1 47 1 45 2 43 1 41 2 39 2 37 2 35 2 33 2 31 2 29 1 27 2 23 1
64 190 1 188 2 186 1 184 1 182 1 178 1 176 2 174 2 172 1 168 2 166 1 160 1 158 2 156 1 152 1 150 2 148 1 144 2 138 2 136 2 134 1 132 2 130 2 128 1 126 1 120 1 118 2 114 1 112 2 110 1 104 2 102 1 100 1 98 2 96 1 92 2 90 1 88 1 86 2 84 2 82 2 80 1 78 1 76 2 74 2 70 2 66 1 64 1 62 2 60 1 56 1 54 1 50 1 46 2 44 1 42 2 40 2 38 2 36 2 34 2 32 2 30 2 28 2 24 2
62 191 2 189 2 187 1 185 2 181 1 177 1 175 2 169 1 167 2 165 1 163 2 161 1 155 1 153 2 151 1 147 2 145 2 143 2 141 2 139 1 137 2 135 1 133 1 131 1 129 2 127 1 125 2 121 2 119 1 117 2 111 2 109 1 107 2 103 2 101 2 99 1 95 1 93 1 91 1 89 2 87 1 85 2 83 2 81 1 79 1 77 2 73 2 71 1 67 2 61 1 55 2 53 1 51 2 49 2 45 2 43 1 41 2 39 2 37 2 35 2 33 2 29 2
54 190 1 188 1 186 2 182 2 180 2 178 1 174 1 170 2 164 2 160 1 158 2 148 2 144 2 142 2 138 1 134 2 128 1 126 2 124 2 120 2 116 1 114 1 112 1 108 2 106 2 104 1 98 2 96 2 94 2 92 1 88 2 86 2 82 2 78 2 76 2 74 2 70 2 68 2 66 2 64 1 62 1 60 2 50 1 48 1 46 2 44 1 42 2 40 2 38 2 36 2 34 2 32 1 30 2 26 1
61 191 2 189 2 187 2 185 1 183 1 179 2 175 1 173 1 169 2 165 1 163 1 161 1 157 1 155 2 151 2 149 2 147 2 145 2 143 2 141 1 139 2 133 1 131 2 129 1 125 2 123 2 121 1 117 2 115 1 113 1 111 2 109 1 107 2 105 2 103 2 101 1 99 2 97 2 93 2 91 1 85 1 81 2 79 2 75 1 73 2 71 1 61 2 59 2 57 2 55 2 51 1 49 1 45 2 43 1 41 2 39 2 37 2 35 2 33 2 31 2 27 2
49 188 2 186 2 182 2 180 1 178 2 176 2 174 1 170 2 166 2 164 1 162 1 160 1 158 1 156 2 152 1 148 1 146 2 142 2 140 2 130 2 126 2 122 1 118 2 116 2 114 1 110 2 106 1 104 2 100 1 94 2 84 2 82 2 80 1 74 2 66 1 62 1 58 2 56 1 54 1 52 2 50 2 48 1 46 2 44 1 42 2 40 2 38 2 36 2 32 2
57 189 1 187 2 183 2 181 1 175 1 173 1 171 1 169 2 167 2 165 1 161 2 159 1 157 2 153 2 151 1 149 1 145 2 143 1 137 1 133 1 131 2 129 2 127 1 125 1 123 1 119 2 117 2 115 2 111 2 109 1 101 1 99 1 97 2 95 2 93 2 91 1 87 2 85 2 81 2 79 1 75 1 67 1 65 2 61 2 59 2 55 2 53 2 49 1 47 1 45 1 43 1 41 2 39 2 37 2 35 1 33 2 29 1
59 190 2 188 1 186 1 184 1 182 1 180 1 174 2 172 2 170 2 166 1 164 2 162 1 160 1 156 2 154 2 152 2 148 2 146 2 142 2 140 1 136 1 134 1 132 1 130 1 122 2 118 1 112 2 108 1 106 1 102 2 100 2 98 2 96 2 94 1 92 2 90 2 88 1 86 2 84 2 82 2 80 1 78 2 72 2 70 2 68 1 64 2 60 2 58 1 52 2 50 2 48 1 46 1 44 1 42 2 40 2 38 2 36 2 34 2 30 2
48 191 1 189 2 183 2 181 2 179 1 175 2 173 2 169 2 165 1 161 2 159 2 157 1 155 1 153 1 151 1 149 2 145 1 139 1 137 2 135 1 129 2 121 1 119 1 111 2 109 2 107 1 103 2 99 2 97 1 93 1 91 2 89 2 85 2 83 2 81 1 73 2 69 1 67 1 65 1 63 1 59 2 57 2 55 2 45 2 43 2 41 2 39 2 35 2
55 190 2 188 1 184 2 182 1 180 2 178 2 172 2 170 2 168 1 162 1 160 2 158 2 156 2 150 1 148 2 146 2 144 1 142 2 140 2 136 2 134 1 130 1 128 1 126 1 116 2 114 2 112 2 110 1 108 1 106 1 100 2 98 2 94 1 92 2 86 2 82 1 80 2 78 2 76 1 74 1 70 1 68 2 66 1 64 2 62 2 60 2 54 2 52 2 50 1 44 2 42 2 40 2 38 1 36 2 32 1
47 191 2 187 1 185 1 183 1 181 1 177 1 175 1 171 1 169 1 163 1 161 1 159 2 155 2 151 1 149 1 147 2 143 2 141 2 139 2 137 2 135 2 133 1 129 2 121 2 119 2 113 2 111 1 107 2 105 1 103 1 101 2 99 1 95 2 91 1 85 1 81 1 79 1 77 2 73 2 67 1 61 2 57 2 47 2 41 2 39 2 37 2 33 2
49 190 2 184 1 180 1 178 2 176 1 172 2 170 2 168 2 166 2 164 1 162 2 160 2 158 1 154 1 146 1 144 2 142 1 138 2 126 1 124 1 122 1 118 2 116 1 114 1 112 2 110 2 108 2 104 1 102 1 98 2 96 2 94 1 90 2 84 2 82 1 74 2 72 2 70 2 68 1 66 2 64 1 60 1 58 1 56 2 54 2 50 2 46 1 42 2 38 2
54 191 1 189 2 181 1 179 1 177 1 175 1 173 1 171 2 169 1 167 2 161 2 159 2 157 2 155 1 153 2 151 2 147 1 143 2 139 1 135 2 133 1 131 2 129 1 127 2 125 2 119 1 115 1 113 1 111 1 109 1 107 2 103 1 101 1 99 1 97 2 95 2 93 2 87 2 85 2 77 2 75 2 71 1 69 1 67 1 65 1 61 2 53 1 51 1 49 1 47 2 45 2 41 1 39 2 35 1
50 190 2 188 2 186 1 184 1 180 1 176 1 172 2 170 2 168 2 166 1 164 2 162 2 158 2 154 1 152 1 150 2 146 2 138 1 136 1 128 2 126 2 122 2 120 2 118 1 116 2 112 1 110 2 106 1 100 2 96 2 94 2 90 1 88 1 86 2 84 2 82 2 80 1 76 1 74 2 70 2 66 1 64 2 62 2 56 2 54 2 48 2 46 2 42 2 40 2 36 2
51 191 2 189 2 187 2 185 2 183 2 181 1 179 2 175 2 171 1 169 2 167 1 165 1 163 1 161 2 159 2 157 1 153 2 151 1 149 2 147 2 143 1 141 1 139 2 129 1 127 1 125 1 123 1 121 1 119 1 109 2 107 1 105 1 101 2 95 1 93 2 91 1 89 1 85 2 83 2 81 2 75 2 73 2 69 2 67 1 59 1 55 2 51 1 47 1 45 2 43 1 41 2
50 190 2 186 1 184 2 180 2 176 2 174 2 172 2 170 2 168 2 166 1 164 1 162 2 158 1 152 1 148 2 146 1 144 2 140 2 138 2 136 1 134 2 132 1 130 1 128 2 124 2 122 1 120 1 118 1 110 2 108 1 102 1 100 2 94 2 92 2 88 1 86 2 82 2 80 1 78 2 76 2 72 1 70 2 68 1 60 2 54 2 52 2 46 2 44 2 42 2 38 1
49 191 2 189 2 183 1 177 1 175 1 173 1 171 2 169 2 155 1 153 2 149 2 147 1 143 2 141 2 133 1 131 1 125 2 123 1 121 1 117 2 115 1 111 2 109 1 107 2 105 1 103 2 101 1 99 2 97 2 95 1 93 2 91 1 89 1 85 1 79 1 77 2 75 2 73 2 71 2 69 1 63 1 61 2 59 1 53 2 51 2 49 2 47 1 45 2 39 2
46 190 2 188 2 186 1 182 1 180 2 178 2 176 1 170 2 168 1 166 1 164 2 162 1 160 1 152 1 146 2 142 1 140 2 138 1 136 2 134 1 132 1 128 1 126 2 118 1 116 1 114 1 112 2 104 1 100 2 98 1 88 2 84 2 82 1 80 1 76 2 74 2 72 2 70 2 66 2 64 2 60 2 58 2 56 2 54 1 52 2 50 1
54 187 1 185 2 183 1 181 1 179 1 169 2 167 1 165 1 163 1 161 2 157 1 153 1 151 1 149 1 145 2 141 1 139 2 137 1 135 2 133 1 131 1 129 1 127 1 123 1 121 2 119 2 117 2 115 2 111 1 109 1 107 2 101 1 99 1 97 2 95 2 91 2 89 1 87 2 85 2 81 1 79 2 77 2 67 1 63 1 61 2 57 2 55 2 53 1 51 1 49 2 47 1 45 1 43 1 41 1
48 190 2 188 2 186 2 184 2 182 2 180 1 178 1 174 1 172 1 168 2 166 1 164 2 162 2 158 1 156 2 140 2 136 1 134 2 132 2 130 2 128 2 126 1 124 1 122 1 120 2 116 1 114 2 110 1 108 1 106 1 98 1 92 1 90 2 86 2 84 2 76 1 74 2 70 1 64 2 60 2 58 2 56 1 54 2 52 2 50 1 46 1 44 1 42 2
40 191 1 185 1 183 2 179 2 171 1 169 2 165 2 157 1 151 1 149 2 147 2 145 1 141 2 137 1 131 2 123 1 121 1 119 1 117 1 113 2 107 2 105 1 99 1 97 1 95 1 91 1 85 2 83 2 81 1 73 1 71 1 69 2 63 1 59 1 57 2 53 2 51 1 49 2 47 1 43 2
39 181 1 179 2 177 1 175 1 173 2 171 2 165 1 161 2 159 1 145 1 143 2 141 1 139 1 137 2 135 2 133 2 127 1 123 1 117 2 115 2 113 1 111 1 105 2 103 2 101 1 99 1 93 2 91 2 89 1 87 1 73 1 71 2 69 1 67 1 65 2 63 2 57 1 53 2 51 1
25 180 1 176 2 174 1 166 1 164 2 162 1 144 1 140 2 138 1 134 2 118 2 116 1 114 2 106 2 104 1 102 2 94 2 92 1 90 2 72 1 68 2 66 1 58 1 56 2 54 1
37 189 2 181 1 179 2 173 1 171 2 169 1 161 2 159 1 157 2 153 2 145 1 143 2 137 1 135 2 133 1 125 2 123 1 121 2 113 2 111 1 109 2 101 2 99 1 97 2 89 2 87 1 85 2 81 2 73 1 71 2 65 1 63 2 61 1 53 2 51 1 49 2 45 2
43 190 2 180 1 178 2 176 2 174 2 172 1 170 1 164 2 162 1 158 2 154 2 144 1 142 2 140 2 138 2 136 1 134 1 126 1 124 1 122 2 116 1 114 1 112 2 110 2 104 1 102 1 100 2 98 2 92 1 90 1 88 2 86 2 82 2 72 1 70 2 68 2 66 2 64 1 62 1 56 2 54 1 50 2 46 2
53 187 1 181 1 179 2 177 1 175 2 173 2 171 2 169 1 165 1 163 1 161 2 159 1 157 2 151 1 145 1 143 2 141 1 139 2 137 2 135 2 133 1 127 1 123 1 121 2 117 2 115 1 113 1 111 1 109 2 105 2 103 1 101 1 99 1 97 2 93 2 91 1 89 1 87 1 85 2 79 1 73 1 71 2 69 1 67 2 65 2 63 2 61 1 57 1 55 1 53 2 51 1 49 2 43 1
36 188 1 174 2 170 1 168 1 166 1 162 1 158 2 156 2 152 1 138 2 134 1 132 1 126 1 122 2 120 2 118 2 114 1 110 2 108 2 106 2 102 1 98 2 96 2 94 2 90 1 86 2 84 2 80 1 66 2 62 1 60 1 58 1 54 1 50 2 48 2 44 1
41 189 2 179 2 175 1 173 1 171 2 169 2 161 2 159 1 157 1 153 2 143 2 139 1 137 1 135 2 133 2 127 1 125 2 123 1 121 1 115 2 113 2 111 1 109 1 103 2 101 2 99 1 97 1 91 2 89 2 87 1 85 1 81 2 71 2 67 1 65 1 63 2 61 2 53 2 51 1 49 1 45 2
35 180 1 176 2 174 2 170 1 166 2 164 2 162 1 158 2 144 1 140 2 138 2 134 1 130 2 126 1 122 2 118 1 116 1 114 1 110 2 106 1 104 1 102 1 98 2 94 1 92 1 90 1 86 2 72 1 68 2 66 2 62 1 58 2 56 2 54 1 50 2
57 191 1 189 2 187 1 181 1 175 2 173 1 171 1 169 1 167 2 163 1 161 2 159 2 157 2 155 1 153 2 151 1 145 1 139 2 137 1 135 1 133 1 131 2 127 1 125 2 123 2 121 2 119 1 115 1 113 2 111 2 109 2 107 1 103 1 101 2 99 2 97 2 95 1 91 1 89 2 87 2 85 2 83 1 81 2 79 1 73 1 67 2 65 1 63 1 61 1 59 2 55 1 53 2 51 2 49 2 47 1 45 2 43 1
47 190 2 188 1 178 2 174 2 172 2 170 1 168 1 162 1 160 1 158 2 156 2 154 2 152 1 142 2 138 2 136 2 134 1 132 1 126 1 124 1 122 2 120 2 114 1 112 1 110 2 108 2 102 1 100 1 98 2 96 2 90 1 88 1 86 2 84 2 82 2 80 1 70 2 66 2 64 2 62 1 60 1 54 1 52 1 50 2 48 2 46 2 44 1
38 189 2 187 1 179 2 175 2 173 1 171 2 163 1 161 2 159 1 153 2 151 1 143 2 139 2 137 1 135 2 127 1 125 2 123 1 115 1 113 2 111 1 103 1 101 2 99 1 91 1 89 2 87 1 81 2 79 1 71 2 67 2 65 1 63 2 55 1 53 2 51 1 45 2 43 1
31 188 1 170 2 168 1 166 2 162 1 158 1 156 2 152 1 134 2 132 1 130 2 126 1 122 1 120 2 118 1 110 1 108 2 106 1 98 1 96 2 94 1 86 1 84 2 80 1 62 2 60 1 58 2 54 1 50 1 48 2 44 1
48 191 1 189 2 187 1 173 1 171 1 169 2 167 2 163 1 161 2 159 2 157 1 155 1 153 2 151 1 137 1 135 1 133 2 131 2 127 1 125 2 123 2 121 1 119 1 113 2 111 2 109 1 107 1 101 2 99 2 97 1 95 1 89 2 87 2 85 1 83 1 81 2 79 1 65 1 63 1 61 2 59 2 55 1 53 2 51 2 49 1 47 1 45 2 43 1
46 188 1 174 2 172 1 170 1 168 1 166 2 162 1 160 1 158 2 156 2 152 1 138 2 136 1 134 1 132 1 130 2 126 1 124 1 122 2 120 2 118 1 114 1 112 2 110 2 108 2 106 1 102 1 100 2 98 2 96 2 94 1 90 1 88 2 86 2 84 2 80 1 66 2 64 1 62 1 60 1 58 2 54 1 52 1 50 2 48 2 44 1
45 191 1 189 1 187 1 175 2 171 1 167 2 165 2 163 1 161 2 159 2 155 1 153 1 151 1 139 2 135 1 131 2 129 2 127 1 125 2 123 2 119 1 117 1 115 1 111 2 107 1 105 1 103 1 99 2 95 1 93 1 91 1 87 2 83 1 81 1 79 1 67 2 63 1 59 2 57 2 55 1 53 2 51 2 47 1 45 1 43 1
44 190 2 188 1 172 2 170 2 168 1 166 1 162 1 160 1 158 1 156 2 154 2 152 1 136 2 134 2 132 1 130 1 126 1 124 1 122 1 120 2 118 2 112 1 110 1 108 2 106 2 100 1 98 1 96 2 94 2 88 1 86 1 84 2 82 2 80 1 64 2 62 2 60 1 58 1 54 1 52 1 50 1 48 2 46 2 44 1
42 191 1 189 2 187 2 173 1 171 1 167 2 163 2 161 2 159 2 155 1 153 2 151 2 137 1 135 1 131 2 127 2 125 2 123 2 119 1 115 2 113 2 111 2 107 1 103 2 101 2 99 2 95 1 91 2 89 2 87 2 83 1 81 2 79 2 65 1 63 1 59 2 55 2 53 2 51 2 47 1 45 2 43 2
46 188 2 172 1 170 2 168 2 166 2 164 1 162 1 160 1 158 1 156 1 152 2 136 1 134 2 132 2 130 2 128 1 126 1 124 1 122 1 120 1 118 1 116 2 112 2 110 1 108 1 106 1 104 2 100 2 98 1 96 1 94 1 92 2 88 2 86 1 84 1 80 2 64 1 62 2 60 2 58 2 56 1 54 1 52 1 50 1 48 1 44 2
48 191 1 189 1 187 1 171 1 169 1 167 2 165 2 163 1 161 2 159 2 157 2 155 1 153 1 151 1 135 1 133 1 131 2 129 2 127 1 125 2 123 2 121 2 119 1 117 1 111 2 109 2 107 1 105 1 99 2 97 2 95 1 93 1 87 2 85 2 83 1 81 1 79 1 63 1 61 1 59 2 57 2 55 1 53 2 51 2 49 2 47 1 45 1 43 1
34 188 1 172 1 170 2 168 1 162 1 160 1 158 1 156 2 152 1 136 1 134 2 132 1 126 1 124 1 122 1 120 2 112 2 110 1 108 2 100 2 98 1 96 2 88 2 86 1 84 2 80 1 64 1 62 2 60 1 54 1 52 1 50 1 48 2 44 1
36 191 2 189 1 187 2 171 2 167 1 165 2 163 2 161 2 155 2 153 1 151 2 135 2 131 1 129 2 127 2 125 2 119 2 117 1 115 2 107 2 105 1 103 2 95 2 93 1 91 2 83 2 81 1 79 2 63 2 59 1 57 2 55 2 53 2 47 2 45 1 43 2
47 190 2 188 2 172 2 170 2 168 2 166 1 164 1 162 1 160 2 158 1 156 1 154 2 152 2 136 2 134 2 132 2 130 1 128 1 126 1 124 2 122 1 120 1 118 2 116 2 110 1 108 1 106 2 104 2 98 1 96 1 94 2 92 2 86 1 84 1 82 2 80 2 64 2 62 2 60 2 58 1 56 1 54 1 52 2 50 1 48 1 46 2 44 2
48 191 1 189 1 187 2 171 1 167 2 165 2 163 2 161 2 159 2 157 1 155 1 153 1 151 2 135 1 131 2 129 2 127 2 125 2 123 2 121 1 119 1 117 1 115 2 111 2 109 1 107 1 105 1 103 2 99 2 97 1 95 1 93 1 91 2 87 2 85 1 83 1 81 1 79 2 63 1 59 2 57 2 55 2 53 2 51 2 49 1 47 1 45 1 43 2
39 188 2 186 1 172 1 170 1 168 2 164 1 162 1 160 1 156 1 152 2 136 1 134 1 132 2 128 1 126 1 124 1 120 1 116 2 114 2 112 2 108 1 104 2 102 2 100 2 96 1 92 2 90 2 88 2 84 1 80 2 78 1 64 1 62 1 60 2 56 1 54 1 52 1 48 1 44 2
43 191 2 189 1 171 2 169 1 167 1 165 2 163 2 161 2 157 2 155 2 153 1 151 2 135 2 133 1 131 1 129 2 127 2 125 2 121 2 119 2 117 1 115 1 109 2 107 2 105 1 103 1 97 2 95 2 93 1 91 1 85 2 83 2 81 1 63 2 61 1 59 1 57 2 55 2 53 2 49 2 47 2 45 1 43 2
42 188 2 184 2 172 2 170 2 168 2 164 1 162 1 160 2 158 1 156 1 152 2 136 2 134 2 132 2 128 1 126 1 124 2 122 1 120 1 116 2 112 1 110 1 108 1 104 2 100 1 98 1 96 1 92 2 88 1 86 1 84 1 80 2 76 2 64 2 62 2 60 2 56 1 54 1 52 2 50 1 48 1 44 2
45 191 2 189 1 187 2 185 2 171 2 167 1 165 1 163 2 161 2 157 1 155 2 151 2 135 2 131 1 129 1 127 2 125 2 121 1 119 2 117 2 115 2 113 1 109 1 107 2 105 2 103 2 101 1 97 1 95 2 93 2 91 2 89 1 85 1 83 2 81 1 79 2 77 2 63 2 59 1 57 1 55 2 53 2 49 1 47 2 43 2
44 188 2 186 1 172 2 170 1 168 2 166 2 164 1 162 1 160 2 156 1 154 2 152 2 136 2 134 1 132 2 130 2 128 1 126 1 124 2 120 1 118 1 116 2 114 2 108 1 106 1 104 2 102 2 96 1 94 1 92 2 90 2 84 1 80 2 78 1 64 2 62 1 60 2 58 2 56 1 54 1 52 2 48 1 46 2 44 2
32 191 2 189 1 171 2 167 1 165 2 161 2 157 1 155 2 153 1 135 2 131 1 129 2 125 2 121 1 119 2 117 1 109 1 107 2 105 1 97 1 95 2 93 1 85 1 83 2 81 1 63 2 59 1 57 2 53 2 49 1 47 2 45 1
32 188 2 186 1 184 2 180 2 172 2 170 1 164 2 162 1 160 2 136 2 134 1 128 2 126 1 124 2 116 1 114 2 112 1 104 1 102 2 100 1 92 1 90 2 88 1 80 2 78 1 76 2 72 2 64 2 62 1 56 2 54 1 52 2
42 191 2 189 1 185 2 181 2 171 2 169 1 167 1 165 1 163 2 161 2 155 2 151 2 135 2 133 1 131 1 129 1 127 2 125 2 119 2 117 2 115 1 113 1 107 2 105 2 103 1 101 1 95 2 93 2 91 1 89 1 83 2 81 1 77 2 73 2 63 2 61 1 59 1 57 1 55 2 53 2 47 2 43 2
51 190 1 188 2 186 1 184 2 178 1 172 2 170 1 168 2 166 1 164 1 162 1 160 2 156 1 152 2 136 2 134 1 132 2 130 1 128 1 126 1 124 2 120 1 118 2 116 2 114 2 112 1 108 1 106 2 104 2 102 2 100 1 96 1 94 2 92 2 90 2 88 1 84 1 82 1 80 2 78 1 76 2 70 1 64 2 62 1 60 2 58 1 56 1 54 1 52 2 48 1 44 2
30 189 1 185 2 183 2 179 1 165 1 161 2 157 1 129 1 125 2 123 1 121 1 117 2 113 1 111 1 109 1 105 2 101 1 99 1 97 1 93 2 89 1 87 1 85 1 81 1 77 2 75 2 71 1 57 1 53 2 49 1
36 188 2 186 1 184 1 180 2 170 1 166 2 164 2 162 1 160 2 154 2 134 1 130 2 128 2 126 1 118 1 116 1 114 2 112 2 106 1 104 1 102 2 100 2 94 1 92 1 90 2 88 2 80 2 78 1 76 1 72 2 62 1 58 2 56 2 54 1 52 2 46 2
33 191 2 189 1 185 2 171 2 167 1 165 1 161 2 155 2 135 2 131 1 129 1 125 2 121 2 119 2 117 2 113 1 109 2 107 2 105 2 101 1 97 2 95 2 93 2 89 1 85 2 83 2 81 1 77 2 63 2 59 1 57 1 53 2 47 2
43 190 1 188 2 186 2 184 2 182 1 180 2 178 1 172 2 166 1 164 2 160 2 136 2 130 1 128 2 126 1 124 2 122 2 118 2 116 1 114 1 112 1 110 2 106 2 104 1 102 1 100 1 98 2 94 2 92 1 90 1 88 1 86 2 82 1 80 2 78 2 76 2 74 1 72 2 70 1 64 2 58 1 56 2 52 2
36 189 1 187 1 185 2 183 2 181 2 179 1 169 1 165 1 163 2 161 2 133 1 129 1 125 2 123 1 117 2 115 2 113 1 111 1 105 2 103 2 101 1 99 1 93 2 91 2 89 1 87 1 81 1 79 1 77 2 75 2 73 2 71 1 61 1 57 1 55 2 53 2
31 190 1 188 2 186 1 180 2 178 1 170 1 166 1 164 2 162 1 134 1 130 1 128 2 126 1 118 2 116 1 114 2 106 2 104 1 102 2 94 2 92 1 90 2 82 1 80 2 78 1 72 2 70 1 62 1 58 1 56 2 54 1
20 189 1 185 1 183 2 179 1 125 2 123 1 121 2 113 2 111 1 109 2 101 2 99 1 97 2 89 2 87 1 85 2 81 1 77 1 75 2 71 1
33 190 1 188 2 186 2 184 1 182 1 180 2 178 1 164 2 160 2 128 2 126 1 122 2 116 1 114 1 112 2 110 2 104 1 102 1 100 2 98 2 92 1 90 1 88 2 86 2 82 1 80 2 78 2 76 1 74 1 72 2 70 1 56 2 52 2
34 189 1 187 1 185 2 183 2 179 1 165 1 161 2 129 1 127 1 125 2 123 1 121 2 117 2 115 1 113 1 111 1 109 2 105 2 103 1 101 1 99 1 97 2 93 2 91 1 89 1 87 1 85 2 81 1 79 1 77 2 75 2 71 1 57 1 53 2
30 190 1 188 2 186 2 182 1 180 1 178 1 166 1 132 1 130 1 126 1 122 2 120 2 118 2 114 1 110 2 108 2 106 2 102 1 98 2 94 2 90 1 86 2 84 2 82 1 80 2 78 2 74 1 72 1 70 1 58 1
30 189 1 187 1 185 1 183 2 181 2 179 1 163 2 133 1 125 2 123 1 121 1 115 2 113 2 111 1 109 1 103 2 101 2 99 1 97 2 91 2 89 2 87 1 85 1 81 1 79 1 77 1 75 2 73 2 71 1 55 2
45 191 1 187 2 181 2 177 1 173 2 171 1 167 2 165 1 163 2 161 2 159 2 155 1 151 2 145 2 141 1 137 2 135 1 131 2 127 1 123 2 119 1 117 2 113 1 111 2 107 1 105 2 101 1 99 2 95 1 93 2 89 1 87 2 83 1 79 2 73 2 69 1 65 2 63 1 59 2 57 1 55 2 53 2 51 2 47 1 43 2
64 190 2 188 2 180 2 178 2 176 1 174 2 172 2 170 1 168 2 166 2 164 1 162 1 160 1 158 2 156 1 154 2 152 2 144 2 142 2 140 1 138 2 136 2 134 1 132 2 130 1 126 1 124 1 122 2 120 1 118 1 116 2 114 1 112 1 110 2 108 1 106 1 104 2 102 1 100 1 98 2 96 1 94 1 92 2 90 1 88 1 86 2 84 1 82 2 80 2 72 2 70 2 68 1 66 2 64 2 62 1 60 2 58 2 56 1 54 1 52 1 50 2 48 1 46 2 44 2
45 191 2 189 2 181 2 179 1 175 1 173 1 169 1 167 1 161 2 157 2 155 2 153 2 145 2 143 1 139 1 137 1 133 1 131 1 127 1 125 2 121 2 119 2 115 2 113 2 109 2 107 2 103 2 101 2 97 2 95 2 91 2 89 2 85 2 83 2 81 2 73 2 71 1 67 1 65 1 61 1 59 1 53 2 49 2 47 2 45 2
45 190 1 180 1 178 1 176 2 172 1 170 2 166 1 164 2 162 1 160 2 158 1 154 1 144 1 142 1 140 2 136 1 134 2 130 1 126 1 124 2 122 1 118 2 116 1 112 2 110 1 106 2 104 1 100 2 98 1 94 2 92 1 88 2 86 1 82 1 72 1 70 1 68 2 64 1 62 2 58 1 56 2 54 1 52 2 50 1 46 1
36 191 2 189 2 187 1 181 1 179 1 173 1 167 1 163 1 161 2 155 2 153 2 151 1 145 1 143 1 137 1 131 1 127 1 125 2 119 2 113 2 107 2 101 2 95 2 89 2 83 2 81 2 79 1 73 1 71 1 65 1 59 1 55 1 53 2 47 2 45 2 43 1
32 190 2 188 1 178 2 174 1 168 1 162 1 160 2 156 2 154 2 152 1 142 2 138 1 132 1 126 1 124 2 120 2 114 2 108 2 102 2 96 2 90 2 84 2 82 2 80 1 70 2 66 1 60 1 54 1 52 2 48 2 46 2 44 1
47 189 1 187 1 179 2 175 1 171 2 169 1 165 2 163 1 161 2 159 1 157 2 153 1 151 1 143 2 139 1 135 2 133 1 129 2 127 1 125 2 123 1 121 2 117 1 115 2 111 1 109 2 105 1 103 2 99 1 97 2 93 1 91 2 87 1 85 2 81 1 79 1 71 2 67 1 63 2 61 1 57 2 55 1 53 2 51 1 49 2 45 1 43 1
38 190 2 188 1 174 1 172 1 168 1 166 1 162 1 156 2 154 2 152 1 138 1 136 1 132 1 130 1 126 1 120 2 118 2 114 2 112 2 108 2 106 2 102 2 100 2 96 2 94 2 90 2 88 2 84 2 82 2 80 1 66 1 64 1 60 1 58 1 54 1 48 2 46 2 44 1
56 191 1 187 2 175 1 173 2 171 1 169 2 167 2 165 1 163 2 161 2 159 2 157 1 155 1 151 2 139 1 137 2 135 1 133 2 131 2 129 1 127 2 125 2 123 2 121 1 119 1 117 2 115 1 113 1 111 2 109 1 107 1 105 2 103 1 101 1 99 2 97 1 95 1 93 2 91 1 89 1 87 2 85 1 83 1 79 2 67 1 65 2 63 1 61 2 59 2 57 1 55 2 53 2 51 2 49 1 47 1 43 2
44 190 1 188 2 174 2 170 1 168 2 164 1 162 1 160 1 158 2 156 1 154 1 152 2 138 2 134 1 132 2 128 1 126 1 124 1 122 2 120 1 116 2 114 1 110 2 108 1 104 2 102 1 98 2 96 1 92 2 90 1 86 2 84 1 82 1 80 2 66 2 62 1 60 2 56 1 54 1 52 1 50 2 48 1 46 1 44 2
49 191 1 175 2 173 2 171 1 169 1 167 2 165 1 161 2 159 2 157 2 155 1 139 2 137 2 135 1 133 1 131 2 129 1 125 2 123 2 121 2 119 1 117 2 115 2 113 1 111 2 109 2 107 1 105 2 103 2 101 1 99 2 97 2 95 1 93 2 91 2 89 1 87 2 85 2 83 1 67 2 65 2 63 1 61 1 59 2 57 1 53 2 51 2 49 2 47 1
37 190 2 172 2 170 2 166 2 164 2 162 1 160 1 158 1 154 2 136 2 134 2 130 2 128 2 126 1 124 1 122 1 118 1 116 1 112 1 110 1 106 1 104 1 100 1 98 1 94 1 92 1 88 1 86 1 82 2 64 2 62 2 58 2 56 2 54 1 52 1 50 1 46 2
38 191 2 189 2 173 1 171 2 169 2 167 1 161 2 157 1 155 2 153 2 137 1 135 2 133 2 131 1 125 2 121 1 119 2 115 1 113 2 109 1 107 2 103 1 101 2 97 1 95 2 91 1 89 2 85 1 83 2 81 2 65 1 63 2 61 2 59 1 53 2 49 1 47 2 45 2
28 190 2 172 2 170 2 164 2 162 1 160 2 158 1 154 2 136 2 134 2 128 2 126 1 124 2 122 1 116 1 110 1 104 1 98 1 92 1 86 1 82 2 64 2 62 2 56 2 54 1 52 2 50 1 46 2
29 189 1 187 1 169 1 165 2 163 1 161 2 159 1 153 1 151 1 133 1 129 2 127 1 125 2 123 1 117 1 111 1 105 1 99 1 93 1 87 1 81 1 79 1 61 1 57 2 55 1 53 2 51 1 45 1 43 1
37 190 1 188 1 186 1 170 1 168 1 166 2 162 1 156 2 154 1 152 1 134 1 132 1 130 2 126 1 120 2 118 1 114 2 112 1 108 2 106 1 102 2 100 1 96 2 94 1 90 2 88 1 84 2 82 1 80 1 78 1 62 1 60 1 58 2 54 1 48 2 46 1 44 1
36 189 1 169 1 165 2 163 2 161 2 159 1 157 1 153 1 151 2 133 1 129 2 127 2 125 2 123 1 121 1 117 1 115 1 111 1 109 1 105 1 103 1 99 1 97 1 93 1 91 1 87 1 85 1 81 1 61 1 57 2 55 2 53 2 51 1 49 1 45 1 43 2
48 190 2 188 2 186 2 184 2 168 2 166 1 164 1 162 1 158 2 156 1 154 2 152 2 132 2 130 1 128 1 126 1 122 2 120 1 118 2 116 2 114 1 112 2 110 2 108 1 106 2 104 2 102 1 100 2 98 2 96 1 94 2 92 2 90 1 88 2 86 2 84 1 82 2 80 2 78 2 76 2 60 2 58 1 56 1 54 1 50 2 48 1 46 2 44 2
45 191 1 189 1 187 1 185 2 171 1 169 2 167 2 165 1 163 2 161 2 159 2 155 1 151 2 135 1 133 2 131 2 129 1 127 2 125 2 123 2 119 1 117 2 113 1 111 2 107 1 105 2 101 1 99 2 95 1 93 2 89 1 87 2 83 1 81 1 79 1 77 2 63 1 61 2 59 2 57 1 55 2 53 2 51 2 47 1 43 2
52 188 2 186 2 184 1 172 1 168 2 166 2 164 1 162 1 160 1 158 2 156 1 154 2 152 2 136 1 132 2 130 2 128 1 126 1 124 1 122 2 120 1 118 1 116 2 114 1 112 1 110 2 108 1 106 1 104 2 102 1 100 1 98 2 96 1 94 1 92 2 90 1 88 1 86 2 84 1 80 2 78 2 76 1 64 1 60 2 58 2 56 1 54 1 52 1 50 2 48 1 46 2 44 2
39 191 2 189 1 187 1 185 1 171 2 169 1 167 1 161 2 157 2 155 2 153 2 135 2 133 1 131 1 125 2 121 2 119 2 115 2 113 2 109 2 107 2 103 2 101 2 97 2 95 2 91 2 89 2 85 2 83 2 81 1 79 1 77 1 63 2 61 1 59 1 53 2 49 2 47 2 45 2
41 188 2 184 1 180 2 172 2 170 2 166 1 164 2 162 1 160 2 158 1 154 1 136 2 134 2 130 1 128 2 126 1 124 2 122 1 118 2 116 1 112 2 110 1 106 2 104 1 100 2 98 1 94 2 92 1 88 2 86 1 80 2 76 1 72 2 64 2 62 2 58 1 56 2 54 1 52 2 50 1 46 1
37 191 2 189 1 187 2 185 1 181 2 171 2 169 1 167 1 163 1 161 2 155 2 153 2 151 1 135 2 133 1 131 1 127 1 125 2 119 2 113 2 107 2 101 2 95 2 89 2 83 2 81 1 79 2 77 1 73 2 63 2 61 1 59 1 55 1 53 2 47 2 45 2 43 1
38 190 1 188 2 186 1 180 1 178 1 172 2 170 1 168 1 162 1 160 2 156 2 154 2 152 1 136 2 134 1 132 1 126 1 124 2 120 2 114 2 108 2 102 2 96 2 90 2 84 2 82 1 80 2 78 1 72 1 70 1 64 2 62 1 60 1 54 1 52 2 48 2 46 2 44 1
40 189 1 183 2 181 1 179 1 169 2 165 2 163 1 161 2 157 2 153 1 151 1 133 2 129 2 127 1 125 2 123 1 121 2 117 1 115 2 111 1 109 2 105 1 103 2 99 1 97 2 93 1 91 2 87 1 85 2 81 1 75 2 73 1 71 1 61 2 57 2 55 1 53 2 49 2 45 1 43 1
45 190 2 188 2 186 1 184 1 180 1 178 2 170 1 168 1 166 1 162 1 160 2 156 2 154 2 152 1 134 1 132 1 130 1 126 1 120 2 118 2 114 2 112 2 108 2 106 2 102 2 100 2 96 2 94 2 90 2 88 2 84 2 82 2 80 2 78 1 76 1 72 1 70 2 62 1 60 1 58 1 54 1 52 2 48 2 46 2 44 1
56 191 1 189 1 185 2 183 1 181 2 179 2 171 1 169 1 167 2 165 1 163 2 161 2 157 2 155 1 151 2 135 1 133 1 131 2 129 1 127 2 125 2 123 2 121 1 119 1 117 2 115 1 113 1 111 2 109 1 107 1 105 2 103 1 101 1 99 2 97 1 95 1 93 2 91 1 89 1 87 2 85 1 83 1 81 1 77 2 75 1 73 2 71 2 63 1 61 1 59 2 57 1 55 2 53 2 49 2 47 1 43 2
43 190 2 188 2 186 2 182 1 178 2 172 1 168 2 164 1 160 2 156 1 154 1 152 2 136 1 132 2 128 1 126 1 124 1 122 2 120 1 116 2 114 1 110 2 108 1 104 2 102 1 98 2 96 1 92 2 90 1 86 2 84 1 82 2 80 2 78 2 74 1 70 2 64 1 60 2 56 1 52 2 48 1 46 1 44 2
55 191 1 189 1 187 1 185 2 183 1 181 2 179 2 171 1 169 1 167 2 165 1 163 2 161 2 157 1 155 1 135 1 133 1 131 2 129 1 125 2 123 2 121 2 119 1 117 2 115 2 113 1 111 2 109 2 107 1 105 2 103 2 101 1 99 2 97 2 95 1 93 2 91 2 89 1 87 2 85 2 83 1 81 1 79 1 77 2 75 1 73 2 71 2 63 1 61 1 59 2 57 1 55 2 53 2 49 1 47 1
39 188 2 184 2 182 2 180 2 172 1 170 2 166 2 164 2 162 2 154 2 136 1 134 2 130 2 128 2 126 1 124 1 122 1 118 1 116 1 112 1 110 1 106 1 104 1 100 1 98 1 94 1 92 1 88 1 86 1 80 2 76 2 74 2 72 2 64 1 62 2 58 2 56 2 54 2 46 2
37 191 2 189 1 187 2 185 1 181 1 171 2 169 2 167 1 163 1 155 2 135 2 133 2 131 1 125 2 121 1 119 2 115 1 113 2 109 1 107 2 103 1 101 2 97 1 95 2 91 1 89 2 85 1 83 2 81 1 79 2 77 1 73 1 63 2 61 2 59 1 55 1 47 2
32 190 1 188 2 182 2 180 2 178 1 172 2 170 2 164 2 162 2 160 1 136 2 134 2 128 2 126 1 124 2 122 1 116 1 110 1 104 1 98 1 92 1 86 1 82 1 80 2 74 2 72 2 70 1 64 2 62 2 56 2 54 2 52 1
29 189 1 187 2 183 2 181 2 179 1 169 1 165 2 163 2 161 1 133 1 129 2 127 1 125 2 123 1 117 1 111 1 105 1 99 1 93 1 87 1 81 1 79 2 75 2 73 2 71 1 61 1 57 2 55 2 53 1
36 190 1 188 2 186 1 184 2 180 1 178 1 170 1 166 2 162 1 160 1 134 1 132 1 130 2 126 1 120 2 118 1 114 2 112 1 108 2 106 1 102 2 100 1 94 1 90 2 88 1 84 2 82 1 80 2 78 1 76 2 72 1 70 1 62 1 58 2 54 1 52 1
32 189 1 183 2 181 2 179 1 165 2 163 2 161 1 133 1 129 2 127 2 125 2 123 1 121 1 117 1 115 1 111 1 109 1 105 1 103 1 99 1 97 2 93 1 91 1 87 1 85 1 81 1 75 2 73 2 71 1 57 2 55 2 53 1
41 190 2 188 2 186 2 184 1 182 1 178 2 166 2 164 1 160 2 132 2 130 1 128 1 126 1 122 2 120 1 118 2 116 2 114 1 112 2 110 2 108 1 106 2 104 2 102 1 100 2 98 2 94 1 92 2 90 1 88 2 86 2 84 1 82 2 80 2 78 2 76 1 74 1 70 2 58 2 56 1 52 2
38 191 1 189 1 187 1 185 2 183 1 181 1 179 2 165 1 163 1 161 2 135 1 133 2 131 2 129 1 127 2 125 2 123 2 119 1 117 2 113 1 111 2 107 1 105 2 101 1 97 2 93 2 89 1 87 2 83 1 81 1 79 1 77 2 75 1 73 1 71 2 57 1 55 1 53 2
37 188 2 186 2 184 2 182 1 166 1 164 1 136 1 132 2 130 2 128 1 126 1 124 1 122 2 120 1 118 1 116 2 114 1 112 1 110 2 108 1 106 1 104 2 102 1 100 2 98 2 94 2 92 2 90 1 88 1 86 2 84 1 80 2 78 2 76 2 74 1 58 1 56 1
28 191 2 189 1 187 1 185 1 181 2 163 2 135 2 133 1 131 1 125 2 121 2 119 2 115 2 113 2 109 2 107 2 103 2 101 2 99 2 91 2 89 2 85 2 83 2 81 1 79 1 77 1 73 2 55 2
28 188 2 184 1 182 2 180 2 164 2 136 2 134 2 130 1 128 2 126 1 124 2 122 1 118 2 116 1 112 2 110 1 106 2 104 1 100 1 92 1 90 2 88 2 86 1 80 2 76 1 74 2 72 2 56 2
23 191 2 189 1 187 2 185 1 181 2 135 2 133 1 131 1 127 1 125 2 119 2 113 2 107 2 101 2 99 2 97 1 91 2 89 2 83 2 81 1 79 2 77 1 73 2
23 190 1 188 2 186 1 180 1 178 1 136 2 134 1 132 1 126 1 124 2 120 2 114 2 108 2 102 2 100 2 98 1 88 1 84 2 82 1 80 2 78 1 72 1 70 1
25 189 1 183 2 181 1 179 1 133 2 129 2 127 1 125 2 123 1 121 2 117 1 115 2 111 1 109 2 105 2 103 2 99 1 97 1 89 1 87 1 85 2 81 1 75 2 73 1 71 1
10 187 1 181 1 163 1 151 1 145 1 127 2 79 1 73 1 55 1 43 1
59 190 2 188 1 180 2 178 2 176 1 174 1 172 1 170 1 168 1 166 1 164 1 158 2 156 2 154 2 152 1 144 2 142 2 140 1 138 1 136 1 134 1 132 1 130 1 124 1 122 2 120 2 118 2 116 2 114 2 112 2 110 2 108 2 106 2 104 2 102 2 100 2 98 2 96 2 94 2 92 2 90 2 88 2 86 2 84 2 82 2 80 1 72 2 70 2 68 1 66 1 64 1 62 1 60 1 58 1 56 1 50 2 48 2 46 2 44 1
59 191 2 189 1 181 2 179 2 177 1 175 1 173 1 171 1 169 1 167 1 165 1 159 2 157 2 155 2 153 1 145 2 143 2 141 1 139 1 137 1 135 1 133 1 131 1 125 1 123 2 121 2 119 2 117 2 115 2 113 2 111 2 109 2 107 2 105 2 103 2 101 2 99 2 97 2 95 2 93 2 91 2 89 2 87 2 85 2 83 2 81 1 73 2 71 2 69 1 67 1 65 1 63 1 61 1 59 1 57 1 51 2 49 2 47 2 45 1
11 190 2 178 2 160 2 154 2 142 2 130 2 124 2 82 2 70 2 52 2 46 2
59 191 1 189 2 187 2 179 1 175 2 173 2 171 2 169 2 167 2 165 2 163 2 159 1 157 1 155 1 153 2 151 2 143 1 139 2 137 2 135 2 133 2 131 2 129 2 123 1 121 1 119 1 117 1 115 1 113 1 111 1 109 1 107 1 105 1 103 1 101 1 99 1 97 1 95 1 93 1 91 1 89 1 87 1 85 1 83 1 81 2 79 2 71 1 67 2 65 2 63 2 61 2 59 2 57 2 55 2 51 1 49 1 47 1 45 2 43 2
58 190 2 188 2 180 1 176 2 174 2 172 2 170 2 168 2 166 2 164 2 160 1 158 1 156 1 154 2 152 2 144 1 140 2 138 2 136 2 134 2 132 2 130 2 124 1 122 1 120 1 118 1 116 1 114 1 112 1 110 1 108 1 106 1 104 1 102 1 100 1 98 1 96 1 94 1 92 1 90 1 88 1 86 1 84 1 82 2 80 2 72 1 68 2 66 2 64 2 62 2 60 2 58 2 56 2 52 1 50 1 48 1 46 2 44 2
13 187 1 181 1 175 2 163 1 151 1 145 1 139 2 127 1 79 1 73 1 67 2 55 1 43 1
53 190 2 188 1 178 2 174 1 172 1 170 1 168 1 166 1 164 1 158 2 156 2 154 2 152 1 142 2 138 1 136 1 134 1 132 1 130 1 128 1 122 2 120 2 118 2 116 2 114 2 112 2 110 2 108 2 106 2 104 2 102 2 100 2 98 2 96 2 94 2 92 2 90 2 88 2 86 2 84 2 82 2 80 1 70 2 66 1 64 1 62 1 60 1 58 1 56 1 50 2 48 2 46 2 44 1
53 191 2 189 1 179 2 175 1 173 1 171 1 169 1 167 1 165 1 159 2 157 2 155 2 153 1 143 2 139 1 137 1 135 1 133 1 131 1 129 1 123 2 121 2 119 2 117 2 115 2 113 2 111 2 109 2 107 2 105 2 103 2 101 2 99 2 97 2 95 2 93 2 91 2 89 2 87 2 85 2 83 2 81 1 71 2 67 1 65 1 63 1 61 1 59 1 57 1 51 2 49 2 47 2 45 1
7 190 2 160 2 154 2 124 2 82 2 52 2 46 2
54 191 1 189 2 187 2 173 2 171 1 169 2 167 2 165 2 163 2 159 1 157 1 155 1 153 2 151 2 137 2 135 1 133 2 131 2 129 2 127 2 123 1 121 1 119 1 117 1 115 1 113 1 111 1 109 1 107 1 105 1 103 1 101 1 99 1 97 1 95 1 93 1 91 1 89 1 87 1 85 1 83 1 81 2 79 2 65 2 63 1 61 2 59 2 57 2 55 2 51 1 49 1 47 1 45 2 43 2
53 190 2 188 2 174 2 172 1 170 2 168 2 166 2 164 2 160 1 158 1 156 1 154 2 152 2 138 2 136 1 134 2 132 2 130 2 128 2 124 1 122 1 120 1 118 1 116 1 114 1 112 1 110 1 108 1 106 1 104 1 102 1 100 1 98 1 96 1 94 1 92 1 90 1 88 1 86 1 84 1 82 2 80 2 66 2 64 1 62 2 60 2 58 2 56 2 52 1 50 1 48 1 46 2 44 2
13 187 1 175 2 169 1 163 1 151 1 139 2 133 1 127 1 79 1 67 2 61 1 55 1 43 1
49 190 2 188 1 186 1 172 1 170 2 168 1 166 1 164 1 158 2 156 2 154 2 152 1 136 1 134 2 132 1 130 1 128 1 122 2 120 2 118 2 116 2 114 2 112 2 110 2 108 2 106 2 104 2 102 2 100 2 98 2 96 2 94 2 92 2 90 2 88 2 86 2 84 2 82 2 80 1 78 1 64 1 62 2 60 1 58 1 56 1 50 2 48 2 46 2 44 1
49 191 2 189 1 187 1 173 1 171 2 169 1 167 1 165 1 159 2 157 2 155 2 153 1 137 1 135 2 133 1 131 1 129 1 123 2 121 2 119 2 117 2 115 2 113 2 111 2 109 2 107 2 105 2 103 2 101 2 99 2 97 2 95 2 93 2 91 2 89 2 87 2 85 2 83 2 81 1 79 1 65 1 63 2 61 1 59 1 57 1 51 2 49 2 47 2 45 1
12 190 2 184 2 172 2 160 2 154 2 136 2 124 2 82 2 76 2 64 2 52 2 46 2
51 191 1 187 2 185 2 171 1 169 1 167 2 165 2 163 2 159 1 157 1 155 1 153 2 151 2 135 1 133 1 131 2 129 2 127 2 123 1 121 1 119 1 117 1 115 1 113 1 111 1 109 1 107 1 105 1 103 1 101 1 99 1 97 1 95 1 93 1 91 1 89 1 87 1 85 1 83 1 79 2 77 2 63 1 61 1 59 2 57 2 55 2 51 1 49 1 47 1 45 2 43 2
50 188 2 186 2 172 1 170 1 168 2 166 2 164 2 160 1 158 1 156 1 154 2 152 2 136 1 134 1 132 2 130 2 128 2 124 1 122 1 120 1 118 1 116 1 114 1 112 1 110 1 108 1 106 1 104 1 102 1 100 1 98 1 96 1 94 1 92 1 90 1 88 1 86 1 84 1 80 2 78 2 64 1 62 1 60 2 58 2 56 2 52 1 50 1 48 1 46 2 44 2
10 187 2 169 1 163 1 151 1 133 1 127 1 79 2 61 1 55 1 43 1
48 190 2 186 1 184 1 180 2 170 2 168 1 166 1 164 1 158 2 156 2 154 2 152 1 134 2 132 1 130 1 128 1 122 2 120 2 118 2 116 2 114 2 112 2 110 2 108 2 106 2 104 2 102 2 100 2 98 2 96 2 94 2 92 2 90 2 88 2 86 2 84 2 82 2 78 1 76 1 72 2 62 2 60 1 58 1 56 1 50 2 48 2 46 2 44 1
48 191 2 187 1 185 1 181 2 171 2 169 1 167 1 165 1 159 2 157 2 155 2 153 1 135 2 133 1 131 1 129 1 123 2 121 2 119 2 117 2 115 2 113 2 111 2 109 2 107 2 105 2 103 2 101 2 99 2 97 2 95 2 93 2 91 2 89 2 87 2 85 2 83 2 79 1 77 1 73 2 63 2 61 1 59 1 57 1 51 2 49 2 47 2 45 1
14 190 1 184 2 178 1 172 2 160 2 154 2 136 2 124 2 82 1 76 2 70 1 64 2 52 2 46 2
51 191 1 185 2 183 2 179 1 171 1 169 1 167 2 165 2 163 2 157 1 155 1 153 2 151 2 135 1 133 1 131 2 129 2 127 2 123 1 121 1 119 1 117 1 115 1 113 1 111 1 109 1 107 1 105 1 103 1 101 1 99 1 97 1 95 1 93 1 91 1 89 1 87 1 85 1 83 1 77 2 75 2 71 1 63 1 61 1 59 2 57 2 55 2 49 1 47 1 45 2 43 2
50 186 2 184 2 180 1 172 1 170 1 168 2 166 2 164 2 158 1 156 1 154 2 152 2 136 1 134 1 132 2 130 2 128 2 124 1 122 1 120 1 118 1 116 1 114 1 112 1 110 1 108 1 106 1 104 1 102 1 100 1 98 1 96 1 94 1 92 1 90 1 88 1 86 1 84 1 78 2 76 2 72 1 64 1 62 1 60 2 58 2 56 2 50 1 48 1 46 2 44 2
14 187 2 181 2 169 1 163 1 157 1 151 1 133 1 127 1 79 2 73 2 61 1 55 1 49 1 43 1
52 190 2 186 1 184 1 182 1 180 2 178 2 170 2 168 1 166 1 164 1 162 2 156 2 154 2 152 1 134 2 132 1 130 1 128 1 122 2 120 2 118 2 116 2 114 2 112 2 110 2 108 2 106 2 104 2 102 2 100 2 98 2 96 2 94 2 92 2 90 2 88 2 86 2 84 2 82 2 78 1 76 1 74 1 72 2 70 2 62 2 60 1 58 1 56 1 54 2 48 2 46 2 44 1
52 191 2 187 1 185 1 183 1 181 2 179 2 171 2 169 1 167 1 165 1 163 2 157 2 155 2 153 1 135 2 133 1 131 1 129 1 123 2 121 2 119 2 117 2 115 2 113 2 111 2 109 2 107 2 105 2 103 2 101 2 99 2 97 2 95 2 93 2 91 2 89 2 87 2 85 2 83 2 79 1 77 1 75 1 73 2 71 2 63 2 61 1 59 1 57 1 55 2 49 2 47 2 45 1
12 190 1 178 1 172 2 160 1 154 2 136 2 124 2 82 1 70 1 64 2 52 1 46 2
51 191 1 185 2 183 2 181 2 179 1 171 1 169 1 167 2 165 2 163 2 161 1 155 1 151 2 135 1 133 1 131 2 129 2 127 2 123 1 121 1 119 1 117 1 115 1 113 1 111 1 109 1 107 1 105 1 103 1 101 1 99 1 97 1 95 1 93 1 91 1 89 1 87 1 85 1 83 1 77 2 75 2 73 2 71 1 63 1 61 1 59 2 57 2 55 2 53 1 47 1 43 2
50 186 2 184 2 182 2 180 1 172 1 170 1 168 2 166 2 164 2 162 1 156 1 152 2 136 1 134 1 132 2 130 2 128 2 124 1 122 1 120 1 118 1 116 1 114 1 112 1 110 1 108 1 106 1 104 1 102 1 100 1 98 1 96 1 94 1 92 1 90 1 88 1 86 1 84 1 78 2 76 2 74 2 72 1 64 1 62 1 60 2 58 2 56 2 54 1 48 1 44 2
12 187 2 181 2 169 1 163 2 157 1 133 1 127 1 79 2 73 2 61 1 55 2 49 1
47 190 2 186 1 184 1 182 1 180 2 178 2 170 2 166 1 164 1 162 2 160 2 154 2 134 2 132 1 130 1 128 1 122 2 120 2 118 2 116 2 114 2 112 2 110 2 108 2 106 2 104 2 102 2 100 2 98 2 94 2 92 2 90 2 88 2 86 2 84 2 82 2 78 1 76 1 74 1 72 2 70 2 62 2 58 1 56 1 54 2 52 2 46 2
47 191 2 187 1 185 1 183 1 181 2 179 2 171 2 167 1 165 1 163 2 161 2 155 2 135 2 133 1 131 1 129 1 123 2 121 2 119 2 117 2 115 2 113 2 111 2 109 2 107 2 105 2 103 2 101 2 99 2 95 2 93 2 91 2 89 2 87 2 85 2 83 2 79 1 77 1 75 1 73 2 71 2 63 2 59 1 57 1 55 2 53 2 47 2
13 190 1 178 1 172 2 166 1 160 1 136 2 124 2 94 2 82 1 70 1 64 2 58 1 52 1
42 191 1 185 2 183 2 181 2 179 1 169 1 165 2 163 2 161 1 135 1 133 1 131 2 129 2 127 2 123 1 121 1 119 1 117 1 115 1 113 1 111 1 109 1 107 1 105 1 103 1 101 1 99 2 97 1 93 1 91 1 89 1 87 1 85 1 83 1 77 2 75 2 73 2 71 1 61 1 57 2 55 2 53 1
41 186 2 184 2 182 2 180 1 170 1 166 2 164 2 162 1 136 1 134 1 132 2 130 2 128 2 124 1 122 1 120 1 118 1 116 1 114 1 112 1 110 1 108 1 106 1 104 1 102 1 100 2 98 1 94 1 92 1 90 1 88 1 86 1 84 1 78 2 76 2 74 2 72 1 62 1 58 2 56 2 54 1
9 187 2 181 2 163 2 133 1 127 1 97 1 79 2 73 2 55 2
38 190 2 186 1 184 1 182 1 180 2 178 2 164 1 160 2 134 2 132 1 130 1 128 1 122 2 120 2 118 2 116 2 114 2 112 2 110 2 108 2 106 2 104 2 102 2 100 2 98 1 92 2 90 1 88 2 86 2 84 2 82 2 78 1 76 1 74 1 72 2 70 2 56 1 52 2
38 191 2 187 1 185 1 183 1 181 2 179 2 165 1 161 2 135 2 133 1 131 1 129 1 123 2 121 2 119 2 117 2 115 2 113 2 111 2 109 2 107 2 105 2 103 2 101 2 99 1 93 2 91 1 89 2 87 2 85 2 83 2 79 1 77 1 75 1 73 2 71 2 57 1 53 2
11 190 1 178 1 166 1 136 2 124 2 100 2 94 2 88 1 82 1 70 1 58 1
35 191 1 185 2 183 2 181 2 179 1 163 2 135 1 133 1 131 2 129 2 127 2 123 1 121 1 119 1 117 1 115 1 113 1 111 1 109 1 107 1 105 2 103 1 101 1 99 2 97 2 91 1 89 2 87 1 85 1 83 1 77 2 75 2 73 2 71 1 55 2
34 186 2 184 2 182 2 180 1 164 2 136 1 134 1 132 2 130 2 128 2 124 1 122 1 120 1 118 1 116 1 114 1 112 1 110 1 108 1 106 2 104 1 102 1 100 2 98 2 92 1 90 2 88 1 86 1 84 1 78 2 76 2 74 2 72 1 56 2
9 187 2 181 2 133 1 127 1 103 2 97 1 91 2 79 2 73 2
25 180 1 176 2 174 1 166 1 164 2 162 1 144 1 140 2 138 1 134 2 118 2 116 1 114 2 106 2 104 1 102 2 94 2 92 1 90 2 72 1 68 2 66 1 58 1 56 2 54 1
37 189 2 181 1 179 2 173 1 171 2 169 1 161 2 159 1 157 2 153 2 145 1 143 2 137 1 135 2 133 1 125 2 123 1 121 2 113 2 111 1 109 2 101 2 99 1 97 2 89 2 87 1 85 2 81 2 73 1 71 2 65 1 63 2 61 1 53 2 51 1 49 2 45 2
43 190 2 180 1 178 2 176 2 174 2 172 1 170 1 164 2 162 1 158 2 154 2 144 1 142 2 140 2 138 2 136 1 134 1 126 1 124 1 122 2 116 1 114 1 112 2 110 2 104 1 102 1 100 2 98 2 92 1 90 1 88 2 86 2 82 2 72 1 70 2 68 2 66 2 64 1 62 1 56 2 54 1 50 2 46 2
53 187 1 181 1 179 2 177 1 175 2 173 2 171 2 169 1 165 1 163 1 161 2 159 1 157 2 151 1 145 1 143 2 141 1 139 2 137 2 135 2 133 1 127 1 123 1 121 2 117 2 115 1 113 1 111 1 109 2 105 2 103 1 101 1 99 1 97 2 93 2 91 1 89 1 87 1 85 2 79 1 73 1 71 2 69 1 67 2 65 2 63 2 61 1 57 1 55 1 53 2 51 1 49 2 43 1
36 188 1 174 2 170 1 168 1 166 1 162 1 158 2 156 2 152 1 138 2 134 1 132 1 126 1 122 2 120 2 118 2 114 1 110 2 108 2 106 2 102 1 98 2 96 2 94 2 90 1 86 2 84 2 80 1 66 2 62 1 60 1 58 1 54 1 50 2 48 2 44 1
41 189 2 179 2 175 1 173 1 171 2 169 2 161 2 159 1 157 1 153 2 143 2 139 1 137 1 135 2 133 2 127 1 125 2 123 1 121 1 115 2 113 2 111 1 109 1 103 2 101 2 99 1 97 1 91 2 89 2 87 1 85 1 81 2 71 2 67 1 65 1 63 2 61 2 53 2 51 1 49 1 45 2
35 180 1 176 2 174 2 170 1 166 2 164 2 162 1 158 2 144 1 140 2 138 2 134 1 130 2 126 1 122 2 118 1 116 1 114 1 110 2 106 1 104 1 102 1 98 2 94 1 92 1 90 1 86 2 72 1 68 2 66 2 62 1 58 2 56 2 54 1 50 2
57 191 1 189 2 187 1 181 1 175 2 173 1 171 1 169 1 167 2 163 1 161 2 159 2 157 2 155 1 153 2 151 1 145 1 139 2 137 1 135 1 133 1 131 2 127 1 125 2 123 2 121 2 119 1 115 1 113 2 111 2 109 2 107 1 103 1 101 2 99 2 97 2 95 1 91 1 89 2 87 2 85 2 83 1 81 2 79 1 73 1 67 2 65 1 63 1 61 1 59 2 55 1 53 2 51 2 49 2 47 1 45 2 43 1
47 190 2 188 1 178 2 174 2 172 2 170 1 168 1 162 1 160 1 158 2 156 2 154 2 152 1 142 2 138 2 136 2 134 1 132 1 126 1 124 1 122 2 120 2 114 1 112 1 110 2 108 2 102 1 100 1 98 2 96 2 90 1 88 1 86 2 84 2 82 2 80 1 70 2 66 2 64 2 62 1 60 1 54 1 52 1 50 2 48 2 46 2 44 1
38 189 2 187 1 179 2 175 2 173 1 171 2 163 1 161 2 159 1 153 2 151 1 143 2 139 2 137 1 135 2 127 1 125 2 123 1 115 1 113 2 111 1 103 1 101 2 99 1 91 1 89 2 87 1 81 2 79 1 71 2 67 2 65 1 63 2 55 1 53 2 51 1 45 2 43 1
31 188 1 170 2 168 1 166 2 162 1 158 1 156 2 152 1 134 2 132 1 130 2 126 1 122 1 120 2 118 1 110 1 108 2 106 1 98 1 96 2 94 1 86 1 84 2 80 1 62 2 60 1 58 2 54 1 50 1 48 2 44 1
48 191 1 189 2 187 1 173 1 171 1 169 2 167 2 163 1 161 2 159 2 157 1 155 1 153 2 151 1 137 1 135 1 133 2 131 2 127 1 125 2 123 2 121 1 119 1 113 2 111 2 109 1 107 1 101 2 99 2 97 1 95 1 89 2 87 2 85 1 83 1 81 2 79 1 65 1 63 1 61 2 59 2 55 1 53 2 51 2 49 1 47 1 45 2 43 1
46 188 1 174 2 172 1 170 1 168 1 166 2 162 1 160 1 158 2 156 2 152 1 138 2 136 1 134 1 132 1 130 2 126 1 124 1 122 2 120 2 118 1 114 1 112 2 110 2 108 2 106 1 102 1 100 2 98 2 96 2 94 1 90 1 88 2 86 2 84 2 80 1 66 2 64 1 62 1 60 1 58 2 54 1 52 1 50 2 48 2 44 1
45 191 1 189 1 187 1 175 2 171 1 167 2 165 2 163 1 161 2 159 2 155 1 153 1 151 1 139 2 135 1 131 2 129 2 127 1 125 2 123 2 119 1 117 1 115 1 111 2 107 1 105 1 103 1 99 2 95 1 93 1 91 1 87 2 83 1 81 1 79 1 67 2 63 1 59 2 57 2 55 1 53 2 51 2 47 1 45 1 43 1
44 190 2 188 1 172 2 170 2 168 1 166 1 162 1 160 1 158 1 156 2 154 2 152 1 136 2 134 2 132 1 130 1 126 1 124 1 122 1 120 2 118 2 112 1 110 1 108 2 106 2 100 1 98 1 96 2 94 2 88 1 86 1 84 2 82 2 80 1 64 2 62 2 60 1 58 1 54 1 52 1 50 1 48 2 46 2 44 1
42 191 1 189 2 187 2 173 1 171 1 167 2 163 2 161 2 159 2 155 1 153 2 151 2 137 1 135 1 131 2 127 2 125 2 123 2 119 1 115 2 113 2 111 2 107 1 103 2 101 2 99 2 95 1 91 2 89 2 87 2 83 1 81 2 79 2 65 1 63 1 59 2 55 2 53 2 51 2 47 1 45 2 43 2
46 188 2 172 1 170 2 168 2 166 2 164 1 162 1 160 1 158 1 156 1 152 2 136 1 134 2 132 2 130 2 128 1 126 1 124 1 122 1 120 1 118 1 116 2 112 2 110 1 108 1 106 1 104 2 100 2 98 1 96 1 94 1 92 2 88 2 86 1 84 1 80 2 64 1 62 2 60 2 58 2 56 1 54 1 52 1 50 1 48 1 44 2
48 191 1 189 1 187 1 171 1 169 1 167 2 165 2 163 1 161 2 159 2 157 2 155 1 153 1 151 1 135 1 133 1 131 2 129 2 127 1 125 2 123 2 121 2 119 1 117 1 111 2 109 2 107 1 105 1 99 2 97 2 95 1 93 1 87 2 85 2 83 1 81 1 79 1 63 1 61 1 59 2 57 2 55 1 53 2 51 2 49 2 47 1 45 1 43 1
34 188 1 172 1 170 2 168 1 162 1 160 1 158 1 156 2 152 1 136 1 134 2 132 1 126 1 124 1 122 1 120 2 112 2 110 1 108 2 100 2 98 1 96 2 88 2 86 1 84 2 80 1 64 1 62 2 60 1 54 1 52 1 50 1 48 2 44 1
36 191 2 189 1 187 2 171 2 167 1 165 2 163 2 161 2 155 2 153 1 151 2 135 2 131 1 129 2 127 2 125 2 119 2 117 1 115 2 107 2 105 1 103 2 95 2 93 1 91 2 83 2 81 1 79 2 63 2 59 1 57 2 55 2 53 2 47 2 45 1 43 2
47 190 2 188 2 172 2 170 2 168 2 166 1 164 1 162 1 160 2 158 1 156 1 154 2 152 2 136 2 134 2 132 2 130 1 128 1 126 1 124 2 122 1 120 1 118 2 116 2 110 1 108 1 106 2 104 2 98 1 96 1 94 2 92 2 86 1 84 1 82 2 80 2 64 2 62 2 60 2 58 1 56 1 54 1 52 2 50 1 48 1 46 2 44 2
48 191 1 189 1 187 2 171 1 167 2 165 2 163 2 161 2 159 2 157 1 155 1 153 1 151 2 135 1 131 2 129 2 127 2 125 2 123 2 121 1 119 1 117 1 115 2 111 2 109 1 107 1 105 1 103 2 99 2 97 1 95 1 93 1 91 2 87 2 85 1 83 1 81 1 79 2 63 1 59 2 57 2 55 2 53 2 51 2 49 1 47 1 45 1 43 2
39 188 2 186 1 172 1 170 1 168 2 164 1 162 1 160 1 156 1 152 2 136 1 134 1 132 2 128 1 126 1 124 1 120 1 116 2 114 2 112 2 108 1 104 2 102 2 100 2 96 1 92 2 90 2 88 2 84 1 80 2 78 1 64 1 62 1 60 2 56 1 54 1 52 1 48 1 44 2
43 191 2 189 1 171 2 169 1 167 1 165 2 163 2 161 2 157 2 155 2 153 1 151 2 135 2 133 1 131 1 129 2 127 2 125 2 121 2 119 2 117 1 115 1 109 2 107 2 105 1 103 1 97 2 95 2 93 1 91 1 85 2 83 2 81 1 63 2 61 1 59 1 57 2 55 2 53 2 49 2 47 2 45 1 43 2
42 188 2 184 2 172 2 170 2 168 2 164 1 162 1 160 2 158 1 156 1 152 2 136 2 134 2 132 2 128 1 126 1 124 2 122 1 120 1 116 2 112 1 110 1 108 1 104 2 100 1 98 1 96 1 92 2 88 1 86 1 84 1 80 2 76 2 64 2 62 2 60 2 56 1 54 1 52 2 50 1 48 1 44 2
45 191 2 189 1 187 2 185 2 171 2 167 1 165 1 163 2 161 2 157 1 155 2 151 2 135 2 131 1 129 1 127 2 125 2 121 1 119 2 117 2 115 2 113 1 109 1 107 2 105 2 103 2 101 1 97 1 95 2 93 2 91 2 89 1 85 1 83 2 81 1 79 2 77 2 63 2 59 1 57 1 55 2 53 2 49 1 47 2 43 2
44 188 2 186 1 172 2 170 1 168 2 166 2 164 1 162 1 160 2 156 1 154 2 152 2 136 2 134 1 132 2 130 2 128 1 126 1 124 2 120 1 118 1 116 2 114 2 108 1 106 1 104 2 102 2 96 1 94 1 92 2 90 2 84 1 80 2 78 1 64 2 62 1 60 2 58 2 56 1 54 1 52 2 48 1 46 2 44 2
32 191 2 189 1 171 2 167 1 165 2 161 2 157 1 155 2 153 1 135 2 131 1 129 2 125 2 121 1 119 2 117 1 109 1 107 2 105 1 97 1 95 2 93 1 85 1 83 2 81 1 63 2 59 1 57 2 53 2 49 1 47 2 45 1
32 188 2 186 1 184 2 180 2 172 2 170 1 164 2 162 1 160 2 136 2 134 1 128 2 126 1 124 2 116 1 114 2 112 1 104 1 102 2 100 1 92 1 90 2 88 1 80 2 78 1 76 2 72 2 64 2 62 1 56 2 54 1 52 2
42 191 2 189 1 185 2 181 2 171 2 169 1 167 1 165 1 163 2 161 2 155 2 151 2 135 2 133 1 131 1 129 1 127 2 125 2 119 2 117 2 115 1 113 1 107 2 105 2 103 1 101 1 95 2 93 2 91 1 89 1 83 2 81 1 77 2 73 2 63 2 61 1 59 1 57 1 55 2 53 2 47 2 43 2
51 190 1 188 2 186 1 184 2 178 1 172 2 170 1 168 2 166 1 164 1 162 1 160 2 156 1 152 2 136 2 134 1 132 2 130 1 128 1 126 1 124 2 120 1 118 2 116 2 114 2 112 1 108 1 106 2 104 2 102 2 100 1 96 1 94 2 92 2 90 2 88 1 84 1 82 1 80 2 78 1 76 2 70 1 64 2 62 1 60 2 58 1 56 1 54 1 52 2 48 1 44 2
30 189 1 185 2 183 2 179 1 165 1 161 2 157 1 129 1 125 2 123 1 121 1 117 2 113 1 111 1 109 1 105 2 101 1 99 1 97 1 93 2 89 1 87 1 85 1 81 1 77 2 75 2 71 1 57 1 53 2 49 1
36 188 2 186 1 184 1 180 2 170 1 166 2 164 2 162 1 160 2 154 2 134 1 130 2 128 2 126 1 118 1 116 1 114 2 112 2 106 1 104 1 102 2 100 2 94 1 92 1 90 2 88 2 80 2 78 1 76 1 72 2 62 1 58 2 56 2 54 1 52 2 46 2
33 191 2 189 1 185 2 171 2 167 1 165 1 161 2 155 2 135 2 131 1 129 1 125 2 121 2 119 2 117 2 113 1 109 2 107 2 105 2 101 1 97 2 95 2 93 2 89 1 85 2 83 2 81 1 77 2 63 2 59 1 57 1 53 2 47 2
43 190 1 188 2 186 2 184 2 182 1 180 2 178 1 172 2 166 1 164 2 160 2 136 2 130 1 128 2 126 1 124 2 122 2 118 2 116 1 114 1 112 1 110 2 106 2 104 1 102 1 100 1 98 2 94 2 92 1 90 1 88 1 86 2 82 1 80 2 78 2 76 2 74 1 72 2 70 1 64 2 58 1 56 2 52 2
36 189 1 187 1 185 2 183 2 181 2 179 1 169 1 165 1 163 2 161 2 133 1 129 1 125 2 123 1 117 2 115 2 113 1 111 1 105 2 103 2 101 1 99 1 93 2 91 2 89 1 87 1 81 1 79 1 77 2 75 2 73 2 71 1 61 1 57 1 55 2 53 2
31 190 1 188 2 186 1 180 2 178 1 170 1 166 1 164 2 162 1 134 1 130 1 128 2 126 1 118 2 116 1 114 2 106 2 104 1 102 2 94 2 92 1 90 2 82 1 80 2 78 1 72 2 70 1 62 1 58 1 56 2 54 1
20 189 1 185 1 183 2 179 1 125 2 123 1 121 2 113 2 111 1 109 2 101 2 99 1 97 2 89 2 87 1 85 2 81 1 77 1 75 2 71 1
33 190 1 188 2 186 2 184 1 182 1 180 2 178 1 164 2 160 2 128 2 126 1 122 2 116 1 114 1 112 2 110 2 104 1 102 1 100 2 98 2 92 1 90 1 88 2 86 2 82 1 80 2 78 2 76 1 74 1 72 2 70 1 56 2 52 2
34 189 1 187 1 185 2 183 2 179 1 165 1 161 2 129 1 127 1 125 2 123 1 121 2 117 2 115 1 113 1 111 1 109 2 105 2 103 1 101 1 99 1 97 2 93 2 91 1 89 1 87 1 85 2 81 1 79 1 77 2 75 2 71 1 57 1 53 2
30 190 1 188 2 186 2 182 1 180 1 178 1 166 1 132 1 130 1 126 1 122 2 120 2 118 2 114 1 110 2 108 2 106 2 102 1 98 2 94 2 90 1 86 2 84 2 82 1 80 2 78 2 74 1 72 1 70 1 58 1
30 189 1 187 1 185 1 183 2 181 2 179 1 163 2 133 1 125 2 123 1 121 1 115 2 113 2 111 1 109 1 103 2 101 2 99 1 97 2 91 2 89 2 87 1 85 1 81 1 79 1 77 1 75 2 73 2 71 1 55 2
29 190 2 188 2 186 2 182 1 180 2 178 2 164 2 130 2 128 2 126 1 122 2 118 1 116 1 114 1 110 2 106 1 104 1 102 1 98 2 92 1 90 1 86 2 82 2 80 2 78 2 74 1 72 2 70 2 56 2
43 188 1 180 1 176 2 174 1 170 2 168 1 164 2 162 2 158 1 156 2 152 1 144 1 140 2 138 1 134 2 132 1 130 2 126 2 122 1 120 2 116 1 114 2 110 1 108 2 104 1 102 2 98 1 96 2 92 1 90 2 86 1 84 2 80 1 72 1 68 2 66 1 62 2 60 1 56 2 54 2 50 1 48 2 44 1
36 191 1 189 1 187 1 181 1 179 2 173 2 167 2 163 1 161 1 155 1 153 1 151 1 145 1 143 2 137 2 131 2 127 2 125 1 119 1 113 1 107 1 101 1 95 1 89 1 83 1 81 1 79 1 73 1 71 2 65 2 59 2 55 1 53 1 47 1 45 1 43 1
64 190 2 188 1 180 1 178 2 176 2 174 1 172 2 170 2 168 1 166 2 164 2 162 2 160 1 158 1 156 2 154 2 152 1 144 1 142 2 140 2 138 1 136 2 134 2 132 1 130 2 126 2 124 1 122 1 120 2 118 1 116 1 114 2 112 1 110 1 108 2 106 1 104 1 102 2 100 1 98 1 96 2 94 1 92 1 90 2 88 1 86 1 84 2 82 2 80 1 72 1 70 2 68 2 66 1 64 2 62 2 60 1 58 2 56 2 54 2 52 1 50 1 48 2 46 2 44 1
51 191 1 189 1 187 2 181 1 179 2 175 1 173 2 169 1 167 2 163 2 161 1 157 2 155 1 153 1 151 2 145 1 143 2 139 1 137 2 133 1 131 2 127 2 125 1 121 2 119 1 115 2 113 1 109 2 107 1 103 2 101 1 97 2 95 1 91 2 89 1 85 2 83 1 81 1 79 2 73 1 71 2 67 1 65 2 61 1 59 2 55 2 53 1 49 2 47 1 45 1 43 2
44 190 2 188 2 178 2 174 2 172 2 168 2 166 2 162 2 160 1 156 1 154 2 152 2 142 2 138 2 136 2 132 2 130 2 126 2 124 1 120 1 118 1 114 1 112 1 108 1 106 1 102 1 100 1 96 1 94 1 90 1 88 1 84 1 82 2 80 2 70 2 66 2 64 2 60 2 58 2 54 2 52 1 48 1 46 2 44 2
48 191 1 189 1 187 2 179 2 175 2 173 2 169 2 167 2 163 2 161 1 157 1 155 1 153 1 151 2 143 2 139 2 137 2 133 2 131 2 127 2 125 1 121 1 119 1 115 1 113 1 109 1 107 1 103 1 101 1 97 1 95 1 91 1 89 1 85 1 83 1 81 1 79 2 71 2 67 2 65 2 61 2 59 2 55 2 53 1 49 1 47 1 45 1 43 2
37 188 2 174 2 172 1 168 2 166 1 162 2 160 1 156 1 152 2 138 2 136 1 132 2 130 1 126 2 124 1 120 1 118 2 114 1 112 2 108 1 106 2 102 1 100 2 96 1 94 2 90 1 88 2 84 1 80 2 66 2 64 1 60 2 58 1 54 2 52 1 48 1 44 2
56 191 2 187 2 175 2 173 1 171 2 169 2 167 1 165 2 163 2 161 1 159 1 157 1 155 2 151 2 139 2 137 1 135 2 133 2 131 1 129 2 127 2 125 1 123 1 121 1 119 2 117 1 115 1 113 2 111 1 109 1 107 2 105 1 103 1 101 2 99 1 97 1 95 2 93 1 91 1 89 2 87 1 85 1 83 2 79 2 67 2 65 1 63 2 61 2 59 1 57 2 55 2 53 1 51 1 49 1 47 2 43 2
29 190 2 188 2 174 2 168 2 162 2 160 2 156 1 154 2 152 2 138 2 132 2 126 2 124 2 120 1 114 1 108 1 102 1 96 1 90 1 84 1 82 2 80 2 66 2 60 2 54 2 52 2 48 1 46 2 44 2
37 191 2 175 2 173 1 171 2 167 1 165 2 161 1 159 1 155 2 139 2 137 1 135 2 131 1 129 2 125 1 123 1 119 2 117 1 113 2 111 1 107 2 105 1 101 2 99 1 95 2 93 1 89 2 87 1 83 2 67 2 65 1 63 2 59 1 57 2 53 1 51 1 47 2
25 190 2 170 1 164 1 162 2 160 2 158 2 154 2 134 1 128 1 126 2 124 2 122 2 116 2 110 2 104 2 98 2 92 2 86 2 82 2 62 1 56 1 54 2 52 2 50 2 46 2
46 191 2 173 1 171 2 169 1 167 1 165 2 161 1 159 1 157 2 155 2 137 1 135 2 133 1 131 1 129 2 125 1 123 1 121 2 119 2 117 1 115 2 113 2 111 1 109 2 107 2 105 1 103 2 101 2 99 1 97 2 95 2 93 1 91 2 89 2 87 1 85 2 83 2 65 1 63 2 61 1 59 1 57 2 53 1 51 1 49 2 47 2
33 172 2 170 1 166 2 164 1 162 2 160 2 158 2 136 2 134 1 130 2 128 1 126 2 124 2 122 2 118 1 116 2 112 1 110 2 106 1 104 2 100 1 98 2 94 1 92 2 88 1 86 2 64 2 62 1 58 2 56 1 54 2 52 2 50 2
31 189 2 169 1 165 1 161 1 159 2 157 2 153 2 133 1 129 1 125 1 123 2 121 2 117 2 115 2 111 2 109 2 105 2 103 2 99 2 97 2 93 2 91 2 87 2 85 2 81 2 61 1 57 1 53 1 51 2 49 2 45 2
31 190 2 170 1 166 1 164 1 162 2 158 2 154 2 134 1 130 1 128 1 126 2 122 2 118 2 116 2 112 2 110 2 106 2 104 2 100 2 98 2 94 2 92 2 88 2 86 2 82 2 62 1 58 1 56 1 54 2 50 2 46 2
35 189 2 187 1 165 1 163 1 161 1 159 2 157 1 153 2 151 1 129 1 127 1 125 1 123 2 121 1 117 2 115 1 111 2 109 1 105 2 103 1 99 2 97 1 93 2 91 1 87 2 85 1 81 2 79 1 57 1 55 1 53 1 51 2 49 1 45 2 43 1
46 190 2 188 1 186 1 168 1 166 1 164 2 162 2 158 1 156 2 154 2 152 1 132 1 130 1 128 2 126 2 122 1 120 2 118 2 116 1 114 2 112 2 110 1 108 2 106 2 104 1 102 2 100 2 98 1 96 2 94 2 92 1 90 2 88 2 86 1 84 2 82 2 80 1 78 1 60 1 58 1 56 2 54 2 50 1 48 2 46 2 44 1
29 189 2 187 2 169 1 165 1 163 1 161 1 159 2 153 2 151 1 133 1 129 1 127 1 125 1 123 2 117 2 111 2 105 2 99 2 93 2 87 2 81 2 79 2 61 1 57 1 55 1 53 1 51 2 45 2 43 1
35 188 1 186 1 184 2 168 1 164 2 162 2 158 1 156 2 152 1 132 1 128 2 126 2 122 1 120 2 116 1 114 2 110 1 108 2 104 1 102 2 98 1 96 2 92 1 90 2 86 1 84 2 80 1 78 1 76 2 60 1 56 2 54 2 50 1 48 2 44 1
35 191 1 189 2 187 2 185 2 171 1 169 1 167 2 163 1 161 1 155 1 153 1 151 1 135 1 133 1 131 2 127 1 125 1 119 1 113 1 107 1 101 1 95 1 89 1 83 1 81 2 79 2 77 2 63 1 61 1 59 2 55 1 53 1 47 1 45 1 43 1
52 188 1 186 1 184 2 172 1 168 1 166 2 164 2 162 2 160 1 158 1 156 2 154 2 152 1 136 1 132 1 130 2 128 2 126 2 124 1 122 1 120 2 118 1 116 1 114 2 112 1 110 1 108 2 106 1 104 1 102 2 100 1 98 1 96 2 94 1 92 1 90 2 88 1 86 1 84 2 80 1 78 1 76 2 64 1 60 1 58 2 56 2 54 2 52 1 50 1 48 2 46 2 44 1
41 191 1 189 2 187 2 185 2 171 1 167 2 163 2 161 1 157 2 155 1 153 1 151 2 135 1 131 2 127 2 125 1 121 2 119 1 115 2 113 1 109 2 107 1 103 2 101 1 97 2 95 1 91 2 89 1 85 2 83 1 81 2 79 2 77 2 63 1 59 2 55 2 53 1 49 2 47 1 45 1 43 2
45 188 1 186 2 184 2 180 2 172 1 170 2 168 2 166 2 162 2 160 1 156 1 154 2 152 2 136 1 134 2 132 2 130 2 126 2 124 1 120 1 118 1 114 1 112 1 108 1 106 1 102 1 100 1 96 1 94 1 90 1 88 1 84 1 80 1 78 2 76 2 72 2 64 1 62 2 60 2 58 2 54 2 52 1 48 1 46 2 44 2
44 191 1 189 2 185 2 181 2 171 1 169 1 167 2 163 2 161 1 157 1 155 1 153 1 151 2 135 1 133 1 131 2 127 2 125 1 121 1 119 1 115 1 113 1 109 1 107 1 103 1 101 1 97 1 95 1 91 1 89 1 85 1 83 1 81 2 77 2 73 2 63 1 61 1 59 2 55 2 53 1 49 1 47 1 45 1 43 2
47 190 1 188 1 186 2 184 1 180 2 178 1 172 1 170 2 168 2 166 1 162 2 160 1 156 1 152 2 136 1 134 2 132 2 130 1 126 2 124 1 120 1 118 2 114 1 112 2 108 1 106 2 102 1 100 2 96 1 94 2 90 1 88 2 84 1 82 1 80 1 78 2 76 1 72 2 70 1 64 1 62 2 60 2 58 1 54 2 52 1 48 1 44 2
56 191 2 189 2 185 1 183 2 181 2 179 1 171 2 169 1 167 1 165 2 163 2 161 1 157 1 155 2 151 2 135 2 133 1 131 1 129 2 127 2 125 1 123 1 121 1 119 2 117 1 115 1 113 2 111 1 109 1 107 2 105 1 103 1 101 2 99 1 97 1 95 2 93 1 91 1 89 2 87 1 85 1 83 2 81 2 77 1 75 2 73 2 71 1 63 2 61 1 59 1 57 2 55 2 53 1 49 1 47 2 43 2
38 190 1 188 1 186 2 180 2 178 1 172 2 170 2 168 2 162 2 160 1 156 1 154 2 152 2 136 2 134 2 132 2 126 2 124 2 120 1 114 1 108 1 102 1 96 1 90 1 84 1 82 1 80 1 78 2 72 2 70 1 64 2 62 2 60 2 54 2 52 1 48 1 46 2 44 2
39 191 2 189 2 185 1 183 2 179 1 171 2 167 1 165 2 161 1 157 1 155 2 135 2 131 1 129 2 125 1 123 1 119 2 117 1 113 2 111 1 107 2 105 1 101 2 99 1 95 2 93 1 89 2 87 1 83 2 81 2 77 1 75 2 71 1 63 2 59 1 57 2 53 1 49 1 47 2
34 190 1 188 1 182 1 180 1 178 1 172 2 170 1 164 1 162 1 160 1 154 2 136 2 134 1 128 1 126 2 124 2 122 2 116 2 110 2 104 2 98 2 92 2 86 2 82 1 80 1 74 1 72 1 70 1 64 2 62 1 56 1 54 1 52 1 46 2
53 191 2 189 2 187 1 185 1 183 2 181 2 179 1 171 2 169 1 167 1 165 2 163 2 161 1 155 2 135 2 133 1 131 1 129 2 125 1 123 1 121 2 119 2 117 1 115 2 113 2 111 1 109 2 107 2 105 1 103 2 101 2 99 1 97 2 95 2 93 1 91 2 89 2 87 1 85 2 83 2 81 2 79 1 77 1 75 2 73 2 71 1 63 2 61 1 59 1 57 2 55 2 53 1 47 2
43 190 2 188 1 184 2 182 1 180 1 178 2 172 2 170 1 166 2 164 1 162 1 160 2 136 2 134 1 130 2 128 1 126 2 124 2 122 2 118 1 116 2 112 1 110 2 106 1 104 2 100 1 98 2 94 1 92 2 88 1 86 2 82 2 80 1 76 2 74 1 72 1 70 2 64 2 62 1 58 2 56 1 54 1 52 2
35 189 2 187 1 183 1 181 2 179 2 169 1 165 1 163 2 161 2 133 1 129 1 125 1 123 2 121 2 117 2 115 2 111 2 109 2 105 2 103 2 99 2 97 2 93 2 91 2 87 2 85 2 81 2 79 1 75 1 73 2 71 2 61 1 57 1 55 2 53 2
39 190 2 188 1 184 1 182 1 180 1 178 2 170 1 166 1 164 1 162 1 160 2 134 1 130 1 128 1 126 2 122 2 118 2 116 2 112 2 110 2 106 2 104 2 100 2 98 2 94 2 92 2 88 2 86 2 82 2 80 1 76 1 74 1 72 1 70 2 62 1 58 1 56 1 54 1 52 2
29 189 2 187 1 183 1 179 2 165 1 161 2 129 1 127 1 125 1 123 2 121 1 117 2 115 1 111 2 109 1 105 2 103 1 99 2 97 1 93 2 91 1 87 2 85 1 81 2 79 1 75 1 71 2 57 1 53 2
41 190 2 188 1 186 1 184 1 182 2 178 2 166 1 164 2 160 2 132 1 130 1 128 2 126 2 122 1 120 2 118 2 116 1 114 2 112 2 110 1 108 2 106 2 104 1 102 2 100 2 98 1 94 2 92 1 90 2 88 2 86 1 84 2 82 2 80 1 78 1 76 1 74 2 70 2 58 1 56 2 52 2
28 189 2 187 2 183 1 181 2 179 2 165 1 163 2 161 2 133 1 129 1 127 1 125 1 123 2 117 2 111 2 105 2 99 2 97 1 93 2 87 2 81 2 79 2 75 1 73 2 71 2 57 1 55 2 53 2
27 188 1 186 1 182 2 166 1 164 2 132 1 128 2 126 2 122 1 120 2 116 1 114 2 110 1 108 2 104 1 102 2 98 1 94 2 92 1 90 2 86 1 84 2 80 1 78 1 74 2 58 1 56 2
24 191 1 189 2 187 2 185 2 181 2 163 2 135 1 133 1 131 2 127 1 125 1 119 1 113 1 107 1 101 1 99 1 97 1 89 1 83 1 81 2 79 2 77 2 73 2 55 2
34 188 1 186 1 184 2 182 2 164 2 136 1 132 1 130 2 128 2 126 2 124 1 122 1 120 2 118 1 116 1 114 2 112 1 110 1 108 2 106 1 104 1 102 2 100 2 98 1 92 1 90 2 88 1 86 1 84 2 80 1 78 1 76 2 74 2 56 2
25 191 1 189 2 187 2 185 2 135 1 131 2 127 2 125 1 121 2 119 1 115 2 113 1 109 2 107 1 103 2 101 1 99 1 97 2 91 2 89 1 85 2 83 1 81 2 79 2 77 2
25 188 1 186 2 184 2 180 2 136 1 134 2 132 2 130 2 126 2 124 1 120 1 118 1 114 1 112 1 108 1 106 1 102 1 100 2 98 2 88 1 84 1 80 1 78 2 76 2 72 2
25 191 1 189 2 185 2 181 2 135 1 133 1 131 2 127 2 125 1 121 1 119 1 115 1 113 1 109 1 107 1 103 1 101 1 99 1 97 2 89 1 85 1 83 1 81 2 77 2 73 2
27 190 1 188 1 186 2 184 1 180 2 178 1 136 1 134 2 132 2 130 1 126 2 124 1 120 1 118 2 114 1 112 2 108 1 106 2 102 1 98 2 84 1 82 1 80 1 78 2 76 1 72 2 70 1
52 190 1 188 1 180 1 178 1 176 2 174 1 170 2 168 1 164 2 162 2 160 1 158 1 156 2 154 1 152 1 144 1 142 1 140 2 138 1 134 2 132 1 126 2 124 2 122 1 120 2 116 1 114 2 110 1 108 2 104 1 102 2 98 1 96 2 92 1 90 2 86 1 84 2 82 1 80 1 72 1 70 1 68 2 66 1 62 2 60 1 56 2 54 2 52 1 50 1 48 2 46 1 44 1
52 189 2 187 2 181 1 179 1 177 1 175 1 171 1 169 1 165 1 163 2 161 1 159 2 157 2 153 2 151 2 145 1 143 1 141 1 139 1 135 1 133 1 127 2 125 2 123 2 121 2 117 2 115 2 111 2 109 2 105 2 103 2 99 2 97 2 93 2 91 2 87 2 85 2 81 2 79 2 73 1 71 1 69 1 67 1 63 1 61 1 57 1 55 2 53 1 51 2 49 2 45 2 43 2
23 188 2 174 2 168 2 162 2 156 1 152 2 138 2 132 2 130 2 126 2 120 1 114 1 108 1 102 1 96 1 90 1 84 1 80 2 66 2 60 2 54 2 48 1 44 2
48 191 1 189 1 187 1 179 2 175 1 173 2 169 1 167 2 163 1 161 1 157 2 155 1 153 1 151 1 143 2 139 1 137 2 133 1 131 2 127 2 125 1 121 2 119 1 115 2 113 1 109 2 107 1 103 2 101 1 97 2 95 1 91 2 89 1 85 2 83 1 81 1 79 1 71 2 67 1 65 2 61 1 59 2 55 1 53 1 49 2 47 1 45 1 43 1
57 188 1 180 1 176 2 174 1 172 1 170 2 168 1 166 1 164 2 162 2 160 1 158 1 156 2 152 1 144 1 140 2 138 1 136 1 134 2 132 1 130 1 126 2 124 1 122 1 120 2 118 2 116 1 114 2 112 2 110 1 108 2 106 2 104 1 102 2 100 2 98 1 96 2 94 2 92 1 90 2 88 2 86 1 84 2 80 1 72 1 68 2 66 1 64 1 62 2 60 1 58 1 56 2 54 2 52 1 50 1 48 2 44 1
59 191 2 187 2 181 1 175 1 173 1 171 2 169 1 167 1 165 2 163 2 161 1 159 1 157 2 155 2 151 2 145 1 139 1 137 1 135 2 133 1 131 1 129 2 127 2 125 1 123 1 121 2 119 2 117 1 115 2 113 2 111 1 109 2 107 2 105 1 103 2 101 2 99 1 97 2 95 2 93 1 91 2 89 2 87 1 85 2 83 2 79 2 73 1 67 1 65 1 63 2 61 1 59 1 57 2 55 2 53 1 51 1 49 2 47 2 43 2
44 190 1 188 2 178 2 174 2 172 1 168 2 166 1 162 2 160 2 156 1 154 1 152 2 142 2 138 2 136 1 132 2 130 1 126 2 124 2 120 1 118 2 114 1 112 2 108 1 106 2 102 1 100 2 96 1 94 2 90 1 88 2 84 1 82 1 80 2 70 2 66 2 64 1 60 2 58 1 54 2 52 2 48 1 46 1 44 2
29 191 1 189 1 179 2 175 2 173 2 167 2 161 1 155 1 153 1 143 2 139 2 137 2 131 2 125 1 119 1 113 1 107 1 101 1 95 1 89 1 83 1 81 1 71 2 67 2 65 2 59 2 53 1 47 1 45 1
33 172 1 170 1 166 1 164 1 162 2 160 1 158 2 136 1 134 1 130 1 128 1 126 2 124 1 122 2 118 2 116 2 112 2 110 2 106 2 104 2 100 2 98 2 94 2 92 2 88 2 86 2 64 1 62 1 58 1 56 1 54 2 52 1 50 2
41 191 2 187 2 173 1 171 2 167 1 165 2 163 2 161 1 159 1 155 2 151 2 137 1 135 2 131 1 129 2 127 2 125 1 123 1 119 2 117 1 113 2 111 1 107 2 105 1 101 2 99 1 95 2 93 1 89 2 87 1 83 2 79 2 65 1 63 2 59 1 57 2 55 2 53 1 51 1 47 2 43 2
37 188 2 174 2 172 2 168 2 166 2 162 2 160 2 156 1 152 2 138 2 136 2 132 2 130 2 126 2 124 2 120 1 118 1 114 1 112 1 108 1 106 1 102 1 100 1 96 1 94 1 90 1 88 1 84 1 80 2 66 2 64 2 60 2 58 2 54 2 52 2 48 1 44 2
22 189 2 175 2 165 1 161 1 159 2 153 2 139 2 129 1 125 1 123 2 117 2 111 2 105 2 99 2 93 2 87 2 81 2 67 2 57 1 53 1 51 2 45 2
34 190 1 172 1 170 1 166 2 164 1 162 2 158 2 154 1 136 1 134 1 130 2 128 1 126 2 122 2 118 1 116 2 112 1 110 2 106 1 104 2 100 1 98 2 94 1 92 2 88 1 86 2 82 1 64 1 62 1 58 2 56 1 54 2 50 2 46 1
50 191 2 187 1 173 1 171 2 167 1 165 2 163 1 161 1 159 1 157 1 155 2 151 1 137 1 135 2 131 1 129 2 127 1 125 1 123 1 121 1 119 2 117 1 115 1 113 2 111 1 109 1 107 2 105 1 103 1 101 2 99 1 97 1 95 2 93 1 91 1 89 2 87 1 85 1 83 2 79 1 65 1 63 2 59 1 57 2 55 1 53 1 51 1 49 1 47 2 43 1
48 188 1 186 1 172 2 168 1 166 2 164 2 162 2 160 2 158 1 156 2 152 1 136 2 132 1 130 2 128 2 126 2 124 2 122 1 120 2 118 1 116 1 114 2 112 1 110 1 108 2 106 1 104 1 102 2 100 1 98 1 96 2 94 1 92 1 90 2 88 1 86 1 84 2 80 1 78 1 64 2 60 1 58 2 56 2 54 2 52 2 50 1 48 2 44 1
33 189 2 187 1 169 2 165 1 161 1 159 2 157 1 153 2 133 2 129 1 125 1 123 2 121 1 117 2 115 1 111 2 109 1 105 2 103 1 99 2 97 1 93 2 91 1 87 2 85 1 81 2 79 1 61 2 57 1 53 1 51 2 49 1 45 2
20 184 2 170 1 164 1 162 2 158 2 134 1 128 1 126 2 122 2 116 2 110 2 104 2 98 2 92 2 86 2 76 2 62 1 56 1 54 2 50 2
41 191 1 189 2 187 1 185 2 171 1 167 2 163 1 161 1 157 1 155 1 153 1 151 1 135 1 131 2 127 1 125 1 121 1 119 1 115 1 113 1 109 1 107 1 103 1 101 1 97 1 95 1 91 1 89 1 85 1 83 1 81 2 79 1 77 2 63 1 59 2 55 1 53 1 49 1 47 1 45 1 43 1
43 190 2 188 1 186 1 172 1 168 1 164 2 162 2 160 1 158 1 156 2 154 1 152 1 136 1 132 1 128 2 126 2 124 1 122 1 120 2 116 1 114 2 110 1 108 2 104 1 102 2 98 1 96 2 92 1 90 2 86 1 84 2 82 2 80 1 78 1 64 1 60 1 56 2 54 2 52 1 50 1 48 2 46 1 44 1
35 189 2 187 2 165 1 163 2 161 1 159 2 157 2 153 2 151 2 129 1 127 2 125 1 123 2 121 2 117 2 115 2 111 2 109 2 105 2 103 2 99 2 97 2 93 2 91 2 87 2 85 2 81 2 79 2 57 1 55 2 53 1 51 2 49 2 45 2 43 2
28 188 1 186 2 184 2 180 2 170 2 168 2 162 2 156 1 152 2 134 2 132 2 126 2 120 1 114 1 108 1 102 1 96 1 90 1 84 1 80 1 78 2 76 2 72 2 62 2 60 2 54 2 48 1 44 2
44 191 1 189 2 185 2 181 2 171 1 169 2 167 2 163 1 161 1 157 2 155 1 153 1 151 1 135 1 133 2 131 2 127 1 125 1 121 2 119 1 115 2 113 1 109 2 107 1 103 2 101 1 97 2 95 1 91 2 89 1 85 2 83 1 81 2 77 2 73 2 63 1 61 2 59 2 55 1 53 1 49 2 47 1 45 1 43 1
54 190 1 188 1 186 1 184 1 178 1 172 1 168 1 166 1 164 2 162 2 160 1 158 1 156 2 152 1 136 1 132 1 130 1 128 2 126 2 124 1 122 1 120 2 118 2 116 1 114 2 112 2 110 1 108 2 106 2 104 1 102 2 100 2 98 1 96 2 94 2 92 1 90 2 88 2 86 1 84 2 82 1 80 1 78 1 76 1 70 1 64 1 60 1 58 1 56 2 54 2 52 1 50 1 48 2 44 1
53 191 2 189 2 187 2 185 1 183 2 179 1 171 2 167 1 165 2 163 2 161 1 157 2 155 2 151 2 135 2 131 1 129 2 127 2 125 1 123 1 121 2 119 2 117 1 115 2 113 2 111 1 109 2 107 2 105 1 103 2 101 2 99 1 97 2 95 2 93 1 91 2 89 2 87 1 85 2 83 2 81 2 79 2 77 1 75 2 71 1 63 2 59 1 57 2 55 2 53 1 49 2 47 2 43 2
45 188 1 186 2 184 1 180 2 172 2 170 2 168 2 166 1 162 2 160 1 156 1 154 1 152 2 136 2 134 2 132 2 130 1 126 2 124 2 120 1 118 2 114 1 112 2 108 1 106 2 102 1 100 2 96 1 94 2 90 1 88 2 84 1 80 1 78 2 76 1 72 2 64 2 62 2 60 2 58 1 54 2 52 1 48 1 46 1 44 2
27 191 1 189 2 185 2 171 1 167 2 161 1 157 1 155 1 153 1 135 1 131 2 125 1 119 1 113 1 107 1 101 1 95 1 89 1 83 1 81 2 77 2 63 1 59 2 53 1 49 1 47 1 45 1
43 190 1 188 1 184 1 182 1 180 1 178 1 172 1 170 1 166 1 164 1 162 1 160 1 136 1 134 1 130 1 128 1 126 2 124 1 122 2 118 2 116 2 112 2 110 2 106 2 104 2 100 2 98 2 94 2 92 2 88 2 86 2 82 1 80 1 76 1 74 1 72 1 70 1 64 1 62 1 58 1 56 1 54 1 52 1
49 191 2 189 2 187 1 185 1 183 2 181 1 179 1 171 2 169 2 167 1 165 2 163 1 161 1 155 2 151 2 135 2 133 2 131 1 129 2 127 2 125 1 123 1 119 2 117 1 113 2 111 1 107 2 105 1 101 2 99 1 95 2 93 1 89 2 87 1 83 2 81 2 79 1 77 1 75 2 73 1 71 1 63 2 61 2 59 1 57 2 55 1 53 1 47 2 43 2
47 190 2 188 1 186 2 184 2 180 2 178 2 172 2 170 2 168 2 166 2 162 2 160 2 156 1 152 2 136 2 134 2 132 2 130 2 126 2 124 2 120 1 118 1 114 1 112 1 108 1 106 1 102 1 100 1 96 1 94 1 90 1 88 1 84 1 82 2 80 1 78 2 76 2 72 2 70 2 64 2 62 2 60 2 58 2 54 2 52 2 48 1 44 2
21 189 2 183 1 179 2 165 1 161 2 157 1 129 1 125 1 123 2 117 2 111 2 105 2 99 2 93 2 87 2 81 2 75 1 71 2 57 1 53 2 49 1
41 190 1 188 1 184 2 182 1 180 1 178 1 170 1 166 2 164 1 162 1 160 1 154 2 134 1 130 2 128 1 126 2 122 2 118 1 116 2 112 1 110 2 106 1 104 2 100 1 98 2 94 1 92 2 88 1 86 2 82 1 80 1 76 2 74 1 72 1 70 1 62 1 58 2 56 1 54 1 52 1 46 2
47 191 2 189 2 187 1 185 1 183 2 179 1 171 2 167 1 165 2 161 1 155 2 135 2 131 1 129 2 127 1 125 1 123 1 121 1 119 2 117 1 115 1 113 2 111 1 109 1 107 2 105 1 103 1 101 2 99 1 97 1 95 2 93 1 91 1 89 2 87 1 85 1 83 2 81 2 79 1 77 1 75 2 71 1 63 2 59 1 57 2 53 1 47 2
45 190 2 188 1 186 1 184 2 182 2 178 2 172 2 166 2 164 2 160 2 136 2 132 1 130 2 128 2 126 2 124 2 122 1 120 2 118 1 116 1 114 2 112 1 110 1 108 2 106 1 104 1 102 2 100 1 98 1 94 1 92 1 90 2 88 1 86 1 84 2 82 2 80 1 78 1 76 2 74 2 70 2 64 2 58 2 56 2 52 2
35 189 2 187 2 183 1 181 1 179 2 169 1 165 1 163 1 161 2 133 2 129 1 125 1 123 2 121 1 117 2 115 1 111 2 109 1 105 2 103 1 99 2 97 2 93 2 91 1 87 2 85 1 81 2 79 2 75 1 73 1 71 2 61 1 57 1 55 1 53 2
25 188 1 182 1 180 1 170 1 166 1 164 1 162 1 134 1 128 1 126 2 122 2 116 2 110 2 104 2 98 2 94 2 92 2 86 2 80 1 74 1 72 1 62 1 58 1 56 1 54 1
25 191 1 189 2 187 1 185 2 135 1 131 2 127 1 125 1 121 1 119 1 115 1 113 1 109 1 107 1 103 1 101 1 99 1 97 1 91 1 89 1 85 1 83 1 81 2 79 1 77 2
33 190 2 188 1 186 1 182 2 178 2 164 2 160 2 136 1 132 1 128 2 126 2 124 1 122 1 120 2 116 1 114 2 110 1 108 2 104 1 102 2 100 1 98 1 92 1 90 2 86 1 84 2 82 2 80 1 78 1 74 2 70 2 56 2 52 2
29 189 2 187 2 183 1 179 2 165 1 161 2 129 1 127 2 125 1 123 2 121 2 117 2 115 2 111 2 109 2 105 2 103 2 99 2 97 2 93 2 91 2 87 2 85 2 81 2 79 2 75 1 71 2 57 1 53 2
18 188 1 186 2 180 2 166 1 134 2 132 2 126 2 120 1 114 1 108 1 102 1 98 2 94 2 84 1 80 1 78 2 72 2 58 1
28 191 1 189 2 185 2 181 1 163 2 135 1 133 2 131 2 127 1 125 1 121 2 119 1 115 2 113 1 109 2 107 1 103 2 101 1 99 1 97 1 91 1 89 1 85 2 83 1 81 2 77 2 73 1 55 2
36 190 1 188 1 186 1 184 1 182 2 178 1 164 2 136 1 132 1 130 1 128 2 126 2 124 1 122 1 120 2 118 2 116 1 114 2 112 2 110 1 108 2 106 2 104 1 102 2 98 1 92 1 90 2 86 1 84 2 82 1 80 1 78 1 76 1 74 2 70 1 56 2
33 191 2 189 2 187 2 185 1 183 2 179 1 135 2 131 1 129 2 127 2 125 1 123 1 121 2 119 2 117 1 115 2 113 2 111 1 109 2 107 2 105 2 103 2 101 2 97 2 91 2 87 1 85 2 83 2 81 2 79 2 77 1 75 2 71 1
24 188 1 186 2 184 1 180 2 136 2 134 2 132 2 130 1 126 2 124 2 120 1 118 2 114 1 112 2 108 1 102 1 100 1 98 2 88 2 84 1 80 1 78 2 76 1 72 2
41 190 1 188 1 178 1 174 1 172 2 168 1 166 2 162 1 156 2 154 1 152 1 142 1 138 1 136 2 134 2 132 1 124 2 120 2 118 1 114 2 112 1 108 2 106 1 102 2 100 1 96 2 94 1 90 2 88 1 84 2 82 1 80 1 70 1 66 1 64 2 60 1 58 2 54 1 48 2 46 1 44 1
48 189 1 187 2 179 2 177 2 175 2 171 2 169 2 165 2 163 2 161 2 159 1 157 1 153 1 151 2 143 2 141 2 139 2 135 2 133 2 125 1 123 1 121 1 117 1 115 1 111 1 109 1 105 1 103 1 99 1 97 1 93 1 91 1 87 1 85 1 81 1 79 2 71 2 69 2 67 2 63 2 61 2 57 2 55 2 53 2 51 1 49 1 45 1 43 2
62 190 2 188 2 180 2 178 2 176 1 174 2 172 1 170 1 168 2 166 1 164 1 162 1 158 2 156 1 154 2 152 2 144 2 142 2 140 1 138 2 136 1 134 1 132 2 130 2 126 1 124 1 122 2 120 1 118 2 116 2 114 1 112 2 110 2 108 1 106 2 104 2 102 1 100 2 98 2 96 1 94 2 92 2 90 1 88 2 86 2 84 1 82 2 80 2 72 2 70 2 68 1 66 2 64 1 62 1 60 2 58 1 56 1 54 1 50 2 48 1 46 2 44 2
45 191 1 187 2 181 2 177 1 173 2 171 1 167 2 165 1 163 2 161 2 159 2 155 1 151 2 145 2 141 1 137 2 135 1 131 2 127 1 123 2 119 1 117 2 113 1 111 2 107 1 105 2 101 1 99 2 95 1 93 2 89 1 87 2 83 1 79 2 73 2 69 1 65 2 63 1 59 2 57 1 55 2 53 2 51 2 47 1 43 2
64 190 2 188 2 180 2 178 2 176 1 174 2 172 2 170 1 168 2 166 2 164 1 162 1 160 1 158 2 156 1 154 2 152 2 144 2 142 2 140 1 138 2 136 2 134 1 132 2 130 1 126 1 124 1 122 2 120 1 118 1 116 2 114 1 112 1 110 2 108 1 106 1 104 2 102 1 100 1 98 2 96 1 94 1 92 2 90 1 88 1 86 2 84 1 82 2 80 2 72 2 70 2 68 1 66 2 64 2 62 1 60 2 58 2 56 1 54 1 52 1 50 2 48 1 46 2 44 2
45 191 2 189 2 181 2 179 1 175 1 173 1 169 1 167 1 161 2 157 2 155 2 153 2 145 2 143 1 139 1 137 1 133 1 131 1 127 1 125 2 121 2 119 2 115 2 113 2 109 2 107 2 103 2 101 2 97 2 95 2 91 2 89 2 85 2 83 2 81 2 73 2 71 1 67 1 65 1 61 1 59 1 53 2 49 2 47 2 45 2
45 190 1 180 1 178 1 176 2 172 1 170 2 166 1 164 2 162 1 160 2 158 1 154 1 144 1 142 1 140 2 136 1 134 2 130 1 126 1 124 2 122 1 118 2 116 1 112 2 110 1 106 2 104 1 100 2 98 1 94 2 92 1 88 2 86 1 82 1 72 1 70 1 68 2 64 1 62 2 58 1 56 2 54 1 52 2 50 1 46 1
36 191 2 189 2 187 1 181 1 179 1 173 1 167 1 163 1 161 2 155 2 153 2 151 1 145 1 143 1 137 1 131 1 127 1 125 2 119 2 113 2 107 2 101 2 95 2 89 2 83 2 81 2 79 1 73 1 71 1 65 1 59 1 55 1 53 2 47 2 45 2 43 1
32 190 2 188 1 178 2 174 1 168 1 162 1 160 2 156 2 154 2 152 1 142 2 138 1 132 1 126 1 124 2 120 2 114 2 108 2 102 2 96 2 90 2 84 2 82 2 80 1 70 2 66 1 60 1 54 1 52 2 48 2 46 2 44 1
47 189 1 187 1 179 2 175 1 171 2 169 1 165 2 163 1 161 2 159 1 157 2 153 1 151 1 143 2 139 1 135 2 133 1 129 2 127 1 125 2 123 1 121 2 117 1 115 2 111 1 109 2 105 1 103 2 99 1 97 2 93 1 91 2 87 1 85 2 81 1 79 1 71 2 67 1 63 2 61 1 57 2 55 1 53 2 51 1 49 2 45 1 43 1
38 190 2 188 1 174 1 172 1 168 1 166 1 162 1 156 2 154 2 152 1 138 1 136 1 132 1 130 1 126 1 120 2 118 2 114 2 112 2 108 2 106 2 102 2 100 2 96 2 94 2 90 2 88 2 84 2 82 2 80 1 66 1 64 1 60 1 58 1 54 1 48 2 46 2 44 1
56 191 1 187 2 175 1 173 2 171 1 169 2 167 2 165 1 163 2 161 2 159 2 157 1 155 1 151 2 139 1 137 2 135 1 133 2 131 2 129 1 127 2 125 2 123 2 121 1 119 1 117 2 115 1 113 1 111 2 109 1 107 1 105 2 103 1 101 1 99 2 97 1 95 1 93 2 91 1 89 1 87 2 85 1 83 1 79 2 67 1 65 2 63 1 61 2 59 2 57 1 55 2 53 2 51 2 49 1 47 1 43 2
44 190 1 188 2 174 2 170 1 168 2 164 1 162 1 160 1 158 2 156 1 154 1 152 2 138 2 134 1 132 2 128 1 126 1 124 1 122 2 120 1 116 2 114 1 110 2 108 1 104 2 102 1 98 2 96 1 92 2 90 1 86 2 84 1 82 1 80 2 66 2 62 1 60 2 56 1 54 1 52 1 50 2 48 1 46 1 44 2
49 191 1 175 2 173 2 171 1 169 1 167 2 165 1 161 2 159 2 157 2 155 1 139 2 137 2 135 1 133 1 131 2 129 1 125 2 123 2 121 2 119 1 117 2 115 2 113 1 111 2 109 2 107 1 105 2 103 2 101 1 99 2 97 2 95 1 93 2 91 2 89 1 87 2 85 2 83 1 67 2 65 2 63 1 61 1 59 2 57 1 53 2 51 2 49 2 47 1
37 190 2 172 2 170 2 166 2 164 2 162 1 160 1 158 1 154 2 136 2 134 2 130 2 128 2 126 1 124 1 122 1 118 1 116 1 112 1 110 1 106 1 104 1 100 1 98 1 94 1 92 1 88 1 86 1 82 2 64 2 62 2 58 2 56 2 54 1 52 1 50 1 46 2
38 191 2 189 2 173 1 171 2 169 2 167 1 161 2 157 1 155 2 153 2 137 1 135 2 133 2 131 1 125 2 121 1 119 2 115 1 113 2 109 1 107 2 103 1 101 2 97 1 95 2 91 1 89 2 85 1 83 2 81 2 65 1 63 2 61 2 59 1 53 2 49 1 47 2 45 2
28 190 2 172 2 170 2 164 2 162 1 160 2 158 1 154 2 136 2 134 2 128 2 126 1 124 2 122 1 116 1 110 1 104 1 98 1 92 1 86 1 82 2 64 2 62 2 56 2 54 1 52 2 50 1 46 2
29 189 1 187 1 169 1 165 2 163 1 161 2 159 1 153 1 151 1 133 1 129 2 127 1 125 2 123 1 117 1 111 1 105 1 99 1 93 1 87 1 81 1 79 1 61 1 57 2 55 1 53 2 51 1 45 1 43 1
37 190 1 188 1 186 1 170 1 168 1 166 2 162 1 156 2 154 1 152 1 134 1 132 1 130 2 126 1 120 2 118 1 114 2 112 1 108 2 106 1 102 2 100 1 96 2 94 1 90 2 88 1 84 2 82 1 80 1 78 1 62 1 60 1 58 2 54 1 48 2 46 1 44 1
36 189 1 169 1 165 2 163 2 161 2 159 1 157 1 153 1 151 2 133 1 129 2 127 2 125 2 123 1 121 1 117 1 115 1 111 1 109 1 105 1 103 1 99 1 97 1 93 1 91 1 87 1 85 1 81 1 61 1 57 2 55 2 53 2 51 1 49 1 45 1 43 2
48 190 2 188 2 186 2 184 2 168 2 166 1 164 1 162 1 158 2 156 1 154 2 152 2 132 2 130 1 128 1 126 1 122 2 120 1 118 2 116 2 114 1 112 2 110 2 108 1 106 2 104 2 102 1 100 2 98 2 96 1 94 2 92 2 90 1 88 2 86 2 84 1 82 2 80 2 78 2 76 2 60 2 58 1 56 1 54 1 50 2 48 1 46 2 44 2
45 191 1 189 1 187 1 185 2 171 1 169 2 167 2 165 1 163 2 161 2 159 2 155 1 151 2 135 1 133 2 131 2 129 1 127 2 125 2 123 2 119 1 117 2 113 1 111 2 107 1 105 2 101 1 99 2 95 1 93 2 89 1 87 2 83 1 81 1 79 1 77 2 63 1 61 2 59 2 57 1 55 2 53 2 51 2 47 1 43 2
52 188 2 186 2 184 1 172 1 168 2 166 2 164 1 162 1 160 1 158 2 156 1 154 2 152 2 136 1 132 2 130 2 128 1 126 1 124 1 122 2 120 1 118 1 116 2 114 1 112 1 110 2 108 1 106 1 104 2 102 1 100 1 98 2 96 1 94 1 92 2 90 1 88 1 86 2 84 1 80 2 78 2 76 1 64 1 60 2 58 2 56 1 54 1 52 1 50 2 48 1 46 2 44 2
39 191 2 189 1 187 1 185 1 171 2 169 1 167 1 161 2 157 2 155 2 153 2 135 2 133 1 131 1 125 2 121 2 119 2 115 2 113 2 109 2 107 2 103 2 101 2 97 2 95 2 91 2 89 2 85 2 83 2 81 1 79 1 77 1 63 2 61 1 59 1 53 2 49 2 47 2 45 2
41 188 2 184 1 180 2 172 2 170 2 166 1 164 2 162 1 160 2 158 1 154 1 136 2 134 2 130 1 128 2 126 1 124 2 122 1 118 2 116 1 112 2 110 1 106 2 104 1 100 2 98 1 94 2 92 1 88 2 86 1 80 2 76 1 72 2 64 2 62 2 58 1 56 2 54 1 52 2 50 1 46 1
37 191 2 189 1 187 2 185 1 181 2 171 2 169 1 167 1 163 1 161 2 155 2 153 2 151 1 135 2 133 1 131 1 127 1 125 2 119 2 113 2 107 2 101 2 95 2 89 2 83 2 81 1 79 2 77 1 73 2 63 2 61 1 59 1 55 1 53 2 47 2 45 2 43 1
38 190 1 188 2 186 1 180 1 178 1 172 2 170 1 168 1 162 1 160 2 156 2 154 2 152 1 136 2 134 1 132 1 126 1 124 2 120 2 114 2 108 2 102 2 96 2 90 2 84 2 82 1 80 2 78 1 72 1 70 1 64 2 62 1 60 1 54 1 52 2 48 2 46 2 44 1
40 189 1 183 2 181 1 179 1 169 2 165 2 163 1 161 2 157 2 153 1 151 1 133 2 129 2 127 1 125 2 123 1 121 2 117 1 115 2 111 1 109 2 105 1 103 2 99 1 97 2 93 1 91 2 87 1 85 2 81 1 75 2 73 1 71 1 61 2 57 2 55 1 53 2 49 2 45 1 43 1
45 190 2 188 2 186 1 184 1 180 1 178 2 170 1 168 1 166 1 162 1 160 2 156 2 154 2 152 1 134 1 132 1 130 1 126 1 120 2 118 2 114 2 112 2 108 2 106 2 102 2 100 2 96 2 94 2 90 2 88 2 84 2 82 2 80 2 78 1 76 1 72 1 70 2 62 1 60 1 58 1 54 1 52 2 48 2 46 2 44 1
56 191 1 189 1 185 2 183 1 181 2 179 2 171 1 169 1 167 2 165 1 163 2 161 2 157 2 155 1 151 2 135 1 133 1 131 2 129 1 127 2 125 2 123 2 121 1 119 1 117 2 115 1 113 1 111 2 109 1 107 1 105 2 103 1 101 1 99 2 97 1 95 1 93 2 91 1 89 1 87 2 85 1 83 1 81 1 77 2 75 1 73 2 71 2 63 1 61 1 59 2 57 1 55 2 53 2 49 2 47 1 43 2
43 190 2 188 2 186 2 182 1 178 2 172 1 168 2 164 1 160 2 156 1 154 1 152 2 136 1 132 2 128 1 126 1 124 1 122 2 120 1 116 2 114 1 110 2 108 1 104 2 102 1 98 2 96 1 92 2 90 1 86 2 84 1 82 2 80 2 78 2 74 1 70 2 64 1 60 2 56 1 52 2 48 1 46 1 44 2
55 191 1 189 1 187 1 185 2 183 1 181 2 179 2 171 1 169 1 167 2 165 1 163 2 161 2 157 1 155 1 135 1 133 1 131 2 129 1 125 2 123 2 121 2 119 1 117 2 115 2 113 1 111 2 109 2 107 1 105 2 103 2 101 1 99 2 97 2 95 1 93 2 91 2 89 1 87 2 85 2 83 1 81 1 79 1 77 2 75 1 73 2 71 2 63 1 61 1 59 2 57 1 55 2 53 2 49 1 47 1
39 188 2 184 2 182 2 180 2 172 1 170 2 166 2 164 2 162 2 154 2 136 1 134 2 130 2 128 2 126 1 124 1 122 1 118 1 116 1 112 1 110 1 106 1 104 1 100 1 98 1 94 1 92 1 88 1 86 1 80 2 76 2 74 2 72 2 64 1 62 2 58 2 56 2 54 2 46 2
37 191 2 189 1 187 2 185 1 181 1 171 2 169 2 167 1 163 1 155 2 135 2 133 2 131 1 125 2 121 1 119 2 115 1 113 2 109 1 107 2 103 1 101 2 97 1 95 2 91 1 89 2 85 1 83 2 81 1 79 2 77 1 73 1 63 2 61 2 59 1 55 1 47 2
32 190 1 188 2 182 2 180 2 178 1 172 2 170 2 164 2 162 2 160 1 136 2 134 2 128 2 126 1 124 2 122 1 116 1 110 1 104 1 98 1 92 1 86 1 82 1 80 2 74 2 72 2 70 1 64 2 62 2 56 2 54 2 52 1
29 189 1 187 2 183 2 181 2 179 1 169 1 165 2 163 2 161 1 133 1 129 2 127 1 125 2 123 1 117 1 111 1 105 1 99 1 93 1 87 1 81 1 79 2 75 2 73 2 71 1 61 1 57 2 55 2 53 1
36 190 1 188 2 186 1 184 2 180 1 178 1 170 1 166 2 162 1 160 1 134 1 132 1 130 2 126 1 120 2 118 1 114 2 112 1 108 2 106 1 102 2 100 1 94 1 90 2 88 1 84 2 82 1 80 2 78 1 76 2 72 1 70 1 62 1 58 2 54 1 52 1
32 189 1 183 2 181 2 179 1 165 2 163 2 161 1 133 1 129 2 127 2 125 2 123 1 121 1 117 1 115 1 111 1 109 1 105 1 103 1 99 1 97 2 93 1 91 1 87 1 85 1 81 1 75 2 73 2 71 1 57 2 55 2 53 1
41 190 2 188 2 186 2 184 1 182 1 178 2 166 2 164 1 160 2 132 2 130 1 128 1 126 1 122 2 120 1 118 2 116 2 114 1 112 2 110 2 108 1 106 2 104 2 102 1 100 2 98 2 94 1 92 2 90 1 88 2 86 2 84 1 82 2 80 2 78 2 76 1 74 1 70 2 58 2 56 1 52 2
38 191 1 189 1 187 1 185 2 183 1 181 1 179 2 165 1 163 1 161 2 135 1 133 2 131 2 129 1 127 2 125 2 123 2 119 1 117 2 113 1 111 2 107 1 105 2 101 1 97 2 93 2 89 1 87 2 83 1 81 1 79 1 77 2 75 1 73 1 71 2 57 1 55 1 53 2
37 188 2 186 2 184 2 182 1 166 1 164 1 136 1 132 2 130 2 128 1 126 1 124 1 122 2 120 1 118 1 116 2 114 1 112 1 110 2 108 1 106 1 104 2 102 1 100 2 98 2 94 2 92 2 90 1 88 1 86 2 84 1 80 2 78 2 76 2 74 1 58 1 56 1
28 191 2 189 1 187 1 185 1 181 2 163 2 135 2 133 1 131 1 125 2 121 2 119 2 115 2 113 2 109 2 107 2 103 2 101 2 99 2 91 2 89 2 85 2 83 2 81 1 79 1 77 1 73 2 55 2
28 188 2 184 1 182 2 180 2 164 2 136 2 134 2 130 1 128 2 126 1 124 2 122 1 118 2 116 1 112 2 110 1 106 2 104 1 100 1 92 1 90 2 88 2 86 1 80 2 76 1 74 2 72 2 56 2
30 189 2 181 2 177 2 173 2 169 2 165 2 157 1 153 2 145 2 141 2 137 2 125 2 121 1 117 1 113 1 109 1 105 1 101 1 97 1 93 1 89 1 85 1 81 2 73 2 69 2 65 2 61 2 57 2 49 1 45 2
22 174 1 170 1 166 1 158 2 138 1 134 2 130 2 126 1 122 2 118 2 114 2 110 2 106 2 102 2 98 2 94 2 90 2 86 2 66 1 62 1 58 1 50 2
35 191 1 187 1 179 1 175 2 171 2 167 2 163 1 159 1 155 1 151 1 143 1 139 2 135 2 131 2 127 1 123 1 119 1 115 1 111 1 107 1 103 1 99 1 95 1 91 1 87 1 83 1 79 1 71 1 67 2 63 2 59 2 55 1 51 1 47 1 43 1
32 188 1 180 2 176 1 172 1 168 1 164 1 160 1 156 2 152 1 144 2 140 1 136 1 132 1 120 2 116 2 112 2 108 2 104 2 100 2 96 2 92 2 88 2 84 2 80 1 72 2 68 1 64 1 60 1 56 1 52 1 48 2 44 1
31 189 2 181 2 177 2 173 2 169 2 165 2 157 1 153 2 145 2 141 2 137 2 133 2 125 2 121 1 117 1 113 1 109 1 105 1 101 1 97 1 93 1 89 1 85 1 81 2 73 2 69 2 65 2 61 2 57 2 49 1 45 2
21 174 1 170 1 166 1 158 2 138 1 134 1 130 2 122 2 118 2 114 2 110 2 106 2 102 2 98 2 94 2 90 2 86 2 66 1 62 1 58 1 50 2
34 191 1 187 1 179 1 175 2 171 2 167 2 163 1 159 1 155 1 151 1 143 1 139 2 135 2 131 2 123 1 119 1 115 1 111 1 107 1 103 1 99 1 95 1 91 1 87 1 83 1 79 1 71 1 67 2 63 2 59 2 55 1 51 1 47 1 43 1
33 188 1 180 2 176 1 172 1 168 1 164 1 160 1 156 2 152 1 144 2 140 1 136 1 132 1 124 1 120 2 116 2 112 2 108 2 104 2 100 2 96 2 92 2 88 2 84 2 80 1 72 2 68 1 64 1 60 1 56 1 52 1 48 2 44 1
28 189 2 181 2 173 2 169 2 165 2 157 1 153 2 145 2 137 2 133 2 129 2 121 1 117 1 113 1 109 1 105 1 101 1 97 1 93 1 89 1 85 1 81 2 73 2 65 2 61 2 57 2 49 1 45 2
24 178 1 174 1 170 1 166 1 158 2 142 1 138 1 134 1 130 1 122 2 118 2 114 2 110 2 106 2 102 2 98 2 94 2 90 2 86 2 70 1 66 1 62 1 58 1 50 2
35 191 1 187 1 179 1 175 1 171 2 167 2 163 1 159 1 155 1 151 1 143 1 139 1 135 2 131 2 127 1 123 1 119 1 115 1 111 1 107 1 103 1 99 1 95 1 91 1 87 1 83 1 79 1 71 1 67 1 63 2 59 2 55 1 51 1 47 1 43 1
28 188 1 172 1 168 1 164 1 160 1 156 2 152 1 136 1 132 1 128 1 124 1 120 2 116 2 112 2 108 2 104 2 100 2 96 2 92 2 88 2 84 2 80 1 64 1 60 1 56 1 52 1 48 2 44 1
25 189 2 173 2 169 2 165 2 157 1 153 2 137 2 133 2 129 2 121 1 117 1 113 1 109 1 105 1 101 1 97 1 93 1 89 1 85 1 81 2 65 2 61 2 57 2 49 1 45 2
21 174 1 170 1 166 1 158 2 138 1 134 1 130 1 122 2 118 2 114 2 110 2 106 2 102 2 98 2 94 2 90 2 86 2 66 1 62 1 58 1 50 2
32 191 1 187 1 175 1 171 1 167 2 163 1 159 1 155 1 151 1 139 1 135 1 131 2 127 1 123 1 119 1 115 1 111 1 107 1 103 1 99 1 95 1 91 1 87 1 83 1 79 1 67 1 63 1 59 2 55 1 51 1 47 1 43 1
25 188 1 168 1 164 1 160 1 156 2 152 1 132 1 128 1 124 1 120 2 116 2 112 2 108 2 104 2 100 2 96 2 92 2 88 2 84 2 80 1 60 1 56 1 52 1 48 2 44 1
22 189 2 173 2 165 2 157 1 153 2 137 2 129 2 121 1 117 1 113 1 109 1 105 1 101 1 97 1 93 1 89 1 85 1 81 2 65 2 57 2 49 1 45 2
20 186 1 170 2 166 1 158 2 134 2 130 1 122 2 118 2 114 2 110 2 106 2 102 2 98 2 94 2 90 2 86 2 78 1 62 2 58 1 50 2
29 191 1 187 2 171 1 167 2 163 1 159 1 155 1 151 1 135 1 131 2 127 1 123 1 119 1 115 1 111 1 107 1 103 1 99 1 95 1 91 1 87 1 83 1 79 2 63 1 59 2 55 1 51 1 47 1 43 1
30 188 1 184 2 172 1 168 1 164 1 160 1 156 2 152 1 136 1 132 1 128 1 124 1 120 2 116 2 112 2 108 2 104 2 100 2 96 2 92 2 88 2 84 2 80 1 76 2 64 1 60 1 56 1 52 1 48 2 44 1
19 185 2 165 2 157 1 153 2 129 2 121 1 117 1 113 1 109 1 105 1 101 1 97 1 93 1 89 1 85 1 77 2 57 2 49 1 45 2
22 190 1 186 1 170 2 166 1 158 2 134 2 130 1 122 2 118 2 114 2 110 2 106 2 102 2 98 2 94 2 90 2 86 2 82 1 78 1 62 2 58 1 50 2
29 191 1 187 1 171 1 167 2 163 1 159 1 155 1 151 1 135 1 131 2 127 1 123 1 119 1 115 1 111 1 107 1 103 1 99 1 95 1 91 1 87 1 83 1 79 1 63 1 59 2 55 1 51 1 47 1 43 1
30 184 2 180 2 172 1 168 1 164 1 160 1 156 2 152 1 136 1 132 1 128 1 124 1 120 2 116 2 112 2 108 2 104 2 100 2 96 2 92 2 88 2 84 2 76 2 72 2 64 1 60 1 56 1 52 1 48 2 44 1
21 185 2 181 2 165 2 157 1 153 2 129 2 121 1 117 1 113 1 109 1 105 1 101 1 97 1 93 1 89 1 85 1 77 2 73 2 57 2 49 1 45 2
24 190 1 186 1 178 1 170 2 166 1 158 2 134 2 130 1 122 2 118 2 114 2 110 2 106 2 102 2 98 2 94 2 90 2 86 2 82 1 78 1 70 1 62 2 58 1 50 2
31 191 1 187 1 183 2 179 1 171 1 167 2 163 1 155 1 151 1 135 1 131 2 127 1 123 1 119 1 115 1 111 1 107 1 103 1 99 1 95 1 91 1 87 1 83 1 79 1 75 2 71 1 63 1 59 2 55 1 47 1 43 1
28 184 1 180 2 172 1 168 1 164 1 156 2 152 1 136 1 132 1 128 1 124 1 120 2 116 2 112 2 108 2 104 2 100 2 96 2 92 2 88 2 84 2 76 1 72 2 64 1 60 1 56 1 48 2 44 1
19 185 2 165 2 157 2 153 2 129 2 121 1 117 1 113 1 109 1 105 1 101 1 97 1 93 1 89 1 85 1 77 2 57 2 49 2 45 2
26 190 1 186 1 182 1 178 1 170 2 166 1 162 2 134 2 130 1 122 2 118 2 114 2 110 2 106 2 102 2 98 2 94 2 90 2 86 2 82 1 78 1 74 1 70 1 62 2 58 1 54 2
29 191 1 187 1 183 2 179 1 171 1 167 2 155 1 151 1 135 1 131 2 127 1 123 1 119 1 115 1 111 1 107 1 103 1 99 1 95 1 91 1 87 1 83 1 79 1 75 2 71 1 63 1 59 2 47 1 43 1
30 184 1 180 2 172 1 168 1 164 1 160 1 156 2 152 1 136 1 132 1 128 1 124 1 120 2 116 2 112 2 108 2 104 2 100 2 96 2 92 2 88 2 84 2 76 1 72 2 64 1 60 1 56 1 52 1 48 2 44 1
19 185 2 165 2 161 1 157 2 129 2 121 1 117 1 113 1 109 1 105 1 101 1 97 1 93 1 89 1 85 1 77 2 57 2 53 1 49 2
28 190 1 186 1 182 1 178 1 170 2 166 1 162 2 154 1 134 2 130 1 122 2 118 2 114 2 110 2 106 2 102 2 98 2 94 2 90 2 86 2 82 1 78 1 74 1 70 1 62 2 58 1 54 2 46 1
27 191 1 187 1 183 2 179 1 171 1 167 2 155 1 135 1 131 2 127 1 123 1 119 1 115 1 111 1 107 1 103 1 99 1 95 1 91 1 87 1 83 1 79 1 75 2 71 1 63 1 59 2 47 1
23 184 1 180 2 172 1 164 1 160 1 136 1 132 1 128 1 124 1 120 2 116 2 112 2 108 2 104 2 100 2 92 2 88 2 84 2 76 1 72 2 64 1 56 1 52 1
19 185 2 169 2 165 2 161 1 129 2 121 1 117 1 113 1 109 1 105 1 101 1 97 2 93 1 89 1 85 1 77 2 61 2 57 2 53 1
26 190 1 186 1 182 1 178 1 170 2 166 2 162 2 134 2 130 1 122 2 118 2 114 2 110 2 106 2 102 2 98 2 94 1 90 2 86 2 82 1 78 1 74 1 70 1 62 2 58 2 54 2
20 191 1 187 1 183 2 179 1 135 1 131 2 127 1 123 1 119 1 115 1 111 1 107 1 103 1 99 2 91 1 87 1 83 1 79 1 75 2 71 1
20 184 1 180 2 164 1 160 1 136 1 132 1 128 1 124 1 120 2 116 2 112 2 108 2 104 2 92 2 88 2 84 2 76 1 72 2 56 1 52 1
17 185 2 165 2 161 1 129 2 121 1 117 1 113 1 109 1 105 1 101 1 97 1 93 1 89 1 85 1 77 2 57 2 53 1
22 190 1 186 1 182 1 178 1 166 2 134 2 130 1 122 2 118 2 114 2 110 2 106 2 102 2 98 1 94 1 90 1 86 2 82 1 78 1 74 1 70 1 58 2
21 191 1 187 1 183 2 179 1 163 1 135 1 131 2 127 1 123 1 119 1 115 1 111 1 107 1 103 1 99 2 87 1 83 1 79 1 75 2 71 1 55 1
60 191 1 187 2 181 1 177 1 175 1 173 2 171 1 169 1 167 2 165 1 163 2 161 2 159 2 157 2 155 1 151 2 145 1 141 1 139 1 137 2 135 1 133 1 131 2 127 2 123 2 121 2 119 1 117 2 115 2 113 1 111 2 109 2 107 1 105 2 103 2 101 1 99 2 97 2 95 1 93 2 91 2 89 1 87 2 85 2 83 1 79 2 73 1 69 1 67 1 65 2 63 1 61 1 59 2 57 1 55 2 53 2 51 2 49 2 47 1 43 2
55 188 2 180 2 176 1 174 2 172 1 170 1 168 2 166 1 164 1 162 1 160 1 158 2 156 1 152 2 144 2 140 1 138 2 136 1 134 1 132 2 126 1 122 2 120 1 118 2 116 2 114 1 112 2 110 2 108 1 106 2 104 2 102 1 100 2 98 2 96 1 94 2 92 2 90 1 88 2 86 2 84 1 80 2 72 2 68 1 66 2 64 1 62 1 60 2 58 1 56 1 54 1 52 1 50 2 48 1 44 2
46 189 1 181 2 179 2 177 2 175 1 171 2 169 1 165 2 161 2 159 1 157 2 153 1 145 2 143 2 141 2 139 1 135 2 133 1 127 1 125 1 123 1 121 2 117 1 115 2 111 1 109 2 105 1 103 2 99 1 97 2 93 1 91 2 87 1 85 2 81 1 73 2 71 2 69 2 67 1 63 2 61 1 57 2 53 2 51 1 49 2 45 1
24 180 1 176 2 170 2 164 2 162 1 158 1 144 1 140 2 134 2 130 1 126 1 122 1 116 1 110 1 104 1 98 1 92 1 86 1 72 1 68 2 62 2 56 2 54 1 50 1
51 191 2 189 2 187 2 181 1 179 1 175 1 173 1 169 1 167 1 163 2 161 2 157 2 155 2 153 2 151 2 145 1 143 1 139 1 137 1 133 1 131 1 127 1 125 2 121 2 119 2 115 2 113 2 109 2 107 2 103 2 101 2 97 2 95 2 91 2 89 2 85 2 83 2 81 2 79 2 73 1 71 1 67 1 65 1 61 1 59 1 55 2 53 2 49 2 47 2 45 2 43 2
52 190 2 188 2 180 2 178 2 176 1 174 2 170 1 168 2 164 1 162 1 160 2 158 2 156 1 154 2 152 2 144 2 142 2 140 1 138 2 134 1 132 2 126 1 124 2 122 2 120 1 116 2 114 1 110 2 108 1 104 2 102 1 98 2 96 1 92 2 90 1 86 2 84 1 82 2 80 2 72 2 70 2 68 1 66 2 62 1 60 2 56 1 54 1 52 2 50 2 48 1 46 2 44 2
50 189 1 187 1 181 2 179 2 175 2 171 2 169 2 165 2 163 1 161 2 159 1 157 1 153 1 151 1 145 2 143 2 139 2 135 2 133 2 129 2 127 1 125 2 123 1 121 1 117 1 115 1 111 1 109 1 105 1 103 1 99 1 97 1 93 1 91 1 87 1 85 1 81 1 79 1 73 2 71 2 67 2 63 2 61 2 57 2 55 1 53 2 51 1 49 1 45 1 43 1
25 188 1 178 1 174 1 168 1 162 1 156 2 152 1 142 1 138 1 132 1 126 1 120 2 114 2 108 2 102 2 96 2 90 2 84 2 80 1 70 1 66 1 60 1 54 1 48 2 44 1
48 191 2 189 2 187 2 179 1 175 1 173 1 169 2 167 1 163 2 161 2 157 1 155 2 153 2 151 2 143 1 139 1 137 1 133 2 131 1 127 2 125 2 121 1 119 2 115 1 113 2 109 1 107 2 103 1 101 2 97 1 95 2 91 1 89 2 85 1 83 2 81 2 79 2 71 1 67 1 65 1 61 2 59 1 55 2 53 2 49 1 47 2 45 2 43 2
52 188 2 174 2 172 2 170 1 168 2 166 2 164 1 162 1 160 2 158 2 156 1 152 2 138 2 136 2 134 1 132 2 130 2 128 1 126 1 124 2 122 2 120 1 118 1 116 2 114 1 112 1 110 2 108 1 106 1 104 2 102 1 100 1 98 2 96 1 94 1 92 2 90 1 88 1 86 2 84 1 80 2 66 2 64 2 62 1 60 2 58 2 56 1 54 1 52 2 50 2 48 1 44 2
56 191 1 187 1 175 2 173 2 171 1 169 2 167 2 165 1 163 1 161 2 159 2 157 1 155 1 151 1 139 2 137 2 135 1 133 2 131 2 129 1 127 1 125 2 123 2 121 1 119 1 117 2 115 1 113 1 111 2 109 1 107 1 105 2 103 1 101 1 99 2 97 1 95 1 93 2 91 1 89 1 87 2 85 1 83 1 79 1 67 2 65 2 63 1 61 2 59 2 57 1 55 1 53 2 51 2 49 1 47 1 43 1
41 190 2 188 1 174 1 172 2 168 1 166 2 162 1 160 1 156 2 154 2 152 1 138 1 136 2 132 1 130 2 126 1 124 1 120 2 118 1 114 2 112 1 108 2 106 1 102 2 100 1 96 2 94 1 90 2 88 1 84 2 82 2 80 1 66 1 64 2 60 1 58 2 54 1 52 1 48 2 46 2 44 1
29 191 2 189 2 175 1 173 1 171 2 167 1 161 2 155 2 153 2 139 1 137 1 135 2 131 1 125 2 119 2 113 2 107 2 101 2 95 2 89 2 83 2 81 2 67 1 65 1 63 2 59 1 53 2 47 2 45 2
33 172 1 170 2 166 2 164 2 162 1 160 2 158 1 136 1 134 2 130 2 128 2 126 1 124 2 122 1 118 1 116 1 112 1 110 1 106 1 104 1 100 1 98 1 94 1 92 1 88 1 86 1 64 1 62 2 58 2 56 2 54 1 52 2 50 1
44 191 1 187 1 173 2 171 1 169 1 167 2 165 1 163 1 161 2 159 2 155 1 151 1 137 2 135 1 133 1 131 2 129 1 127 1 125 2 123 2 119 1 117 2 113 1 111 2 107 1 105 2 101 1 99 2 95 1 93 2 89 1 87 2 83 1 79 1 65 2 63 1 61 1 59 2 57 1 55 1 53 2 51 2 47 1 43 1
39 188 1 186 1 172 1 170 1 168 1 166 1 162 1 160 1 156 2 152 1 136 1 134 1 132 1 130 1 126 1 124 1 120 2 118 2 114 2 112 2 108 2 106 2 102 2 100 2 96 2 94 2 90 2 88 2 84 2 80 1 78 1 64 1 62 1 60 1 58 1 54 1 52 1 48 2 44 1
21 189 1 187 1 165 2 161 2 159 1 153 1 129 2 125 2 123 1 117 1 111 1 105 1 99 1 93 1 87 1 81 1 79 1 57 2 53 2 51 1 45 1
33 190 2 184 2 170 2 166 1 164 2 162 1 158 1 154 2 134 2 130 1 128 2 126 1 122 1 118 2 116 1 112 2 110 1 106 2 104 1 100 2 98 1 94 2 92 1 88 2 86 1 82 2 76 2 62 2 58 1 56 2 54 1 50 1 46 2
51 191 1 189 1 187 2 185 2 171 1 167 2 165 1 163 2 161 2 159 2 157 2 155 1 151 2 135 1 131 2 129 1 127 2 125 2 123 2 121 2 119 1 117 2 115 2 113 1 111 2 109 2 107 1 105 2 103 2 101 1 99 2 97 2 95 1 93 2 91 2 89 1 87 2 85 2 83 1 81 1 79 2 77 2 63 1 59 2 57 1 55 2 53 2 51 2 49 2 47 1 43 2
50 190 1 188 2 186 2 172 1 168 2 166 1 164 1 162 1 160 1 158 2 156 1 152 2 136 1 132 2 130 1 128 1 126 1 124 1 122 2 120 1 118 2 116 2 114 1 112 2 110 2 108 1 106 2 104 2 102 1 100 2 98 2 96 1 94 2 92 2 90 1 88 2 86 2 84 1 82 1 80 2 78 2 64 1 60 2 58 1 56 1 54 1 52 1 50 2 48 1 44 2
33 189 1 187 1 169 1 165 2 161 2 159 1 157 2 153 1 133 1 129 2 125 2 123 1 121 2 117 1 115 2 111 1 109 2 105 1 103 2 99 1 97 2 93 1 91 2 87 1 85 2 81 1 79 1 61 1 57 2 53 2 51 1 49 2 45 1
24 188 2 184 1 180 2 170 2 164 2 162 1 158 1 134 2 128 2 126 1 122 1 116 1 110 1 104 1 98 1 92 1 86 1 80 2 76 1 72 2 62 2 56 2 54 1 50 1
43 191 2 189 1 187 2 185 1 181 2 171 2 167 1 163 2 161 2 157 2 155 2 153 2 151 2 135 2 131 1 127 2 125 2 121 2 119 2 115 2 113 2 109 2 107 2 103 2 101 2 97 2 95 2 91 2 89 2 85 2 83 2 81 1 79 2 77 1 73 2 63 2 59 1 55 2 53 2 49 2 47 2 45 2 43 2
45 190 1 188 2 186 2 178 1 172 2 168 2 164 1 162 1 160 2 158 2 156 1 154 2 152 2 136 2 132 2 128 1 126 1 124 2 122 2 120 1 116 2 114 1 110 2 108 1 104 2 102 1 98 2 96 1 92 2 90 1 86 2 84 1 82 1 80 2 78 2 70 1 64 2 60 2 56 1 54 1 52 2 50 2 48 1 46 2 44 2
37 189 1 187 1 183 2 179 1 165 2 163 1 161 2 157 1 153 1 151 1 129 2 127 1 125 2 123 1 121 1 117 1 115 1 111 1 109 1 105 1 103 1 99 1 97 1 93 1 91 1 87 1 85 1 81 1 79 1 75 2 71 1 57 2 55 1 53 2 49 1 45 1 43 1
28 188 2 186 1 180 1 170 1 168 1 162 1 160 2 156 2 152 1 134 1 132 1 126 1 120 2 114 2 108 2 102 2 96 2 90 2 84 2 80 2 78 1 72 1 62 1 60 1 54 1 52 2 48 2 44 1
44 191 2 189 1 185 1 181 2 171 2 169 1 167 1 163 2 161 2 157 2 155 2 153 2 151 2 135 2 133 1 131 1 127 2 125 2 121 1 119 2 115 1 113 2 109 1 107 2 103 1 101 2 97 1 95 2 91 1 89 2 85 1 83 2 81 1 77 1 73 2 63 2 61 1 59 1 55 2 53 2 49 2 47 2 45 2 43 2
52 190 2 188 2 186 2 184 2 182 1 178 2 172 2 168 2 166 2 164 1 160 2 156 1 152 2 136 2 132 2 130 2 128 1 126 1 124 2 122 2 120 1 118 1 116 2 114 1 112 1 110 2 108 1 106 1 104 2 102 1 100 1 98 2 96 1 94 1 92 2 90 1 88 1 86 2 84 1 82 2 80 2 78 2 76 2 74 1 70 2 64 2 60 2 58 2 56 1 52 2 48 1 44 2
51 191 1 189 1 187 1 185 2 183 1 179 2 171 1 167 2 165 1 161 2 157 1 155 1 151 1 135 1 131 2 129 1 127 1 125 2 123 2 121 1 119 1 117 2 115 1 113 1 111 2 109 1 107 1 105 2 103 1 101 1 99 2 97 1 95 1 93 2 91 1 89 1 87 2 85 1 83 1 81 1 79 1 77 2 75 1 71 2 63 1 59 2 57 1 53 2 49 1 47 1 43 1
43 188 2 186 1 184 2 180 1 172 1 170 1 168 1 166 2 162 1 156 2 154 2 152 1 136 1 134 1 132 1 130 2 126 1 124 1 120 2 118 1 114 2 112 1 108 2 106 1 102 2 100 1 96 2 94 1 90 2 88 1 84 2 80 2 78 1 76 2 72 1 64 1 62 1 60 1 58 2 54 1 48 2 46 2 44 1
23 191 2 189 1 185 1 171 2 167 1 157 2 155 2 135 2 131 1 125 2 119 2 113 2 107 2 101 2 95 2 89 2 83 2 81 1 77 1 63 2 59 1 49 2 47 2
45 190 2 188 2 184 2 182 2 180 2 178 2 172 2 170 2 166 2 164 2 162 2 160 2 154 1 136 2 134 2 130 2 128 2 126 1 124 2 122 1 118 1 116 1 112 1 110 1 106 1 104 1 100 1 98 1 94 1 92 1 88 1 86 1 82 2 80 2 76 2 74 2 72 2 70 2 64 2 62 2 58 2 56 2 54 2 52 2 46 1
47 191 1 189 1 187 2 185 2 183 1 181 2 179 2 171 1 169 1 167 2 165 1 163 2 161 2 155 1 135 1 133 1 131 2 129 1 127 1 125 2 123 2 119 1 117 2 113 1 111 2 107 1 105 2 101 1 99 2 95 1 93 2 89 1 87 2 83 1 81 1 79 2 77 2 75 1 73 2 71 2 63 1 61 1 59 2 57 1 55 2 53 2 47 1
40 190 1 188 2 186 1 184 1 180 1 178 1 172 1 170 1 166 1 162 1 160 1 136 1 134 1 132 1 130 1 126 1 124 1 120 2 118 2 114 2 112 2 108 2 106 2 102 2 100 2 94 2 90 2 88 2 84 2 82 1 80 2 78 1 76 1 72 1 70 1 64 1 62 1 58 1 54 1 52 1
22 189 1 183 2 179 1 169 2 165 2 161 1 129 2 125 2 123 1 117 1 111 1 105 1 99 1 97 1 93 1 87 1 81 1 75 2 71 1 61 2 57 2 53 1
39 190 2 188 2 184 1 182 2 180 2 178 2 170 2 166 2 164 2 162 2 160 2 134 2 130 1 128 2 126 1 122 1 118 2 116 1 112 2 110 1 106 2 104 1 100 2 98 1 94 1 92 1 88 2 86 1 82 2 80 2 76 1 74 2 72 2 70 2 62 2 58 2 56 2 54 2 52 2
39 191 1 189 1 187 2 185 2 183 1 179 2 165 1 161 2 135 1 131 2 129 1 127 2 125 2 123 2 121 2 119 1 117 2 115 2 113 1 111 2 109 2 107 1 105 2 103 2 101 1 97 2 93 2 91 2 89 1 87 2 85 2 83 1 81 1 79 2 77 2 75 1 71 2 57 1 53 2
42 190 1 188 2 186 2 184 1 182 1 178 1 166 1 164 1 160 1 136 1 132 2 130 1 128 1 126 1 124 1 122 2 120 1 118 2 116 2 114 1 112 2 110 2 108 1 106 2 104 2 102 1 98 2 94 2 92 2 90 1 88 2 86 2 84 1 82 1 80 2 78 2 76 1 74 1 70 1 58 1 56 1 52 1
32 189 1 187 1 183 2 181 2 179 1 165 2 163 2 161 1 133 1 129 2 125 2 123 1 121 2 117 1 115 2 111 1 109 2 105 1 103 2 99 1 93 1 91 2 87 1 85 2 81 1 79 1 75 2 73 2 71 1 57 2 55 2 53 1
21 188 2 182 2 180 2 166 2 164 2 134 2 128 2 126 1 122 1 116 1 110 1 104 1 94 1 92 1 90 2 86 1 80 2 74 2 72 2 58 2 56 2
27 191 2 189 1 187 2 185 1 163 1 135 2 131 1 127 2 125 2 121 2 119 2 115 2 113 2 109 2 107 2 103 2 101 2 99 2 97 2 91 1 89 2 85 2 83 2 81 1 79 2 77 1 55 1
32 190 1 188 2 186 2 182 1 178 1 164 1 136 2 132 2 128 1 126 1 124 2 122 2 120 1 116 2 114 1 110 2 108 1 104 2 102 1 100 2 98 2 92 2 90 1 88 1 86 2 84 1 82 1 80 2 78 2 74 1 70 1 56 1
25 189 1 187 1 183 2 179 1 129 2 127 1 125 2 123 1 121 1 117 1 115 1 111 1 109 1 105 2 103 1 99 1 97 1 91 1 89 1 87 1 85 1 81 1 79 1 75 2 71 1
57 191 2 189 2 187 2 185 1 179 1 173 1 167 1 161 1 155 1 149 1 145 1 141 1 139 1 137 1 133 1 131 2 127 2 121 1 115 2 113 2 107 2 101 2 95 2 91 1 89 1 87 2 85 2 83 2 81 2 79 2 77 1 71 1 65 1 63 1 57 1 55 2 53 2 51 1 47 2 45 1 43 2 41 2 39 2 37 2 35 2 33 2 31 2 29 2 27 2 25 2 23 2 21 2 19 1 15 1 11 1 9 1 7 2
78 190 2 186 1 184 1 182 1 180 1 178 1 176 1 174 1 172 1 170 1 168 1 166 1 164 1 162 1 158 1 156 1 154 1 152 1 150 1 148 1 146 1 144 2 142 1 140 1 138 1 134 1 132 2 130 2 128 2 126 2 122 2 118 2 116 1 114 2 112 2 110 2 108 2 106 2 104 2 102 2 100 2 98 2 96 2 94 2 92 2 90 2 88 2 86 2 84 2 82 2 78 1 76 1 74 1 72 1 70 1 68 1 66 1 64 2 62 1 48 2 44 2 42 2 40 2 38 2 36 2 34 2 32 2 30 2 28 2 26 2 24 2 22 2 20 2 18 2 14 2 12 1 10 2 8 2
70 191 2 189 2 183 1 181 1 177 1 175 1 171 1 169 1 165 1 163 1 161 2 159 1 157 1 153 1 151 1 147 1 145 2 143 1 141 1 139 1 137 1 135 2 129 2 127 2 125 1 123 2 119 2 115 1 111 2 109 2 105 2 103 2 99 2 97 2 93 2 91 2 89 1 87 2 85 2 83 2 81 2 75 1 73 1 69 1 67 1 61 2 59 1 53 1 49 2 47 2 45 2 43 2 41 2 39 2 37 2 35 2 33 2 31 2 29 2 27 2 25 2 23 2 21 2 19 2 17 1 15 2 13 1 11 2 9 1 7 2
84 190 2 186 2 184 2 182 1 180 2 178 2 176 1 174 2 172 2 170 1 168 2 166 2 164 1 160 2 158 2 156 2 154 2 152 1 150 2 148 2 146 1 142 2 140 1 138 1 136 2 134 2 132 1 130 1 128 2 126 1 124 1 122 2 120 2 118 1 116 1 114 1 112 1 110 2 108 1 106 1 104 2 102 1 100 1 98 2 96 1 94 1 92 2 90 2 88 1 86 2 84 2 82 2 78 2 76 2 74 1 72 2 70 2 68 1 66 2 64 1 60 2 58 2 54 1 52 2 50 2 48 1 46 2 44 2 42 2 40 2 38 2 36 2 34 2 32 2 30 2 28 2 26 2 24 2 22 2 20 2 18 1 16 2 12 2 8 2
43 191 2 187 2 163 2 159 2 145 1 143 1 141 1 139 1 137 1 135 2 133 1 121 1 119 2 115 2 91 1 87 2 85 2 83 2 79 2 63 2 59 1 57 1 55 2 53 1 51 2 47 2 45 2 43 2 41 2 39 2 37 2 35 2 33 2 31 2 29 2 27 2 25 2 23 2 21 2 19 2 17 2 11 2 7 2
77 188 1 186 1 184 1 182 2 180 1 178 1 176 2 174 1 172 1 170 2 168 1 166 1 162 1 158 2 156 1 154 1 152 2 150 1 148 1 146 2 144 2 142 2 140 1 138 1 136 2 132 2 130 2 128 1 126 2 124 2 122 1 118 1 114 2 112 2 110 1 108 2 106 2 104 1 102 2 100 2 98 1 96 2 94 2 92 1 90 2 88 1 86 2 84 2 80 1 78 1 76 1 74 2 72 1 70 1 68 2 66 1 56 1 52 1 50 2 48 2 46 2 44 2 42 2 40 2 38 2 36 2 34 2 32 2 30 2 28 2 26 2 24 2 22 2 18 2 12 1 10 2 8 2
71 191 2 189 2 187 2 183 2 181 2 177 2 175 2 171 2 169 2 165 1 163 2 157 1 153 2 151 2 147 2 143 1 141 1 139 1 137 1 135 2 133 1 129 1 127 1 123 1 121 2 119 2 117 1 115 1 111 1 109 1 105 1 103 1 99 1 97 1 93 1 91 1 89 1 87 2 85 2 83 2 81 2 79 2 75 2 73 2 69 2 67 2 63 1 61 2 59 1 55 2 53 1 51 1 49 2 47 2 45 2 43 2 41 2 39 2 37 2 35 2 33 2 31 2 29 2 27 2 25 2 23 2 21 1 19 2 15 1 13 1 11 2
83 190 2 188 2 186 2 184 2 182 2 180 2 178 2 176 2 174 2 172 2 170 2 168 2 166 2 164 2 160 2 158 2 156 2 152 2 150 2 148 2 146 2 144 1 142 2 140 1 138 1 136 2 132 1 130 1 128 1 126 1 124 1 122 1 120 1 116 1 114 1 112 1 110 1 108 1 106 1 104 1 102 1 100 1 98 1 96 1 94 1 92 1 90 1 88 1 86 2 84 2 82 2 80 2 78 2 76 2 74 2 72 2 70 2 68 2 66 2 64 1 60 2 58 2 56 2 54 1 52 2 50 2 48 2 46 2 44 2 42 2 40 2 38 2 36 2 34 2 32 2 30 2 28 2 26 2 24 2 22 2 20 2 16 2 10 2
47 191 2 185 2 179 2 173 2 163 1 161 1 159 2 157 2 149 2 145 2 143 1 141 1 139 1 137 1 135 2 131 1 125 1 113 1 107 1 101 1 95 1 87 2 85 2 83 2 77 2 71 2 65 2 63 2 61 1 59 1 57 1 51 2 49 2 47 2 45 2 43 2 41 2 39 2 37 2 35 2 33 2 31 2 29 2 27 2 25 2 21 2 11 2
48 188 1 182 2 176 2 170 2 168 2 162 2 160 1 158 2 156 2 152 1 146 2 144 1 140 1 138 1 136 2 128 1 122 1 116 1 110 1 104 1 98 1 92 1 86 2 84 2 80 1 74 2 68 2 64 2 60 2 58 1 56 1 54 2 50 2 48 2 46 2 44 2 42 2 40 2 38 2 36 2 34 2 32 2 30 2 28 2 26 2 24 1 22 2 18 1
79 191 2 187 2 185 2 183 2 181 2 179 2 177 2 175 2 173 2 171 2 169 1 167 2 163 2 161 1 159 2 157 2 155 2 151 2 149 2 147 2 143 2 141 1 139 1 137 1 135 1 133 1 131 1 129 1 127 1 125 1 123 1 121 1 119 1 117 1 115 1 113 1 111 1 109 1 107 1 105 1 103 1 101 1 99 1 97 1 95 1 93 1 91 1 87 2 85 2 83 2 79 2 77 2 75 2 73 2 71 2 69 2 67 2 65 2 63 2 61 2 59 2 57 1 55 2 51 2 49 2 47 2 45 2 43 2 41 2 39 2 37 2 35 2 33 2 31 2 29 2 27 2 25 2 23 2 19 2
58 186 2 184 2 180 2 178 2 174 2 172 2 168 2 164 1 160 1 158 2 156 2 150 2 148 2 144 1 140 1 138 1 136 1 134 2 132 1 130 1 126 1 124 1 120 1 118 1 114 1 112 1 108 1 106 1 102 1 100 1 96 1 94 1 90 1 86 2 84 2 78 2 76 2 72 2 70 2 66 2 64 2 62 1 60 2 58 1 54 1 50 2 48 2 46 2 44 2 42 2 40 2 38 2 36 2 34 2 32 2 30 2 28 2 24 2
78 191 2 187 2 185 2 183 1 181 1 179 2 177 1 175 1 173 2 171 1 169 1 167 1 163 2 161 1 159 2 157 2 155 2 151 2 149 2 147 1 143 1 141 1 139 1 137 1 135 2 133 1 131 1 129 2 127 2 125 1 123 2 121 2 119 1 117 2 115 2 113 1 111 2 109 2 107 1 105 2 103 2 101 1 99 2 97 2 95 1 93 2 91 2 87 2 85 2 83 2 79 2 77 2 75 1 73 1 71 2 69 1 67 1 65 2 63 1 61 1 59 1 57 1 55 2 51 2 49 2 47 2 45 2 43 2 41 2 39 2 37 2 35 2 33 2 31 2 29 2 27 1 25 2 21 1
31 172 2 164 1 162 2 160 1 158 2 156 2 144 2 140 1 138 1 136 2 134 1 90 2 86 2 84 2 64 2 58 1 54 2 50 2 48 2 46 2 44 2 42 2 40 2 38 2 36 2 34 2 32 2 30 2 28 2 26 2 22 2
68 191 2 185 1 183 2 181 2 179 1 177 2 175 2 171 2 169 2 167 2 163 1 161 1 159 2 157 2 155 2 149 1 147 2 145 1 143 2 141 1 139 1 137 1 135 1 131 2 129 1 127 1 125 2 123 1 121 1 119 2 117 1 115 1 113 2 111 1 109 1 107 2 105 1 103 1 101 2 99 1 97 1 95 2 93 1 87 2 85 2 83 2 77 1 75 2 73 2 71 1 69 2 67 2 63 2 61 2 59 2 57 1 51 2 49 2 47 2 45 2 43 2 41 2 39 2 37 2 35 2 33 2 31 2 27 2
63 186 1 184 1 180 1 178 1 174 2 172 1 170 1 168 1 166 1 164 1 162 2 160 2 158 2 156 2 150 1 148 1 142 1 140 1 138 1 136 1 134 2 132 2 130 2 126 2 124 2 120 2 118 2 114 2 112 2 108 2 106 2 102 2 100 2 96 2 94 2 90 2 88 2 86 2 84 2 78 1 76 1 72 1 70 1 66 2 64 1 62 1 60 1 58 2 54 2 52 2 50 2 48 2 46 2 44 2 42 2 40 2 38 2 36 2 34 2 32 2 30 1 28 2 24 1
79 191 2 189 1 187 2 185 1 183 1 181 1 179 1 177 1 175 1 173 1 169 1 167 2 165 2 161 2 159 2 157 2 155 2 153 1 151 2 149 1 147 1 143 2 141 1 139 1 137 1 135 1 133 1 131 2 129 2 127 2 125 2 123 2 121 2 119 2 117 2 115 2 113 2 111 2 109 2 107 2 105 2 103 2 101 2 99 2 97 2 95 2 93 2 91 2 89 2 87 2 85 2 83 2 81 1 79 2 77 1 75 1 73 1 71 1 69 1 67 1 65 1 61 1 59 2 57 2 55 2 53 2 51 2 49 2 47 2 45 2 43 2 41 2 39 2 37 2 35 2 33 2 31 2 29 2 25 2
46 190 1 188 1 182 1 172 2 170 1 162 2 160 2 158 2 156 2 154 1 152 1 146 1 144 2 142 1 140 1 138 1 136 1 128 2 122 2 116 2 110 2 104 2 98 2 92 2 90 2 88 2 86 2 84 2 82 1 80 1 74 1 64 2 62 1 56 2 54 2 52 2 50 2 48 2 46 2 44 2 42 2 40 2 38 2 36 2 34 2 30 2
52 191 2 187 2 185 1 179 1 177 1 171 1 169 2 167 2 163 2 159 2 157 2 155 2 151 2 149 1 145 2 143 2 141 1 139 1 137 1 135 1 133 1 131 2 125 2 119 2 113 2 107 2 101 2 95 2 91 2 87 2 85 2 83 2 79 2 77 1 71 1 69 1 63 1 61 2 59 2 55 2 51 2 49 2 47 2 45 2 43 2 41 2 39 2 37 2 35 2 33 1 31 2 27 1
75 188 2 186 1 184 1 182 1 180 1 178 1 176 1 172 1 170 1 168 2 166 2 164 2 162 1 160 2 158 2 156 2 152 2 150 1 148 1 146 1 144 1 142 2 140 1 138 1 136 1 132 2 130 2 128 2 126 2 124 2 122 2 120 2 118 2 116 2 114 2 112 2 110 2 108 2 106 2 104 2 102 2 100 2 98 2 96 2 94 2 92 2 90 1 88 2 86 2 84 2 80 2 78 1 76 1 74 1 72 1 70 1 68 1 64 1 62 1 60 2 58 2 56 2 54 1 52 2 50 2 48 2 46 2 44 2 42 2 40 2 38 2 36 2 34 2 32 2 28 2
58 191 2 189 1 183 1 181 1 179 2 177 1 173 2 169 1 165 2 163 1 161 2 159 2 157 2 155 2 153 1 147 1 145 1 141 1 139 1 137 1 135 1 129 2 127 2 123 2 121 2 117 2 115 2 111 2 109 2 105 2 103 2 99 2 97 2 93 2 91 1 89 2 87 2 85 2 83 2 81 1 75 1 73 1 71 2 69 1 65 2 61 1 57 2 55 1 53 2 51 2 49 2 47 2 45 2 43 2 41 2 39 2 37 2 33 2
68 190 1 188 1 186 2 184 2 182 1 178 2 172 1 170 1 168 1 166 1 164 2 160 1 158 2 156 2 154 1 152 1 150 2 148 2 146 1 142 2 138 1 136 1 132 1 130 1 128 2 126 1 124 1 122 2 120 1 118 1 116 2 114 1 112 1 110 2 108 1 106 1 104 2 102 1 100 1 98 2 96 1 94 1 92 2 88 1 86 2 84 2 82 1 80 1 78 2 76 2 74 1 70 2 64 1 62 1 60 1 58 1 56 2 52 1 50 2 48 2 46 2 44 2 42 2 40 2 38 2 36 1 34 2 30 1
39 191 2 189 1 187 2 177 2 173 2 169 2 163 2 161 2 159 2 157 2 155 2 153 1 151 2 141 2 139 1 137 1 133 1 91 2 89 2 87 2 85 2 83 2 81 1 79 2 69 2 65 2 61 2 55 2 53 2 51 2 49 2 47 2 45 2 43 2 41 2 39 2 37 2 35 2 31 2
66 190 1 186 1 184 1 182 1 180 1 176 1 172 1 168 2 166 2 164 1 162 1 160 1 158 2 156 2 154 1 150 1 148 1 146 1 144 1 140 1 138 1 134 2 132 2 130 2 128 1 126 2 124 2 122 1 120 2 118 2 116 1 114 2 112 2 110 1 108 2 106 2 104 1 102 2 100 2 98 1 96 2 94 2 92 1 90 1 88 1 86 2 84 2 82 1 78 1 76 1 74 1 72 1 68 1 64 1 60 2 58 2 56 1 54 1 52 1 50 2 48 2 46 2 44 2 42 2 40 2 36 2
58 191 2 189 1 187 2 181 2 179 2 175 1 173 2 171 1 169 1 165 1 161 2 159 2 157 2 155 2 153 1 151 2 145 2 143 2 139 2 137 1 135 1 133 1 129 1 127 1 123 1 121 1 117 1 115 1 111 1 109 1 105 1 103 1 99 1 97 1 93 1 89 2 87 2 85 2 83 2 81 1 79 2 73 2 71 2 67 1 65 2 63 1 61 1 57 1 53 2 51 2 49 2 47 2 45 2 43 2 41 2 39 1 37 2 33 1
74 190 1 186 2 184 2 182 2 180 1 178 2 176 1 174 1 172 1 170 1 168 1 166 1 164 1 162 2 160 1 158 2 156 2 154 1 150 2 148 2 146 2 144 1 142 2 140 1 138 1 134 1 132 1 130 1 128 1 126 1 124 1 122 1 120 1 118 1 116 1 114 1 112 1 110 1 108 1 106 1 104 1 102 1 100 1 98 1 96 1 94 1 92 1 90 2 88 1 86 2 84 2 82 1 78 2 76 2 74 2 72 1 70 2 68 1 66 1 64 1 62 1 60 1 58 1 56 1 54 2 52 1 50 2 48 2 46 2 44 2 42 2 40 2 38 2 34 2
48 191 2 189 1 185 1 181 2 179 1 177 2 175 2 173 1 167 1 163 1 161 2 159 2 157 2 155 2 153 1 149 1 145 2 143 1 141 2 139 2 131 1 125 1 119 1 113 1 107 1 101 1 95 1 91 1 89 2 87 2 85 2 83 2 81 1 77 1 73 2 71 1 69 2 67 2 65 1 59 1 55 1 53 2 51 2 49 2 47 2 45 2 43 2 39 2
44 190 1 186 1 182 1 180 1 178 2 176 1 174 2 164 1 162 2 158 2 156 2 154 1 150 1 146 1 144 1 142 2 140 1 138 2 128 1 122 1 116 1 110 1 104 1 98 1 92 1 90 2 86 2 84 2 82 1 78 1 74 1 72 1 70 2 68 1 66 2 56 1 54 2 50 2 48 2 46 2 44 2 42 1 40 2 36 1
71 191 2 189 2 185 2 183 1 181 2 179 1 177 1 175 1 173 1 171 2 169 1 167 1 165 1 161 1 159 2 157 2 155 2 153 2 149 2 147 1 145 2 143 1 141 1 139 1 137 1 135 2 133 1 131 1 129 1 127 1 125 1 123 1 121 1 119 1 117 1 115 1 113 1 111 1 109 1 107 1 105 1 103 1 101 1 99 1 97 1 95 1 93 1 89 1 87 2 85 2 83 2 81 2 77 2 75 1 73 2 71 1 69 1 67 1 65 1 63 2 61 1 59 1 57 1 53 1 51 2 49 2 47 2 45 2 43 2 41 2 37 2
59 190 2 188 1 186 2 184 1 182 2 180 1 178 1 176 2 174 1 172 2 168 1 166 1 162 2 158 2 156 2 154 2 152 1 150 2 148 1 146 2 144 1 142 1 140 2 138 1 136 2 132 1 130 1 126 1 124 1 120 1 118 1 114 1 112 1 108 1 106 1 102 1 100 1 96 1 94 1 90 2 86 2 84 2 82 2 80 1 78 2 76 1 74 2 72 1 70 1 68 2 66 1 64 2 60 1 58 1 54 2 50 2 48 2 46 2 42 2
58 191 2 189 1 187 2 183 2 179 1 173 1 171 1 167 1 165 2 161 2 159 2 157 2 155 2 153 1 151 2 147 2 143 1 137 1 135 1 131 1 129 2 127 2 125 1 123 2 121 2 119 1 117 2 115 2 113 1 111 2 109 2 107 1 105 2 103 2 101 1 99 2 97 2 95 1 93 2 89 2 87 2 85 2 83 2 81 1 79 2 75 2 71 1 65 1 63 1 59 1 57 2 53 2 51 2 49 2 47 2 45 1 43 2 39 1
33 190 2 188 2 182 2 180 2 178 2 176 2 174 2 162 1 158 2 156 2 154 2 152 2 146 2 144 2 142 2 140 2 138 2 90 1 86 2 84 2 82 2 80 2 74 2 72 2 70 2 68 2 66 2 54 1 50 2 48 2 46 2 44 2 40 2
58 189 2 183 1 181 1 177 1 175 1 171 2 169 2 167 2 165 1 163 2 161 1 159 2 157 2 153 2 147 1 145 1 141 1 139 1 135 2 133 2 131 2 129 1 127 1 125 2 123 1 121 1 119 2 117 1 115 1 113 2 111 1 109 1 107 2 105 1 103 1 101 2 99 1 97 1 95 2 93 1 91 2 89 1 87 2 85 2 81 2 75 1 73 1 69 1 67 1 63 2 61 2 59 2 57 1 55 2 53 1 51 2 49 2 45 2
47 190 2 186 1 184 1 182 2 176 2 172 1 168 2 166 2 160 2 158 2 156 1 154 2 150 1 148 1 146 2 140 2 136 1 132 2 130 2 126 2 124 2 120 2 118 2 114 2 112 2 108 2 106 2 102 2 100 2 96 2 94 2 88 2 86 2 84 1 82 2 78 1 76 1 74 2 68 2 64 1 60 2 58 2 52 2 50 2 48 1 46 2 42 1
47 191 2 187 2 181 2 171 2 167 2 165 2 161 1 159 2 157 2 155 2 151 2 145 2 135 2 131 2 129 2 127 2 125 2 123 2 121 2 119 2 117 2 115 2 113 2 111 2 109 2 107 2 105 2 103 2 101 2 99 2 97 2 95 2 93 2 89 1 87 2 85 2 83 2 79 2 73 2 63 2 59 2 57 2 53 1 51 2 49 2 47 2 43 2
36 182 2 180 2 178 2 174 2 172 1 170 2 164 2 162 1 160 2 156 2 146 2 144 2 142 2 138 2 136 1 134 2 128 2 122 2 116 2 110 2 104 2 98 2 92 2 90 1 88 2 84 2 74 2 72 2 70 2 66 2 64 1 62 2 56 2 54 1 52 2 48 2
40 189 1 181 2 179 1 177 2 175 2 169 2 167 2 163 1 161 1 159 1 157 2 153 1 145 2 143 1 141 2 139 2 133 2 131 2 125 2 119 2 113 2 107 2 101 2 95 2 91 1 89 1 87 1 85 2 81 1 73 2 71 1 69 2 67 2 61 2 59 2 55 1 53 1 51 1 49 2 45 1
45 190 2 180 2 172 1 168 2 166 2 164 2 162 2 160 2 158 2 154 2 144 2 136 1 132 2 130 2 128 2 126 2 124 2 122 2 120 2 118 2 116 2 114 2 112 2 110 2 108 2 106 2 104 2 102 2 100 2 98 2 96 2 94 2 92 2 90 2 86 2 82 2 72 2 64 1 60 2 58 2 56 2 54 2 52 2 50 2 46 2
38 181 2 179 2 173 2 171 2 169 1 165 2 163 2 161 2 159 2 145 2 143 2 137 2 135 2 133 1 129 2 127 2 123 2 121 2 117 2 115 2 111 2 109 2 105 2 103 2 99 2 97 2 93 2 91 2 87 2 73 2 71 2 65 2 63 2 61 1 57 2 55 2 53 2 51 2
45 180 2 174 1 170 2 168 1 166 1 164 2 162 1 160 1 156 1 144 2 138 1 134 2 132 1 130 1 128 2 126 1 124 1 122 2 120 1 118 1 116 2 114 1 112 1 110 2 108 1 106 1 104 2 102 1 100 1 98 2 96 1 94 1 92 2 88 1 86 2 84 1 72 2 66 1 62 2 60 1 58 1 56 2 54 1 52 1 48 1
28 181 2 179 2 177 2 175 2 173 2 171 1 169 2 163 1 157 2 145 2 143 2 141 2 139 2 137 2 135 1 133 2 91 2 87 1 85 2 73 2 71 2 69 2 67 2 65 2 63 1 61 2 55 1 49 2
47 180 2 178 2 176 1 172 2 170 2 168 2 166 2 164 2 162 2 160 2 144 2 142 2 140 1 136 2 134 2 132 2 130 2 128 1 126 2 124 2 122 1 120 2 118 2 116 1 114 2 112 2 110 1 108 2 106 2 104 1 102 2 100 2 98 1 96 2 94 2 92 1 90 2 72 2 70 2 68 1 64 2 62 2 60 2 58 2 56 2 54 2 52 2
40 181 2 179 2 177 1 175 1 173 2 169 1 163 1 161 2 159 1 145 2 143 2 141 1 139 1 137 2 133 1 129 1 127 1 123 1 121 1 117 1 115 1 111 1 109 1 105 1 103 1 99 1 97 1 93 1 91 1 89 2 85 1 73 2 71 2 69 1 67 1 65 2 61 1 55 1 53 2 51 1
90 190 2 188 1 186 1 184 1 182 1 180 1 178 1 176 2 174 1 172 2 170 1 168 2 166 1 164 2 162 1 160 2 158 1 156 2 154 1 152 2 148 2 146 1 144 2 142 1 140 2 138 1 136 2 134 2 132 2 130 2 128 2 126 2 124 2 122 2 120 1 118 2 116 1 114 2 112 1 110 2 108 2 106 2 104 1 102 2 100 1 98 2 96 1 94 2 92 1 90 2 88 1 86 2 84 1 82 2 80 1 78 1 76 1 74 1 72 1 70 1 68 2 66 1 64 2 62 1 60 2 58 1 56 2 54 1 52 2 50 1 46 1 42 2 38 1 36 2 34 1 32 1 30 1 28 1 26 1 24 1 22 1 20 1 18 1 16 1 14 1 12 1 10 1 8 1 6 2 4 1
58 185 1 183 1 181 1 173 2 171 1 169 2 161 2 159 1 157 2 149 2 147 1 145 2 137 2 135 1 133 2 131 2 129 2 127 2 125 1 123 2 121 1 113 1 111 2 109 1 101 1 99 2 97 1 89 1 87 2 85 1 77 1 75 1 73 1 65 2 63 1 61 2 51 1 47 2 45 2 43 2 39 1 35 1 33 1 31 1 29 1 27 1 25 1 23 1 21 1 19 1 17 1 15 1 13 1 11 1 9 1 7 1 5 1 1 1
75 190 2 188 1 186 1 184 1 182 1 180 1 178 1 174 2 170 1 168 1 166 1 162 2 158 1 156 1 154 1 152 1 150 2 148 1 146 1 144 1 142 1 138 2 134 2 132 2 130 2 128 2 126 2 124 2 122 2 120 2 118 2 114 1 110 2 108 2 106 2 102 1 98 2 96 2 94 2 90 1 86 2 84 2 82 2 80 1 78 1 76 1 74 1 72 1 70 1 66 2 62 1 60 1 58 1 54 2 50 1 48 1 46 1 44 1 40 1 38 1 36 1 34 1 32 1 30 1 28 1 26 1 24 1 22 1 20 1 18 1 16 1 14 1 12 1 10 1 6 1
62 189 2 185 1 183 1 181 1 177 1 173 1 169 1 165 1 161 1 157 1 153 2 149 1 145 1 141 1 137 1 133 1 131 2 129 2 127 2 125 2 121 2 117 2 113 2 109 2 105 2 101 2 97 2 93 2 89 2 85 2 81 2 77 1 75 1 73 1 69 1 65 1 61 1 57 1 53 1 51 2 49 1 47 2 43 2 41 1 39 2 37 1 35 1 33 1 31 1 29 1 27 1 25 1 23 1 21 1 19 1 17 1 15 1 13 1 11 1 9 2 7 1 3 2
83 190 2 188 1 186 1 184 1 182 1 180 1 178 1 176 2 172 2 170 1 168 1 166 1 164 2 160 2 158 1 156 1 154 1 152 2 150 1 148 2 146 1 144 1 142 1 140 2 136 2 134 2 132 2 130 2 128 2 126 2 124 2 122 2 120 2 118 2 116 1 112 1 110 2 108 2 106 2 104 1 100 1 98 2 96 2 94 2 92 1 88 1 86 2 84 2 82 2 80 1 78 1 76 1 74 1 72 1 70 1 68 2 64 2 62 1 60 1 58 1 56 2 52 2 50 1 48 1 46 1 42 1 38 1 36 1 34 1 32 1 30 1 28 1 26 1 24 1 22 1 20 1 18 1 16 1 14 1 12 1 10 1 8 1 4 1
80 191 1 187 1 185 1 183 1 181 1 179 2 175 2 173 1 171 1 169 1 167 2 163 2 161 1 159 1 157 1 155 1 151 1 149 1 147 1 145 1 143 2 139 2 137 1 135 1 133 1 131 2 129 2 127 2 125 2 123 2 121 2 119 1 115 1 113 2 111 2 109 2 107 1 103 1 101 2 99 2 97 2 95 1 91 1 89 2 87 2 85 2 83 1 79 1 77 1 75 1 73 1 71 2 67 2 65 1 63 1 61 1 59 2 55 2 53 1 51 1 49 1 47 1 45 2 43 1 41 1 39 1 37 1 35 1 33 1 31 1 29 1 27 1 25 1 23 1 21 1 19 1 17 1 15 1 13 1 9 1
69 190 2 188 1 186 1 184 1 182 1 180 1 178 1 174 1 170 1 166 1 162 1 158 1 156 1 154 1 152 1 148 1 146 1 144 1 142 1 138 1 134 2 132 2 130 2 128 2 126 2 124 2 122 2 118 2 114 2 110 2 106 2 102 2 98 2 94 2 90 2 86 2 82 2 80 1 78 1 76 1 74 1 72 1 70 1 66 1 62 1 58 1 54 1 50 1 48 1 46 1 44 1 42 2 40 1 38 1 36 1 34 1 32 1 30 1 28 1 26 1 24 1 22 1 20 1 18 1 16 1 14 1 12 2 10 1 6 2
70 189 1 185 1 183 1 181 1 177 2 173 1 171 1 169 1 165 2 161 1 159 1 157 1 153 1 149 1 147 1 145 1 141 2 137 1 135 1 133 1 131 2 129 2 127 2 125 2 123 2 121 2 117 1 113 2 111 2 109 2 105 1 101 2 99 2 97 2 93 1 89 2 87 2 85 2 81 1 77 1 75 1 73 1 69 2 65 1 63 1 61 1 57 2 53 1 51 1 49 1 47 2 45 1 43 2 41 1 39 1 37 1 35 1 33 1 31 1 29 1 27 1 25 1 23 1 21 1 19 1 17 1 15 1 13 1 11 1 7 1
65 190 1 188 1 186 1 184 1 182 1 180 1 178 1 170 2 168 1 166 2 158 1 156 1 154 1 152 1 150 1 148 1 146 1 144 1 142 1 134 2 132 2 130 2 128 2 126 2 124 2 122 1 120 2 118 1 110 1 108 2 106 1 98 1 96 2 94 1 86 1 84 2 82 1 80 1 78 1 76 1 74 1 72 1 70 1 62 2 60 1 58 2 50 1 48 1 46 1 44 1 42 1 40 1 38 1 36 1 34 1 32 1 30 1 28 1 26 1 24 1 22 1 20 1 18 1 16 1 12 1
90 191 1 189 2 187 1 185 1 183 1 181 1 179 2 177 1 175 2 173 1 171 2 169 1 167 2 165 1 163 2 161 1 159 2 157 1 155 1 153 2 151 1 149 1 147 1 145 1 143 2 141 1 139 2 137 1 135 2 133 1 131 2 129 2 127 2 125 2 123 1 121 2 119 1 117 2 115 1 113 2 111 1 109 2 107 1 105 2 103 1 101 2 99 1 97 2 95 1 93 2 91 1 89 2 87 1 85 2 83 1 81 2 79 1 77 1 75 1 73 1 71 2 69 1 67 2 65 1 63 2 61 1 59 2 57 1 55 2 53 1 51 2 49 1 47 1 43 1 41 1 39 1 37 1 35 1 33 1 31 1 29 1 27 1 25 1 23 1 21 1 19 1 17 1 15 2 13 1 9 2
66 190 2 188 1 186 1 184 1 182 1 180 1 178 1 170 1 168 2 166 1 158 1 156 1 154 1 152 1 150 1 148 1 146 1 144 1 142 1 134 2 132 2 130 2 128 2 126 2 124 2 122 2 120 1 118 2 110 2 108 1 106 2 98 2 96 1 94 2 86 2 84 1 82 2 80 1 78 1 76 1 74 1 72 1 70 1 62 1 60 2 58 1 50 1 48 1 46 1 44 1 42 1 40 1 38 1 36 1 34 1 32 1 30 1 28 1 26 1 24 1 22 1 20 1 18 1 16 1 14 1 10 1
70 191 1 189 1 187 1 185 1 183 1 181 1 179 2 177 2 175 2 171 1 167 2 165 2 163 2 159 1 155 1 153 1 151 1 149 1 147 1 145 1 143 2 141 2 139 2 135 1 131 2 129 2 127 2 123 2 119 1 117 1 115 1 111 2 107 1 105 1 103 1 99 2 95 1 93 1 91 1 87 2 83 1 81 1 79 1 77 1 75 1 73 1 71 2 69 2 67 2 63 1 59 2 57 2 55 2 51 1 47 1 45 1 43 1 41 1 39 1 37 1 35 1 33 1 31 1 29 1 27 1 25 1 23 1 21 1 19 1 15 1
67 190 1 188 1 186 1 184 1 182 1 180 1 178 1 174 2 170 2 166 2 162 1 158 1 156 1 154 1 152 1 150 1 148 1 146 1 144 1 142 1 138 2 134 2 132 2 130 2 128 2 126 2 124 2 122 1 118 1 114 1 110 1 106 1 102 1 98 1 94 1 90 1 86 1 82 1 80 1 78 1 76 1 74 1 72 1 70 1 66 2 62 2 58 2 54 1 50 1 48 1 46 1 44 1 42 1 40 1 38 1 36 1 34 1 32 1 30 1 28 1 26 1 24 1 22 1 20 1 18 2 16 1 12 2
80 191 1 189 1 187 1 185 1 183 1 181 1 179 2 177 2 175 2 173 1 169 1 167 2 165 2 163 2 161 1 157 1 155 1 153 1 151 1 149 1 147 1 145 1 143 2 141 2 139 2 137 1 133 1 131 2 129 2 127 2 125 2 121 2 119 1 117 1 115 1 113 2 109 2 107 1 105 1 103 1 101 2 97 2 95 1 93 1 91 1 89 2 85 2 83 1 81 1 79 1 77 1 75 1 73 1 71 2 69 2 67 2 65 1 61 1 59 2 57 2 55 2 53 1 49 1 47 1 45 1 43 1 41 1 39 1 37 1 35 1 33 1 31 1 29 1 27 1 25 1 23 1 21 1 19 1 17 1 13 1
78 190 1 188 1 186 1 184 1 182 1 180 1 178 1 176 1 172 1 170 2 168 2 166 2 164 2 160 2 158 1 156 1 154 1 152 1 150 1 148 1 146 1 144 1 142 1 140 1 136 1 134 2 132 2 130 2 128 2 126 2 124 2 122 1 120 1 118 1 116 2 112 2 110 1 108 1 106 1 104 2 100 2 98 1 96 1 94 1 92 2 88 2 86 1 84 1 82 1 80 1 78 1 76 1 74 1 72 1 70 1 68 1 64 1 62 2 60 2 58 2 56 2 52 2 50 1 48 1 46 1 44 1 42 1 40 1 38 1 36 1 34 1 32 1 30 1 28 1 26 1 24 1 22 1 18 1
60 191 1 187 1 185 1 183 1 181 1 179 2 175 2 171 2 167 2 165 2 163 2 159 2 155 1 151 1 149 1 147 1 145 1 143 2 139 2 135 2 131 2 129 2 127 2 123 1 119 1 115 1 111 1 107 1 103 1 99 1 95 1 91 1 87 1 83 1 79 1 77 1 75 1 73 1 71 2 67 2 63 2 59 2 57 2 55 2 51 2 47 1 43 1 41 1 39 1 37 1 35 1 33 1 31 1 29 1 27 1 25 1 23 1 21 2 19 1 15 2
71 190 1 188 1 186 1 184 1 182 1 180 1 178 1 174 1 170 2 168 2 166 2 162 2 158 1 156 1 154 1 152 1 150 1 148 1 146 1 144 1 142 1 138 1 134 2 132 2 130 2 128 2 126 2 124 2 122 1 120 1 118 1 114 2 110 1 108 1 106 1 102 2 98 1 96 1 94 1 90 2 86 1 84 1 82 1 80 1 78 1 76 1 74 1 72 1 70 1 66 1 62 2 60 2 58 2 54 2 50 1 48 1 46 1 44 1 42 1 40 1 38 1 36 1 34 1 32 1 30 1 28 1 26 1 24 1 22 1 20 1 16 1
58 191 2 189 1 187 2 185 1 183 1 181 1 179 1 177 2 175 1 167 2 165 2 163 2 155 2 153 1 151 2 149 1 147 1 145 1 143 1 141 2 139 1 131 2 129 2 127 2 119 2 117 1 115 2 107 2 105 1 103 2 95 2 93 1 91 2 83 2 81 1 79 2 77 1 75 1 73 1 71 1 69 2 67 1 59 2 57 2 55 2 47 2 45 1 43 2 41 1 39 1 37 1 35 1 33 1 31 1 29 1 27 1 25 1 21 1
83 190 1 188 1 186 1 184 1 182 1 180 1 178 1 176 1 174 2 172 1 170 2 166 2 164 2 162 1 160 2 158 1 156 2 154 1 152 1 150 1 148 1 146 1 144 1 142 1 140 1 138 2 136 1 134 2 130 2 128 2 126 2 124 2 122 1 120 2 118 1 116 2 114 1 112 2 110 1 108 2 106 1 104 2 102 1 100 2 98 1 96 2 94 1 92 2 90 1 88 2 86 1 84 2 82 1 80 1 78 1 76 1 74 1 72 1 70 1 68 1 66 2 64 1 62 2 58 2 56 2 54 1 52 2 50 1 48 2 46 1 44 1 42 1 40 1 38 1 36 1 34 1 32 1 30 1 28 1 26 1 24 2 22 1 18 2
59 191 1 189 2 187 1 185 1 183 1 181 1 179 2 177 1 175 2 167 2 165 2 163 2 155 1 153 2 151 1 149 1 147 1 145 1 143 2 141 1 139 2 131 2 129 2 127 2 119 1 117 2 115 1 107 1 105 2 103 1 95 1 93 2 91 1 83 1 81 2 79 1 77 1 75 1 73 1 71 2 69 1 67 2 59 2 57 2 55 2 47 1 45 2 43 1 41 1 39 1 37 1 35 1 33 1 31 1 29 1 27 1 25 1 23 1 19 1
70 188 1 186 1 184 1 182 1 180 1 178 1 176 1 174 1 172 1 170 1 168 2 166 1 164 2 162 2 160 2 156 1 152 1 150 1 148 1 146 1 144 1 142 1 140 1 138 1 136 1 134 1 132 2 130 1 128 2 126 2 124 2 120 1 116 2 114 2 112 2 108 1 104 2 102 2 100 2 96 1 92 2 90 2 88 2 84 1 80 1 78 1 76 1 74 1 72 1 70 1 68 1 66 1 64 1 62 1 60 2 58 1 56 2 54 2 52 2 48 1 44 1 42 1 40 1 38 1 36 1 34 1 32 1 30 1 28 1 24 1
54 191 2 187 2 185 1 183 1 181 1 179 1 175 1 167 2 165 2 163 2 159 2 155 2 151 2 149 1 147 1 145 1 143 1 139 1 131 2 129 2 127 2 123 2 119 2 115 2 111 2 107 2 103 2 99 2 95 2 91 2 87 2 83 2 79 2 77 1 75 1 73 1 71 1 67 1 59 2 57 2 55 2 51 2 47 2 43 2 41 1 39 1 37 1 35 1 33 1 31 1 29 1 27 2 25 1 21 2
78 190 1 188 1 186 1 184 1 182 1 180 1 178 1 176 1 174 1 172 1 170 2 168 1 166 2 164 2 162 2 160 2 158 1 154 1 152 1 150 1 148 1 146 1 144 1 142 1 140 1 138 1 136 1 134 2 132 1 130 2 128 2 126 2 124 2 122 1 118 1 116 2 114 2 112 2 110 1 106 1 104 2 102 2 100 2 98 1 94 1 92 2 90 2 88 2 86 1 82 1 80 1 78 1 76 1 74 1 72 1 70 1 68 1 66 1 64 1 62 2 60 1 58 2 56 2 54 2 52 2 50 1 46 1 44 1 42 1 40 1 38 1 36 1 34 1 32 1 30 1 28 1 26 1 22 1
67 191 2 189 2 187 2 185 1 183 1 181 1 179 1 177 1 175 1 167 2 165 2 163 2 161 1 157 1 155 2 153 2 151 2 149 1 147 1 145 1 143 1 141 1 139 1 131 2 129 2 127 2 125 1 121 1 119 2 117 2 115 2 113 1 109 1 107 2 105 2 103 2 101 1 97 1 95 2 93 2 91 2 89 1 85 1 83 2 81 2 79 2 77 1 75 1 73 1 71 1 69 1 67 1 59 2 57 2 55 2 53 1 49 1 47 2 45 2 43 2 41 1 39 1 37 1 35 1 33 1 31 1 27 1
64 188 1 186 1 184 1 182 1 180 1 178 1 176 1 174 2 172 1 170 1 166 1 164 2 162 1 160 2 156 2 152 1 150 1 148 1 146 1 144 1 142 1 140 1 138 2 136 1 134 1 130 1 128 2 126 1 124 2 120 2 116 2 112 2 108 2 104 2 100 2 96 2 92 2 88 2 84 2 80 1 78 1 76 1 74 1 72 1 70 1 68 1 66 2 64 1 62 1 58 1 56 2 54 1 52 2 48 2 44 1 42 1 40 1 38 1 36 1 34 1 32 1 30 2 28 1 24 2
62 191 2 189 2 187 2 185 1 183 1 181 1 179 1 177 1 175 1 167 2 165 2 163 2 159 1 155 2 153 2 151 2 149 1 147 1 145 1 143 1 141 1 139 1 131 2 129 2 127 2 123 1 119 2 117 2 115 2 111 1 107 2 105 2 103 2 99 1 95 2 93 2 91 2 87 1 83 2 81 2 79 2 77 1 75 1 73 1 71 1 69 1 67 1 59 2 57 2 55 2 51 1 47 2 45 2 43 2 41 1 39 1 37 1 35 1 33 1 31 1 29 1 25 1
49 188 1 186 1 184 1 182 1 180 1 178 1 174 1 170 1 168 1 166 1 162 2 152 1 150 1 148 1 146 1 144 1 142 1 138 1 134 1 132 1 130 1 126 2 116 1 114 2 112 1 104 1 102 2 100 1 92 1 90 2 88 1 80 1 78 1 76 1 74 1 72 1 70 1 66 1 62 1 60 1 58 1 54 2 44 1 42 1 40 1 38 1 36 1 34 1 30 1
70 191 2 189 1 187 2 185 1 183 1 181 1 179 1 177 2 175 1 167 2 163 2 161 1 159 2 157 1 155 2 153 1 151 2 149 1 147 1 145 1 143 1 141 2 139 1 131 2 127 2 125 1 123 2 121 1 119 2 117 1 115 2 113 1 111 2 109 1 107 2 105 1 103 2 101 1 99 2 97 1 95 2 93 1 91 2 89 1 87 2 85 1 83 2 81 1 79 2 77 1 75 1 73 1 71 1 69 2 67 1 59 2 55 2 53 1 51 2 49 1 47 2 45 1 43 2 41 1 39 1 37 1 35 1 33 2 31 1 27 2
56 188 1 186 1 184 1 182 1 180 1 178 1 176 1 172 1 170 1 168 1 166 1 164 2 160 2 152 1 150 1 148 1 146 1 144 1 142 1 140 1 136 1 134 1 132 1 130 1 128 2 124 2 116 2 114 1 112 2 104 2 102 1 100 2 92 2 90 1 88 2 80 1 78 1 76 1 74 1 72 1 70 1 68 1 64 1 62 1 60 1 58 1 56 2 52 2 44 1 42 1 40 1 38 1 36 1 34 1 32 1 28 1
50 189 2 185 1 183 1 181 1 177 1 167 1 165 2 163 1 161 1 159 1 157 1 153 2 149 1 147 1 145 1 141 1 131 1 129 2 127 1 125 1 123 1 121 1 117 2 113 1 111 1 109 1 105 2 101 1 99 1 97 1 93 2 89 1 87 1 85 1 81 2 77 1 75 1 73 1 69 1 59 1 57 2 55 1 53 1 51 1 49 1 45 2 41 1 39 1 37 1 33 1
49 188 1 186 1 184 1 182 1 180 2 178 1 174 2 170 1 166 1 162 1 156 1 152 1 150 1 148 1 146 1 144 2 142 1 138 2 134 1 130 1 126 1 120 1 116 1 112 1 108 1 104 1 100 1 96 1 92 1 88 1 84 1 80 1 78 1 76 1 74 1 72 2 70 1 66 2 62 1 58 1 54 1 48 1 44 1 42 1 40 1 38 1 36 2 34 1 30 2
61 191 2 187 2 185 1 183 1 181 1 179 1 175 1 167 2 165 1 163 2 161 1 159 1 157 1 155 2 151 2 149 1 147 1 145 1 143 1 139 1 131 2 129 1 127 2 125 1 123 1 121 1 119 2 115 2 113 1 111 1 109 1 107 2 103 2 101 1 99 1 97 1 95 2 91 2 89 1 87 1 85 1 83 2 79 2 77 1 75 1 73 1 71 1 67 1 59 2 57 1 55 2 53 1 51 1 49 1 47 2 43 2 41 1 39 1 37 1 35 1 31 1
47 190 2 188 1 186 1 184 1 180 1 170 2 168 1 166 2 158 2 154 2 152 1 150 1 148 1 144 1 134 2 132 1 130 2 122 2 118 2 116 1 114 1 112 1 110 2 106 2 104 1 102 1 100 1 98 2 94 2 92 1 90 1 88 1 86 2 82 2 80 1 78 1 76 1 72 1 62 2 60 1 58 2 50 2 46 2 44 1 42 1 40 1 36 1
41 189 1 185 1 183 2 181 1 177 2 167 1 163 1 161 1 157 1 153 1 149 1 147 2 145 1 141 2 131 1 127 1 125 1 121 1 117 1 113 1 109 1 105 1 101 1 97 1 93 1 89 1 85 1 81 1 77 1 75 2 73 1 69 2 59 1 55 1 53 1 49 1 45 1 41 1 39 2 37 1 33 2
44 188 1 186 1 184 1 182 1 178 1 170 1 168 2 166 1 156 2 152 1 150 1 148 1 146 1 142 1 134 1 132 2 130 1 120 2 116 1 114 1 112 1 108 2 104 1 102 1 100 1 96 2 92 1 90 1 88 1 84 2 80 1 78 1 76 1 74 1 70 1 62 1 60 2 58 1 48 2 44 1 42 1 40 1 38 1 34 1
31 183 1 167 1 165 1 163 1 161 2 159 1 157 2 147 1 131 1 129 1 127 1 125 2 123 1 121 2 113 2 111 1 109 2 101 2 99 1 97 2 89 2 87 1 85 2 75 1 59 1 57 1 55 1 53 2 51 1 49 2 39 1
51 190 2 188 1 184 1 180 2 170 2 166 2 162 2 158 2 156 1 154 2 152 1 150 2 148 1 144 2 134 2 130 2 126 2 122 2 120 1 118 2 116 1 114 2 112 1 110 2 108 1 106 2 104 1 102 2 100 1 98 2 96 1 94 2 92 1 90 2 88 1 86 2 84 1 82 2 80 1 76 1 72 2 62 2 58 2 54 2 50 2 48 1 46 2 44 1 42 2 40 1 36 2
35 185 1 181 1 167 1 165 1 163 1 161 1 159 2 157 1 149 1 145 1 131 1 129 1 127 1 125 1 123 2 121 1 113 1 111 2 109 1 101 1 99 2 97 1 89 1 87 2 85 1 77 1 73 1 59 1 57 1 55 1 53 1 51 2 49 1 41 1 37 1
45 190 2 188 2 186 1 184 2 170 2 168 2 166 2 164 1 160 1 158 2 156 2 154 2 150 1 134 2 132 2 130 2 128 1 124 1 122 2 120 2 118 2 114 1 110 2 108 2 106 2 102 1 98 2 96 2 94 2 90 1 86 2 84 2 82 2 80 2 78 1 76 2 62 2 60 2 58 2 56 1 52 1 50 2 48 2 46 2 42 1
30 189 2 183 2 167 1 165 2 163 1 161 2 157 2 147 2 131 1 129 2 127 1 125 2 121 2 117 2 113 2 109 2 105 2 101 2 97 2 93 2 89 2 85 2 81 2 75 2 59 1 57 2 55 1 53 2 49 2 39 2
47 190 2 188 1 186 2 184 1 170 2 168 2 166 2 162 1 158 2 156 2 154 2 152 1 148 1 134 2 132 2 130 2 126 1 122 2 120 2 118 2 116 1 112 1 110 2 108 2 106 2 104 1 100 1 98 2 96 2 94 2 92 1 88 1 86 2 84 2 82 2 80 1 78 2 76 1 62 2 60 2 58 2 54 1 50 2 48 2 46 2 44 1 40 1
31 191 1 187 1 165 1 161 2 159 2 157 2 129 1 125 2 123 2 121 2 119 1 115 1 113 2 111 2 109 2 107 1 103 1 101 2 99 2 97 2 95 1 91 1 89 2 87 2 85 2 83 1 79 1 57 1 53 2 51 2 49 2
44 190 2 188 2 184 2 180 2 170 2 168 1 166 2 164 1 162 2 160 1 158 2 156 1 154 2 150 2 134 2 132 1 130 2 128 1 126 2 124 1 122 2 118 2 114 2 110 2 106 2 102 2 98 2 94 2 90 2 86 2 82 2 80 2 76 2 72 2 62 2 60 1 58 2 56 1 54 2 52 1 50 2 48 1 46 2 42 2
87 191 2 189 1 187 1 185 2 183 2 181 2 179 1 177 2 175 1 173 1 171 2 169 1 167 1 165 2 163 1 161 1 159 2 157 1 155 1 153 2 149 1 147 2 145 1 143 1 141 2 139 1 137 1 133 1 131 1 129 1 127 1 123 1 121 2 119 2 117 1 115 2 113 2 111 1 107 2 105 1 103 2 101 2 99 1 97 2 95 2 93 1 91 2 89 2 87 1 85 2 83 2 81 1 79 1 77 2 75 2 73 2 71 1 69 2 67 1 65 1 63 2 61 1 59 1 57 2 55 1 53 2 51 2 45 2 43 1 39 2 37 2 35 2 33 2 31 2 29 2 27 2 25 2 23 2 21 2 19 2 17 2 15 2 13 2 11 2 9 2 5 2 1 1
73 190 2 188 1 186 2 184 2 182 2 180 1 178 1 174 1 172 1 168 1 166 1 162 1 160 1 156 1 154 1 152 1 150 1 148 2 144 1 142 1 138 1 136 1 134 1 132 1 130 1 128 1 124 1 120 2 118 2 114 2 112 2 108 2 106 2 102 2 100 2 96 2 94 2 90 2 88 2 84 2 82 2 80 1 78 2 76 2 74 2 72 1 70 1 66 1 64 1 60 1 58 1 54 2 52 1 50 1 40 2 38 1 36 2 34 2 32 2 30 2 28 2 26 2 24 2 22 2 20 2 18 2 16 2 14 2 12 2 10 2 8 1 6 2 2 1
87 191 2 187 1 185 2 183 2 181 2 179 1 177 1 175 2 173 1 171 1 169 2 167 1 165 1 163 2 161 1 159 1 157 2 155 1 151 2 149 2 147 1 145 2 143 1 141 1 139 2 137 1 135 2 131 1 129 1 127 1 125 1 123 2 121 1 119 2 117 2 115 1 113 2 111 2 109 1 107 2 105 2 103 1 101 2 99 2 97 1 95 2 93 2 91 1 89 2 87 2 85 1 83 2 79 1 77 2 75 2 73 2 71 1 69 1 67 2 65 1 63 1 61 2 59 1 57 1 55 2 53 1 49 2 45 1 43 2 41 2 37 2 35 2 33 2 31 2 29 2 27 2 25 2 23 2 21 2 19 2 17 2 15 2 13 2 11 2 9 2 7 2 3 2
88 190 1 188 1 186 2 184 2 182 2 180 1 178 2 176 2 174 1 172 2 170 2 168 1 166 2 164 2 162 1 160 2 158 2 156 1 152 2 150 2 148 2 146 2 144 1 142 2 140 2 138 1 136 2 132 1 130 1 128 1 126 1 124 2 122 1 120 2 118 1 116 1 114 2 112 1 110 1 108 2 106 1 104 1 102 2 100 1 98 1 96 2 94 1 92 1 90 2 88 1 86 1 84 2 82 1 80 1 78 2 76 2 74 2 72 1 70 2 68 2 66 1 64 2 62 2 60 1 58 2 56 2 54 1 52 1 50 2 46 1 44 2 42 2 40 2 38 2 36 2 34 2 32 2 30 2 28 2 26 2 24 2 22 2 20 2 18 2 16 2 14 2 12 2 8 2
72 189 1 187 2 185 2 183 2 181 2 177 2 175 2 171 2 169 2 165 2 163 2 159 2 157 2 155 2 153 2 151 2 147 2 145 2 141 2 139 2 131 1 129 1 127 1 125 1 123 1 121 1 117 1 115 1 111 1 109 1 105 1 103 1 99 1 97 1 93 1 91 1 87 1 85 1 81 1 79 2 77 2 75 2 73 2 69 2 67 2 63 2 61 2 57 2 55 2 51 2 49 2 47 2 45 2 43 2 41 1 39 2 37 2 35 2 33 2 31 2 29 2 27 2 25 2 23 2 21 2 19 2 17 2 15 2 13 2 11 1 9 2 5 1
86 190 2 188 2 186 2 184 2 182 2 178 1 176 2 174 2 172 1 170 2 168 2 166 1 164 2 162 2 160 1 158 2 156 2 154 1 152 2 150 1 148 2 146 2 142 1 140 2 138 2 136 1 132 1 130 1 128 1 126 1 124 1 122 1 120 1 118 2 116 1 114 1 112 2 110 1 108 1 106 2 104 1 102 1 100 2 98 1 96 1 94 2 92 1 90 1 88 2 86 1 84 1 82 2 80 2 78 2 76 2 74 2 70 1 68 2 66 2 64 1 62 2 60 2 58 1 56 2 54 2 52 1 50 2 48 2 44 2 40 2 38 2 36 2 34 2 32 2 30 2 28 2 26 2 24 2 22 2 20 2 18 2 16 2 14 2 12 2 10 2 6 2
86 191 2 189 2 187 1 185 2 183 2 181 2 179 1 177 2 175 1 173 1 171 2 169 1 167 1 165 2 163 1 161 1 159 2 157 2 155 1 153 2 149 2 147 2 145 2 143 1 141 2 139 1 137 1 131 1 129 1 127 1 125 1 123 1 121 2 119 2 117 1 115 2 113 2 111 1 109 2 107 2 105 1 103 2 101 2 99 1 97 2 95 2 93 1 91 2 89 2 87 1 85 2 83 2 81 2 79 1 77 2 75 2 73 2 71 1 69 2 67 1 65 1 63 2 61 1 59 1 57 2 55 1 53 1 51 2 49 2 45 2 43 1 41 2 39 2 37 2 35 2 33 2 31 2 29 2 27 2 25 2 23 2 21 2 19 2 17 2 15 2 11 2
71 190 2 188 1 186 2 184 2 182 2 180 1 174 1 172 1 168 1 166 1 162 1 160 1 158 2 156 1 154 2 152 1 150 2 148 2 146 2 144 1 138 1 136 1 132 1 130 1 128 1 126 1 124 1 120 2 118 2 114 2 112 2 108 2 106 2 102 2 100 2 96 2 94 2 90 2 88 2 84 2 82 2 80 1 78 2 76 2 74 2 72 1 66 1 64 1 60 1 58 1 54 1 52 1 50 2 46 2 42 2 40 2 38 2 36 2 34 2 32 2 30 2 28 2 26 2 24 2 22 2 20 2 18 2 16 2 14 1 12 2 8 1
82 191 2 187 2 185 2 183 2 181 2 177 1 175 2 173 1 171 1 169 2 167 1 165 1 163 2 161 1 157 2 155 2 151 2 149 2 147 2 145 2 141 1 139 2 137 1 135 1 131 1 129 1 127 1 125 1 123 2 121 1 119 2 117 2 115 1 113 2 111 2 109 1 107 2 105 2 103 1 101 2 99 2 97 1 95 2 93 2 91 1 89 2 87 2 85 1 83 2 79 2 77 2 75 2 73 2 69 1 67 2 65 1 63 1 61 2 59 1 57 1 55 2 53 1 49 2 47 2 45 1 43 2 41 2 39 2 37 2 35 2 33 2 31 2 29 2 27 2 25 2 23 2 21 2 19 2 17 2 15 2 13 2 9 2
82 190 1 188 2 186 2 184 2 182 2 178 2 176 2 174 1 172 2 170 2 168 1 166 2 164 2 162 1 160 2 158 2 156 2 152 2 150 2 148 2 146 2 142 2 140 2 138 1 136 2 132 1 130 1 128 1 126 1 122 1 120 2 118 1 116 1 114 2 112 1 110 1 108 2 106 1 104 1 102 2 100 1 98 1 96 2 94 1 92 1 90 2 88 1 86 1 84 2 82 1 80 2 78 2 76 2 74 2 70 2 68 2 66 1 64 2 62 2 60 1 58 2 56 2 54 1 52 2 50 2 48 2 46 1 44 2 42 2 40 2 38 2 36 2 34 2 32 2 30 2 28 2 26 2 24 2 22 2 20 2 18 2 14 2
71 189 2 187 2 185 2 183 2 181 2 177 2 175 2 171 2 169 2 165 2 163 2 159 2 157 1 155 2 153 2 151 2 149 2 147 2 145 2 141 2 139 2 133 2 131 1 129 1 127 1 125 2 123 1 121 1 117 1 115 1 111 1 109 1 105 1 103 1 99 1 97 1 93 1 91 1 87 1 85 1 81 2 79 2 77 2 75 2 73 2 69 2 67 2 63 2 61 2 57 2 55 2 51 2 49 1 47 2 45 2 43 2 41 2 39 2 37 2 35 2 33 2 31 2 29 2 27 2 25 2 23 2 21 2 19 2 17 1 15 2 11 1
83 190 2 188 2 186 2 184 2 182 2 176 2 174 2 172 1 170 2 168 2 166 1 164 2 162 1 160 1 158 1 156 2 154 2 152 2 150 2 148 2 146 2 140 2 138 2 136 1 134 2 132 1 130 1 128 1 126 2 124 1 122 1 120 1 118 2 116 1 114 1 112 2 110 1 108 1 106 2 104 1 102 1 100 2 98 1 96 1 94 2 92 1 90 1 88 2 86 1 84 1 82 2 80 2 78 2 76 2 74 2 68 2 66 2 64 1 62 2 60 2 58 1 56 2 54 1 52 1 50 1 48 2 46 2 44 2 42 2 40 2 38 2 36 2 34 2 32 2 30 2 28 2 26 2 24 2 22 2 20 2 18 2 16 2 12 2
81 191 2 189 2 187 2 185 2 183 2 181 2 177 2 175 1 173 1 171 2 169 1 167 1 165 2 161 1 159 1 157 2 155 2 153 2 151 2 149 2 147 2 145 2 141 2 139 1 137 1 135 2 131 1 129 1 127 1 125 1 123 1 121 2 119 2 117 1 115 2 113 2 111 1 109 2 107 2 105 1 103 2 101 2 99 1 97 2 95 2 93 1 91 2 89 2 87 1 85 2 83 2 81 2 79 2 77 2 75 2 73 2 69 2 67 1 65 1 63 2 61 1 59 1 57 2 53 1 51 1 49 2 47 2 45 2 43 2 41 2 39 2 37 2 35 2 33 2 31 2 29 2 27 2 25 2 23 2 21 2 17 2
69 190 2 188 2 186 2 184 2 182 2 174 1 172 1 168 1 166 1 164 1 162 1 160 2 158 2 156 2 154 2 152 2 150 2 148 2 146 2 138 1 136 1 132 1 130 1 128 1 126 1 124 2 120 2 118 2 114 2 112 2 108 2 106 2 102 2 100 2 96 2 94 2 90 2 88 2 84 2 82 2 80 2 78 2 76 2 74 2 66 1 64 1 60 1 58 1 56 1 54 1 52 2 50 2 48 2 46 2 44 2 42 2 40 2 38 2 36 2 34 2 32 2 30 2 28 2 26 2 24 2 22 2 20 1 18 2 14 1
83 191 2 189 1 187 2 185 2 183 2 181 2 177 1 175 2 173 1 171 1 169 2 167 1 165 1 163 2 161 2 157 1 155 2 153 1 151 2 149 2 147 2 145 2 141 1 139 2 137 1 135 1 133 2 131 1 129 1 127 1 125 2 123 2 121 1 119 2 117 2 115 1 113 2 111 2 109 1 107 2 105 2 103 1 101 2 99 2 97 1 95 2 93 2 91 1 89 2 87 2 85 1 83 2 81 1 79 2 77 2 75 2 73 2 69 1 67 2 65 1 63 1 61 2 59 1 57 1 55 2 53 2 49 1 47 2 45 1 43 2 41 2 39 2 37 2 35 2 33 2 31 2 29 2 27 2 25 2 23 2 21 2 19 2 15 2
81 190 1 188 2 186 2 184 2 182 2 178 1 176 2 174 1 172 2 170 2 168 1 166 1 164 2 162 2 160 2 158 1 156 2 154 1 152 2 150 2 148 2 146 2 142 1 140 2 138 1 136 2 134 2 132 1 130 1 128 1 126 2 122 1 120 2 118 1 116 1 114 2 112 1 110 1 108 2 106 1 104 1 102 2 100 1 98 1 96 2 94 1 92 1 90 2 88 1 86 1 84 2 82 1 80 2 78 2 76 2 74 2 70 1 68 2 66 1 64 2 62 2 60 1 58 1 56 2 54 2 52 2 50 1 48 2 46 1 44 2 42 2 40 2 38 2 36 2 34 2 32 2 30 2 28 2 26 2 24 2 20 2
68 189 2 185 2 183 2 181 2 179 2 177 2 175 2 171 2 169 2 167 1 165 2 163 1 159 1 157 1 153 2 149 2 147 2 145 2 143 2 141 2 139 2 135 2 133 2 131 1 129 1 127 1 125 2 123 1 121 1 117 1 115 1 111 1 109 1 105 1 103 1 99 1 97 1 93 1 91 1 87 1 85 1 81 2 77 2 75 2 73 2 71 2 69 2 67 2 63 2 61 2 59 1 57 2 55 1 51 1 49 1 45 2 41 2 39 2 37 2 35 2 33 2 31 2 29 2 27 2 25 2 23 1 21 2 17 1
79 190 2 186 2 184 2 182 2 180 2 176 2 174 2 172 1 170 2 168 2 166 1 164 1 162 1 160 2 158 1 156 1 154 2 150 2 148 2 146 2 144 2 140 2 138 2 136 1 134 2 132 2 130 1 128 1 126 2 124 2 122 1 120 1 118 2 116 1 114 1 112 2 110 1 108 1 106 2 104 1 102 1 100 2 98 1 96 1 94 2 92 1 90 1 88 2 86 1 84 1 82 2 78 2 76 2 74 2 72 2 68 2 66 2 64 1 62 2 60 2 58 1 56 1 54 1 52 2 50 1 48 1 46 2 42 2 40 2 38 2 36 2 34 2 32 2 30 2 28 2 26 2 24 2 22 2 18 2
72 191 2 187 2 185 2 183 2 181 2 177 2 175 1 173 1 171 2 167 1 165 1 161 2 159 1 157 2 155 2 151 2 149 2 147 2 145 2 141 2 139 1 137 1 135 2 131 1 129 1 127 1 125 2 123 1 121 2 119 2 117 1 115 2 113 2 111 1 109 2 107 2 105 1 103 2 101 2 99 1 97 2 95 2 93 1 91 2 89 2 87 1 85 2 83 2 79 2 77 2 75 2 73 2 69 2 67 1 65 1 63 2 59 1 57 1 53 2 51 1 49 2 47 2 43 2 41 2 39 2 37 2 35 2 33 2 31 2 29 2 27 2 23 2
67 190 2 188 2 186 2 184 2 182 2 178 2 174 1 172 1 170 1 168 1 164 1 162 2 160 2 156 2 154 2 152 2 150 2 148 2 146 2 142 2 138 1 136 1 134 1 132 1 128 1 126 2 124 2 120 2 118 2 114 2 112 2 108 2 106 2 102 2 100 2 96 2 94 2 90 2 88 2 84 2 82 2 80 2 78 2 76 2 74 2 70 2 66 1 64 1 62 1 60 1 56 1 54 2 52 2 48 2 46 2 44 2 42 2 40 2 38 2 36 2 34 2 32 2 30 2 28 2 26 1 24 2 20 1
78 191 2 189 1 185 2 183 2 181 2 179 2 177 1 175 2 173 1 171 1 169 2 165 1 163 1 161 2 159 2 157 1 155 2 153 1 149 2 147 2 145 2 143 2 141 1 139 2 137 1 135 1 133 2 129 1 127 1 125 2 123 2 121 1 119 2 117 2 115 1 113 2 111 2 109 1 107 2 105 2 103 1 101 2 99 2 97 1 95 2 93 2 91 1 89 2 87 2 85 1 83 2 81 1 77 2 75 2 73 2 71 2 69 1 67 2 65 1 63 1 61 2 57 1 55 1 53 2 51 2 49 1 47 2 45 1 41 2 39 2 37 2 35 2 33 2 31 2 29 2 27 2 25 2 21 2
75 190 1 186 2 184 2 182 2 180 2 178 1 176 2 174 1 172 1 170 2 166 1 164 1 162 2 160 1 158 1 156 2 154 1 150 2 148 2 146 2 144 2 142 1 140 2 138 1 136 1 134 2 130 1 128 1 126 2 124 1 122 1 120 2 118 1 116 1 114 2 112 1 110 1 108 2 106 1 104 1 102 2 100 1 98 1 96 2 94 1 92 1 90 2 88 1 86 1 84 2 82 1 78 2 76 2 74 2 72 2 70 1 68 2 66 1 64 1 62 2 58 1 56 1 54 2 52 1 50 1 48 2 46 1 42 2 40 2 38 2 36 2 34 2 32 2 30 2 26 2
63 185 2 183 2 181 2 179 2 177 2 175 2 173 1 171 2 169 1 167 1 165 1 163 1 159 1 157 1 149 2 147 2 145 2 143 2 141 2 139 2 137 1 135 2 133 1 131 1 129 1 127 1 123 1 121 1 117 1 115 1 111 1 109 1 105 1 103 1 99 1 97 1 93 1 91 1 87 1 85 1 77 2 75 2 73 2 71 2 69 2 67 2 65 1 63 2 61 1 59 1 57 1 55 1 51 1 49 1 41 2 39 2 37 2 35 2 33 2 31 2 29 1 27 2 23 1
76 190 2 186 2 184 2 182 2 180 2 178 2 176 2 174 2 172 1 170 1 168 2 164 1 162 2 160 2 158 1 156 1 154 2 150 2 148 2 146 2 144 2 142 2 140 2 138 2 136 1 134 1 132 2 128 1 126 2 124 2 122 1 120 1 118 2 116 1 114 1 112 2 110 1 108 1 106 2 104 1 102 1 100 2 98 1 96 1 94 2 92 1 90 1 88 2 86 1 84 1 82 2 78 2 76 2 74 2 72 2 70 2 68 2 66 2 64 1 62 1 60 2 56 1 54 2 52 2 50 1 48 1 46 2 42 2 40 2 38 2 36 2 34 2 32 2 30 2 28 2 24 2
61 191 2 185 2 183 2 181 2 179 2 177 2 173 1 171 1 165 1 161 2 159 1 157 2 155 2 149 2 147 2 145 2 143 2 141 2 137 1 135 1 129 1 125 2 123 1 121 2 119 2 117 1 115 2 113 2 111 1 109 2 107 2 105 1 103 2 101 2 99 1 97 2 95 2 93 1 91 2 89 2 87 1 85 2 83 2 77 2 75 2 73 2 71 2 69 2 65 1 63 1 57 1 53 2 51 1 49 2 47 2 41 2 39 2 37 2 35 2 33 2 29 2
60 190 2 186 2 184 2 182 2 180 2 178 2 176 1 174 1 170 1 164 2 162 2 160 1 156 2 154 2 150 2 148 2 146 2 144 2 142 2 140 1 138 1 134 1 128 2 126 2 124 1 120 2 118 2 114 2 112 2 108 2 106 2 102 2 100 2 96 2 94 2 90 2 88 2 84 2 82 2 78 2 76 2 74 2 72 2 70 2 68 1 66 1 62 1 56 2 54 2 52 1 48 2 46 2 42 2 40 2 38 2 36 2 34 2 32 1 30 2 26 1
69 191 2 189 2 185 2 183 2 181 2 179 2 177 2 175 2 171 1 169 1 163 1 161 1 159 2 157 1 155 2 153 2 149 2 147 2 145 2 143 2 141 2 139 2 135 1 133 1 127 1 125 1 123 2 121 1 119 2 117 2 115 1 113 2 111 2 109 1 107 2 105 2 103 1 101 2 99 2 97 1 95 2 93 2 91 1 89 2 87 2 85 1 83 2 81 2 77 2 75 2 73 2 71 2 69 2 67 2 63 1 61 1 55 1 53 1 51 2 49 1 47 2 45 2 41 2 39 2 37 2 35 2 33 2 31 2 27 2
66 190 1 186 2 184 2 182 2 180 2 176 2 172 1 170 1 166 1 164 1 162 1 160 1 158 1 156 2 154 1 150 2 148 2 146 2 144 2 140 2 136 1 134 1 130 1 128 1 126 1 124 1 122 1 120 2 118 1 116 1 114 2 112 1 110 1 108 2 106 1 104 1 102 2 100 1 98 1 96 2 94 1 92 1 90 2 88 1 86 1 84 2 82 1 78 2 76 2 74 2 72 2 68 2 64 1 62 1 58 1 56 1 54 1 52 1 50 1 48 2 46 1 42 2 40 2 38 2 36 2 32 2
61 187 1 185 2 183 2 181 2 179 1 177 2 173 1 171 1 169 1 167 2 165 1 163 1 159 1 157 1 151 1 149 2 147 2 145 2 143 1 141 2 137 1 135 1 133 1 131 2 129 1 127 1 123 1 121 1 117 1 115 1 111 1 109 1 105 1 103 1 99 1 97 1 93 1 91 1 87 1 85 1 79 1 77 2 75 2 73 2 71 1 69 2 65 1 63 1 61 1 59 2 57 1 55 1 51 1 49 1 43 1 41 2 39 2 37 2 35 1 33 2 29 1
71 190 2 188 1 186 2 184 2 182 2 180 2 178 2 174 2 170 1 168 1 164 1 162 2 160 1 158 1 156 1 154 2 152 1 150 2 148 2 146 2 144 2 142 2 138 2 134 1 132 1 128 1 126 2 124 1 122 1 120 1 118 2 116 1 114 1 112 2 110 1 108 1 106 2 104 1 102 1 100 2 98 1 96 1 94 2 92 1 90 1 88 2 86 1 84 1 82 2 80 1 78 2 76 2 74 2 72 2 70 2 66 2 62 1 60 1 56 1 54 2 52 1 50 1 48 1 46 2 44 1 42 2 40 2 38 2 36 2 34 2 30 2
53 191 2 189 1 185 2 183 2 179 2 171 1 165 1 161 1 159 1 157 2 155 2 153 1 149 2 147 2 143 2 135 1 129 1 125 1 123 1 121 2 119 2 117 1 115 2 113 2 111 1 109 2 107 2 105 1 103 2 101 2 99 1 97 2 95 2 93 1 91 2 89 2 87 1 85 2 83 2 81 1 77 2 75 2 71 2 63 1 57 1 53 1 51 1 49 2 47 2 45 1 41 2 39 2 35 2
51 190 2 186 2 184 2 182 1 180 2 176 1 170 2 164 2 162 1 160 1 156 2 154 2 150 2 148 2 146 1 144 2 140 1 134 2 128 2 126 1 124 1 120 2 118 2 114 2 112 2 108 2 106 2 102 2 100 2 96 2 94 2 90 2 88 2 84 2 82 2 78 2 76 2 74 1 72 2 68 1 62 2 56 2 54 1 52 1 48 2 46 2 42 2 40 2 38 1 36 2 32 1
64 191 2 189 2 187 1 185 2 183 2 181 2 177 2 171 2 169 1 163 1 161 1 159 2 157 1 155 2 153 2 151 1 149 2 147 2 145 2 141 2 135 2 133 1 127 1 125 1 123 2 121 1 119 2 117 2 115 1 113 2 111 2 109 1 107 2 105 2 103 1 101 2 99 2 97 1 95 2 93 2 91 1 89 2 87 2 85 1 83 2 81 2 79 1 77 2 75 2 73 2 69 2 63 2 61 1 55 1 53 1 51 2 49 1 47 2 45 2 43 1 41 2 39 2 37 2 33 2
52 190 1 188 1 186 2 182 2 170 1 166 1 164 1 162 1 158 1 156 2 154 1 152 1 150 2 146 2 134 1 130 1 128 1 126 1 122 1 120 2 118 1 116 1 114 2 112 1 110 1 108 2 106 1 104 1 102 2 100 1 98 1 96 2 94 1 92 1 90 2 88 1 86 1 84 2 82 1 80 1 78 2 74 2 62 1 58 1 56 1 54 1 50 1 48 2 46 1 44 1 42 2 38 2
56 189 1 187 1 185 1 183 2 179 1 171 1 169 2 167 2 165 1 163 1 161 2 159 1 157 1 153 1 151 1 149 1 147 2 143 1 135 1 133 2 131 2 129 1 127 1 125 2 123 1 121 1 117 1 115 1 111 1 109 1 105 1 103 1 99 1 97 1 93 1 91 1 87 1 85 1 81 1 79 1 77 1 75 2 71 1 63 1 61 2 59 2 57 1 55 1 53 2 51 1 49 1 45 1 43 1 41 1 39 2 35 1
57 190 2 188 1 184 2 180 2 170 2 168 1 164 1 162 1 160 1 158 1 156 1 154 2 152 1 150 2 148 2 144 2 134 2 132 1 128 1 126 1 124 1 122 1 120 1 118 2 116 1 114 1 112 2 110 1 108 1 106 2 104 1 102 1 100 2 98 1 96 1 94 2 92 1 90 1 88 2 86 1 84 1 82 2 80 1 76 2 72 2 62 2 60 1 56 1 54 1 52 1 50 1 48 1 46 2 44 1 42 2 40 2 36 2
47 191 2 189 1 185 2 171 2 165 1 161 1 159 1 157 2 155 2 153 1 151 2 149 2 135 2 129 1 125 1 123 1 121 2 119 2 117 1 115 2 113 2 111 1 109 2 107 2 105 1 103 2 101 2 99 1 97 2 95 2 93 1 91 2 89 2 87 1 85 2 83 2 81 1 77 2 63 2 57 1 53 1 51 1 49 2 47 2 45 1 43 2 41 2
40 190 2 188 2 186 2 184 2 182 1 170 2 164 2 162 1 156 2 154 2 150 2 146 1 134 2 128 2 126 1 120 2 118 2 114 2 112 2 108 2 106 2 102 2 100 2 96 2 94 2 90 2 88 2 84 2 82 2 80 2 78 2 76 2 74 1 62 2 56 2 54 1 48 2 46 2 42 2 38 1
49 191 2 189 1 187 1 185 2 183 2 171 2 169 2 163 1 159 2 157 1 155 2 151 1 147 2 135 2 133 2 127 1 123 2 121 1 119 2 117 2 115 1 113 2 111 2 109 1 107 2 105 2 103 1 101 2 99 2 97 1 95 2 93 2 91 1 89 2 87 2 85 1 83 2 81 1 79 1 77 2 75 2 63 2 61 2 55 1 51 2 49 1 47 2 43 1 39 2
43 190 1 188 1 186 2 170 2 166 1 164 1 158 1 156 2 154 2 152 1 134 2 130 1 128 1 122 1 120 2 118 1 116 1 114 2 112 1 110 1 108 2 106 1 104 1 102 2 100 1 98 1 96 2 94 1 92 1 90 2 88 1 86 1 84 2 82 1 80 1 78 2 62 2 58 1 56 1 50 1 48 2 46 2 44 1
46 189 1 185 1 171 2 169 2 167 2 165 1 163 1 161 2 159 1 157 1 155 2 153 1 149 1 135 2 133 2 131 2 129 1 127 1 125 2 123 1 121 1 117 1 115 1 111 1 109 1 105 1 103 1 99 1 97 1 93 1 91 1 87 1 85 1 81 1 77 1 63 2 61 2 59 2 57 1 55 1 53 2 51 1 49 1 47 2 45 1 41 1
46 190 2 184 2 180 2 170 2 168 1 164 1 162 1 158 1 156 1 154 2 150 2 134 2 132 1 128 1 126 1 122 1 120 1 118 2 116 1 114 1 112 2 110 1 108 1 106 2 104 1 102 1 100 2 98 1 96 1 94 2 92 1 90 1 88 2 86 1 84 1 82 2 76 2 72 2 62 2 60 1 56 1 54 1 50 1 48 1 46 2 42 2
41 191 2 185 2 181 2 171 2 169 1 165 1 159 1 155 2 151 2 135 2 133 1 129 1 123 1 121 2 119 2 117 1 115 2 113 2 111 1 109 2 107 2 105 1 103 2 101 2 99 1 97 2 95 2 93 1 91 2 89 2 87 1 85 2 83 2 77 2 73 2 63 2 61 1 57 1 51 1 47 2 43 2
42 188 2 180 2 176 1 172 2 170 2 168 2 164 1 160 2 158 2 156 2 152 1 146 2 144 2 140 1 126 2 122 1 120 1 116 2 112 1 110 2 108 1 104 2 100 1 98 1 96 1 92 2 88 1 86 1 84 1 80 2 72 2 68 1 64 2 62 2 60 2 56 1 54 1 52 2 50 1 48 1 44 2 2 1
54 191 2 187 2 181 2 179 1 177 1 175 1 173 2 169 2 167 1 165 1 163 1 161 2 157 2 155 1 151 1 145 2 143 1 141 1 139 1 137 2 135 1 133 2 127 2 121 1 119 2 117 2 115 2 113 1 109 1 107 2 105 2 103 2 101 1 97 1 95 2 93 2 91 2 89 1 85 1 83 2 79 2 73 2 71 1 69 1 67 1 65 2 61 2 59 1 57 1 55 2 53 2 49 1 47 2 43 2
47 190 2 188 2 180 2 178 2 176 1 174 1 168 2 166 2 164 1 162 1 156 2 154 1 152 1 144 2 142 2 140 1 138 1 136 1 134 2 124 1 120 1 118 1 116 2 114 2 108 1 106 1 104 2 102 2 96 1 94 1 92 2 90 2 84 1 82 2 80 2 72 2 70 2 68 1 66 1 60 2 58 2 56 1 54 1 52 2 48 1 46 2 44 2
39 191 2 189 1 181 2 179 1 177 2 169 2 167 1 165 2 157 2 155 1 153 2 145 2 143 1 141 2 135 1 133 2 125 1 121 1 119 2 117 1 109 1 107 2 105 1 97 1 95 2 93 1 85 1 83 2 81 1 73 2 71 1 69 2 61 2 59 1 57 2 53 2 49 1 47 2 45 1
27 180 1 176 2 174 1 172 2 164 2 162 1 160 2 144 1 140 2 138 1 134 2 116 1 114 2 112 1 104 1 102 2 100 1 92 1 90 2 88 1 72 1 68 2 66 1 64 2 56 2 54 1 52 2
45 191 2 187 2 181 1 179 1 177 1 175 2 173 2 167 1 165 1 163 2 161 2 155 1 151 1 145 1 143 1 141 1 139 2 137 2 135 1 133 2 119 2 117 2 115 1 113 1 107 2 105 2 103 1 101 1 95 2 93 2 91 1 89 1 83 2 79 2 73 1 71 1 69 1 67 2 65 2 59 1 57 1 55 2 53 2 47 2 43 2
44 188 2 180 2 176 1 174 1 172 2 168 2 166 1 164 1 162 1 160 2 156 2 152 1 144 2 140 1 138 1 134 2 120 1 118 2 116 2 114 2 112 1 108 1 106 2 104 2 102 2 100 1 96 1 94 2 92 2 90 2 88 1 84 1 80 2 72 2 68 1 66 1 64 2 60 2 58 1 56 1 54 1 52 2 48 1 44 2
40 181 2 179 2 177 1 173 2 171 2 169 2 165 1 161 2 159 1 157 2 145 2 143 2 141 1 137 2 135 2 133 2 123 1 121 1 117 2 113 1 111 1 109 1 105 2 101 1 99 1 97 1 93 2 89 1 87 1 85 1 73 2 71 2 69 1 65 2 63 2 61 2 57 1 53 2 51 1 49 1
39 190 2 180 1 178 2 176 2 174 1 172 1 166 2 164 2 162 1 154 1 144 1 142 2 140 2 138 1 136 1 134 2 124 1 118 1 116 1 114 2 112 2 106 1 104 1 102 2 100 2 94 1 92 1 90 2 88 2 82 2 72 1 70 2 68 2 66 1 64 1 58 2 56 2 54 1 46 2
41 191 2 181 1 179 1 177 1 173 2 169 1 167 1 165 1 161 2 157 2 155 1 145 1 143 1 141 1 137 2 135 1 133 1 121 2 119 2 117 2 113 1 109 2 107 2 105 2 101 1 97 2 95 2 93 2 89 1 85 2 83 2 73 1 71 1 69 1 65 2 61 1 59 1 57 1 53 2 49 2 47 2
41 180 1 176 2 174 2 172 2 170 1 166 1 164 2 162 1 160 2 158 2 144 1 140 2 138 2 134 1 126 1 122 2 118 2 116 1 114 1 112 1 110 2 106 2 104 1 102 1 100 1 98 2 94 2 92 1 90 1 88 1 86 2 72 1 68 2 66 2 64 2 62 1 58 1 56 2 54 1 52 2 50 2
39 181 1 179 2 177 1 175 1 173 2 171 2 165 1 161 2 159 1 145 1 143 2 141 1 139 1 137 2 135 2 133 2 127 1 123 1 117 2 115 2 113 1 111 1 105 2 103 2 101 1 99 1 93 2 91 2 89 1 87 1 73 1 71 2 69 1 67 1 65 2 63 2 57 1 53 2 51 1
25 180 1 176 2 174 1 166 1 164 2 162 1 144 1 140 2 138 1 134 2 118 2 116 1 114 2 106 2 104 1 102 2 94 2 92 1 90 2 72 1 68 2 66 1 58 1 56 2 54 1
37 189 2 181 1 179 2 173 1 171 2 169 1 161 2 159 1 157 2 153 2 145 1 143 2 137 1 135 2 133 1 125 2 123 1 121 2 113 2 111 1 109 2 101 2 99 1 97 2 89 2 87 1 85 2 81 2 73 1 71 2 65 1 63 2 61 1 53 2 51 1 49 2 45 2
43 190 2 180 1 178 2 176 2 174 2 172 1 170 1 164 2 162 1 158 2 154 2 144 1 142 2 140 2 138 2 136 1 134 1 126 1 124 1 122 2 116 1 114 1 112 2 110 2 104 1 102 1 100 2 98 2 92 1 90 1 88 2 86 2 82 2 72 1 70 2 68 2 66 2 64 1 62 1 56 2 54 1 50 2 46 2
53 187 1 181 1 179 2 177 1 175 2 173 2 171 2 169 1 165 1 163 1 161 2 159 1 157 2 151 1 145 1 143 2 141 1 139 2 137 2 135 2 133 1 127 1 123 1 121 2 117 2 115 1 113 1 111 1 109 2 105 2 103 1 101 1 99 1 97 2 93 2 91 1 89 1 87 1 85 2 79 1 73 1 71 2 69 1 67 2 65 2 63 2 61 1 57 1 55 1 53 2 51 1 49 2 43 1
36 188 1 174 2 170 1 168 1 166 1 162 1 158 2 156 2 152 1 138 2 134 1 132 1 126 1 122 2 120 2 118 2 114 1 110 2 108 2 106 2 102 1 98 2 96 2 94 2 90 1 86 2 84 2 80 1 66 2 62 1 60 1 58 1 54 1 50 2 48 2 44 1
41 189 2 179 2 175 1 173 1 171 2 169 2 161 2 159 1 157 1 153 2 143 2 139 1 137 1 135 2 133 2 127 1 125 2 123 1 121 1 115 2 113 2 111 1 109 1 103 2 101 2 99 1 97 1 91 2 89 2 87 1 85 1 81 2 71 2 67 1 65 1 63 2 61 2 53 2 51 1 49 1 45 2
35 180 1 176 2 174 2 170 1 166 2 164 2 162 1 158 2 144 1 140 2 138 2 134 1 130 2 126 1 122 2 118 1 116 1 114 1 110 2 106 1 104 1 102 1 98 2 94 1 92 1 90 1 86 2 72 1 68 2 66 2 62 1 58 2 56 2 54 1 50 2
57 191 1 189 2 187 1 181 1 175 2 173 1 171 1 169 1 167 2 163 1 161 2 159 2 157 2 155 1 153 2 151 1 145 1 139 2 137 1 135 1 133 1 131 2 127 1 125 2 123 2 121 2 119 1 115 1 113 2 111 2 109 2 107 1 103 1 101 2 99 2 97 2 95 1 91 1 89 2 87 2 85 2 83 1 81 2 79 1 73 1 67 2 65 1 63 1 61 1 59 2 55 1 53 2 51 2 49 2 47 1 45 2 43 1
47 190 2 188 1 178 2 174 2 172 2 170 1 168 1 162 1 160 1 158 2 156 2 154 2 152 1 142 2 138 2 136 2 134 1 132 1 126 1 124 1 122 2 120 2 114 1 112 1 110 2 108 2 102 1 100 1 98 2 96 2 90 1 88 1 86 2 84 2 82 2 80 1 70 2 66 2 64 2 62 1 60 1 54 1 52 1 50 2 48 2 46 2 44 1
38 189 2 187 1 179 2 175 2 173 1 171 2 163 1 161 2 159 1 153 2 151 1 143 2 139 2 137 1 135 2 127 1 125 2 123 1 115 1 113 2 111 1 103 1 101 2 99 1 91 1 89 2 87 1 81 2 79 1 71 2 67 2 65 1 63 2 55 1 53 2 51 1 45 2 43 1
31 188 1 170 2 168 1 166 2 162 1 158 1 156 2 152 1 134 2 132 1 130 2 126 1 122 1 120 2 118 1 110 1 108 2 106 1 98 1 96 2 94 1 86 1 84 2 80 1 62 2 60 1 58 2 54 1 50 1 48 2 44 1
48 191 1 189 2 187 1 173 1 171 1 169 2 167 2 163 1 161 2 159 2 157 1 155 1 153 2 151 1 137 1 135 1 133 2 131 2 127 1 125 2 123 2 121 1 119 1 113 2 111 2 109 1 107 1 101 2 99 2 97 1 95 1 89 2 87 2 85 1 83 1 81 2 79 1 65 1 63 1 61 2 59 2 55 1 53 2 51 2 49 1 47 1 45 2 43 1
46 188 1 174 2 172 1 170 1 168 1 166 2 162 1 160 1 158 2 156 2 152 1 138 2 136 1 134 1 132 1 130 2 126 1 124 1 122 2 120 2 118 1 114 1 112 2 110 2 108 2 106 1 102 1 100 2 98 2 96 2 94 1 90 1 88 2 86 2 84 2 80 1 66 2 64 1 62 1 60 1 58 2 54 1 52 1 50 2 48 2 44 1
45 191 1 189 1 187 1 175 2 171 1 167 2 165 2 163 1 161 2 159 2 155 1 153 1 151 1 139 2 135 1 131 2 129 2 127 1 125 2 123 2 119 1 117 1 115 1 111 2 107 1 105 1 103 1 99 2 95 1 93 1 91 1 87 2 83 1 81 1 79 1 67 2 63 1 59 2 57 2 55 1 53 2 51 2 47 1 45 1 43 1
44 190 2 188 1 172 2 170 2 168 1 166 1 162 1 160 1 158 1 156 2 154 2 152 1 136 2 134 2 132 1 130 1 126 1 124 1 122 1 120 2 118 2 112 1 110 1 108 2 106 2 100 1 98 1 96 2 94 2 88 1 86 1 84 2 82 2 80 1 64 2 62 2 60 1 58 1 54 1 52 1 50 1 48 2 46 2 44 1
42 191 1 189 2 187 2 173 1 171 1 167 2 163 2 161 2 159 2 155 1 153 2 151 2 137 1 135 1 131 2 127 2 125 2 123 2 119 1 115 2 113 2 111 2 107 1 103 2 101 2 99 2 95 1 91 2 89 2 87 2 83 1 81 2 79 2 65 1 63 1 59 2 55 2 53 2 51 2 47 1 45 2 43 2
46 188 2 172 1 170 2 168 2 166 2 164 1 162 1 160 1 158 1 156 1 152 2 136 1 134 2 132 2 130 2 128 1 126 1 124 1 122 1 120 1 118 1 116 2 112 2 110 1 108 1 106 1 104 2 100 2 98 1 96 1 94 1 92 2 88 2 86 1 84 1 80 2 64 1 62 2 60 2 58 2 56 1 54 1 52 1 50 1 48 1 44 2
48 191 1 189 1 187 1 171 1 169 1 167 2 165 2 163 1 161 2 159 2 157 2 155 1 153 1 151 1 135 1 133 1 131 2 129 2 127 1 125 2 123 2 121 2 119 1 117 1 111 2 109 2 107 1 105 1 99 2 97 2 95 1 93 1 87 2 85 2 83 1 81 1 79 1 63 1 61 1 59 2 57 2 55 1 53 2 51 2 49 2 47 1 45 1 43 1
34 188 1 172 1 170 2 168 1 162 1 160 1 158 1 156 2 152 1 136 1 134 2 132 1 126 1 124 1 122 1 120 2 112 2 110 1 108 2 100 2 98 1 96 2 88 2 86 1 84 2 80 1 64 1 62 2 60 1 54 1 52 1 50 1 48 2 44 1
36 191 2 189 1 187 2 171 2 167 1 165 2 163 2 161 2 155 2 153 1 151 2 135 2 131 1 129 2 127 2 125 2 119 2 117 1 115 2 107 2 105 1 103 2 95 2 93 1 91 2 83 2 81 1 79 2 63 2 59 1 57 2 55 2 53 2 47 2 45 1 43 2
47 190 2 188 2 172 2 170 2 168 2 166 1 164 1 162 1 160 2 158 1 156 1 154 2 152 2 136 2 134 2 132 2 130 1 128 1 126 1 124 2 122 1 120 1 118 2 116 2 110 1 108 1 106 2 104 2 98 1 96 1 94 2 92 2 86 1 84 1 82 2 80 2 64 2 62 2 60 2 58 1 56 1 54 1 52 2 50 1 48 1 46 2 44 2
48 191 1 189 1 187 2 171 1 167 2 165 2 163 2 161 2 159 2 157 1 155 1 153 1 151 2 135 1 131 2 129 2 127 2 125 2 123 2 121 1 119 1 117 1 115 2 111 2 109 1 107 1 105 1 103 2 99 2 97 1 95 1 93 1 91 2 87 2 85 1 83 1 81 1 79 2 63 1 59 2 57 2 55 2 53 2 51 2 49 1 47 1 45 1 43 2
39 188 2 186 1 172 1 170 1 168 2 164 1 162 1 160 1 156 1 152 2 136 1 134 1 132 2 128 1 126 1 124 1 120 1 116 2 114 2 112 2 108 1 104 2 102 2 100 2 96 1 92 2 90 2 88 2 84 1 80 2 78 1 64 1 62 1 60 2 56 1 54 1 52 1 48 1 44 2
43 191 2 189 1 171 2 169 1 167 1 165 2 163 2 161 2 157 2 155 2 153 1 151 2 135 2 133 1 131 1 129 2 127 2 125 2 121 2 119 2 117 1 115 1 109 2 107 2 105 1 103 1 97 2 95 2 93 1 91 1 85 2 83 2 81 1 63 2 61 1 59 1 57 2 55 2 53 2 49 2 47 2 45 1 43 2
42 188 2 184 2 172 2 170 2 168 2 164 1 162 1 160 2 158 1 156 1 152 2 136 2 134 2 132 2 128 1 126 1 124 2 122 1 120 1 116 2 112 1 110 1 108 1 104 2 100 1 98 1 96 1 92 2 88 1 86 1 84 1 80 2 76 2 64 2 62 2 60 2 56 1 54 1 52 2 50 1 48 1 44 2
45 191 2 189 1 187 2 185 2 171 2 167 1 165 1 163 2 161 2 157 1 155 2 151 2 135 2 131 1 129 1 127 2 125 2 121 1 119 2 117 2 115 2 113 1 109 1 107 2 105 2 103 2 101 1 97 1 95 2 93 2 91 2 89 1 85 1 83 2 81 1 79 2 77 2 63 2 59 1 57 1 55 2 53 2 49 1 47 2 43 2
44 188 2 186 1 172 2 170 1 168 2 166 2 164 1 162 1 160 2 156 1 154 2 152 2 136 2 134 1 132 2 130 2 128 1 126 1 124 2 120 1 118 1 116 2 114 2 108 1 106 1 104 2 102 2 96 1 94 1 92 2 90 2 84 1 80 2 78 1 64 2 62 1 60 2 58 2 56 1 54 1 52 2 48 1 46 2 44 2
32 191 2 189 1 171 2 167 1 165 2 161 2 157 1 155 2 153 1 135 2 131 1 129 2 125 2 121 1 119 2 117 1 109 1 107 2 105 1 97 1 95 2 93 1 85 1 83 2 81 1 63 2 59 1 57 2 53 2 49 1 47 2 45 1
32 188 2 186 1 184 2 180 2 172 2 170 1 164 2 162 1 160 2 136 2 134 1 128 2 126 1 124 2 116 1 114 2 112 1 104 1 102 2 100 1 92 1 90 2 88 1 80 2 78 1 76 2 72 2 64 2 62 1 56 2 54 1 52 2
42 191 2 189 1 185 2 181 2 171 2 169 1 167 1 165 1 163 2 161 2 155 2 151 2 135 2 133 1 131 1 129 1 127 2 125 2 119 2 117 2 115 1 113 1 107 2 105 2 103 1 101 1 95 2 93 2 91 1 89 1 83 2 81 1 77 2 73 2 63 2 61 1 59 1 57 1 55 2 53 2 47 2 43 2
51 190 1 188 2 186 1 184 2 178 1 172 2 170 1 168 2 166 1 164 1 162 1 160 2 156 1 152 2 136 2 134 1 132 2 130 1 128 1 126 1 124 2 120 1 118 2 116 2 114 2 112 1 108 1 106 2 104 2 102 2 100 1 96 1 94 2 92 2 90 2 88 1 84 1 82 1 80 2 78 1 76 2 70 1 64 2 62 1 60 2 58 1 56 1 54 1 52 2 48 1 44 2
54 191 2 187 2 181 2 179 1 177 1 175 1 173 2 169 2 167 1 165 1 163 1 161 2 157 2 155 1 151 1 145 2 143 1 141 1 139 1 137 2 135 1 133 2 127 2 121 1 119 2 117 2 115 2 113 1 109 1 107 2 105 2 103 2 101 1 97 1 95 2 93 2 91 2 89 1 85 1 83 2 79 2 73 2 71 1 69 1 67 1 65 2 61 2 59 1 57 1 55 2 53 2 49 1 47 2 43 2
47 190 2 188 2 180 2 178 2 176 1 174 1 168 2 166 2 164 1 162 1 156 2 154 1 152 1 144 2 142 2 140 1 138 1 136 1 134 2 124 1 120 1 118 1 116 2 114 2 108 1 106 1 104 2 102 2 96 1 94 1 92 2 90 2 84 1 82 2 80 2 72 2 70 2 68 1 66 1 60 2 58 2 56 1 54 1 52 2 48 1 46 2 44 2
39 191 2 189 1 181 2 179 1 177 2 169 2 167 1 165 2 157 2 155 1 153 2 145 2 143 1 141 2 135 1 133 2 125 1 121 1 119 2 117 1 109 1 107 2 105 1 97 1 95 2 93 1 85 1 83 2 81 1 73 2 71 1 69 2 61 2 59 1 57 2 53 2 49 1 47 2 45 1
27 180 1 176 2 174 1 172 2 164 2 162 1 160 2 144 1 140 2 138 1 134 2 116 1 114 2 112 1 104 1 102 2 100 1 92 1 90 2 88 1 72 1 68 2 66 1 64 2 56 2 54 1 52 2
45 191 2 187 2 181 1 179 1 177 1 175 2 173 2 167 1 165 1 163 2 161 2 155 1 151 1 145 1 143 1 141 1 139 2 137 2 135 1 133 2 119 2 117 2 115 1 113 1 107 2 105 2 103 1 101 1 95 2 93 2 91 1 89 1 83 2 79 2 73 1 71 1 69 1 67 2 65 2 59 1 57 1 55 2 53 2 47 2 43 2
44 188 2 180 2 176 1 174 1 172 2 168 2 166 1 164 1 162 1 160 2 156 2 152 1 144 2 140 1 138 1 134 2 120 1 118 2 116 2 114 2 112 1 108 1 106 2 104 2 102 2 100 1 96 1 94 2 92 2 90 2 88 1 84 1 80 2 72 2 68 1 66 1 64 2 60 2 58 1 56 1 54 1 52 2 48 1 44 2
40 181 2 179 2 177 1 173 2 171 2 169 2 165 1 161 2 159 1 157 2 145 2 143 2 141 1 137 2 135 2 133 2 123 1 121 1 117 2 113 1 111 1 109 1 105 2 101 1 99 1 97 1 93 2 89 1 87 1 85 1 73 2 71 2 69 1 65 2 63 2 61 2 57 1 53 2 51 1 49 1
39 190 2 180 1 178 2 176 2 174 1 172 1 166 2 164 2 162 1 154 1 144 1 142 2 140 2 138 1 136 1 134 2 124 1 118 1 116 1 114 2 112 2 106 1 104 1 102 2 100 2 94 1 92 1 90 2 88 2 82 2 72 1 70 2 68 2 66 1 64 1 58 2 56 2 54 1 46 2
41 191 2 181 1 179 1 177 1 173 2 169 1 167 1 165 1 161 2 157 2 155 1 145 1 143 1 141 1 137 2 135 1 133 1 121 2 119 2 117 2 113 1 109 2 107 2 105 2 101 1 97 2 95 2 93 2 89 1 85 2 83 2 73 1 71 1 69 1 65 2 61 1 59 1 57 1 53 2 49 2 47 2
41 180 1 176 2 174 2 172 2 170 1 166 1 164 2 162 1 160 2 158 2 144 1 140 2 138 2 134 1 126 1 122 2 118 2 116 1 114 1 112 1 110 2 106 2 104 1 102 1 100 1 98 2 94 2 92 1 90 1 88 1 86 2 72 1 68 2 66 2 64 2 62 1 58 1 56 2 54 1 52 2 50 2
39 181 1 179 2 177 1 175 1 173 2 171 2 165 1 161 2 159 1 145 1 143 2 141 1 139 1 137 2 135 2 133 2 127 1 123 1 117 2 115 2 113 1 111 1 105 2 103 2 101 1 99 1 93 2 91 2 89 1 87 1 73 1 71 2 69 1 67 1 65 2 63 2 57 1 53 2 51 1
25 180 1 176 2 174 1 166 1 164 2 162 1 144 1 140 2 138 1 134 2 118 2 116 1 114 2 106 2 104 1 102 2 94 2 92 1 90 2 72 1 68 2 66 1 58 1 56 2 54 1
37 189 2 181 1 179 2 173 1 171 2 169 1 161 2 159 1 157 2 153 2 145 1 143 2 137 1 135 2 133 1 125 2 123 1 121 2 113 2 111 1 109 2 101 2 99 1 97 2 89 2 87 1 85 2 81 2 73 1 71 2 65 1 63 2 61 1 53 2 51 1 49 2 45 2
43 190 2 180 1 178 2 176 2 174 2 172 1 170 1 164 2 162 1 158 2 154 2 144 1 142 2 140 2 138 2 136 1 134 1 126 1 124 1 122 2 116 1 114 1 112 2 110 2 104 1 102 1 100 2 98 2 92 1 90 1 88 2 86 2 82 2 72 1 70 2 68 2 66 2 64 1 62 1 56 2 54 1 50 2 46 2
53 187 1 181 1 179 2 177 1 175 2 173 2 171 2 169 1 165 1 163 1 161 2 159 1 157 2 151 1 145 1 143 2 141 1 139 2 137 2 135 2 133 1 127 1 123 1 121 2 117 2 115 1 113 1 111 1 109 2 105 2 103 1 101 1 99 1 97 2 93 2 91 1 89 1 87 1 85 2 79 1 73 1 71 2 69 1 67 2 65 2 63 2 61 1 57 1 55 1 53 2 51 1 49 2 43 1
36 188 1 174 2 170 1 168 1 166 1 162 1 158 2 156 2 152 1 138 2 134 1 132 1 126 1 122 2 120 2 118 2 114 1 110 2 108 2 106 2 102 1 98 2 96 2 94 2 90 1 86 2 84 2 80 1 66 2 62 1 60 1 58 1 54 1 50 2 48 2 44 1
41 189 2 179 2 175 1 173 1 171 2 169 2 161 2 159 1 157 1 153 2 143 2 139 1 137 1 135 2 133 2 127 1 125 2 123 1 121 1 115 2 113 2 111 1 109 1 103 2 101 2 99 1 97 1 91 2 89 2 87 1 85 1 81 2 71 2 67 1 65 1 63 2 61 2 53 2 51 1 49 1 45 2
35 180 1 176 2 174 2 170 1 166 2 164 2 162 1 158 2 144 1 140 2 138 2 134 1 130 2 126 1 122 2 118 1 116 1 114 1 110 2 106 1 104 1 102 1 98 2 94 1 92 1 90 1 86 2 72 1 68 2 66 2 62 1 58 2 56 2 54 1 50 2
57 191 1 189 2 187 1 181 1 175 2 173 1 171 1 169 1 167 2 163 1 161 2 159 2 157 2 155 1 153 2 151 1 145 1 139 2 137 1 135 1 133 1 131 2 127 1 125 2 123 2 121 2 119 1 115 1 113 2 111 2 109 2 107 1 103 1 101 2 99 2 97 2 95 1 91 1 89 2 87 2 85 2 83 1 81 2 79 1 73 1 67 2 65 1 63 1 61 1 59 2 55 1 53 2 51 2 49 2 47 1 45 2 43 1
47 190 2 188 1 178 2 174 2 172 2 170 1 168 1 162 1 160 1 158 2 156 2 154 2 152 1 142 2 138 2 136 2 134 1 132 1 126 1 124 1 122 2 120 2 114 1 112 1 110 2 108 2 102 1 100 1 98 2 96 2 90 1 88 1 86 2 84 2 82 2 80 1 70 2 66 2 64 2 62 1 60 1 54 1 52 1 50 2 48 2 46 2 44 1
38 189 2 187 1 179 2 175 2 173 1 171 2 163 1 161 2 159 1 153 2 151 1 143 2 139 2 137 1 135 2 127 1 125 2 123 1 115 1 113 2 111 1 103 1 101 2 99 1 91 1 89 2 87 1 81 2 79 1 71 2 67 2 65 1 63 2 55 1 53 2 51 1 45 2 43 1
31 188 1 170 2 168 1 166 2 162 1 158 1 156 2 152 1 134 2 132 1 130 2 126 1 122 1 120 2 118 1 110 1 108 2 106 1 98 1 96 2 94 1 86 1 84 2 80 1 62 2 60 1 58 2 54 1 50 1 48 2 44 1
48 191 1 189 2 187 1 173 1 171 1 169 2 167 2 163 1 161 2 159 2 157 1 155 1 153 2 151 1 137 1 135 1 133 2 131 2 127 1 125 2 123 2 121 1 119 1 113 2 111 2 109 1 107 1 101 2 99 2 97 1 95 1 89 2 87 2 85 1 83 1 81 2 79 1 65 1 63 1 61 2 59 2 55 1 53 2 51 2 49 1 47 1 45 2 43 1
46 188 1 174 2 172 1 170 1 168 1 166 2 162 1 160 1 158 2 156 2 152 1 138 2 136 1 134 1 132 1 130 2 126 1 124 1 122 2 120 2 118 1 114 1 112 2 110 2 108 2 106 1 102 1 100 2 98 2 96 2 94 1 90 1 88 2 86 2 84 2 80 1 66 2 64 1 62 1 60 1 58 2 54 1 52 1 50 2 48 2 44 1
45 191 1 189 1 187 1 175 2 171 1 167 2 165 2 163 1 161 2 159 2 155 1 153 1 151 1 139 2 135 1 131 2 129 2 127 1 125 2 123 2 119 1 117 1 115 1 111 2 107 1 105 1 103 1 99 2 95 1 93 1 91 1 87 2 83 1 81 1 79 1 67 2 63 1 59 2 57 2 55 1 53 2 51 2 47 1 45 1 43 1
44 190 2 188 1 172 2 170 2 168 1 166 1 162 1 160 1 158 1 156 2 154 2 152 1 136 2 134 2 132 1 130 1 126 1 124 1 122 1 120 2 118 2 112 1 110 1 108 2 106 2 100 1 98 1 96 2 94 2 88 1 86 1 84 2 82 2 80 1 64 2 62 2 60 1 58 1 54 1 52 1 50 1 48 2 46 2 44 1
42 191 1 189 2 187 2 173 1 171 1 167 2 163 2 161 2 159 2 155 1 153 2 151 2 137 1 135 1 131 2 127 2 125 2 123 2 119 1 115 2 113 2 111 2 107 1 103 2 101 2 99 2 95 1 91 2 89 2 87 2 83 1 81 2 79 2 65 1 63 1 59 2 55 2 53 2 51 2 47 1 45 2 43 2
46 188 2 172 1 170 2 168 2 166 2 164 1 162 1 160 1 158 1 156 1 152 2 136 1 134 2 132 2 130 2 128 1 126 1 124 1 122 1 120 1 118 1 116 2 112 2 110 1 108 1 106 1 104 2 100 2 98 1 96 1 94 1 92 2 88 2 86 1 84 1 80 2 64 1 62 2 60 2 58 2 56 1 54 1 52 1 50 1 48 1 44 2
48 191 1 189 1 187 1 171 1 169 1 167 2 165 2 163 1 161 2 159 2 157 2 155 1 153 1 151 1 135 1 133 1 131 2 129 2 127 1 125 2 123 2 121 2 119 1 117 1 111 2 109 2 107 1 105 1 99 2 97 2 95 1 93 1 87 2 85 2 83 1 81 1 79 1 63 1 61 1 59 2 57 2 55 1 53 2 51 2 49 2 47 1 45 1 43 1
34 188 1 172 1 170 2 168 1 162 1 160 1 158 1 156 2 152 1 136 1 134 2 132 1 126 1 124 1 122 1 120 2 112 2 110 1 108 2 100 2 98 1 96 2 88 2 86 1 84 2 80 1 64 1 62 2 60 1 54 1 52 1 50 1 48 2 44 1
36 191 2 189 1 187 2 171 2 167 1 165 2 163 2 161 2 155 2 153 1 151 2 135 2 131 1 129 2 127 2 125 2 119 2 117 1 115 2 107 2 105 1 103 2 95 2 93 1 91 2 83 2 81 1 79 2 63 2 59 1 57 2 55 2 53 2 47 2 45 1 43 2
47 190 2 188 2 172 2 170 2 168 2 166 1 164 1 162 1 160 2 158 1 156 1 154 2 152 2 136 2 134 2 132 2 130 1 128 1 126 1 124 2 122 1 120 1 118 2 116 2 110 1 108 1 106 2 104 2 98 1 96 1 94 2 92 2 86 1 84 1 82 2 80 2 64 2 62 2 60 2 58 1 56 1 54 1 52 2 50 1 48 1 46 2 44 2
48 191 1 189 1 187 2 171 1 167 2 165 2 163 2 161 2 159 2 157 1 155 1 153 1 151 2 135 1 131 2 129 2 127 2 125 2 123 2 121 1 119 1 117 1 115 2 111 2 109 1 107 1 105 1 103 2 99 2 97 1 95 1 93 1 91 2 87 2 85 1 83 1 81 1 79 2 63 1 59 2 57 2 55 2 53 2 51 2 49 1 47 1 45 1 43 2
39 188 2 186 1 172 1 170 1 168 2 164 1 162 1 160 1 156 1 152 2 136 1 134 1 132 2 128 1 126 1 124 1 120 1 116 2 114 2 112 2 108 1 104 2 102 2 100 2 96 1 92 2 90 2 88 2 84 1 80 2 78 1 64 1 62 1 60 2 56 1 54 1 52 1 48 1 44 2
43 191 2 189 1 171 2 169 1 167 1 165 2 163 2 161 2 157 2 155 2 153 1 151 2 135 2 133 1 131 1 129 2 127 2 125 2 121 2 119 2 117 1 115 1 109 2 107 2 105 1 103 1 97 2 95 2 93 1 91 1 85 2 83 2 81 1 63 2 61 1 59 1 57 2 55 2 53 2 49 2 47 2 45 1 43 2
42 188 2 184 2 172 2 170 2 168 2 164 1 162 1 160 2 158 1 156 1 152 2 136 2 134 2 132 2 128 1 126 1 124 2 122 1 120 1 116 2 112 1 110 1 108 1 104 2 100 1 98 1 96 1 92 2 88 1 86 1 84 1 80 2 76 2 64 2 62 2 60 2 56 1 54 1 52 2 50 1 48 1 44 2
45 191 2 189 1 187 2 185 2 171 2 167 1 165 1 163 2 161 2 157 1 155 2 151 2 135 2 131 1 129 1 127 2 125 2 121 1 119 2 117 2 115 2 113 1 109 1 107 2 105 2 103 2 101 1 97 1 95 2 93 2 91 2 89 1 85 1 83 2 81 1 79 2 77 2 63 2 59 1 57 1 55 2 53 2 49 1 47 2 43 2
44 188 2 186 1 172 2 170 1 168 2 166 2 164 1 162 1 160 2 156 1 154 2 152 2 136 2 134 1 132 2 130 2 128 1 126 1 124 2 120 1 118 1 116 2 114 2 108 1 106 1 104 2 102 2 96 1 94 1 92 2 90 2 84 1 80 2 78 1 64 2 62 1 60 2 58 2 56 1 54 1 52 2 48 1 46 2 44 2
32 191 2 189 1 171 2 167 1 165 2 161 2 157 1 155 2 153 1 135 2 131 1 129 2 125 2 121 1 119 2 117 1 109 1 107 2 105 1 97 1 95 2 93 1 85 1 83 2 81 1 63 2 59 1 57 2 53 2 49 1 47 2 45 1
32 188 2 186 1 184 2 180 2 172 2 170 1 164 2 162 1 160 2 136 2 134 1 128 2 126 1 124 2 116 1 114 2 112 1 104 1 102 2 100 1 92 1 90 2 88 1 80 2 78 1 76 2 72 2 64 2 62 1 56 2 54 1 52 2
42 191 2 189 1 185 2 181 2 171 2 169 1 167 1 165 1 163 2 161 2 155 2 151 2 135 2 133 1 131 1 129 1 127 2 125 2 119 2 117 2 115 1 113 1 107 2 105 2 103 1 101 1 95 2 93 2 91 1 89 1 83 2 81 1 77 2 73 2 63 2 61 1 59 1 57 1 55 2 53 2 47 2 43 2
51 190 1 188 2 186 1 184 2 178 1 172 2 170 1 168 2 166 1 164 1 162 1 160 2 156 1 152 2 136 2 134 1 132 2 130 1 128 1 126 1 124 2 120 1 118 2 116 2 114 2 112 1 108 1 106 2 104 2 102 2 100 1 96 1 94 2 92 2 90 2 88 1 84 1 82 1 80 2 78 1 76 2 70 1 64 2 62 1 60 2 58 1 56 1 54 1 52 2 48 1 44 2
30 189 1 185 2 183 2 179 1 165 1 161 2 157 1 129 1 125 2 123 1 121 1 117 2 113 1 111 1 109 1 105 2 101 1 99 1 97 1 93 2 89 1 87 1 85 1 81 1 77 2 75 2 71 1 57 1 53 2 49 1
47 190 2 188 2 180 2 178 2 176 1 174 1 168 2 166 2 164 1 162 1 156 2 154 1 152 1 144 2 142 2 140 1 138 1 136 1 134 2 124 1 120 1 118 1 116 2 114 2 108 1 106 1 104 2 102 2 96 1 94 1 92 2 90 2 84 1 82 2 80 2 72 2 70 2 68 1 66 1 60 2 58 2 56 1 54 1 52 2 48 1 46 2 44 2
39 191 2 189 1 181 2 179 1 177 2 169 2 167 1 165 2 157 2 155 1 153 2 145 2 143 1 141 2 135 1 133 2 125 1 121 1 119 2 117 1 109 1 107 2 105 1 97 1 95 2 93 1 85 1 83 2 81 1 73 2 71 1 69 2 61 2 59 1 57 2 53 2 49 1 47 2 45 1
27 180 1 176 2 174 1 172 2 164 2 162 1 160 2 144 1 140 2 138 1 134 2 116 1 114 2 112 1 104 1 102 2 100 1 92 1 90 2 88 1 72 1 68 2 66 1 64 2 56 2 54 1 52 2
45 191 2 187 2 181 1 179 1 177 1 175 2 173 2 167 1 165 1 163 2 161 2 155 1 151 1 145 1 143 1 141 1 139 2 137 2 135 1 133 2 119 2 117 2 115 1 113 1 107 2 105 2 103 1 101 1 95 2 93 2 91 1 89 1 83 2 79 2 73 1 71 1 69 1 67 2 65 2 59 1 57 1 55 2 53 2 47 2 43 2
44 188 2 180 2 176 1 174 1 172 2 168 2 166 1 164 1 162 1 160 2 156 2 152 1 144 2 140 1 138 1 134 2 120 1 118 2 116 2 114 2 112 1 108 1 106 2 104 2 102 2 100 1 96 1 94 2 92 2 90 2 88 1 84 1 80 2 72 2 68 1 66 1 64 2 60 2 58 1 56 1 54 1 52 2 48 1 44 2
40 181 2 179 2 177 1 173 2 171 2 169 2 165 1 161 2 159 1 157 2 145 2 143 2 141 1 137 2 135 2 133 2 123 1 121 1 117 2 113 1 111 1 109 1 105 2 101 1 99 1 97 1 93 2 89 1 87 1 85 1 73 2 71 2 69 1 65 2 63 2 61 2 57 1 53 2 51 1 49 1
39 190 2 180 1 178 2 176 2 174 1 172 1 166 2 164 2 162 1 154 1 144 1 142 2 140 2 138 1 136 1 134 2 124 1 118 1 116 1 114 2 112 2 106 1 104 1 102 2 100 2 94 1 92 1 90 2 88 2 82 2 72 1 70 2 68 2 66 1 64 1 58 2 56 2 54 1 46 2
41 191 2 181 1 179 1 177 1 173 2 169 1 167 1 165 1 161 2 157 2 155 1 145 1 143 1 141 1 137 2 135 1 133 1 121 2 119 2 117 2 113 1 109 2 107 2 105 2 101 1 97 2 95 2 93 2 89 1 85 2 83 2 73 1 71 1 69 1 65 2 61 1 59 1 57 1 53 2 49 2 47 2
41 180 1 176 2 174 2 172 2 170 1 166 1 164 2 162 1 160 2 158 2 144 1 140 2 138 2 134 1 126 1 122 2 118 2 116 1 114 1 112 1 110 2 106 2 104 1 102 1 100 1 98 2 94 2 92 1 90 1 88 1 86 2 72 1 68 2 66 2 64 2 62 1 58 1 56 2 54 1 52 2 50 2
39 181 1 179 2 177 1 175 1 173 2 171 2 165 1 161 2 159 1 145 1 143 2 141 1 139 1 137 2 135 2 133 2 127 1 123 1 117 2 115 2 113 1 111 1 105 2 103 2 101 1 99 1 93 2 91 2 89 1 87 1 73 1 71 2 69 1 67 1 65 2 63 2 57 1 53 2 51 1
25 180 1 176 2 174 1 166 1 164 2 162 1 144 1 140 2 138 1 134 2 118 2 116 1 114 2 106 2 104 1 102 2 94 2 92 1 90 2 72 1 68 2 66 1 58 1 56 2 54 1
37 189 2 181 1 179 2 173 1 171 2 169 1 161 2 159 1 157 2 153 2 145 1 143 2 137 1 135 2 133 1 125 2 123 1 121 2 113 2 111 1 109 2 101 2 99 1 97 2 89 2 87 1 85 2 81 2 73 1 71 2 65 1 63 2 61 1 53 2 51 1 49 2 45 2
43 190 2 180 1 178 2 176 2 174 2 172 1 170 1 164 2 162 1 158 2 154 2 144 1 142 2 140 2 138 2 136 1 134 1 126 1 124 1 122 2 116 1 114 1 112 2 110 2 104 1 102 1 100 2 98 2 92 1 90 1 88 2 86 2 82 2 72 1 70 2 68 2 66 2 64 1 62 1 56 2 54 1 50 2 46 2
53 187 1 181 1 179 2 177 1 175 2 173 2 171 2 169 1 165 1 163 1 161 2 159 1 157 2 151 1 145 1 143 2 141 1 139 2 137 2 135 2 133 1 127 1 123 1 121 2 117 2 115 1 113 1 111 1 109 2 105 2 103 1 101 1 99 1 97 2 93 2 91 1 89 1 87 1 85 2 79 1 73 1 71 2 69 1 67 2 65 2 63 2 61 1 57 1 55 1 53 2 51 1 49 2 43 1
36 188 1 174 2 170 1 168 1 166 1 162 1 158 2 156 2 152 1 138 2 134 1 132 1 126 1 122 2 120 2 118 2 114 1 110 2 108 2 106 2 102 1 98 2 96 2 94 2 90 1 86 2 84 2 80 1 66 2 62 1 60 1 58 1 54 1 50 2 48 2 44 1
41 189 2 179 2 175 1 173 1 171 2 169 2 161 2 159 1 157 1 153 2 143 2 139 1 137 1 135 2 133 2 127 1 125 2 123 1 121 1 115 2 113 2 111 1 109 1 103 2 101 2 99 1 97 1 91 2 89 2 87 1 85 1 81 2 71 2 67 1 65 1 63 2 61 2 53 2 51 1 49 1 45 2
35 180 1 176 2 174 2 170 1 166 2 164 2 162 1 158 2 144 1 140 2 138 2 134 1 130 2 126 1 122 2 118 1 116 1 114 1 110 2 106 1 104 1 102 1 98 2 94 1 92 1 90 1 86 2 72 1 68 2 66 2 62 1 58 2 56 2 54 1 50 2
57 191 1 189 2 187 1 181 1 175 2 173 1 171 1 169 1 167 2 163 1 161 2 159 2 157 2 155 1 153 2 151 1 145 1 139 2 137 1 135 1 133 1 131 2 127 1 125 2 123 2 121 2 119 1 115 1 113 2 111 2 109 2 107 1 103 1 101 2 99 2 97 2 95 1 91 1 89 2 87 2 85 2 83 1 81 2 79 1 73 1 67 2 65 1 63 1 61 1 59 2 55 1 53 2 51 2 49 2 47 1 45 2 43 1
47 190 2 188 1 178 2 174 2 172 2 170 1 168 1 162 1 160 1 158 2 156 2 154 2 152 1 142 2 138 2 136 2 134 1 132 1 126 1 124 1 122 2 120 2 114 1 112 1 110 2 108 2 102 1 100 1 98 2 96 2 90 1 88 1 86 2 84 2 82 2 80 1 70 2 66 2 64 2 62 1 60 1 54 1 52 1 50 2 48 2 46 2 44 1
38 189 2 187 1 179 2 175 2 173 1 171 2 163 1 161 2 159 1 153 2 151 1 143 2 139 2 137 1 135 2 127 1 125 2 123 1 115 1 113 2 111 1 103 1 101 2 99 1 91 1 89 2 87 1 81 2 79 1 71 2 67 2 65 1 63 2 55 1 53 2 51 1 45 2 43 1
31 188 1 170 2 168 1 166 2 162 1 158 1 156 2 152 1 134 2 132 1 130 2 126 1 122 1 120 2 118 1 110 1 108 2 106 1 98 1 96 2 94 1 86 1 84 2 80 1 62 2 60 1 58 2 54 1 50 1 48 2 44 1
48 191 1 189 2 187 1 173 1 171 1 169 2 167 2 163 1 161 2 159 2 157 1 155 1 153 2 151 1 137 1 135 1 133 2 131 2 127 1 125 2 123 2 121 1 119 1 113 2 111 2 109 1 107 1 101 2 99 2 97 1 95 1 89 2 87 2 85 1 83 1 81 2 79 1 65 1 63 1 61 2 59 2 55 1 53 2 51 2 49 1 47 1 45 2 43 1
46 188 1 174 2 172 1 170 1 168 1 166 2 162 1 160 1 158 2 156 2 152 1 138 2 136 1 134 1 132 1 130 2 126 1 124 1 122 2 120 2 118 1 114 1 112 2 110 2 108 2 106 1 102 1 100 2 98 2 96 2 94 1 90 1 88 2 86 2 84 2 80 1 66 2 64 1 62 1 60 1 58 2 54 1 52 1 50 2 48 2 44 1
45 191 1 189 1 187 1 175 2 171 1 167 2 165 2 163 1 161 2 159 2 155 1 153 1 151 1 139 2 135 1 131 2 129 2 127 1 125 2 123 2 119 1 117 1 115 1 111 2 107 1 105 1 103 1 99 2 95 1 93 1 91 1 87 2 83 1 81 1 79 1 67 2 63 1 59 2 57 2 55 1 53 2 51 2 47 1 45 1 43 1
44 190 2 188 1 172 2 170 2 168 1 166 1 162 1 160 1 158 1 156 2 154 2 152 1 136 2 134 2 132 1 130 1 126 1 124 1 122 1 120 2 118 2 112 1 110 1 108 2 106 2 100 1 98 1 96 2 94 2 88 1 86 1 84 2 82 2 80 1 64 2 62 2 60 1 58 1 54 1 52 1 50 1 48 2 46 2 44 1
42 191 1 189 2 187 2 173 1 171 1 167 2 163 2 161 2 159 2 155 1 153 2 151 2 137 1 135 1 131 2 127 2 125 2 123 2 119 1 115 2 113 2 111 2 107 1 103 2 101 2 99 2 95 1 91 2 89 2 87 2 83 1 81 2 79 2 65 1 63 1 59 2 55 2 53 2 51 2 47 1 45 2 43 2
46 188 2 172 1 170 2 168 2 166 2 164 1 162 1 160 1 158 1 156 1 152 2 136 1 134 2 132 2 130 2 128 1 126 1 124 1 122 1 120 1 118 1 116 2 112 2 110 1 108 1 106 1 104 2 100 2 98 1 96 1 94 1 92 2 88 2 86 1 84 1 80 2 64 1 62 2 60 2 58 2 56 1 54 1 52 1 50 1 48 1 44 2
48 191 1 189 1 187 1 171 1 169 1 167 2 165 2 163 1 161 2 159 2 157 2 155 1 153 1 151 1 135 1 133 1 131 2 129 2 127 1 125 2 123 2 121 2 119 1 117 1 111 2 109 2 107 1 105 1 99 2 97 2 95 1 93 1 87 2 85 2 83 1 81 1 79 1 63 1 61 1 59 2 57 2 55 1 53 2 51 2 49 2 47 1 45 1 43 1
34 188 1 172 1 170 2 168 1 162 1 160 1 158 1 156 2 152 1 136 1 134 2 132 1 126 1 124 1 122 1 120 2 112 2 110 1 108 2 100 2 98 1 96 2 88 2 86 1 84 2 80 1 64 1 62 2 60 1 54 1 52 1 50 1 48 2 44 1
36 191 2 189 1 187 2 171 2 167 1 165 2 163 2 161 2 155 2 153 1 151 2 135 2 131 1 129 2 127 2 125 2 119 2 117 1 115 2 107 2 105 1 103 2 95 2 93 1 91 2 83 2 81 1 79 2 63 2 59 1 57 2 55 2 53 2 47 2 45 1 43 2
47 190 2 188 2 172 2 170 2 168 2 166 1 164 1 162 1 160 2 158 1 156 1 154 2 152 2 136 2 134 2 132 2 130 1 128 1 126 1 124 2 122 1 120 1 118 2 116 2 110 1 108 1 106 2 104 2 98 1 96 1 94 2 92 2 86 1 84 1 82 2 80 2 64 2 62 2 60 2 58 1 56 1 54 1 52 2 50 1 48 1 46 2 44 2
48 191 1 189 1 187 2 171 1 167 2 165 2 163 2 161 2 159 2 157 1 155 1 153 1 151 2 135 1 131 2 129 2 127 2 125 2 123 2 121 1 119 1 117 1 115 2 111 2 109 1 107 1 105 1 103 2 99 2 97 1 95 1 93 1 91 2 87 2 85 1 83 1 81 1 79 2 63 1 59 2 57 2 55 2 53 2 51 2 49 1 47 1 45 1 43 2
39 188 2 186 1 172 1 170 1 168 2 164 1 162 1 160 1 156 1 152 2 136 1 134 1 132 2 128 1 126 1 124 1 120 1 116 2 114 2 112 2 108 1 104 2 102 2 100 2 96 1 92 2 90 2 88 2 84 1 80 2 78 1 64 1 62 1 60 2 56 1 54 1 52 1 48 1 44 2
43 191 2 189 1 171 2 169 1 167 1 165 2 163 2 161 2 157 2 155 2 153 1 151 2 135 2 133 1 131 1 129 2 127 2 125 2 121 2 119 2 117 1 115 1 109 2 107 2 105 1 103 1 97 2 95 2 93 1 91 1 85 2 83 2 81 1 63 2 61 1 59 1 57 2 55 2 53 2 49 2 47 2 45 1 43 2
42 188 2 184 2 172 2 170 2 168 2 164 1 162 1 160 2 158 1 156 1 152 2 136 2 134 2 132 2 128 1 126 1 124 2 122 1 120 1 116 2 112 1 110 1 108 1 104 2 100 1 98 1 96 1 92 2 88 1 86 1 84 1 80 2 76 2 64 2 62 2 60 2 56 1 54 1 52 2 50 1 48 1 44 2
45 191 2 189 1 187 2 185 2 171 2 167 1 165 1 163 2 161 2 157 1 155 2 151 2 135 2 131 1 129 1 127 2 125 2 121 1 119 2 117 2 115 2 113 1 109 1 107 2 105 2 103 2 101 1 97 1 95 2 93 2 91 2 89 1 85 1 83 2 81 1 79 2 77 2 63 2 59 1 57 1 55 2 53 2 49 1 47 2 43 2
44 188 2 186 1 172 2 170 1 168 2 166 2 164 1 162 1 160 2 156 1 154 2 152 2 136 2 134 1 132 2 130 2 128 1 126 1 124 2 120 1 118 1 116 2 114 2 108 1 106 1 104 2 102 2 96 1 94 1 92 2 90 2 84 1 80 2 78 1 64 2 62 1 60 2 58 2 56 1 54 1 52 2 48 1 46 2 44 2
32 191 2 189 1 171 2 167 1 165 2 161 2 157 1 155 2 153 1 135 2 131 1 129 2 125 2 121 1 119 2 117 1 109 1 107 2 105 1 97 1 95 2 93 1 85 1 83 2 81 1 63 2 59 1 57 2 53 2 49 1 47 2 45 1
32 188 2 186 1 184 2 180 2 172 2 170 1 164 2 162 1 160 2 136 2 134 1 128 2 126 1 124 2 116 1 114 2 112 1 104 1 102 2 100 1 92 1 90 2 88 1 80 2 78 1 76 2 72 2 64 2 62 1 56 2 54 1 52 2
42 191 2 189 1 185 2 181 2 171 2 169 1 167 1 165 1 163 2 161 2 155 2 151 2 135 2 133 1 131 1 129 1 127 2 125 2 119 2 117 2 115 1 113 1 107 2 105 2 103 1 101 1 95 2 93 2 91 1 89 1 83 2 81 1 77 2 73 2 63 2 61 1 59 1 57 1 55 2 53 2 47 2 43 2
51 190 1 188 2 186 1 184 2 178 1 172 2 170 1 168 2 166 1 164 1 162 1 160 2 156 1 152 2 136 2 134 1 132 2 130 1 128 1 126 1 124 2 120 1 118 2 116 2 114 2 112 1 108 1 106 2 104 2 102 2 100 1 96 1 94 2 92 2 90 2 88 1 84 1 82 1 80 2 78 1 76 2 70 1 64 2 62 1 60 2 58 1 56 1 54 1 52 2 48 1 44 2
30 189 1 185 2 183 2 179 1 165 1 161 2 157 1 129 1 125 2 123 1 121 1 117 2 113 1 111 1 109 1 105 2 101 1 99 1 97 1 93 2 89 1 87 1 85 1 81 1 77 2 75 2 71 1 57 1 53 2 49 1
36 188 2 186 1 184 1 180 2 170 1 166 2 164 2 162 1 160 2 154 2 134 1 130 2 128 2 126 1 118 1 116 1 114 2 112 2 106 1 104 1 102 2 100 2 94 1 92 1 90 2 88 2 80 2 78 1 76 1 72 2 62 1 58 2 56 2 54 1 52 2 46 2
39 191 2 189 1 181 2 179 1 177 2 169 2 167 1 165 2 157 2 155 1 153 2 145 2 143 1 141 2 135 1 133 2 125 1 121 1 119 2 117 1 109 1 107 2 105 1 97 1 95 2 93 1 85 1 83 2 81 1 73 2 71 1 69 2 61 2 59 1 57 2 53 2 49 1 47 2 45 1
27 180 1 176 2 174 1 172 2 164 2 162 1 160 2 144 1 140 2 138 1 134 2 116 1 114 2 112 1 104 1 102 2 100 1 92 1 90 2 88 1 72 1 68 2 66 1 64 2 56 2 54 1 52 2
45 191 2 187 2 181 1 179 1 177 1 175 2 173 2 167 1 165 1 163 2 161 2 155 1 151 1 145 1 143 1 141 1 139 2 137 2 135 1 133 2 119 2 117 2 115 1 113 1 107 2 105 2 103 1 101 1 95 2 93 2 91 1 89 1 83 2 79 2 73 1 71 1 69 1 67 2 65 2 59 1 57 1 55 2 53 2 47 2 43 2
44 188 2 180 2 176 1 174 1 172 2 168 2 166 1 164 1 162 1 160 2 156 2 152 1 144 2 140 1 138 1 134 2 120 1 118 2 116 2 114 2 112 1 108 1 106 2 104 2 102 2 100 1 96 1 94 2 92 2 90 2 88 1 84 1 80 2 72 2 68 1 66 1 64 2 60 2 58 1 56 1 54 1 52 2 48 1 44 2
40 181 2 179 2 177 1 173 2 171 2 169 2 165 1 161 2 159 1 157 2 145 2 143 2 141 1 137 2 135 2 133 2 123 1 121 1 117 2 113 1 111 1 109 1 105 2 101 1 99 1 97 1 93 2 89 1 87 1 85 1 73 2 71 2 69 1 65 2 63 2 61 2 57 1 53 2 51 1 49 1
39 190 2 180 1 178 2 176 2 174 1 172 1 166 2 164 2 162 1 154 1 144 1 142 2 140 2 138 1 136 1 134 2 124 1 118 1 116 1 114 2 112 2 106 1 104 1 102 2 100 2 94 1 92 1 90 2 88 2 82 2 72 1 70 2 68 2 66 1 64 1 58 2 56 2 54 1 46 2
41 191 2 181 1 179 1 177 1 173 2 169 1 167 1 165 1 161 2 157 2 155 1 145 1 143 1 141 1 137 2 135 1 133 1 121 2 119 2 117 2 113 1 109 2 107 2 105 2 101 1 97 2 95 2 93 2 89 1 85 2 83 2 73 1 71 1 69 1 65 2 61 1 59 1 57 1 53 2 49 2 47 2
41 180 1 176 2 174 2 172 2 170 1 166 1 164 2 162 1 160 2 158 2 144 1 140 2 138 2 134 1 126 1 122 2 118 2 116 1 114 1 112 1 110 2 106 2 104 1 102 1 100 1 98 2 94 2 92 1 90 1 88 1 86 2 72 1 68 2 66 2 64 2 62 1 58 1 56 2 54 1 52 2 50 2
39 181 1 179 2 177 1 175 1 173 2 171 2 165 1 161 2 159 1 145 1 143 2 141 1 139 1 137 2 135 2 133 2 127 1 123 1 117 2 115 2 113 1 111 1 105 2 103 2 101 1 99 1 93 2 91 2 89 1 87 1 73 1 71 2 69 1 67 1 65 2 63 2 57 1 53 2 51 1
25 180 1 176 2 174 1 166 1 164 2 162 1 144 1 140 2 138 1 134 2 118 2 116 1 114 2 106 2 104 1 102 2 94 2 92 1 90 2 72 1 68 2 66 1 58 1 56 2 54 1
37 189 2 181 1 179 2 173 1 171 2 169 1 161 2 159 1 157 2 153 2 145 1 143 2 137 1 135 2 133 1 125 2 123 1 121 2 113 2 111 1 109 2 101 2 99 1 97 2 89 2 87 1 85 2 81 2 73 1 71 2 65 1 63 2 61 1 53 2 51 1 49 2 45 2
43 190 2 180 1 178 2 176 2 174 2 172 1 170 1 164 2 162 1 158 2 154 2 144 1 142 2 140 2 138 2 136 1 134 1 126 1 124 1 122 2 116 1 114 1 112 2 110 2 104 1 102 1 100 2 98 2 92 1 90 1 88 2 86 2 82 2 72 1 70 2 68 2 66 2 64 1 62 1 56 2 54 1 50 2 46 2
53 187 1 181 1 179 2 177 1 175 2 173 2 171 2 169 1 165 1 163 1 161 2 159 1 157 2 151 1 145 1 143 2 141 1 139 2 137 2 135 2 133 1 127 1 123 1 121 2 117 2 115 1 113 1 111 1 109 2 105 2 103 1 101 1 99 1 97 2 93 2 91 1 89 1 87 1 85 2 79 1 73 1 71 2 69 1 67 2 65 2 63 2 61 1 57 1 55 1 53 2 51 1 49 2 43 1
36 188 1 174 2 170 1 168 1 166 1 162 1 158 2 156 2 152 1 138 2 134 1 132 1 126 1 122 2 120 2 118 2 114 1 110 2 108 2 106 2 102 1 98 2 96 2 94 2 90 1 86 2 84 2 80 1 66 2 62 1 60 1 58 1 54 1 50 2 48 2 44 1
41 189 2 179 2 175 1 173 1 171 2 169 2 161 2 159 1 157 1 153 2 143 2 139 1 137 1 135 2 133 2 127 1 125 2 123 1 121 1 115 2 113 2 111 1 109 1 103 2 101 2 99 1 97 1 91 2 89 2 87 1 85 1 81 2 71 2 67 1 65 1 63 2 61 2 53 2 51 1 49 1 45 2
35 180 1 176 2 174 2 170 1 166 2 164 2 162 1 158 2 144 1 140 2 138 2 134 1 130 2 126 1 122 2 118 1 116 1 114 1 110 2 106 1 104 1 102 1 98 2 94 1 92 1 90 1 86 2 72 1 68 2 66 2 62 1 58 2 56 2 54 1 50 2
57 191 1 189 2 187 1 181 1 175 2 173 1 171 1 169 1 167 2 163 1 161 2 159 2 157 2 155 1 153 2 151 1 145 1 139 2 137 1 135 1 133 1 131 2 127 1 125 2 123 2 121 2 119 1 115 1 113 2 111 2 109 2 107 1 103 1 101 2 99 2 97 2 95 1 91 1 89 2 87 2 85 2 83 1 81 2 79 1 73 1 67 2 65 1 63 1 61 1 59 2 55 1 53 2 51 2 49 2 47 1 45 2 43 1
47 190 2 188 1 178 2 174 2 172 2 170 1 168 1 162 1 160 1 158 2 156 2 154 2 152 1 142 2 138 2 136 2 134 1 132 1 126 1 124 1 122 2 120 2 114 1 112 1 110 2 108 2 102 1 100 1 98 2 96 2 90 1 88 1 86 2 84 2 82 2 80 1 70 2 66 2 64 2 62 1 60 1 54 1 52 1 50 2 48 2 46 2 44 1
38 189 2 187 1 179 2 175 2 173 1 171 2 163 1 161 2 159 1 153 2 151 1 143 2 139 2 137 1 135 2 127 1 125 2 123 1 115 1 113 2 111 1 103 1 101 2 99 1 91 1 89 2 87 1 81 2 79 1 71 2 67 2 65 1 63 2 55 1 53 2 51 1 45 2 43 1
31 188 1 170 2 168 1 166 2 162 1 158 1 156 2 152 1 134 2 132 1 130 2 126 1 122 1 120 2 118 1 110 1 108 2 106 1 98 1 96 2 94 1 86 1 84 2 80 1 62 2 60 1 58 2 54 1 50 1 48 2 44 1
48 191 1 189 2 187 1 173 1 171 1 169 2 167 2 163 1 161 2 159 2 157 1 155 1 153 2 151 1 137 1 135 1 133 2 131 2 127 1 125 2 123 2 121 1 119 1 113 2 111 2 109 1 107 1 101 2 99 2 97 1 95 1 89 2 87 2 85 1 83 1 81 2 79 1 65 1 63 1 61 2 59 2 55 1 53 2 51 2 49 1 47 1 45 2 43 1
46 188 1 174 2 172 1 170 1 168 1 166 2 162 1 160 1 158 2 156 2 152 1 138 2 136 1 134 1 132 1 130 2 126 1 124 1 122 2 120 2 118 1 114 1 112 2 110 2 108 2 106 1 102 1 100 2 98 2 96 2 94 1 90 1 88 2 86 2 84 2 80 1 66 2 64 1 62 1 60 1 58 2 54 1 52 1 50 2 48 2 44 1
45 191 1 189 1 187 1 175 2 171 1 167 2 165 2 163 1 161 2 159 2 155 1 153 1 151 1 139 2 135 1 131 2 129 2 127 1 125 2 123 2 119 1 117 1 115 1 111 2 107 1 105 1 103 1 99 2 95 1 93 1 91 1 87 2 83 1 81 1 79 1 67 2 63 1 59 2 57 2 55 1 53 2 51 2 47 1 45 1 43 1
44 190 2 188 1 172 2 170 2 168 1 166 1 162 1 160 1 158 1 156 2 154 2 152 1 136 2 134 2 132 1 130 1 126 1 124 1 122 1 120 2 118 2 112 1 110 1 108 2 106 2 100 1 98 1 96 2 94 2 88 1 86 1 84 2 82 2 80 1 64 2 62 2 60 1 58 1 54 1 52 1 50 1 48 2 46 2 44 1
42 191 1 189 2 187 2 173 1 171 1 167 2 163 2 161 2 159 2 155 1 153 2 151 2 137 1 135 1 131 2 127 2 125 2 123 2 119 1 115 2 113 2 111 2 107 1 103 2 101 2 99 2 95 1 91 2 89 2 87 2 83 1 81 2 79 2 65 1 63 1 59 2 55 2 53 2 51 2 47 1 45 2 43 2
46 188 2 172 1 170 2 168 2 166 2 164 1 162 1 160 1 158 1 156 1 152 2 136 1 134 2 132 2 130 2 128 1 126 1 124 1 122 1 120 1 118 1 116 2 112 2 110 1 108 1 106 1 104 2 100 2 98 1 96 1 94 1 92 2 88 2 86 1 84 1 80 2 64 1 62 2 60 2 58 2 56 1 54 1 52 1 50 1 48 1 44 2
48 191 1 189 1 187 1 171 1 169 1 167 2 165 2 163 1 161 2 159 2 157 2 155 1 153 1 151 1 135 1 133 1 131 2 129 2 127 1 125 2 123 2 121 2 119 1 117 1 111 2 109 2 107 1 105 1 99 2 97 2 95 1 93 1 87 2 85 2 83 1 81 1 79 1 63 1 61 1 59 2 57 2 55 1 53 2 51 2 49 2 47 1 45 1 43 1
34 188 1 172 1 170 2 168 1 162 1 160 1 158 1 156 2 152 1 136 1 134 2 132 1 126 1 124 1 122 1 120 2 112 2 110 1 108 2 100 2 98 1 96 2 88 2 86 1 84 2 80 1 64 1 62 2 60 1 54 1 52 1 50 1 48 2 44 1
36 191 2 189 1 187 2 171 2 167 1 165 2 163 2 161 2 155 2 153 1 151 2 135 2 131 1 129 2 127 2 125 2 119 2 117 1 115 2 107 2 105 1 103 2 95 2 93 1 91 2 83 2 81 1 79 2 63 2 59 1 57 2 55 2 53 2 47 2 45 1 43 2
47 190 2 188 2 172 2 170 2 168 2 166 1 164 1 162 1 160 2 158 1 156 1 154 2 152 2 136 2 134 2 132 2 130 1 128 1 126 1 124 2 122 1 120 1 118 2 116 2 110 1 108 1 106 2 104 2 98 1 96 1 94 2 92 2 86 1 84 1 82 2 80 2 64 2 62 2 60 2 58 1 56 1 54 1 52 2 50 1 48 1 46 2 44 2
48 191 1 189 1 187 2 171 1 167 2 165 2 163 2 161 2 159 2 157 1 155 1 153 1 151 2 135 1 131 2 129 2 127 2 125 2 123 2 121 1 119 1 117 1 115 2 111 2 109 1 107 1 105 1 103 2 99 2 97 1 95 1 93 1 91 2 87 2 85 1 83 1 81 1 79 2 63 1 59 2 57 2 55 2 53 2 51 2 49 1 47 1 45 1 43 2
39 188 2 186 1 172 1 170 1 168 2 164 1 162 1 160 1 156 1 152 2 136 1 134 1 132 2 128 1 126 1 124 1 120 1 116 2 114 2 112 2 108 1 104 2 102 2 100 2 96 1 92 2 90 2 88 2 84 1 80 2 78 1 64 1 62 1 60 2 56 1 54 1 52 1 48 1 44 2
43 191 2 189 1 171 2 169 1 167 1 165 2 163 2 161 2 157 2 155 2 153 1 151 2 135 2 133 1 131 1 129 2 127 2 125 2 121 2 119 2 117 1 115 1 109 2 107 2 105 1 103 1 97 2 95 2 93 1 91 1 85 2 83 2 81 1 63 2 61 1 59 1 57 2 55 2 53 2 49 2 47 2 45 1 43 2
42 188 2 184 2 172 2 170 2 168 2 164 1 162 1 160 2 158 1 156 1 152 2 136 2 134 2 132 2 128 1 126 1 124 2 122 1 120 1 116 2 112 1 110 1 108 1 104 2 100 1 98 1 96 1 92 2 88 1 86 1 84 1 80 2 76 2 64 2 62 2 60 2 56 1 54 1 52 2 50 1 48 1 44 2
45 191 2 189 1 187 2 185 2 171 2 167 1 165 1 163 2 161 2 157 1 155 2 151 2 135 2 131 1 129 1 127 2 125 2 121 1 119 2 117 2 115 2 113 1 109 1 107 2 105 2 103 2 101 1 97 1 95 2 93 2 91 2 89 1 85 1 83 2 81 1 79 2 77 2 63 2 59 1 57 1 55 2 53 2 49 1 47 2 43 2
44 188 2 186 1 172 2 170 1 168 2 166 2 164 1 162 1 160 2 156 1 154 2 152 2 136 2 134 1 132 2 130 2 128 1 126 1 124 2 120 1 118 1 116 2 114 2 108 1 106 1 104 2 102 2 96 1 94 1 92 2 90 2 84 1 80 2 78 1 64 2 62 1 60 2 58 2 56 1 54 1 52 2 48 1 46 2 44 2
32 191 2 189 1 171 2 167 1 165 2 161 2 157 1 155 2 153 1 135 2 131 1 129 2 125 2 121 1 119 2 117 1 109 1 107 2 105 1 97 1 95 2 93 1 85 1 83 2 81 1 63 2 59 1 57 2 53 2 49 1 47 2 45 1
32 188 2 186 1 184 2 180 2 172 2 170 1 164 2 162 1 160 2 136 2 134 1 128 2 126 1 124 2 116 1 114 2 112 1 104 1 102 2 100 1 92 1 90 2 88 1 80 2 78 1 76 2 72 2 64 2 62 1 56 2 54 1 52 2
42 191 2 189 1 185 2 181 2 171 2 169 1 167 1 165 1 163 2 161 2 155 2 151 2 135 2 133 1 131 1 129 1 127 2 125 2 119 2 117 2 115 1 113 1 107 2 105 2 103 1 101 1 95 2 93 2 91 1 89 1 83 2 81 1 77 2 73 2 63 2 61 1 59 1 57 1 55 2 53 2 47 2 43 2
51 190 1 188 2 186 1 184 2 178 1 172 2 170 1 168 2 166 1 164 1 162 1 160 2 156 1 152 2 136 2 134 1 132 2 130 1 128 1 126 1 124 2 120 1 118 2 116 2 114 2 112 1 108 1 106 2 104 2 102 2 100 1 96 1 94 2 92 2 90 2 88 1 84 1 82 1 80 2 78 1 76 2 70 1 64 2 62 1 60 2 58 1 56 1 54 1 52 2 48 1 44 2
30 189 1 185 2 183 2 179 1 165 1 161 2 157 1 129 1 125 2 123 1 121 1 117 2 113 1 111 1 109 1 105 2 101 1 99 1 97 1 93 2 89 1 87 1 85 1 81 1 77 2 75 2 71 1 57 1 53 2 49 1
36 188 2 186 1 184 1 180 2 170 1 166 2 164 2 162 1 160 2 154 2 134 1 130 2 128 2 126 1 118 1 116 1 114 2 112 2 106 1 104 1 102 2 100 2 94 1 92 1 90 2 88 2 80 2 78 1 76 1 72 2 62 1 58 2 56 2 54 1 52 2 46 2
33 191 2 189 1 185 2 171 2 167 1 165 1 161 2 155 2 135 2 131 1 129 1 125 2 121 2 119 2 117 2 113 1 109 2 107 2 105 2 101 1 97 2 95 2 93 2 89 1 85 2 83 2 81 1 77 2 63 2 59 1 57 1 53 2 47 2
27 180 1 176 2 174 1 172 2 164 2 162 1 160 2 144 1 140 2 138 1 134 2 116 1 114 2 112 1 104 1 102 2 100 1 92 1 90 2 88 1 72 1 68 2 66 1 64 2 56 2 54 1 52 2
45 191 2 187 2 181 1 179 1 177 1 175 2 173 2 167 1 165 1 163 2 161 2 155 1 151 1 145 1 143 1 141 1 139 2 137 2 135 1 133 2 119 2 117 2 115 1 113 1 107 2 105 2 103 1 101 1 95 2 93 2 91 1 89 1 83 2 79 2 73 1 71 1 69 1 67 2 65 2 59 1 57 1 55 2 53 2 47 2 43 2
44 188 2 180 2 176 1 174 1 172 2 168 2 166 1 164 1 162 1 160 2 156 2 152 1 144 2 140 1 138 1 134 2 120 1 118 2 116 2 114 2 112 1 108 1 106 2 104 2 102 2 100 1 96 1 94 2 92 2 90 2 88 1 84 1 80 2 72 2 68 1 66 1 64 2 60 2 58 1 56 1 54 1 52 2 48 1 44 2
40 181 2 179 2 177 1 173 2 171 2 169 2 165 1 161 2 159 1 157 2 145 2 143 2 141 1 137 2 135 2 133 2 123 1 121 1 117 2 113 1 111 1 109 1 105 2 101 1 99 1 97 1 93 2 89 1 87 1 85 1 73 2 71 2 69 1 65 2 63 2 61 2 57 1 53 2 51 1 49 1
39 190 2 180 1 178 2 176 2 174 1 172 1 166 2 164 2 162 1 154 1 144 1 142 2 140 2 138 1 136 1 134 2 124 1 118 1 116 1 114 2 112 2 106 1 104 1 102 2 100 2 94 1 92 1 90 2 88 2 82 2 72 1 70 2 68 2 66 1 64 1 58 2 56 2 54 1 46 2
41 191 2 181 1 179 1 177 1 173 2 169 1 167 1 165 1 161 2 157 2 155 1 145 1 143 1 141 1 137 2 135 1 133 1 121 2 119 2 117 2 113 1 109 2 107 2 105 2 101 1 97 2 95 2 93 2 89 1 85 2 83 2 73 1 71 1 69 1 65 2 61 1 59 1 57 1 53 2 49 2 47 2
41 180 1 176 2 174 2 172 2 170 1 166 1 164 2 162 1 160 2 158 2 144 1 140 2 138 2 134 1 126 1 122 2 118 2 116 1 114 1 112 1 110 2 106 2 104 1 102 1 100 1 98 2 94 2 92 1 90 1 88 1 86 2 72 1 68 2 66 2 64 2 62 1 58 1 56 2 54 1 52 2 50 2
39 181 1 179 2 177 1 175 1 173 2 171 2 165 1 161 2 159 1 145 1 143 2 141 1 139 1 137 2 135 2 133 2 127 1 123 1 117 2 115 2 113 1 111 1 105 2 103 2 101 1 99 1 93 2 91 2 89 1 87 1 73 1 71 2 69 1 67 1 65 2 63 2 57 1 53 2 51 1
25 180 1 176 2 174 1 166 1 164 2 162 1 144 1 140 2 138 1 134 2 118 2 116 1 114 2 106 2 104 1 102 2 94 2 92 1 90 2 72 1 68 2 66 1 58 1 56 2 54 1
37 189 2 181 1 179 2 173 1 171 2 169 1 161 2 159 1 157 2 153 2 145 1 143 2 137 1 135 2 133 1 125 2 123 1 121 2 113 2 111 1 109 2 101 2 99 1 97 2 89 2 87 1 85 2 81 2 73 1 71 2 65 1 63 2 61 1 53 2 51 1 49 2 45 2
43 190 2 180 1 178 2 176 2 174 2 172 1 170 1 164 2 162 1 158 2 154 2 144 1 142 2 140 2 138 2 136 1 134 1 126 1 124 1 122 2 116 1 114 1 112 2 110 2 104 1 102 1 100 2 98 2 92 1 90 1 88 2 86 2 82 2 72 1 70 2 68 2 66 2 64 1 62 1 56 2 54 1 50 2 46 2
53 187 1 181 1 179 2 177 1 175 2 173 2 171 2 169 1 165 1 163 1 161 2 159 1 157 2 151 1 145 1 143 2 141 1 139 2 137 2 135 2 133 1 127 1 123 1 121 2 117 2 115 1 113 1 111 1 109 2 105 2 103 1 101 1 99 1 97 2 93 2 91 1 89 1 87 1 85 2 79 1 73 1 71 2 69 1 67 2 65 2 63 2 61 1 57 1 55 1 53 2 51 1 49 2 43 1
36 188 1 174 2 170 1 168 1 166 1 162 1 158 2 156 2 152 1 138 2 134 1 132 1 126 1 122 2 120 2 118 2 114 1 110 2 108 2 106 2 102 1 98 2 96 2 94 2 90 1 86 2 84 2 80 1 66 2 62 1 60 1 58 1 54 1 50 2 48 2 44 1
41 189 2 179 2 175 1 173 1 171 2 169 2 161 2 159 1 157 1 153 2 143 2 139 1 137 1 135 2 133 2 127 1 125 2 123 1 121 1 115 2 113 2 111 1 109 1 103 2 101 2 99 1 97 1 91 2 89 2 87 1 85 1 81 2 71 2 67 1 65 1 63 2 61 2 53 2 51 1 49 1 45 2
35 180 1 176 2 174 2 170 1 166 2 164 2 162 1 158 2 144 1 140 2 138 2 134 1 130 2 126 1 122 2 118 1 116 1 114 1 110 2 106 1 104 1 102 1 98 2 94 1 92 1 90 1 86 2 72 1 68 2 66 2 62 1 58 2 56 2 54 1 50 2
57 191 1 189 2 187 1 181 1 175 2 173 1 171 1 169 1 167 2 163 1 161 2 159 2 157 2 155 1 153 2 151 1 145 1 139 2 137 1 135 1 133 1 131 2 127 1 125 2 123 2 121 2 119 1 115 1 113 2 111 2 109 2 107 1 103 1 101 2 99 2 97 2 95 1 91 1 89 2 87 2 85 2 83 1 81 2 79 1 73 1 67 2 65 1 63 1 61 1 59 2 55 1 53 2 51 2 49 2 47 1 45 2 43 1
47 190 2 188 1 178 2 174 2 172 2 170 1 168 1 162 1 160 1 158 2 156 2 154 2 152 1 142 2 138 2 136 2 134 1 132 1 126 1 124 1 122 2 120 2 114 1 112 1 110 2 108 2 102 1 100 1 98 2 96 2 90 1 88 1 86 2 84 2 82 2 80 1 70 2 66 2 64 2 62 1 60 1 54 1 52 1 50 2 48 2 46 2 44 1
38 189 2 187 1 179 2 175 2 173 1 171 2 163 1 161 2 159 1 153 2 151 1 143 2 139 2 137 1 135 2 127 1 125 2 123 1 115 1 113 2 111 1 103 1 101 2 99 1 91 1 89 2 87 1 81 2 79 1 71 2 67 2 65 1 63 2 55 1 53 2 51 1 45 2 43 1
31 188 1 170 2 168 1 166 2 162 1 158 1 156 2 152 1 134 2 132 1 130 2 126 1 122 1 120 2 118 1 110 1 108 2 106 1 98 1 96 2 94 1 86 1 84 2 80 1 62 2 60 1 58 2 54 1 50 1 48 2 44 1
48 191 1 189 2 187 1 173 1 171 1 169 2 167 2 163 1 161 2 159 2 157 1 155 1 153 2 151 1 137 1 135 1 133 2 131 2 127 1 125 2 123 2 121 1 119 1 113 2 111 2 109 1 107 1 101 2 99 2 97 1 95 1 89 2 87 2 85 1 83 1 81 2 79 1 65 1 63 1 61 2 59 2 55 1 53 2 51 2 49 1 47 1 45 2 43 1
46 188 1 174 2 172 1 170 1 168 1 166 2 162 1 160 1 158 2 156 2 152 1 138 2 136 1 134 1 132 1 130 2 126 1 124 1 122 2 120 2 118 1 114 1 112 2 110 2 108 2 106 1 102 1 100 2 98 2 96 2 94 1 90 1 88 2 86 2 84 2 80 1 66 2 64 1 62 1 60 1 58 2 54 1 52 1 50 2 48 2 44 1
45 191 1 189 1 187 1 175 2 171 1 167 2 165 2 163 1 161 2 159 2 155 1 153 1 151 1 139 2 135 1 131 2 129 2 127 1 125 2 123 2 119 1 117 1 115 1 111 2 107 1 105 1 103 1 99 2 95 1 93 1 91 1 87 2 83 1 81 1 79 1 67 2 63 1 59 2 57 2 55 1 53 2 51 2 47 1 45 1 43 1
44 190 2 188 1 172 2 170 2 168 1 166 1 162 1 160 1 158 1 156 2 154 2 152 1 136 2 134 2 132 1 130 1 126 1 124 1 122 1 120 2 118 2 112 1 110 1 108 2 106 2 100 1 98 1 96 2 94 2 88 1 86 1 84 2 82 2 80 1 64 2 62 2 60 1 58 1 54 1 52 1 50 1 48 2 46 2 44 1
42 191 1 189 2 187 2 173 1 171 1 167 2 163 2 161 2 159 2 155 1 153 2 151 2 137 1 135 1 131 2 127 2 125 2 123 2 119 1 115 2 113 2 111 2 107 1 103 2 101 2 99 2 95 1 91 2 89 2 87 2 83 1 81 2 79 2 65 1 63 1 59 2 55 2 53 2 51 2 47 1 45 2 43 2
46 188 2 172 1 170 2 168 2 166 2 164 1 162 1 160 1 158 1 156 1 152 2 136 1 134 2 132 2 130 2 128 1 126 1 124 1 122 1 120 1 118 1 116 2 112 2 110 1 108 1 106 1 104 2 100 2 98 1 96 1 94 1 92 2 88 2 86 1 84 1 80 2 64 1 62 2 60 2 58 2 56 1 54 1 52 1 50 1 48 1 44 2
48 191 1 189 1 187 1 171 1 169 1 167 2 165 2 163 1 161 2 159 2 157 2 155 1 153 1 151 1 135 1 133 1 131 2 129 2 127 1 125 2 123 2 121 2 119 1 117 1 111 2 109 2 107 1 105 1 99 2 97 2 95 1 93 1 87 2 85 2 83 1 81 1 79 1 63 1 61 1 59 2 57 2 55 1 53 2 51 2 49 2 47 1 45 1 43 1
34 188 1 172 1 170 2 168 1 162 1 160 1 158 1 156 2 152 1 136 1 134 2 132 1 126 1 124 1 122 1 120 2 112 2 110 1 108 2 100 2 98 1 96 2 88 2 86 1 84 2 80 1 64 1 62 2 60 1 54 1 52 1 50 1 48 2 44 1
36 191 2 189 1 187 2 171 2 167 1 165 2 163 2 161 2 155 2 153 1 151 2 135 2 131 1 129 2 127 2 125 2 119 2 117 1 115 2 107 2 105 1 103 2 95 2 93 1 91 2 83 2 81 1 79 2 63 2 59 1 57 2 55 2 53 2 47 2 45 1 43 2
47 190 2 188 2 172 2 170 2 168 2 166 1 164 1 162 1 160 2 158 1 156 1 154 2 152 2 136 2 134 2 132 2 130 1 128 1 126 1 124 2 122 1 120 1 118 2 116 2 110 1 108 1 106 2 104 2 98 1 96 1 94 2 92 2 86 1 84 1 82 2 80 2 64 2 62 2 60 2 58 1 56 1 54 1 52 2 50 1 48 1 46 2 44 2
48 191 1 189 1 187 2 171 1 167 2 165 2 163 2 161 2 159 2 157 1 155 1 153 1 151 2 135 1 131 2 129 2 127 2 125 2 123 2 121 1 119 1 117 1 115 2 111 2 109 1 107 1 105 1 103 2 99 2 97 1 95 1 93 1 91 2 87 2 85 1 83 1 81 1 79 2 63 1 59 2 57 2 55 2 53 2 51 2 49 1 47 1 45 1 43 2
39 188 2 186 1 172 1 170 1 168 2 164 1 162 1 160 1 156 1 152 2 136 1 134 1 132 2 128 1 126 1 124 1 120 1 116 2 114 2 112 2 108 1 104 2 102 2 100 2 96 1 92 2 90 2 88 2 84 1 80 2 78 1 64 1 62 1 60 2 56 1 54 1 52 1 48 1 44 2
43 191 2 189 1 171 2 169 1 167 1 165 2 163 2 161 2 157 2 155 2 153 1 151 2 135 2 133 1 131 1 129 2 127 2 125 2 121 2 119 2 117 1 115 1 109 2 107 2 105 1 103 1 97 2 95 2 93 1 91 1 85 2 83 2 81 1 63 2 61 1 59 1 57 2 55 2 53 2 49 2 47 2 45 1 43 2
42 188 2 184 2 172 2 170 2 168 2 164 1 162 1 160 2 158 1 156 1 152 2 136 2 134 2 132 2 128 1 126 1 124 2 122 1 120 1 116 2 112 1 110 1 108 1 104 2 100 1 98 1 96 1 92 2 88 1 86 1 84 1 80 2 76 2 64 2 62 2 60 2 56 1 54 1 52 2 50 1 48 1 44 2
45 191 2 189 1 187 2 185 2 171 2 167 1 165 1 163 2 161 2 157 1 155 2 151 2 135 2 131 1 129 1 127 2 125 2 121 1 119 2 117 2 115 2 113 1 109 1 107 2 105 2 103 2 101 1 97 1 95 2 93 2 91 2 89 1 85 1 83 2 81 1 79 2 77 2 63 2 59 1 57 1 55 2 53 2 49 1 47 2 43 2
44 188 2 186 1 172 2 170 1 168 2 166 2 164 1 162 1 160 2 156 1 154 2 152 2 136 2 134 1 132 2 130 2 128 1 126 1 124 2 120 1 118 1 116 2 114 2 108 1 106 1 104 2 102 2 96 1 94 1 92 2 90 2 84 1 80 2 78 1 64 2 62 1 60 2 58 2 56 1 54 1 52 2 48 1 46 2 44 2
32 191 2 189 1 171 2 167 1 165 2 161 2 157 1 155 2 153 1 135 2 131 1 129 2 125 2 121 1 119 2 117 1 109 1 107 2 105 1 97 1 95 2 93 1 85 1 83 2 81 1 63 2 59 1 57 2 53 2 49 1 47 2 45 1
32 188 2 186 1 184 2 180 2 172 2 170 1 164 2 162 1 160 2 136 2 134 1 128 2 126 1 124 2 116 1 114 2 112 1 104 1 102 2 100 1 92 1 90 2 88 1 80 2 78 1 76 2 72 2 64 2 62 1 56 2 54 1 52 2
42 191 2 189 1 185 2 181 2 171 2 169 1 167 1 165 1 163 2 161 2 155 2 151 2 135 2 133 1 131 1 129 1 127 2 125 2 119 2 117 2 115 1 113 1 107 2 105 2 103 1 101 1 95 2 93 2 91 1 89 1 83 2 81 1 77 2 73 2 63 2 61 1 59 1 57 1 55 2 53 2 47 2 43 2
51 190 1 188 2 186 1 184 2 178 1 172 2 170 1 168 2 166 1 164 1 162 1 160 2 156 1 152 2 136 2 134 1 132 2 130 1 128 1 126 1 124 2 120 1 118 2 116 2 114 2 112 1 108 1 106 2 104 2 102 2 100 1 96 1 94 2 92 2 90 2 88 1 84 1 82 1 80 2 78 1 76 2 70 1 64 2 62 1 60 2 58 1 56 1 54 1 52 2 48 1 44 2
30 189 1 185 2 183 2 179 1 165 1 161 2 157 1 129 1 125 2 123 1 121 1 117 2 113 1 111 1 109 1 105 2 101 1 99 1 97 1 93 2 89 1 87 1 85 1 81 1 77 2 75 2 71 1 57 1 53 2 49 1
36 188 2 186 1 184 1 180 2 170 1 166 2 164 2 162 1 160 2 154 2 134 1 130 2 128 2 126 1 118 1 116 1 114 2 112 2 106 1 104 1 102 2 100 2 94 1 92 1 90 2 88 2 80 2 78 1 76 1 72 2 62 1 58 2 56 2 54 1 52 2 46 2
33 191 2 189 1 185 2 171 2 167 1 165 1 161 2 155 2 135 2 131 1 129 1 125 2 121 2 119 2 117 2 113 1 109 2 107 2 105 2 101 1 97 2 95 2 93 2 89 1 85 2 83 2 81 1 77 2 63 2 59 1 57 1 53 2 47 2
43 190 1 188 2 186 2 184 2 182 1 180 2 178 1 172 2 166 1 164 2 160 2 136 2 130 1 128 2 126 1 124 2 122 2 118 2 116 1 114 1 112 1 110 2 106 2 104 1 102 1 100 1 98 2 94 2 92 1 90 1 88 1 86 2 82 1 80 2 78 2 76 2 74 1 72 2 70 1 64 2 58 1 56 2 52 2
45 191 2 187 2 181 1 179 1 177 1 175 2 173 2 167 1 165 1 163 2 161 2 155 1 151 1 145 1 143 1 141 1 139 2 137 2 135 1 133 2 119 2 117 2 115 1 113 1 107 2 105 2 103 1 101 1 95 2 93 2 91 1 89 1 83 2 79 2 73 1 71 1 69 1 67 2 65 2 59 1 57 1 55 2 53 2 47 2 43 2
44 188 2 180 2 176 1 174 1 172 2 168 2 166 1 164 1 162 1 160 2 156 2 152 1 144 2 140 1 138 1 134 2 120 1 118 2 116 2 114 2 112 1 108 1 106 2 104 2 102 2 100 1 96 1 94 2 92 2 90 2 88 1 84 1 80 2 72 2 68 1 66 1 64 2 60 2 58 1 56 1 54 1 52 2 48 1 44 2
40 181 2 179 2 177 1 173 2 171 2 169 2 165 1 161 2 159 1 157 2 145 2 143 2 141 1 137 2 135 2 133 2 123 1 121 1 117 2 113 1 111 1 109 1 105 2 101 1 99 1 97 1 93 2 89 1 87 1 85 1 73 2 71 2 69 1 65 2 63 2 61 2 57 1 53 2 51 1 49 1
39 190 2 180 1 178 2 176 2 174 1 172 1 166 2 164 2 162 1 154 1 144 1 142 2 140 2 138 1 136 1 134 2 124 1 118 1 116 1 114 2 112 2 106 1 104 1 102 2 100 2 94 1 92 1 90 2 88 2 82 2 72 1 70 2 68 2 66 1 64 1 58 2 56 2 54 1 46 2
41 191 2 181 1 179 1 177 1 173 2 169 1 167 1 165 1 161 2 157 2 155 1 145 1 143 1 141 1 137 2 135 1 133 1 121 2 119 2 117 2 113 1 109 2 107 2 105 2 101 1 97 2 95 2 93 2 89 1 85 2 83 2 73 1 71 1 69 1 65 2 61 1 59 1 57 1 53 2 49 2 47 2
41 180 1 176 2 174 2 172 2 170 1 166 1 164 2 162 1 160 2 158 2 144 1 140 2 138 2 134 1 126 1 122 2 118 2 116 1 114 1 112 1 110 2 106 2 104 1 102 1 100 1 98 2 94 2 92 1 90 1 88 1 86 2 72 1 68 2 66 2 64 2 62 1 58 1 56 2 54 1 52 2 50 2
39 181 1 179 2 177 1 175 1 173 2 171 2 165 1 161 2 159 1 145 1 143 2 141 1 139 1 137 2 135 2 133 2 127 1 123 1 117 2 115 2 113 1 111 1 105 2 103 2 101 1 99 1 93 2 91 2 89 1 87 1 73 1 71 2 69 1 67 1 65 2 63 2 57 1 53 2 51 1
25 180 1 176 2 174 1 166 1 164 2 162 1 144 1 140 2 138 1 134 2 118 2 116 1 114 2 106 2 104 1 102 2 94 2 92 1 90 2 72 1 68 2 66 1 58 1 56 2 54 1
37 189 2 181 1 179 2 173 1 171 2 169 1 161 2 159 1 157 2 153 2 145 1 143 2 137 1 135 2 133 1 125 2 123 1 121 2 113 2 111 1 109 2 101 2 99 1 97 2 89 2 87 1 85 2 81 2 73 1 71 2 65 1 63 2 61 1 53 2 51 1 49 2 45 2
43 190 2 180 1 178 2 176 2 174 2 172 1 170 1 164 2 162 1 158 2 154 2 144 1 142 2 140 2 138 2 136 1 134 1 126 1 124 1 122 2 116 1 114 1 112 2 110 2 104 1 102 1 100 2 98 2 92 1 90 1 88 2 86 2 82 2 72 1 70 2 68 2 66 2 64 1 62 1 56 2 54 1 50 2 46 2
53 187 1 181 1 179 2 177 1 175 2 173 2 171 2 169 1 165 1 163 1 161 2 159 1 157 2 151 1 145 1 143 2 141 1 139 2 137 2 135 2 133 1 127 1 123 1 121 2 117 2 115 1 113 1 111 1 109 2 105 2 103 1 101 1 99 1 97 2 93 2 91 1 89 1 87 1 85 2 79 1 73 1 71 2 69 1 67 2 65 2 63 2 61 1 57 1 55 1 53 2 51 1 49 2 43 1
36 188 1 174 2 170 1 168 1 166 1 162 1 158 2 156 2 152 1 138 2 134 1 132 1 126 1 122 2 120 2 118 2 114 1 110 2 108 2 106 2 102 1 98 2 96 2 94 2 90 1 86 2 84 2 80 1 66 2 62 1 60 1 58 1 54 1 50 2 48 2 44 1
41 189 2 179 2 175 1 173 1 171 2 169 2 161 2 159 1 157 1 153 2 143 2 139 1 137 1 135 2 133 2 127 1 125 2 123 1 121 1 115 2 113 2 111 1 109 1 103 2 101 2 99 1 97 1 91 2 89 2 87 1 85 1 81 2 71 2 67 1 65 1 63 2 61 2 53 2 51 1 49 1 45 2
35 180 1 176 2 174 2 170 1 166 2 164 2 162 1 158 2 144 1 140 2 138 2 134 1 130 2 126 1 122 2 118 1 116 1 114 1 110 2 106 1 104 1 102 1 98 2 94 1 92 1 90 1 86 2 72 1 68 2 66 2 62 1 58 2 56 2 54 1 50 2
57 191 1 189 2 187 1 181 1 175 2 173 1 171 1 169 1 167 2 163 1 161 2 159 2 157 2 155 1 153 2 151 1 145 1 139 2 137 1 135 1 133 1 131 2 127 1 125 2 123 2 121 2 119 1 115 1 113 2 111 2 109 2 107 1 103 1 101 2 99 2 97 2 95 1 91 1 89 2 87 2 85 2 83 1 81 2 79 1 73 1 67 2 65 1 63 1 61 1 59 2 55 1 53 2 51 2 49 2 47 1 45 2 43 1
47 190 2 188 1 178 2 174 2 172 2 170 1 168 1 162 1 160 1 158 2 156 2 154 2 152 1 142 2 138 2 136 2 134 1 132 1 126 1 124 1 122 2 120 2 114 1 112 1 110 2 108 2 102 1 100 1 98 2 96 2 90 1 88 1 86 2 84 2 82 2 80 1 70 2 66 2 64 2 62 1 60 1 54 1 52 1 50 2 48 2 46 2 44 1
38 189 2 187 1 179 2 175 2 173 1 171 2 163 1 161 2 159 1 153 2 151 1 143 2 139 2 137 1 135 2 127 1 125 2 123 1 115 1 113 2 111 1 103 1 101 2 99 1 91 1 89 2 87 1 81 2 79 1 71 2 67 2 65 1 63 2 55 1 53 2 51 1 45 2 43 1
31 188 1 170 2 168 1 166 2 162 1 158 1 156 2 152 1 134 2 132 1 130 2 126 1 122 1 120 2 118 1 110 1 108 2 106 1 98 1 96 2 94 1 86 1 84 2 80 1 62 2 60 1 58 2 54 1 50 1 48 2 44 1
48 191 1 189 2 187 1 173 1 171 1 169 2 167 2 163 1 161 2 159 2 157 1 155 1 153 2 151 1 137 1 135 1 133 2 131 2 127 1 125 2 123 2 121 1 119 1 113 2 111 2 109 1 107 1 101 2 99 2 97 1 95 1 89 2 87 2 85 1 83 1 81 2 79 1 65 1 63 1 61 2 59 2 55 1 53 2 51 2 49 1 47 1 45 2 43 1
46 188 1 174 2 172 1 170 1 168 1 166 2 162 1 160 1 158 2 156 2 152 1 138 2 136 1 134 1 132 1 130 2 126 1 124 1 122 2 120 2 118 1 114 1 112 2 110 2 108 2 106 1 102 1 100 2 98 2 96 2 94 1 90 1 88 2 86 2 84 2 80 1 66 2 64 1 62 1 60 1 58 2 54 1 52 1 50 2 48 2 44 1
45 191 1 189 1 187 1 175 2 171 1 167 2 165 2 163 1 161 2 159 2 155 1 153 1 151 1 139 2 135 1 131 2 129 2 127 1 125 2 123 2 119 1 117 1 115 1 111 2 107 1 105 1 103 1 99 2 95 1 93 1 91 1 87 2 83 1 81 1 79 1 67 2 63 1 59 2 57 2 55 1 53 2 51 2 47 1 45 1 43 1
44 190 2 188 1 172 2 170 2 168 1 166 1 162 1 160 1 158 1 156 2 154 2 152 1 136 2 134 2 132 1 130 1 126 1 124 1 122 1 120 2 118 2 112 1 110 1 108 2 106 2 100 1 98 1 96 2 94 2 88 1 86 1 84 2 82 2 80 1 64 2 62 2 60 1 58 1 54 1 52 1 50 1 48 2 46 2 44 1
42 191 1 189 2 187 2 173 1 171 1 167 2 163 2 161 2 159 2 155 1 153 2 151 2 137 1 135 1 131 2 127 2 125 2 123 2 119 1 115 2 113 2 111 2 107 1 103 2 101 2 99 2 95 1 91 2 89 2 87 2 83 1 81 2 79 2 65 1 63 1 59 2 55 2 53 2 51 2 47 1 45 2 43 2
46 188 2 172 1 170 2 168 2 166 2 164 1 162 1 160 1 158 1 156 1 152 2 136 1 134 2 132 2 130 2 128 1 126 1 124 1 122 1 120 1 118 1 116 2 112 2 110 1 108 1 106 1 104 2 100 2 98 1 96 1 94 1 92 2 88 2 86 1 84 1 80 2 64 1 62 2 60 2 58 2 56 1 54 1 52 1 50 1 48 1 44 2
48 191 1 189 1 187 1 171 1 169 1 167 2 165 2 163 1 161 2 159 2 157 2 155 1 153 1 151 1 135 1 133 1 131 2 129 2 127 1 125 2 123 2 121 2 119 1 117 1 111 2 109 2 107 1 105 1 99 2 97 2 95 1 93 1 87 2 85 2 83 1 81 1 79 1 63 1 61 1 59 2 57 2 55 1 53 2 51 2 49 2 47 1 45 1 43 1
34 188 1 172 1 170 2 168 1 162 1 160 1 158 1 156 2 152 1 136 1 134 2 132 1 126 1 124 1 122 1 120 2 112 2 110 1 108 2 100 2 98 1 96 2 88 2 86 1 84 2 80 1 64 1 62 2 60 1 54 1 52 1 50 1 48 2 44 1
36 191 2 189 1 187 2 171 2 167 1 165 2 163 2 161 2 155 2 153 1 151 2 135 2 131 1 129 2 127 2 125 2 119 2 117 1 115 2 107 2 105 1 103 2 95 2 93 1 91 2 83 2 81 1 79 2 63 2 59 1 57 2 55 2 53 2 47 2 45 1 43 2
47 190 2 188 2 172 2 170 2 168 2 166 1 164 1 162 1 160 2 158 1 156 1 154 2 152 2 136 2 134 2 132 2 130 1 128 1 126 1 124 2 122 1 120 1 118 2 116 2 110 1 108 1 106 2 104 2 98 1 96 1 94 2 92 2 86 1 84 1 82 2 80 2 64 2 62 2 60 2 58 1 56 1 54 1 52 2 50 1 48 1 46 2 44 2
48 191 1 189 1 187 2 171 1 167 2 165 2 163 2 161 2 159 2 157 1 155 1 153 1 151 2 135 1 131 2 129 2 127 2 125 2 123 2 121 1 119 1 117 1 115 2 111 2 109 1 107 1 105 1 103 2 99 2 97 1 95 1 93 1 91 2 87 2 85 1 83 1 81 1 79 2 63 1 59 2 57 2 55 2 53 2 51 2 49 1 47 1 45 1 43 2
39 188 2 186 1 172 1 170 1 168 2 164 1 162 1 160 1 156 1 152 2 136 1 134 1 132 2 128 1 126 1 124 1 120 1 116 2 114 2 112 2 108 1 104 2 102 2 100 2 96 1 92 2 90 2 88 2 84 1 80 2 78 1 64 1 62 1 60 2 56 1 54 1 52 1 48 1 44 2
43 191 2 189 1 171 2 169 1 167 1 165 2 163 2 161 2 157 2 155 2 153 1 151 2 135 2 133 1 131 1 129 2 127 2 125 2 121 2 119 2 117 1 115 1 109 2 107 2 105 1 103 1 97 2 95 2 93 1 91 1 85 2 83 2 81 1 63 2 61 1 59 1 57 2 55 2 53 2 49 2 47 2 45 1 43 2
42 188 2 184 2 172 2 170 2 168 2 164 1 162 1 160 2 158 1 156 1 152 2 136 2 134 2 132 2 128 1 126 1 124 2 122 1 120 1 116 2 112 1 110 1 108 1 104 2 100 1 98 1 96 1 92 2 88 1 86 1 84 1 80 2 76 2 64 2 62 2 60 2 56 1 54 1 52 2 50 1 48 1 44 2
45 191 2 189 1 187 2 185 2 171 2 167 1 165 1 163 2 161 2 157 1 155 2 151 2 135 2 131 1 129 1 127 2 125 2 121 1 119 2 117 2 115 2 113 1 109 1 107 2 105 2 103 2 101 1 97 1 95 2 93 2 91 2 89 1 85 1 83 2 81 1 79 2 77 2 63 2 59 1 57 1 55 2 53 2 49 1 47 2 43 2
44 188 2 186 1 172 2 170 1 168 2 166 2 164 1 162 1 160 2 156 1 154 2 152 2 136 2 134 1 132 2 130 2 128 1 126 1 124 2 120 1 118 1 116 2 114 2 108 1 106 1 104 2 102 2 96 1 94 1 92 2 90 2 84 1 80 2 78 1 64 2 62 1 60 2 58 2 56 1 54 1 52 2 48 1 46 2 44 2
32 191 2 189 1 171 2 167 1 165 2 161 2 157 1 155 2 153 1 135 2 131 1 129 2 125 2 121 1 119 2 117 1 109 1 107 2 105 1 97 1 95 2 93 1 85 1 83 2 81 1 63 2 59 1 57 2 53 2 49 1 47 2 45 1
32 188 2 186 1 184 2 180 2 172 2 170 1 164 2 162 1 160 2 136 2 134 1 128 2 126 1 124 2 116 1 114 2 112 1 104 1 102 2 100 1 92 1 90 2 88 1 80 2 78 1 76 2 72 2 64 2 62 1 56 2 54 1 52 2
42 191 2 189 1 185 2 181 2 171 2 169 1 167 1 165 1 163 2 161 2 155 2 151 2 135 2 133 1 131 1 129 1 127 2 125 2 119 2 117 2 115 1 113 1 107 2 105 2 103 1 101 1 95 2 93 2 91 1 89 1 83 2 81 1 77 2 73 2 63 2 61 1 59 1 57 1 55 2 53 2 47 2 43 2
51 190 1 188 2 186 1 184 2 178 1 172 2 170 1 168 2 166 1 164 1 162 1 160 2 156 1 152 2 136 2 134 1 132 2 130 1 128 1 126 1 124 2 120 1 118 2 116 2 114 2 112 1 108 1 106 2 104 2 102 2 100 1 96 1 94 2 92 2 90 2 88 1 84 1 82 1 80 2 78 1 76 2 70 1 64 2 62 1 60 2 58 1 56 1 54 1 52 2 48 1 44 2
30 189 1 185 2 183 2 179 1 165 1 161 2 157 1 129 1 125 2 123 1 121 1 117 2 113 1 111 1 109 1 105 2 101 1 99 1 97 1 93 2 89 1 87 1 85 1 81 1 77 2 75 2 71 1 57 1 53 2 49 1
36 188 2 186 1 184 1 180 2 170 1 166 2 164 2 162 1 160 2 154 2 134 1 130 2 128 2 126 1 118 1 116 1 114 2 112 2 106 1 104 1 102 2 100 2 94 1 92 1 90 2 88 2 80 2 78 1 76 1 72 2 62 1 58 2 56 2 54 1 52 2 46 2
33 191 2 189 1 185 2 171 2 167 1 165 1 161 2 155 2 135 2 131 1 129 1 125 2 121 2 119 2 117 2 113 1 109 2 107 2 105 2 101 1 97 2 95 2 93 2 89 1 85 2 83 2 81 1 77 2 63 2 59 1 57 1 53 2 47 2
43 190 1 188 2 186 2 184 2 182 1 180 2 178 1 172 2 166 1 164 2 160 2 136 2 130 1 128 2 126 1 124 2 122 2 118 2 116 1 114 1 112 1 110 2 106 2 104 1 102 1 100 1 98 2 94 2 92 1 90 1 88 1 86 2 82 1 80 2 78 2 76 2 74 1 72 2 70 1 64 2 58 1 56 2 52 2
36 189 1 187 1 185 2 183 2 181 2 179 1 169 1 165 1 163 2 161 2 133 1 129 1 125 2 123 1 117 2 115 2 113 1 111 1 105 2 103 2 101 1 99 1 93 2 91 2 89 1 87 1 81 1 79 1 77 2 75 2 73 2 71 1 61 1 57 1 55 2 53 2
44 188 2 180 2 176 1 174 1 172 2 168 2 166 1 164 1 162 1 160 2 156 2 152 1 144 2 140 1 138 1 134 2 120 1 118 2 116 2 114 2 112 1 108 1 106 2 104 2 102 2 100 1 96 1 94 2 92 2 90 2 88 1 84 1 80 2 72 2 68 1 66 1 64 2 60 2 58 1 56 1 54 1 52 2 48 1 44 2
40 181 2 179 2 177 1 173 2 171 2 169 2 165 1 161 2 159 1 157 2 145 2 143 2 141 1 137 2 135 2 133 2 123 1 121 1 117 2 113 1 111 1 109 1 105 2 101 1 99 1 97 1 93 2 89 1 87 1 85 1 73 2 71 2 69 1 65 2 63 2 61 2 57 1 53 2 51 1 49 1
39 190 2 180 1 178 2 176 2 174 1 172 1 166 2 164 2 162 1 154 1 144 1 142 2 140 2 138 1 136 1 134 2 124 1 118 1 116 1 114 2 112 2 106 1 104 1 102 2 100 2 94 1 92 1 90 2 88 2 82 2 72 1 70 2 68 2 66 1 64 1 58 2 56 2 54 1 46 2
41 191 2 181 1 179 1 177 1 173 2 169 1 167 1 165 1 161 2 157 2 155 1 145 1 143 1 141 1 137 2 135 1 133 1 121 2 119 2 117 2 113 1 109 2 107 2 105 2 101 1 97 2 95 2 93 2 89 1 85 2 83 2 73 1 71 1 69 1 65 2 61 1 59 1 57 1 53 2 49 2 47 2
41 180 1 176 2 174 2 172 2 170 1 166 1 164 2 162 1 160 2 158 2 144 1 140 2 138 2 134 1 126 1 122 2 118 2 116 1 114 1 112 1 110 2 106 2 104 1 102 1 100 1 98 2 94 2 92 1 90 1 88 1 86 2 72 1 68 2 66 2 64 2 62 1 58 1 56 2 54 1 52 2 50 2
39 181 1 179 2 177 1 175 1 173 2 171 2 165 1 161 2 159 1 145 1 143 2 141 1 139 1 137 2 135 2 133 2 127 1 123 1 117 2 115 2 113 1 111 1 105 2 103 2 101 1 99 1 93 2 91 2 89 1 87 1 73 1 71 2 69 1 67 1 65 2 63 2 57 1 53 2 51 1
25 180 1 176 2 174 1 166 1 164 2 162 1 144 1 140 2 138 1 134 2 118 2 116 1 114 2 106 2 104 1 102 2 94 2 92 1 90 2 72 1 68 2 66 1 58 1 56 2 54 1
37 189 2 181 1 179 2 173 1 171 2 169 1 161 2 159 1 157 2 153 2 145 1 143 2 137 1 135 2 133 1 125 2 123 1 121 2 113 2 111 1 109 2 101 2 99 1 97 2 89 2 87 1 85 2 81 2 73 1 71 2 65 1 63 2 61 1 53 2 51 1 49 2 45 2
43 190 2 180 1 178 2 176 2 174 2 172 1 170 1 164 2 162 1 158 2 154 2 144 1 142 2 140 2 138 2 136 1 134 1 126 1 124 1 122 2 116 1 114 1 112 2 110 2 104 1 102 1 100 2 98 2 92 1 90 1 88 2 86 2 82 2 72 1 70 2 68 2 66 2 64 1 62 1 56 2 54 1 50 2 46 2
53 187 1 181 1 179 2 177 1 175 2 173 2 171 2 169 1 165 1 163 1 161 2 159 1 157 2 151 1 145 1 143 2 141 1 139 2 137 2 135 2 133 1 127 1 123 1 121 2 117 2 115 1 113 1 111 1 109 2 105 2 103 1 101 1 99 1 97 2 93 2 91 1 89 1 87 1 85 2 79 1 73 1 71 2 69 1 67 2 65 2 63 2 61 1 57 1 55 1 53 2 51 1 49 2 43 1
36 188 1 174 2 170 1 168 1 166 1 162 1 158 2 156 2 152 1 138 2 134 1 132 1 126 1 122 2 120 2 118 2 114 1 110 2 108 2 106 2 102 1 98 2 96 2 94 2 90 1 86 2 84 2 80 1 66 2 62 1 60 1 58 1 54 1 50 2 48 2 44 1
41 189 2 179 2 175 1 173 1 171 2 169 2 161 2 159 1 157 1 153 2 143 2 139 1 137 1 135 2 133 2 127 1 125 2 123 1 121 1 115 2 113 2 111 1 109 1 103 2 101 2 99 1 97 1 91 2 89 2 87 1 85 1 81 2 71 2 67 1 65 1 63 2 61 2 53 2 51 1 49 1 45 2
35 180 1 176 2 174 2 170 1 166 2 164 2 162 1 158 2 144 1 140 2 138 2 134 1 130 2 126 1 122 2 118 1 116 1 114 1 110 2 106 1 104 1 102 1 98 2 94 1 92 1 90 1 86 2 72 1 68 2 66 2 62 1 58 2 56 2 54 1 50 2
57 191 1 189 2 187 1 181 1 175 2 173 1 171 1 169 1 167 2 163 1 161 2 159 2 157 2 155 1 153 2 151 1 145 1 139 2 137 1 135 1 133 1 131 2 127 1 125 2 123 2 121 2 119 1 115 1 113 2 111 2 109 2 107 1 103 1 101 2 99 2 97 2 95 1 91 1 89 2 87 2 85 2 83 1 81 2 79 1 73 1 67 2 65 1 63 1 61 1 59 2 55 1 53 2 51 2 49 2 47 1 45 2 43 1
47 190 2 188 1 178 2 174 2 172 2 170 1 168 1 162 1 160 1 158 2 156 2 154 2 152 1 142 2 138 2 136 2 134 1 132 1 126 1 124 1 122 2 120 2 114 1 112 1 110 2 108 2 102 1 100 1 98 2 96 2 90 1 88 1 86 2 84 2 82 2 80 1 70 2 66 2 64 2 62 1 60 1 54 1 52 1 50 2 48 2 46 2 44 1
38 189 2 187 1 179 2 175 2 173 1 171 2 163 1 161 2 159 1 153 2 151 1 143 2 139 2 137 1 135 2 127 1 125 2 123 1 115 1 113 2 111 1 103 1 101 2 99 1 91 1 89 2 87 1 81 2 79 1 71 2 67 2 65 1 63 2 55 1 53 2 51 1 45 2 43 1
31 188 1 170 2 168 1 166 2 162 1 158 1 156 2 152 1 134 2 132 1 130 2 126 1 122 1 120 2 118 1 110 1 108 2 106 1 98 1 96 2 94 1 86 1 84 2 80 1 62 2 60 1 58 2 54 1 50 1 48 2 44 1
48 191 1 189 2 187 1 173 1 171 1 169 2 167 2 163 1 161 2 159 2 157 1 155 1 153 2 151 1 137 1 135 1 133 2 131 2 127 1 125 2 123 2 121 1 119 1 113 2 111 2 109 1 107 1 101 2 99 2 97 1 95 1 89 2 87 2 85 1 83 1 81 2 79 1 65 1 63 1 61 2 59 2 55 1 53 2 51 2 49 1 47 1 45 2 43 1
46 188 1 174 2 172 1 170 1 168 1 166 2 162 1 160 1 158 2 156 2 152 1 138 2 136 1 134 1 132 1 130 2 126 1 124 1 122 2 120 2 118 1 114 1 112 2 110 2 108 2 106 1 102 1 100 2 98 2 96 2 94 1 90 1 88 2 86 2 84 2 80 1 66 2 64 1 62 1 60 1 58 2 54 1 52 1 50 2 48 2 44 1
45 191 1 189 1 187 1 175 2 171 1 167 2 165 2 163 1 161 2 159 2 155 1 153 1 151 1 139 2 135 1 131 2 129 2 127 1 125 2 123 2 119 1 117 1 115 1 111 2 107 1 105 1 103 1 99 2 95 1 93 1 91 1 87 2 83 1 81 1 79 1 67 2 63 1 59 2 57 2 55 1 53 2 51 2 47 1 45 1 43 1
44 190 2 188 1 172 2 170 2 168 1 166 1 162 1 160 1 158 1 156 2 154 2 152 1 136 2 134 2 132 1 130 1 126 1 124 1 122 1 120 2 118 2 112 1 110 1 108 2 106 2 100 1 98 1 96 2 94 2 88 1 86 1 84 2 82 2 80 1 64 2 62 2 60 1 58 1 54 1 52 1 50 1 48 2 46 2 44 1
42 191 1 189 2 187 2 173 1 171 1 167 2 163 2 161 2 159 2 155 1 153 2 151 2 137 1 135 1 131 2 127 2 125 2 123 2 119 1 115 2 113 2 111 2 107 1 103 2 101 2 99 2 95 1 91 2 89 2 87 2 83 1 81 2 79 2 65 1 63 1 59 2 55 2 53 2 51 2 47 1 45 2 43 2
46 188 2 172 1 170 2 168 2 166 2 164 1 162 1 160 1 158 1 156 1 152 2 136 1 134 2 132 2 130 2 128 1 126 1 124 1 122 1 120 1 118 1 116 2 112 2 110 1 108 1 106 1 104 2 100 2 98 1 96 1 94 1 92 2 88 2 86 1 84 1 80 2 64 1 62 2 60 2 58 2 56 1 54 1 52 1 50 1 48 1 44 2
48 191 1 189 1 187 1 171 1 169 1 167 2 165 2 163 1 161 2 159 2 157 2 155 1 153 1 151 1 135 1 133 1 131 2 129 2 127 1 125 2 123 2 121 2 119 1 117 1 111 2 109 2 107 1 105 1 99 2 97 2 95 1 93 1 87 2 85 2 83 1 81 1 79 1 63 1 61 1 59 2 57 2 55 1 53 2 51 2 49 2 47 1 45 1 43 1
34 188 1 172 1 170 2 168 1 162 1 160 1 158 1 156 2 152 1 136 1 134 2 132 1 126 1 124 1 122 1 120 2 112 2 110 1 108 2 100 2 98 1 96 2 88 2 86 1 84 2 80 1 64 1 62 2 60 1 54 1 52 1 50 1 48 2 44 1
36 191 2 189 1 187 2 171 2 167 1 165 2 163 2 161 2 155 2 153 1 151 2 135 2 131 1 129 2 127 2 125 2 119 2 117 1 115 2 107 2 105 1 103 2 95 2 93 1 91 2 83 2 81 1 79 2 63 2 59 1 57 2 55 2 53 2 47 2 45 1 43 2
47 190 2 188 2 172 2 170 2 168 2 166 1 164 1 162 1 160 2 158 1 156 1 154 2 152 2 136 2 134 2 132 2 130 1 128 1 126 1 124 2 122 1 120 1 118 2 116 2 110 1 108 1 106 2 104 2 98 1 96 1 94 2 92 2 86 1 84 1 82 2 80 2 64 2 62 2 60 2 58 1 56 1 54 1 52 2 50 1 48 1 46 2 44 2
48 191 1 189 1 187 2 171 1 167 2 165 2 163 2 161 2 159 2 157 1 155 1 153 1 151 2 135 1 131 2 129 2 127 2 125 2 123 2 121 1 119 1 117 1 115 2 111 2 109 1 107 1 105 1 103 2 99 2 97 1 95 1 93 1 91 2 87 2 85 1 83 1 81 1 79 2 63 1 59 2 57 2 55 2 53 2 51 2 49 1 47 1 45 1 43 2
39 188 2 186 1 172 1 170 1 168 2 164 1 162 1 160 1 156 1 152 2 136 1 134 1 132 2 128 1 126 1 124 1 120 1 116 2 114 2 112 2 108 1 104 2 102 2 100 2 96 1 92 2 90 2 88 2 84 1 80 2 78 1 64 1 62 1 60 2 56 1 54 1 52 1 48 1 44 2
43 191 2 189 1 171 2 169 1 167 1 165 2 163 2 161 2 157 2 155 2 153 1 151 2 135 2 133 1 131 1 129 2 127 2 125 2 121 2 119 2 117 1 115 1 109 2 107 2 105 1 103 1 97 2 95 2 93 1 91 1 85 2 83 2 81 1 63 2 61 1 59 1 57 2 55 2 53 2 49 2 47 2 45 1 43 2
42 188 2 184 2 172 2 170 2 168 2 164 1 162 1 160 2 158 1 156 1 152 2 136 2 134 2 132 2 128 1 126 1 124 2 122 1 120 1 116 2 112 1 110 1 108 1 104 2 100 1 98 1 96 1 92 2 88 1 86 1 84 1 80 2 76 2 64 2 62 2 60 2 56 1 54 1 52 2 50 1 48 1 44 2
45 191 2 189 1 187 2 185 2 171 2 167 1 165 1 163 2 161 2 157 1 155 2 151 2 135 2 131 1 129 1 127 2 125 2 121 1 119 2 117 2 115 2 113 1 109 1 107 2 105 2 103 2 101 1 97 1 95 2 93 2 91 2 89 1 85 1 83 2 81 1 79 2 77 2 63 2 59 1 57 1 55 2 53 2 49 1 47 2 43 2
44 188 2 186 1 172 2 170 1 168 2 166 2 164 1 162 1 160 2 156 1 154 2 152 2 136 2 134 1 132 2 130 2 128 1 126 1 124 2 120 1 118 1 116 2 114 2 108 1 106 1 104 2 102 2 96 1 94 1 92 2 90 2 84 1 80 2 78 1 64 2 62 1 60 2 58 2 56 1 54 1 52 2 48 1 46 2 44 2
32 191 2 189 1 171 2 167 1 165 2 161 2 157 1 155 2 153 1 135 2 131 1 129 2 125 2 121 1 119 2 117 1 109 1 107 2 105 1 97 1 95 2 93 1 85 1 83 2 81 1 63 2 59 1 57 2 53 2 49 1 47 2 45 1
32 188 2 186 1 184 2 180 2 172 2 170 1 164 2 162 1 160 2 136 2 134 1 128 2 126 1 124 2 116 1 114 2 112 1 104 1 102 2 100 1 92 1 90 2 88 1 80 2 78 1 76 2 72 2 64 2 62 1 56 2 54 1 52 2
42 191 2 189 1 185 2 181 2 171 2 169 1 167 1 165 1 163 2 161 2 155 2 151 2 135 2 133 1 131 1 129 1 127 2 125 2 119 2 117 2 115 1 113 1 107 2 105 2 103 1 101 1 95 2 93 2 91 1 89 1 83 2 81 1 77 2 73 2 63 2 61 1 59 1 57 1 55 2 53 2 47 2 43 2
51 190 1 188 2 186 1 184 2 178 1 172 2 170 1 168 2 166 1 164 1 162 1 160 2 156 1 152 2 136 2 134 1 132 2 130 1 128 1 126 1 124 2 120 1 118 2 116 2 114 2 112 1 108 1 106 2 104 2 102 2 100 1 96 1 94 2 92 2 90 2 88 1 84 1 82 1 80 2 78 1 76 2 70 1 64 2 62 1 60 2 58 1 56 1 54 1 52 2 48 1 44 2
30 189 1 185 2 183 2 179 1 165 1 161 2 157 1 129 1 125 2 123 1 121 1 117 2 113 1 111 1 109 1 105 2 101 1 99 1 97 1 93 2 89 1 87 1 85 1 81 1 77 2 75 2 71 1 57 1 53 2 49 1
36 188 2 186 1 184 1 180 2 170 1 166 2 164 2 162 1 160 2 154 2 134 1 130 2 128 2 126 1 118 1 116 1 114 2 112 2 106 1 104 1 102 2 100 2 94 1 92 1 90 2 88 2 80 2 78 1 76 1 72 2 62 1 58 2 56 2 54 1 52 2 46 2
33 191 2 189 1 185 2 171 2 167 1 165 1 161 2 155 2 135 2 131 1 129 1 125 2 121 2 119 2 117 2 113 1 109 2 107 2 105 2 101 1 97 2 95 2 93 2 89 1 85 2 83 2 81 1 77 2 63 2 59 1 57 1 53 2 47 2
43 190 1 188 2 186 2 184 2 182 1 180 2 178 1 172 2 166 1 164 2 160 2 136 2 130 1 128 2 126 1 124 2 122 2 118 2 116 1 114 1 112 1 110 2 106 2 104 1 102 1 100 1 98 2 94 2 92 1 90 1 88 1 86 2 82 1 80 2 78 2 76 2 74 1 72 2 70 1 64 2 58 1 56 2 52 2
36 189 1 187 1 185 2 183 2 181 2 179 1 169 1 165 1 163 2 161 2 133 1 129 1 125 2 123 1 117 2 115 2 113 1 111 1 105 2 103 2 101 1 99 1 93 2 91 2 89 1 87 1 81 1 79 1 77 2 75 2 73 2 71 1 61 1 57 1 55 2 53 2
31 190 1 188 2 186 1 180 2 178 1 170 1 166 1 164 2 162 1 134 1 130 1 128 2 126 1 118 2 116 1 114 2 106 2 104 1 102 2 94 2 92 1 90 2 82 1 80 2 78 1 72 2 70 1 62 1 58 1 56 2 54 1
40 181 2 179 2 177 1 173 2 171 2 169 2 165 1 161 2 159 1 157 2 145 2 143 2 141 1 137 2 135 2 133 2 123 1 121 1 117 2 113 1 111 1 109 1 105 2 101 1 99 1 97 1 93 2 89 1 87 1 85 1 73 2 71 2 69 1 65 2 63 2 61 2 57 1 53 2 51 1 49 1
39 190 2 180 1 178 2 176 2 174 1 172 1 166 2 164 2 162 1 154 1 144 1 142 2 140 2 138 1 136 1 134 2 124 1 118 1 116 1 114 2 112 2 106 1 104 1 102 2 100 2 94 1 92 1 90 2 88 2 82 2 72 1 70 2 68 2 66 1 64 1 58 2 56 2 54 1 46 2
41 191 2 181 1 179 1 177 1 173 2 169 1 167 1 165 1 161 2 157 2 155 1 145 1 143 1 141 1 137 2 135 1 133 1 121 2 119 2 117 2 113 1 109 2 107 2 105 2 101 1 97 2 95 2 93 2 89 1 85 2 83 2 73 1 71 1 69 1 65 2 61 1 59 1 57 1 53 2 49 2 47 2
41 180 1 176 2 174 2 172 2 170 1 166 1 164 2 162 1 160 2 158 2 144 1 140 2 138 2 134 1 126 1 122 2 118 2 116 1 114 1 112 1 110 2 106 2 104 1 102 1 100 1 98 2 94 2 92 1 90 1 88 1 86 2 72 1 68 2 66 2 64 2 62 1 58 1 56 2 54 1 52 2 50 2
39 181 1 179 2 177 1 175 1 173 2 171 2 165 1 161 2 159 1 145 1 143 2 141 1 139 1 137 2 135 2 133 2 127 1 123 1 117 2 115 2 113 1 111 1 105 2 103 2 101 1 99 1 93 2 91 2 89 1 87 1 73 1 71 2 69 1 67 1 65 2 63 2 57 1 53 2 51 1
25 180 1 176 2 174 1 166 1 164 2 162 1 144 1 140 2 138 1 134 2 118 2 116 1 114 2 106 2 104 1 102 2 94 2 92 1 90 2 72 1 68 2 66 1 58 1 56 2 54 1
37 189 2 181 1 179 2 173 1 171 2 169 1 161 2 159 1 157 2 153 2 145 1 143 2 137 1 135 2 133 1 125 2 123 1 121 2 113 2 111 1 109 2 101 2 99 1 97 2 89 2 87 1 85 2 81 2 73 1 71 2 65 1 63 2 61 1 53 2 51 1 49 2 45 2
43 190 2 180 1 178 2 176 2 174 2 172 1 170 1 164 2 162 1 158 2 154 2 144 1 142 2 140 2 138 2 136 1 134 1 126 1 124 1 122 2 116 1 114 1 112 2 110 2 104 1 102 1 100 2 98 2 92 1 90 1 88 2 86 2 82 2 72 1 70 2 68 2 66 2 64 1 62 1 56 2 54 1 50 2 46 2
53 187 1 181 1 179 2 177 1 175 2 173 2 171 2 169 1 165 1 163 1 161 2 159 1 157 2 151 1 145 1 143 2 141 1 139 2 137 2 135 2 133 1 127 1 123 1 121 2 117 2 115 1 113 1 111 1 109 2 105 2 103 1 101 1 99 1 97 2 93 2 91 1 89 1 87 1 85 2 79 1 73 1 71 2 69 1 67 2 65 2 63 2 61 1 57 1 55 1 53 2 51 1 49 2 43 1
36 188 1 174 2 170 1 168 1 166 1 162 1 158 2 156 2 152 1 138 2 134 1 132 1 126 1 122 2 120 2 118 2 114 1 110 2 108 2 106 2 102 1 98 2 96 2 94 2 90 1 86 2 84 2 80 1 66 2 62 1 60 1 58 1 54 1 50 2 48 2 44 1
41 189 2 179 2 175 1 173 1 171 2 169 2 161 2 159 1 157 1 153 2 143 2 139 1 137 1 135 2 133 2 127 1 125 2 123 1 121 1 115 2 113 2 111 1 109 1 103 2 101 2 99 1 97 1 91 2 89 2 87 1 85 1 81 2 71 2 67 1 65 1 63 2 61 2 53 2 51 1 49 1 45 2
35 180 1 176 2 174 2 170 1 166 2 164 2 162 1 158 2 144 1 140 2 138 2 134 1 130 2 126 1 122 2 118 1 116 1 114 1 110 2 106 1 104 1 102 1 98 2 94 1 92 1 90 1 86 2 72 1 68 2 66 2 62 1 58 2 56 2 54 1 50 2
57 191 1 189 2 187 1 181 1 175 2 173 1 171 1 169 1 167 2 163 1 161 2 159 2 157 2 155 1 153 2 151 1 145 1 139 2 137 1 135 1 133 1 131 2 127 1 125 2 123 2 121 2 119 1 115 1 113 2 111 2 109 2 107 1 103 1 101 2 99 2 97 2 95 1 91 1 89 2 87 2 85 2 83 1 81 2 79 1 73 1 67 2 65 1 63 1 61 1 59 2 55 1 53 2 51 2 49 2 47 1 45 2 43 1
47 190 2 188 1 178 2 174 2 172 2 170 1 168 1 162 1 160 1 158 2 156 2 154 2 152 1 142 2 138 2 136 2 134 1 132 1 126 1 124 1 122 2 120 2 114 1 112 1 110 2 108 2 102 1 100 1 98 2 96 2 90 1 88 1 86 2 84 2 82 2 80 1 70 2 66 2 64 2 62 1 60 1 54 1 52 1 50 2 48 2 46 2 44 1
38 189 2 187 1 179 2 175 2 173 1 171 2 163 1 161 2 159 1 153 2 151 1 143 2 139 2 137 1 135 2 127 1 125 2 123 1 115 1 113 2 111 1 103 1 101 2 99 1 91 1 89 2 87 1 81 2 79 1 71 2 67 2 65 1 63 2 55 1 53 2 51 1 45 2 43 1
31 188 1 170 2 168 1 166 2 162 1 158 1 156 2 152 1 134 2 132 1 130 2 126 1 122 1 120 2 118 1 110 1 108 2 106 1 98 1 96 2 94 1 86 1 84 2 80 1 62 2 60 1 58 2 54 1 50 1 48 2 44 1
48 191 1 189 2 187 1 173 1 171 1 169 2 167 2 163 1 161 2 159 2 157 1 155 1 153 2 151 1 137 1 135 1 133 2 131 2 127 1 125 2 123 2 121 1 119 1 113 2 111 2 109 1 107 1 101 2 99 2 97 1 95 1 89 2 87 2 85 1 83 1 81 2 79 1 65 1 63 1 61 2 59 2 55 1 53 2 51 2 49 1 47 1 45 2 43 1
46 188 1 174 2 172 1 170 1 168 1 166 2 162 1 160 1 158 2 156 2 152 1 138 2 136 1 134 1 132 1 130 2 126 1 124 1 122 2 120 2 118 1 114 1 112 2 110 2 108 2 106 1 102 1 100 2 98 2 96 2 94 1 90 1 88 2 86 2 84 2 80 1 66 2 64 1 62 1 60 1 58 2 54 1 52 1 50 2 48 2 44 1
45 191 1 189 1 187 1 175 2 171 1 167 2 165 2 163 1 161 2 159 2 155 1 153 1 151 1 139 2 135 1 131 2 129 2 127 1 125 2 123 2 119 1 117 1 115 1 111 2 107 1 105 1 103 1 99 2 95 1 93 1 91 1 87 2 83 1 81 1 79 1 67 2 63 1 59 2 57 2 55 1 53 2 51 2 47 1 45 1 43 1
44 190 2 188 1 172 2 170 2 168 1 166 1 162 1 160 1 158 1 156 2 154 2 152 1 136 2 134 2 132 1 130 1 126 1 124 1 122 1 120 2 118 2 112 1 110 1 108 2 106 2 100 1 98 1 96 2 94 2 88 1 86 1 84 2 82 2 80 1 64 2 62 2 60 1 58 1 54 1 52 1 50 1 48 2 46 2 44 1
42 191 1 189 2 187 2 173 1 171 1 167 2 163 2 161 2 159 2 155 1 153 2 151 2 137 1 135 1 131 2 127 2 125 2 123 2 119 1 115 2 113 2 111 2 107 1 103 2 101 2 99 2 95 1 91 2 89 2 87 2 83 1 81 2 79 2 65 1 63 1 59 2 55 2 53 2 51 2 47 1 45 2 43 2
46 188 2 172 1 170 2 168 2 166 2 164 1 162 1 160 1 158 1 156 1 152 2 136 1 134 2 132 2 130 2 128 1 126 1 124 1 122 1 120 1 118 1 116 2 112 2 110 1 108 1 106 1 104 2 100 2 98 1 96 1 94 1 92 2 88 2 86 1 84 1 80 2 64 1 62 2 60 2 58 2 56 1 54 1 52 1 50 1 48 1 44 2
48 191 1 189 1 187 1 171 1 169 1 167 2 165 2 163 1 161 2 159 2 157 2 155 1 153 1 151 1 135 1 133 1 131 2 129 2 127 1 125 2 123 2 121 2 119 1 117 1 111 2 109 2 107 1 105 1 99 2 97 2 95 1 93 1 87 2 85 2 83 1 81 1 79 1 63 1 61 1 59 2 57 2 55 1 53 2 51 2 49 2 47 1 45 1 43 1
34 188 1 172 1 170 2 168 1 162 1 160 1 158 1 156 2 152 1 136 1 134 2 132 1 126 1 124 1 122 1 120 2 112 2 110 1 108 2 100 2 98 1 96 2 88 2 86 1 84 2 80 1 64 1 62 2 60 1 54 1 52 1 50 1 48 2 44 1
36 191 2 189 1 187 2 171 2 167 1 165 2 163 2 161 2 155 2 153 1 151 2 135 2 131 1 129 2 127 2 125 2 119 2 117 1 115 2 107 2 105 1 103 2 95 2 93 1 91 2 83 2 81 1 79 2 63 2 59 1 57 2 55 2 53 2 47 2 45 1 43 2
47 190 2 188 2 172 2 170 2 168 2 166 1 164 1 162 1 160 2 158 1 156 1 154 2 152 2 136 2 134 2 132 2 130 1 128 1 126 1 124 2 122 1 120 1 118 2 116 2 110 1 108 1 106 2 104 2 98 1 96 1 94 2 92 2 86 1 84 1 82 2 80 2 64 2 62 2 60 2 58 1 56 1 54 1 52 2 50 1 48 1 46 2 44 2
48 191 1 189 1 187 2 171 1 167 2 165 2 163 2 161 2 159 2 157 1 155 1 153 1 151 2 135 1 131 2 129 2 127 2 125 2 123 2 121 1 119 1 117 1 115 2 111 2 109 1 107 1 105 1 103 2 99 2 97 1 95 1 93 1 91 2 87 2 85 1 83 1 81 1 79 2 63 1 59 2 57 2 55 2 53 2 51 2 49 1 47 1 45 1 43 2
39 188 2 186 1 172 1 170 1 168 2 164 1 162 1 160 1 156 1 152 2 136 1 134 1 132 2 128 1 126 1 124 1 120 1 116 2 114 2 112 2 108 1 104 2 102 2 100 2 96 1 92 2 90 2 88 2 84 1 80 2 78 1 64 1 62 1 60 2 56 1 54 1 52 1 48 1 44 2
43 191 2 189 1 171 2 169 1 167 1 165 2 163 2 161 2 157 2 155 2 153 1 151 2 135 2 133 1 131 1 129 2 127 2 125 2 121 2 119 2 117 1 115 1 109 2 107 2 105 1 103 1 97 2 95 2 93 1 91 1 85 2 83 2 81 1 63 2 61 1 59 1 57 2 55 2 53 2 49 2 47 2 45 1 43 2
42 188 2 184 2 172 2 170 2 168 2 164 1 162 1 160 2 158 1 156 1 152 2 136 2 134 2 132 2 128 1 126 1 124 2 122 1 120 1 116 2 112 1 110 1 108 1 104 2 100 1 98 1 96 1 92 2 88 1 86 1 84 1 80 2 76 2 64 2 62 2 60 2 56 1 54 1 52 2 50 1 48 1 44 2
45 191 2 189 1 187 2 185 2 171 2 167 1 165 1 163 2 161 2 157 1 155 2 151 2 135 2 131 1 129 1 127 2 125 2 121 1 119 2 117 2 115 2 113 1 109 1 107 2 105 2 103 2 101 1 97 1 95 2 93 2 91 2 89 1 85 1 83 2 81 1 79 2 77 2 63 2 59 1 57 1 55 2 53 2 49 1 47 2 43 2
44 188 2 186 1 172 2 170 1 168 2 166 2 164 1 162 1 160 2 156 1 154 2 152 2 136 2 134 1 132 2 130 2 128 1 126 1 124 2 120 1 118 1 116 2 114 2 108 1 106 1 104 2 102 2 96 1 94 1 92 2 90 2 84 1 80 2 78 1 64 2 62 1 60 2 58 2 56 1 54 1 52 2 48 1 46 2 44 2
32 191 2 189 1 171 2 167 1 165 2 161 2 157 1 155 2 153 1 135 2 131 1 129 2 125 2 121 1 119 2 117 1 109 1 107 2 105 1 97 1 95 2 93 1 85 1 83 2 81 1 63 2 59 1 57 2 53 2 49 1 47 2 45 1
32 188 2 186 1 184 2 180 2 172 2 170 1 164 2 162 1 160 2 136 2 134 1 128 2 126 1 124 2 116 1 114 2 112 1 104 1 102 2 100 1 92 1 90 2 88 1 80 2 78 1 76 2 72 2 64 2 62 1 56 2 54 1 52 2
42 191 2 189 1 185 2 181 2 171 2 169 1 167 1 165 1 163 2 161 2 155 2 151 2 135 2 133 1 131 1 129 1 127 2 125 2 119 2 117 2 115 1 113 1 107 2 105 2 103 1 101 1 95 2 93 2 91 1 89 1 83 2 81 1 77 2 73 2 63 2 61 1 59 1 57 1 55 2 53 2 47 2 43 2
51 190 1 188 2 186 1 184 2 178 1 172 2 170 1 168 2 166 1 164 1 162 1 160 2 156 1 152 2 136 2 134 1 132 2 130 1 128 1 126 1 124 2 120 1 118 2 116 2 114 2 112 1 108 1 106 2 104 2 102 2 100 1 96 1 94 2 92 2 90 2 88 1 84 1 82 1 80 2 78 1 76 2 70 1 64 2 62 1 60 2 58 1 56 1 54 1 52 2 48 1 44 2
30 189 1 185 2 183 2 179 1 165 1 161 2 157 1 129 1 125 2 123 1 121 1 117 2 113 1 111 1 109 1 105 2 101 1 99 1 97 1 93 2 89 1 87 1 85 1 81 1 77 2 75 2 71 1 57 1 53 2 49 1
36 188 2 186 1 184 1 180 2 170 1 166 2 164 2 162 1 160 2 154 2 134 1 130 2 128 2 126 1 118 1 116 1 114 2 112 2 106 1 104 1 102 2 100 2 94 1 92 1 90 2 88 2 80 2 78 1 76 1 72 2 62 1 58 2 56 2 54 1 52 2 46 2
33 191 2 189 1 185 2 171 2 167 1 165 1 161 2 155 2 135 2 131 1 129 1 125 2 121 2 119 2 117 2 113 1 109 2 107 2 105 2 101 1 97 2 95 2 93 2 89 1 85 2 83 2 81 1 77 2 63 2 59 1 57 1 53 2 47 2
43 190 1 188 2 186 2 184 2 182 1 180 2 178 1 172 2 166 1 164 2 160 2 136 2 130 1 128 2 126 1 124 2 122 2 118 2 116 1 114 1 112 1 110 2 106 2 104 1 102 1 100 1 98 2 94 2 92 1 90 1 88 1 86 2 82 1 80 2 78 2 76 2 74 1 72 2 70 1 64 2 58 1 56 2 52 2
36 189 1 187 1 185 2 183 2 181 2 179 1 169 1 165 1 163 2 161 2 133 1 129 1 125 2 123 1 117 2 115 2 113 1 111 1 105 2 103 2 101 1 99 1 93 2 91 2 89 1 87 1 81 1 79 1 77 2 75 2 73 2 71 1 61 1 57 1 55 2 53 2
31 190 1 188 2 186 1 180 2 178 1 170 1 166 1 164 2 162 1 134 1 130 1 128 2 126 1 118 2 116 1 114 2 106 2 104 1 102 2 94 2 92 1 90 2 82 1 80 2 78 1 72 2 70 1 62 1 58 1 56 2 54 1
20 189 1 185 1 183 2 179 1 125 2 123 1 121 2 113 2 111 1 109 2 101 2 99 1 97 2 89 2 87 1 85 2 81 1 77 1 75 2 71 1
39 190 2 180 1 178 2 176 2 174 1 172 1 166 2 164 2 162 1 154 1 144 1 142 2 140 2 138 1 136 1 134 2 124 1 118 1 116 1 114 2 112 2 106 1 104 1 102 2 100 2 94 1 92 1 90 2 88 2 82 2 72 1 70 2 68 2 66 1 64 1 58 2 56 2 54 1 46 2
41 191 2 181 1 179 1 177 1 173 2 169 1 167 1 165 1 161 2 157 2 155 1 145 1 143 1 141 1 137 2 135 1 133 1 121 2 119 2 117 2 113 1 109 2 107 2 105 2 101 1 97 2 95 2 93 2 89 1 85 2 83 2 73 1 71 1 69 1 65 2 61 1 59 1 57 1 53 2 49 2 47 2
41 180 1 176 2 174 2 172 2 170 1 166 1 164 2 162 1 160 2 158 2 144 1 140 2 138 2 134 1 126 1 122 2 118 2 116 1 114 1 112 1 110 2 106 2 104 1 102 1 100 1 98 2 94 2 92 1 90 1 88 1 86 2 72 1 68 2 66 2 64 2 62 1 58 1 56 2 54 1 52 2 50 2
39 181 1 179 2 177 1 175 1 173 2 171 2 165 1 161 2 159 1 145 1 143 2 141 1 139 1 137 2 135 2 133 2 127 1 123 1 117 2 115 2 113 1 111 1 105 2 103 2 101 1 99 1 93 2 91 2 89 1 87 1 73 1 71 2 69 1 67 1 65 2 63 2 57 1 53 2 51 1
25 180 1 176 2 174 1 166 1 164 2 162 1 144 1 140 2 138 1 134 2 118 2 116 1 114 2 106 2 104 1 102 2 94 2 92 1 90 2 72 1 68 2 66 1 58 1 56 2 54 1
37 189 2 181 1 179 2 173 1 171 2 169 1 161 2 159 1 157 2 153 2 145 1 143 2 137 1 135 2 133 1 125 2 123 1 121 2 113 2 111 1 109 2 101 2 99 1 97 2 89 2 87 1 85 2 81 2 73 1 71 2 65 1 63 2 61 1 53 2 51 1 49 2 45 2
43 190 2 180 1 178 2 176 2 174 2 172 1 170 1 164 2 162 1 158 2 154 2 144 1 142 2 140 2 138 2 136 1 134 1 126 1 124 1 122 2 116 1 114 1 112 2 110 2 104 1 102 1 100 2 98 2 92 1 90 1 88 2 86 2 82 2 72 1 70 2 68 2 66 2 64 1 62 1 56 2 54 1 50 2 46 2
53 187 1 181 1 179 2 177 1 175 2 173 2 171 2 169 1 165 1 163 1 161 2 159 1 157 2 151 1 145 1 143 2 141 1 139 2 137 2 135 2 133 1 127 1 123 1 121 2 117 2 115 1 113 1 111 1 109 2 105 2 103 1 101 1 99 1 97 2 93 2 91 1 89 1 87 1 85 2 79 1 73 1 71 2 69 1 67 2 65 2 63 2 61 1 57 1 55 1 53 2 51 1 49 2 43 1
36 188 1 174 2 170 1 168 1 166 1 162 1 158 2 156 2 152 1 138 2 134 1 132 1 126 1 122 2 120 2 118 2 114 1 110 2 108 2 106 2 102 1 98 2 96 2 94 2 90 1 86 2 84 2 80 1 66 2 62 1 60 1 58 1 54 1 50 2 48 2 44 1
41 189 2 179 2 175 1 173 1 171 2 169 2 161 2 159 1 157 1 153 2 143 2 139 1 137 1 135 2 133 2 127 1 125 2 123 1 121 1 115 2 113 2 111 1 109 1 103 2 101 2 99 1 97 1 91 2 89 2 87 1 85 1 81 2 71 2 67 1 65 1 63 2 61 2 53 2 51 1 49 1 45 2
35 180 1 176 2 174 2 170 1 166 2 164 2 162 1 158 2 144 1 140 2 138 2 134 1 130 2 126 1 122 2 118 1 116 1 114 1 110 2 106 1 104 1 102 1 98 2 94 1 92 1 90 1 86 2 72 1 68 2 66 2 62 1 58 2 56 2 54 1 50 2
57 191 1 189 2 187 1 181 1 175 2 173 1 171 1 169 1 167 2 163 1 161 2 159 2 157 2 155 1 153 2 151 1 145 1 139 2 137 1 135 1 133 1 131 2 127 1 125 2 123 2 121 2 119 1 115 1 113 2 111 2 109 2 107 1 103 1 101 2 99 2 97 2 95 1 91 1 89 2 87 2 85 2 83 1 81 2 79 1 73 1 67 2 65 1 63 1 61 1 59 2 55 1 53 2 51 2 49 2 47 1 45 2 43 1
47 190 2 188 1 178 2 174 2 172 2 170 1 168 1 162 1 160 1 158 2 156 2 154 2 152 1 142 2 138 2 136 2 134 1 132 1 126 1 124 1 122 2 120 2 114 1 112 1 110 2 108 2 102 1 100 1 98 2 96 2 90 1 88 1 86 2 84 2 82 2 80 1 70 2 66 2 64 2 62 1 60 1 54 1 52 1 50 2 48 2 46 2 44 1
38 189 2 187 1 179 2 175 2 173 1 171 2 163 1 161 2 159 1 153 2 151 1 143 2 139 2 137 1 135 2 127 1 125 2 123 1 115 1 113 2 111 1 103 1 101 2 99 1 91 1 89 2 87 1 81 2 79 1 71 2 67 2 65 1 63 2 55 1 53 2 51 1 45 2 43 1
31 188 1 170 2 168 1 166 2 162 1 158 1 156 2 152 1 134 2 132 1 130 2 126 1 122 1 120 2 118 1 110 1 108 2 106 1 98 1 96 2 94 1 86 1 84 2 80 1 62 2 60 1 58 2 54 1 50 1 48 2 44 1
48 191 1 189 2 187 1 173 1 171 1 169 2 167 2 163 1 161 2 159 2 157 1 155 1 153 2 151 1 137 1 135 1 133 2 131 2 127 1 125 2 123 2 121 1 119 1 113 2 111 2 109 1 107 1 101 2 99 2 97 1 95 1 89 2 87 2 85 1 83 1 81 2 79 1 65 1 63 1 61 2 59 2 55 1 53 2 51 2 49 1 47 1 45 2 43 1
46 188 1 174 2 172 1 170 1 168 1 166 2 162 1 160 1 158 2 156 2 152 1 138 2 136 1 134 1 132 1 130 2 126 1 124 1 122 2 120 2 118 1 114 1 112 2 110 2 108 2 106 1 102 1 100 2 98 2 96 2 94 1 90 1 88 2 86 2 84 2 80 1 66 2 64 1 62 1 60 1 58 2 54 1 52 1 50 2 48 2 44 1
45 191 1 189 1 187 1 175 2 171 1 167 2 165 2 163 1 161 2 159 2 155 1 153 1 151 1 139 2 135 1 131 2 129 2 127 1 125 2 123 2 119 1 117 1 115 1 111 2 107 1 105 1 103 1 99 2 95 1 93 1 91 1 87 2 83 1 81 1 79 1 67 2 63 1 59 2 57 2 55 1 53 2 51 2 47 1 45 1 43 1
44 190 2 188 1 172 2 170 2 168 1 166 1 162 1 160 1 158 1 156 2 154 2 152 1 136 2 134 2 132 1 130 1 126 1 124 1 122 1 120 2 118 2 112 1 110 1 108 2 106 2 100 1 98 1 96 2 94 2 88 1 86 1 84 2 82 2 80 1 64 2 62 2 60 1 58 1 54 1 52 1 50 1 48 2 46 2 44 1
42 191 1 189 2 187 2 173 1 171 1 167 2 163 2 161 2 159 2 155 1 153 2 151 2 137 1 135 1 131 2 127 2 125 2 123 2 119 1 115 2 113 2 111 2 107 1 103 2 101 2 99 2 95 1 91 2 89 2 87 2 83 1 81 2 79 2 65 1 63 1 59 2 55 2 53 2 51 2 47 1 45 2 43 2
46 188 2 172 1 170 2 168 2 166 2 164 1 162 1 160 1 158 1 156 1 152 2 136 1 134 2 132 2 130 2 128 1 126 1 124 1 122 1 120 1 118 1 116 2 112 2 110 1 108 1 106 1 104 2 100 2 98 1 96 1 94 1 92 2 88 2 86 1 84 1 80 2 64 1 62 2 60 2 58 2 56 1 54 1 52 1 50 1 48 1 44 2
48 191 1 189 1 187 1 171 1 169 1 167 2 165 2 163 1 161 2 159 2 157 2 155 1 153 1 151 1 135 1 133 1 131 2 129 2 127 1 125 2 123 2 121 2 119 1 117 1 111 2 109 2 107 1 105 1 99 2 97 2 95 1 93 1 87 2 85 2 83 1 81 1 79 1 63 1 61 1 59 2 57 2 55 1 53 2 51 2 49 2 47 1 45 1 43 1
34 188 1 172 1 170 2 168 1 162 1 160 1 158 1 156 2 152 1 136 1 134 2 132 1 126 1 124 1 122 1 120 2 112 2 110 1 108 2 100 2 98 1 96 2 88 2 86 1 84 2 80 1 64 1 62 2 60 1 54 1 52 1 50 1 48 2 44 1
36 191 2 189 1 187 2 171 2 167 1 165 2 163 2 161 2 155 2 153 1 151 2 135 2 131 1 129 2 127 2 125 2 119 2 117 1 115 2 107 2 105 1 103 2 95 2 93 1 91 2 83 2 81 1 79 2 63 2 59 1 57 2 55 2 53 2 47 2 45 1 43 2
47 190 2 188 2 172 2 170 2 168 2 166 1 164 1 162 1 160 2 158 1 156 1 154 2 152 2 136 2 134 2 132 2 130 1 128 1 126 1 124 2 122 1 120 1 118 2 116 2 110 1 108 1 106 2 104 2 98 1 96 1 94 2 92 2 86 1 84 1 82 2 80 2 64 2 62 2 60 2 58 1 56 1 54 1 52 2 50 1 48 1 46 2 44 2
48 191 1 189 1 187 2 171 1 167 2 165 2 163 2 161 2 159 2 157 1 155 1 153 1 151 2 135 1 131 2 129 2 127 2 125 2 123 2 121 1 119 1 117 1 115 2 111 2 109 1 107 1 105 1 103 2 99 2 97 1 95 1 93 1 91 2 87 2 85 1 83 1 81 1 79 2 63 1 59 2 57 2 55 2 53 2 51 2 49 1 47 1 45 1 43 2
39 188 2 186 1 172 1 170 1 168 2 164 1 162 1 160 1 156 1 152 2 136 1 134 1 132 2 128 1 126 1 124 1 120 1 116 2 114 2 112 2 108 1 104 2 102 2 100 2 96 1 92 2 90 2 88 2 84 1 80 2 78 1 64 1 62 1 60 2 56 1 54 1 52 1 48 1 44 2
43 191 2 189 1 171 2 169 1 167 1 165 2 163 2 161 2 157 2 155 2 153 1 151 2 135 2 133 1 131 1 129 2 127 2 125 2 121 2 119 2 117 1 115 1 109 2 107 2 105 1 103 1 97 2 95 2 93 1 91 1 85 2 83 2 81 1 63 2 61 1 59 1 57 2 55 2 53 2 49 2 47 2 45 1 43 2
42 188 2 184 2 172 2 170 2 168 2 164 1 162 1 160 2 158 1 156 1 152 2 136 2 134 2 132 2 128 1 126 1 124 2 122 1 120 1 116 2 112 1 110 1 108 1 104 2 100 1 98 1 96 1 92 2 88 1 86 1 84 1 80 2 76 2 64 2 62 2 60 2 56 1 54 1 52 2 50 1 48 1 44 2
45 191 2 189 1 187 2 185 2 171 2 167 1 165 1 163 2 161 2 157 1 155 2 151 2 135 2 131 1 129 1 127 2 125 2 121 1 119 2 117 2 115 2 113 1 109 1 107 2 105 2 103 2 101 1 97 1 95 2 93 2 91 2 89 1 85 1 83 2 81 1 79 2 77 2 63 2 59 1 57 1 55 2 53 2 49 1 47 2 43 2
44 188 2 186 1 172 2 170 1 168 2 166 2 164 1 162 1 160 2 156 1 154 2 152 2 136 2 134 1 132 2 130 2 128 1 126 1 124 2 120 1 118 1 116 2 114 2 108 1 106 1 104 2 102 2 96 1 94 1 92 2 90 2 84 1 80 2 78 1 64 2 62 1 60 2 58 2 56 1 54 1 52 2 48 1 46 2 44 2
32 191 2 189 1 171 2 167 1 165 2 161 2 157 1 155 2 153 1 135 2 131 1 129 2 125 2 121 1 119 2 117 1 109 1 107 2 105 1 97 1 95 2 93 1 85 1 83 2 81 1 63 2 59 1 57 2 53 2 49 1 47 2 45 1
32 188 2 186 1 184 2 180 2 172 2 170 1 164 2 162 1 160 2 136 2 134 1 128 2 126 1 124 2 116 1 114 2 112 1 104 1 102 2 100 1 92 1 90 2 88 1 80 2 78 1 76 2 72 2 64 2 62 1 56 2 54 1 52 2
42 191 2 189 1 185 2 181 2 171 2 169 1 167 1 165 1 163 2 161 2 155 2 151 2 135 2 133 1 131 1 129 1 127 2 125 2 119 2 117 2 115 1 113 1 107 2 105 2 103 1 101 1 95 2 93 2 91 1 89 1 83 2 81 1 77 2 73 2 63 2 61 1 59 1 57 1 55 2 53 2 47 2 43 2
51 190 1 188 2 186 1 184 2 178 1 172 2 170 1 168 2 166 1 164 1 162 1 160 2 156 1 152 2 136 2 134 1 132 2 130 1 128 1 126 1 124 2 120 1 118 2 116 2 114 2 112 1 108 1 106 2 104 2 102 2 100 1 96 1 94 2 92 2 90 2 88 1 84 1 82 1 80 2 78 1 76 2 70 1 64 2 62 1 60 2 58 1 56 1 54 1 52 2 48 1 44 2
30 189 1 185 2 183 2 179 1 165 1 161 2 157 1 129 1 125 2 123 1 121 1 117 2 113 1 111 1 109 1 105 2 101 1 99 1 97 1 93 2 89 1 87 1 85 1 81 1 77 2 75 2 71 1 57 1 53 2 49 1
36 188 2 186 1 184 1 180 2 170 1 166 2 164 2 162 1 160 2 154 2 134 1 130 2 128 2 126 1 118 1 116 1 114 2 112 2 106 1 104 1 102 2 100 2 94 1 92 1 90 2 88 2 80 2 78 1 76 1 72 2 62 1 58 2 56 2 54 1 52 2 46 2
33 191 2 189 1 185 2 171 2 167 1 165 1 161 2 155 2 135 2 131 1 129 1 125 2 121 2 119 2 117 2 113 1 109 2 107 2 105 2 101 1 97 2 95 2 93 2 89 1 85 2 83 2 81 1 77 2 63 2 59 1 57 1 53 2 47 2
43 190 1 188 2 186 2 184 2 182 1 180 2 178 1 172 2 166 1 164 2 160 2 136 2 130 1 128 2 126 1 124 2 122 2 118 2 116 1 114 1 112 1 110 2 106 2 104 1 102 1 100 1 98 2 94 2 92 1 90 1 88 1 86 2 82 1 80 2 78 2 76 2 74 1 72 2 70 1 64 2 58 1 56 2 52 2
36 189 1 187 1 185 2 183 2 181 2 179 1 169 1 165 1 163 2 161 2 133 1 129 1 125 2 123 1 117 2 115 2 113 1 111 1 105 2 103 2 101 1 99 1 93 2 91 2 89 1 87 1 81 1 79 1 77 2 75 2 73 2 71 1 61 1 57 1 55 2 53 2
31 190 1 188 2 186 1 180 2 178 1 170 1 166 1 164 2 162 1 134 1 130 1 128 2 126 1 118 2 116 1 114 2 106 2 104 1 102 2 94 2 92 1 90 2 82 1 80 2 78 1 72 2 70 1 62 1 58 1 56 2 54 1
20 189 1 185 1 183 2 179 1 125 2 123 1 121 2 113 2 111 1 109 2 101 2 99 1 97 2 89 2 87 1 85 2 81 1 77 1 75 2 71 1
33 190 1 188 2 186 2 184 1 182 1 180 2 178 1 164 2 160 2 128 2 126 1 122 2 116 1 114 1 112 2 110 2 104 1 102 1 100 2 98 2 92 1 90 1 88 2 86 2 82 1 80 2 78 2 76 1 74 1 72 2 70 1 56 2 52 2
41 191 2 181 1 179 1 177 1 173 2 169 1 167 1 165 1 161 2 157 2 155 1 145 1 143 1 141 1 137 2 135 1 133 1 121 2 119 2 117 2 113 1 109 2 107 2 105 2 101 1 97 2 95 2 93 2 89 1 85 2 83 2 73 1 71 1 69 1 65 2 61 1 59 1 57 1 53 2 49 2 47 2
41 180 1 176 2 174 2 172 2 170 1 166 1 164 2 162 1 160 2 158 2 144 1 140 2 138 2 134 1 126 1 122 2 118 2 116 1 114 1 112 1 110 2 106 2 104 1 102 1 100 1 98 2 94 2 92 1 90 1 88 1 86 2 72 1 68 2 66 2 64 2 62 1 58 1 56 2 54 1 52 2 50 2
39 181 1 179 2 177 1 175 1 173 2 171 2 165 1 161 2 159 1 145 1 143 2 141 1 139 1 137 2 135 2 133 2 127 1 123 1 117 2 115 2 113 1 111 1 105 2 103 2 101 1 99 1 93 2 91 2 89 1 87 1 73 1 71 2 69 1 67 1 65 2 63 2 57 1 53 2 51 1
25 180 1 176 2 174 1 166 1 164 2 162 1 144 1 140 2 138 1 134 2 118 2 116 1 114 2 106 2 104 1 102 2 94 2 92 1 90 2 72 1 68 2 66 1 58 1 56 2 54 1
37 189 2 181 1 179 2 173 1 171 2 169 1 161 2 159 1 157 2 153 2 145 1 143 2 137 1 135 2 133 1 125 2 123 1 121 2 113 2 111 1 109 2 101 2 99 1 97 2 89 2 87 1 85 2 81 2 73 1 71 2 65 1 63 2 61 1 53 2 51 1 49 2 45 2
43 190 2 180 1 178 2 176 2 174 2 172 1 170 1 164 2 162 1 158 2 154 2 144 1 142 2 140 2 138 2 136 1 134 1 126 1 124 1 122 2 116 1 114 1 112 2 110 2 104 1 102 1 100 2 98 2 92 1 90 1 88 2 86 2 82 2 72 1 70 2 68 2 66 2 64 1 62 1 56 2 54 1 50 2 46 2
53 187 1 181 1 179 2 177 1 175 2 173 2 171 2 169 1 165 1 163 1 161 2 159 1 157 2 151 1 145 1 143 2 141 1 139 2 137 2 135 2 133 1 127 1 123 1 121 2 117 2 115 1 113 1 111 1 109 2 105 2 103 1 101 1 99 1 97 2 93 2 91 1 89 1 87 1 85 2 79 1 73 1 71 2 69 1 67 2 65 2 63 2 61 1 57 1 55 1 53 2 51 1 49 2 43 1
36 188 1 174 2 170 1 168 1 166 1 162 1 158 2 156 2 152 1 138 2 134 1 132 1 126 1 122 2 120 2 118 2 114 1 110 2 108 2 106 2 102 1 98 2 96 2 94 2 90 1 86 2 84 2 80 1 66 2 62 1 60 1 58 1 54 1 50 2 48 2 44 1
41 189 2 179 2 175 1 173 1 171 2 169 2 161 2 159 1 157 1 153 2 143 2 139 1 137 1 135 2 133 2 127 1 125 2 123 1 121 1 115 2 113 2 111 1 109 1 103 2 101 2 99 1 97 1 91 2 89 2 87 1 85 1 81 2 71 2 67 1 65 1 63 2 61 2 53 2 51 1 49 1 45 2
35 180 1 176 2 174 2 170 1 166 2 164 2 162 1 158 2 144 1 140 2 138 2 134 1 130 2 126 1 122 2 118 1 116 1 114 1 110 2 106 1 104 1 102 1 98 2 94 1 92 1 90 1 86 2 72 1 68 2 66 2 62 1 58 2 56 2 54 1 50 2
57 191 1 189 2 187 1 181 1 175 2 173 1 171 1 169 1 167 2 163 1 161 2 159 2 157 2 155 1 153 2 151 1 145 1 139 2 137 1 135 1 133 1 131 2 127 1 125 2 123 2 121 2 119 1 115 1 113 2 111 2 109 2 107 1 103 1 101 2 99 2 97 2 95 1 91 1 89 2 87 2 85 2 83 1 81 2 79 1 73 1 67 2 65 1 63 1 61 1 59 2 55 1 53 2 51 2 49 2 47 1 45 2 43 1
47 190 2 188 1 178 2 174 2 172 2 170 1 168 1 162 1 160 1 158 2 156 2 154 2 152 1 142 2 138 2 136 2 134 1 132 1 126 1 124 1 122 2 120 2 114 1 112 1 110 2 108 2 102 1 100 1 98 2 96 2 90 1 88 1 86 2 84 2 82 2 80 1 70 2 66 2 64 2 62 1 60 1 54 1 52 1 50 2 48 2 46 2 44 1
38 189 2 187 1 179 2 175 2 173 1 171 2 163 1 161 2 159 1 153 2 151 1 143 2 139 2 137 1 135 2 127 1 125 2 123 1 115 1 113 2 111 1 103 1 101 2 99 1 91 1 89 2 87 1 81 2 79 1 71 2 67 2 65 1 63 2 55 1 53 2 51 1 45 2 43 1
31 188 1 170 2 168 1 166 2 162 1 158 1 156 2 152 1 134 2 132 1 130 2 126 1 122 1 120 2 118 1 110 1 108 2 106 1 98 1 96 2 94 1 86 1 84 2 80 1 62 2 60 1 58 2 54 1 50 1 48 2 44 1
48 191 1 189 2 187 1 173 1 171 1 169 2 167 2 163 1 161 2 159 2 157 1 155 1 153 2 151 1 137 1 135 1 133 2 131 2 127 1 125 2 123 2 121 1 119 1 113 2 111 2 109 1 107 1 101 2 99 2 97 1 95 1 89 2 87 2 85 1 83 1 81 2 79 1 65 1 63 1 61 2 59 2 55 1 53 2 51 2 49 1 47 1 45 2 43 1
46 188 1 174 2 172 1 170 1 168 1 166 2 162 1 160 1 158 2 156 2 152 1 138 2 136 1 134 1 132 1 130 2 126 1 124 1 122 2 120 2 118 1 114 1 112 2 110 2 108 2 106 1 102 1 100 2 98 2 96 2 94 1 90 1 88 2 86 2 84 2 80 1 66 2 64 1 62 1 60 1 58 2 54 1 52 1 50 2 48 2 44 1
45 191 1 189 1 187 1 175 2 171 1 167 2 165 2 163 1 161 2 159 2 155 1 153 1 151 1 139 2 135 1 131 2 129 2 127 1 125 2 123 2 119 1 117 1 115 1 111 2 107 1 105 1 103 1 99 2 95 1 93 1 91 1 87 2 83 1 81 1 79 1 67 2 63 1 59 2 57 2 55 1 53 2 51 2 47 1 45 1 43 1
44 190 2 188 1 172 2 170 2 168 1 166 1 162 1 160 1 158 1 156 2 154 2 152 1 136 2 134 2 132 1 130 1 126 1 124 1 122 1 120 2 118 2 112 1 110 1 108 2 106 2 100 1 98 1 96 2 94 2 88 1 86 1 84 2 82 2 80 1 64 2 62 2 60 1 58 1 54 1 52 1 50 1 48 2 46 2 44 1
42 191 1 189 2 187 2 173 1 171 1 167 2 163 2 161 2 159 2 155 1 153 2 151 2 137 1 135 1 131 2 127 2 125 2 123 2 119 1 115 2 113 2 111 2 107 1 103 2 101 2 99 2 95 1 91 2 89 2 87 2 83 1 81 2 79 2 65 1 63 1 59 2 55 2 53 2 51 2 47 1 45 2 43 2
46 188 2 172 1 170 2 168 2 166 2 164 1 162 1 160 1 158 1 156 1 152 2 136 1 134 2 132 2 130 2 128 1 126 1 124 1 122 1 120 1 118 1 116 2 112 2 110 1 108 1 106 1 104 2 100 2 98 1 96 1 94 1 92 2 88 2 86 1 84 1 80 2 64 1 62 2 60 2 58 2 56 1 54 1 52 1 50 1 48 1 44 2
48 191 1 189 1 187 1 171 1 169 1 167 2 165 2 163 1 161 2 159 2 157 2 155 1 153 1 151 1 135 1 133 1 131 2 129 2 127 1 125 2 123 2 121 2 119 1 117 1 111 2 109 2 107 1 105 1 99 2 97 2 95 1 93 1 87 2 85 2 83 1 81 1 79 1 63 1 61 1 59 2 57 2 55 1 53 2 51 2 49 2 47 1 45 1 43 1
34 188 1 172 1 170 2 168 1 162 1 160 1 158 1 156 2 152 1 136 1 134 2 132 1 126 1 124 1 122 1 120 2 112 2 110 1 108 2 100 2 98 1 96 2 88 2 86 1 84 2 80 1 64 1 62 2 60 1 54 1 52 1 50 1 48 2 44 1
36 191 2 189 1 187 2 171 2 167 1 165 2 163 2 161 2 155 2 153 1 151 2 135 2 131 1 129 2 127 2 125 2 119 2 117 1 115 2 107 2 105 1 103 2 95 2 93 1 91 2 83 2 81 1 79 2 63 2 59 1 57 2 55 2 53 2 47 2 45 1 43 2
47 190 2 188 2 172 2 170 2 168 2 166 1 164 1 162 1 160 2 158 1 156 1 154 2 152 2 136 2 134 2 132 2 130 1 128 1 126 1 124 2 122 1 120 1 118 2 116 2 110 1 108 1 106 2 104 2 98 1 96 1 94 2 92 2 86 1 84 1 82 2 80 2 64 2 62 2 60 2 58 1 56 1 54 1 52 2 50 1 48 1 46 2 44 2
48 191 1 189 1 187 2 171 1 167 2 165 2 163 2 161 2 159 2 157 1 155 1 153 1 151 2 135 1 131 2 129 2 127 2 125 2 123 2 121 1 119 1 117 1 115 2 111 2 109 1 107 1 105 1 103 2 99 2 97 1 95 1 93 1 91 2 87 2 85 1 83 1 81 1 79 2 63 1 59 2 57 2 55 2 53 2 51 2 49 1 47 1 45 1 43 2
39 188 2 186 1 172 1 170 1 168 2 164 1 162 1 160 1 156 1 152 2 136 1 134 1 132 2 128 1 126 1 124 1 120 1 116 2 114 2 112 2 108 1 104 2 102 2 100 2 96 1 92 2 90 2 88 2 84 1 80 2 78 1 64 1 62 1 60 2 56 1 54 1 52 1 48 1 44 2
43 191 2 189 1 171 2 169 1 167 1 165 2 163 2 161 2 157 2 155 2 153 1 151 2 135 2 133 1 131 1 129 2 127 2 125 2 121 2 119 2 117 1 115 1 109 2 107 2 105 1 103 1 97 2 95 2 93 1 91 1 85 2 83 2 81 1 63 2 61 1 59 1 57 2 55 2 53 2 49 2 47 2 45 1 43 2
42 188 2 184 2 172 2 170 2 168 2 164 1 162 1 160 2 158 1 156 1 152 2 136 2 134 2 132 2 128 1 126 1 124 2 122 1 120 1 116 2 112 1 110 1 108 1 104 2 100 1 98 1 96 1 92 2 88 1 86 1 84 1 80 2 76 2 64 2 62 2 60 2 56 1 54 1 52 2 50 1 48 1 44 2
45 191 2 189 1 187 2 185 2 171 2 167 1 165 1 163 2 161 2 157 1 155 2 151 2 135 2 131 1 129 1 127 2 125 2 121 1 119 2 117 2 115 2 113 1 109 1 107 2 105 2 103 2 101 1 97 1 95 2 93 2 91 2 89 1 85 1 83 2 81 1 79 2 77 2 63 2 59 1 57 1 55 2 53 2 49 1 47 2 43 2
44 188 2 186 1 172 2 170 1 168 2 166 2 164 1 162 1 160 2 156 1 154 2 152 2 136 2 134 1 132 2 130 2 128 1 126 1 124 2 120 1 118 1 116 2 114 2 108 1 106 1 104 2 102 2 96 1 94 1 92 2 90 2 84 1 80 2 78 1 64 2 62 1 60 2 58 2 56 1 54 1 52 2 48 1 46 2 44 2
32 191 2 189 1 171 2 167 1 165 2 161 2 157 1 155 2 153 1 135 2 131 1 129 2 125 2 121 1 119 2 117 1 109 1 107 2 105 1 97 1 95 2 93 1 85 1 83 2 81 1 63 2 59 1 57 2 53 2 49 1 47 2 45 1
32 188 2 186 1 184 2 180 2 172 2 170 1 164 2 162 1 160 2 136 2 134 1 128 2 126 1 124 2 116 1 114 2 112 1 104 1 102 2 100 1 92 1 90 2 88 1 80 2 78 1 76 2 72 2 64 2 62 1 56 2 54 1 52 2
42 191 2 189 1 185 2 181 2 171 2 169 1 167 1 165 1 163 2 161 2 155 2 151 2 135 2 133 1 131 1 129 1 127 2 125 2 119 2 117 2 115 1 113 1 107 2 105 2 103 1 101 1 95 2 93 2 91 1 89 1 83 2 81 1 77 2 73 2 63 2 61 1 59 1 57 1 55 2 53 2 47 2 43 2
51 190 1 188 2 186 1 184 2 178 1 172 2 170 1 168 2 166 1 164 1 162 1 160 2 156 1 152 2 136 2 134 1 132 2 130 1 128 1 126 1 124 2 120 1 118 2 116 2 114 2 112 1 108 1 106 2 104 2 102 2 100 1 96 1 94 2 92 2 90 2 88 1 84 1 82 1 80 2 78 1 76 2 70 1 64 2 62 1 60 2 58 1 56 1 54 1 52 2 48 1 44 2
30 189 1 185 2 183 2 179 1 165 1 161 2 157 1 129 1 125 2 123 1 121 1 117 2 113 1 111 1 109 1 105 2 101 1 99 1 97 1 93 2 89 1 87 1 85 1 81 1 77 2 75 2 71 1 57 1 53 2 49 1
36 188 2 186 1 184 1 180 2 170 1 166 2 164 2 162 1 160 2 154 2 134 1 130 2 128 2 126 1 118 1 116 1 114 2 112 2 106 1 104 1 102 2 100 2 94 1 92 1 90 2 88 2 80 2 78 1 76 1 72 2 62 1 58 2 56 2 54 1 52 2 46 2
33 191 2 189 1 185 2 171 2 167 1 165 1 161 2 155 2 135 2 131 1 129 1 125 2 121 2 119 2 117 2 113 1 109 2 107 2 105 2 101 1 97 2 95 2 93 2 89 1 85 2 83 2 81 1 77 2 63 2 59 1 57 1 53 2 47 2
43 190 1 188 2 186 2 184 2 182 1 180 2 178 1 172 2 166 1 164 2 160 2 136 2 130 1 128 2 126 1 124 2 122 2 118 2 116 1 114 1 112 1 110 2 106 2 104 1 102 1 100 1 98 2 94 2 92 1 90 1 88 1 86 2 82 1 80 2 78 2 76 2 74 1 72 2 70 1 64 2 58 1 56 2 52 2
36 189 1 187 1 185 2 183 2 181 2 179 1 169 1 165 1 163 2 161 2 133 1 129 1 125 2 123 1 117 2 115 2 113 1 111 1 105 2 103 2 101 1 99 1 93 2 91 2 89 1 87 1 81 1 79 1 77 2 75 2 73 2 71 1 61 1 57 1 55 2 53 2
31 190 1 188 2 186 1 180 2 178 1 170 1 166 1 164 2 162 1 134 1 130 1 128 2 126 1 118 2 116 1 114 2 106 2 104 1 102 2 94 2 92 1 90 2 82 1 80 2 78 1 72 2 70 1 62 1 58 1 56 2 54 1
20 189 1 185 1 183 2 179 1 125 2 123 1 121 2 113 2 111 1 109 2 101 2 99 1 97 2 89 2 87 1 85 2 81 1 77 1 75 2 71 1
33 190 1 188 2 186 2 184 1 182 1 180 2 178 1 164 2 160 2 128 2 126 1 122 2 116 1 114 1 112 2 110 2 104 1 102 1 100 2 98 2 92 1 90 1 88 2 86 2 82 1 80 2 78 2 76 1 74 1 72 2 70 1 56 2 52 2
34 189 1 187 1 185 2 183 2 179 1 165 1 161 2 129 1 127 1 125 2 123 1 121 2 117 2 115 1 113 1 111 1 109 2 105 2 103 1 101 1 99 1 97 2 93 2 91 1 89 1 87 1 85 2 81 1 79 1 77 2 75 2 71 1 57 1 53 2
41 180 1 176 2 174 2 172 2 170 1 166 1 164 2 162 1 160 2 158 2 144 1 140 2 138 2 134 1 126 1 122 2 118 2 116 1 114 1 112 1 110 2 106 2 104 1 102 1 100 1 98 2 94 2 92 1 90 1 88 1 86 2 72 1 68 2 66 2 64 2 62 1 58 1 56 2 54 1 52 2 50 2
39 181 1 179 2 177 1 175 1 173 2 171 2 165 1 161 2 159 1 145 1 143 2 141 1 139 1 137 2 135 2 133 2 127 1 123 1 117 2 115 2 113 1 111 1 105 2 103 2 101 1 99 1 93 2 91 2 89 1 87 1 73 1 71 2 69 1 67 1 65 2 63 2 57 1 53 2 51 1
25 180 1 176 2 174 1 166 1 164 2 162 1 144 1 140 2 138 1 134 2 118 2 116 1 114 2 106 2 104 1 102 2 94 2 92 1 90 2 72 1 68 2 66 1 58 1 56 2 54 1
37 189 2 181 1 179 2 173 1 171 2 169 1 161 2 159 1 157 2 153 2 145 1 143 2 137 1 135 2 133 1 125 2 123 1 121 2 113 2 111 1 109 2 101 2 99 1 97 2 89 2 87 1 85 2 81 2 73 1 71 2 65 1 63 2 61 1 53 2 51 1 49 2 45 2
43 190 2 180 1 178 2 176 2 174 2 172 1 170 1 164 2 162 1 158 2 154 2 144 1 142 2 140 2 138 2 136 1 134 1 126 1 124 1 122 2 116 1 114 1 112 2 110 2 104 1 102 1 100 2 98 2 92 1 90 1 88 2 86 2 82 2 72 1 70 2 68 2 66 2 64 1 62 1 56 2 54 1 50 2 46 2
53 187 1 181 1 179 2 177 1 175 2 173 2 171 2 169 1 165 1 163 1 161 2 159 1 157 2 151 1 145 1 143 2 141 1 139 2 137 2 135 2 133 1 127 1 123 1 121 2 117 2 115 1 113 1 111 1 109 2 105 2 103 1 101 1 99 1 97 2 93 2 91 1 89 1 87 1 85 2 79 1 73 1 71 2 69 1 67 2 65 2 63 2 61 1 57 1 55 1 53 2 51 1 49 2 43 1
36 188 1 174 2 170 1 168 1 166 1 162 1 158 2 156 2 152 1 138 2 134 1 132 1 126 1 122 2 120 2 118 2 114 1 110 2 108 2 106 2 102 1 98 2 96 2 94 2 90 1 86 2 84 2 80 1 66 2 62 1 60 1 58 1 54 1 50 2 48 2 44 1
41 189 2 179 2 175 1 173 1 171 2 169 2 161 2 159 1 157 1 153 2 143 2 139 1 137 1 135 2 133 2 127 1 125 2 123 1 121 1 115 2 113 2 111 1 109 1 103 2 101 2 99 1 97 1 91 2 89 2 87 1 85 1 81 2 71 2 67 1 65 1 63 2 61 2 53 2 51 1 49 1 45 2
35 180 1 176 2 174 2 170 1 166 2 164 2 162 1 158 2 144 1 140 2 138 2 134 1 130 2 126 1 122 2 118 1 116 1 114 1 110 2 106 1 104 1 102 1 98 2 94 1 92 1 90 1 86 2 72 1 68 2 66 2 62 1 58 2 56 2 54 1 50 2
57 191 1 189 2 187 1 181 1 175 2 173 1 171 1 169 1 167 2 163 1 161 2 159 2 157 2 155 1 153 2 151 1 145 1 139 2 137 1 135 1 133 1 131 2 127 1 125 2 123 2 121 2 119 1 115 1 113 2 111 2 109 2 107 1 103 1 101 2 99 2 97 2 95 1 91 1 89 2 87 2 85 2 83 1 81 2 79 1 73 1 67 2 65 1 63 1 61 1 59 2 55 1 53 2 51 2 49 2 47 1 45 2 43 1
47 190 2 188 1 178 2 174 2 172 2 170 1 168 1 162 1 160 1 158 2 156 2 154 2 152 1 142 2 138 2 136 2 134 1 132 1 126 1 124 1 122 2 120 2 114 1 112 1 110 2 108 2 102 1 100 1 98 2 96 2 90 1 88 1 86 2 84 2 82 2 80 1 70 2 66 2 64 2 62 1 60 1 54 1 52 1 50 2 48 2 46 2 44 1
38 189 2 187 1 179 2 175 2 173 1 171 2 163 1 161 2 159 1 153 2 151 1 143 2 139 2 137 1 135 2 127 1 125 2 123 1 115 1 113 2 111 1 103 1 101 2 99 1 91 1 89 2 87 1 81 2 79 1 71 2 67 2 65 1 63 2 55 1 53 2 51 1 45 2 43 1
31 188 1 170 2 168 1 166 2 162 1 158 1 156 2 152 1 134 2 132 1 130 2 126 1 122 1 120 2 118 1 110 1 108 2 106 1 98 1 96 2 94 1 86 1 84 2 80 1 62 2 60 1 58 2 54 1 50 1 48 2 44 1
48 191 1 189 2 187 1 173 1 171 1 169 2 167 2 163 1 161 2 159 2 157 1 155 1 153 2 151 1 137 1 135 1 133 2 131 2 127 1 125 2 123 2 121 1 119 1 113 2 111 2 109 1 107 1 101 2 99 2 97 1 95 1 89 2 87 2 85 1 83 1 81 2 79 1 65 1 63 1 61 2 59 2 55 1 53 2 51 2 49 1 47 1 45 2 43 1
46 188 1 174 2 172 1 170 1 168 1 166 2 162 1 160 1 158 2 156 2 152 1 138 2 136 1 134 1 132 1 130 2 126 1 124 1 122 2 120 2 118 1 114 1 112 2 110 2 108 2 106 1 102 1 100 2 98 2 96 2 94 1 90 1 88 2 86 2 84 2 80 1 66 2 64 1 62 1 60 1 58 2 54 1 52 1 50 2 48 2 44 1
45 191 1 189 1 187 1 175 2 171 1 167 2 165 2 163 1 161 2 159 2 155 1 153 1 151 1 139 2 135 1 131 2 129 2 127 1 125 2 123 2 119 1 117 1 115 1 111 2 107 1 105 1 103 1 99 2 95 1 93 1 91 1 87 2 83 1 81 1 79 1 67 2 63 1 59 2 57 2 55 1 53 2 51 2 47 1 45 1 43 1
44 190 2 188 1 172 2 170 2 168 1 166 1 162 1 160 1 158 1 156 2 154 2 152 1 136 2 134 2 132 1 130 1 126 1 124 1 122 1 120 2 118 2 112 1 110 1 108 2 106 2 100 1 98 1 96 2 94 2 88 1 86 1 84 2 82 2 80 1 64 2 62 2 60 1 58 1 54 1 52 1 50 1 48 2 46 2 44 1
42 191 1 189 2 187 2 173 1 171 1 167 2 163 2 161 2 159 2 155 1 153 2 151 2 137 1 135 1 131 2 127 2 125 2 123 2 119 1 115 2 113 2 111 2 107 1 103 2 101 2 99 2 95 1 91 2 89 2 87 2 83 1 81 2 79 2 65 1 63 1 59 2 55 2 53 2 51 2 47 1 45 2 43 2
46 188 2 172 1 170 2 168 2 166 2 164 1 162 1 160 1 158 1 156 1 152 2 136 1 134 2 132 2 130 2 128 1 126 1 124 1 122 1 120 1 118 1 116 2 112 2 110 1 108 1 106 1 104 2 100 2 98 1 96 1 94 1 92 2 88 2 86 1 84 1 80 2 64 1 62 2 60 2 58 2 56 1 54 1 52 1 50 1 48 1 44 2
48 191 1 189 1 187 1 171 1 169 1 167 2 165 2 163 1 161 2 159 2 157 2 155 1 153 1 151 1 135 1 133 1 131 2 129 2 127 1 125 2 123 2 121 2 119 1 117 1 111 2 109 2 107 1 105 1 99 2 97 2 95 1 93 1 87 2 85 2 83 1 81 1 79 1 63 1 61 1 59 2 57 2 55 1 53 2 51 2 49 2 47 1 45 1 43 1
34 188 1 172 1 170 2 168 1 162 1 160 1 158 1 156 2 152 1 136 1 134 2 132 1 126 1 124 1 122 1 120 2 112 2 110 1 108 2 100 2 98 1 96 2 88 2 86 1 84 2 80 1 64 1 62 2 60 1 54 1 52 1 50 1 48 2 44 1
36 191 2 189 1 187 2 171 2 167 1 165 2 163 2 161 2 155 2 153 1 151 2 135 2 131 1 129 2 127 2 125 2 119 2 117 1 115 2 107 2 105 1 103 2 95 2 93 1 91 2 83 2 81 1 79 2 63 2 59 1 57 2 55 2 53 2 47 2 45 1 43 2
47 190 2 188 2 172 2 170 2 168 2 166 1 164 1 162 1 160 2 158 1 156 1 154 2 152 2 136 2 134 2 132 2 130 1 128 1 126 1 124 2 122 1 120 1 118 2 116 2 110 1 108 1 106 2 104 2 98 1 96 1 94 2 92 2 86 1 84 1 82 2 80 2 64 2 62 2 60 2 58 1 56 1 54 1 52 2 50 1 48 1 46 2 44 2
48 191 1 189 1 187 2 171 1 167 2 165 2 163 2 161 2 159 2 157 1 155 1 153 1 151 2 135 1 131 2 129 2 127 2 125 2 123 2 121 1 119 1 117 1 115 2 111 2 109 1 107 1 105 1 103 2 99 2 97 1 95 1 93 1 91 2 87 2 85 1 83 1 81 1 79 2 63 1 59 2 57 2 55 2 53 2 51 2 49 1 47 1 45 1 43 2
39 188 2 186 1 172 1 170 1 168 2 164 1 162 1 160 1 156 1 152 2 136 1 134 1 132 2 128 1 126 1 124 1 120 1 116 2 114 2 112 2 108 1 104 2 102 2 100 2 96 1 92 2 90 2 88 2 84 1 80 2 78 1 64 1 62 1 60 2 56 1 54 1 52 1 48 1 44 2
43 191 2 189 1 171 2 169 1 167 1 165 2 163 2 161 2 157 2 155 2 153 1 151 2 135 2 133 1 131 1 129 2 127 2 125 2 121 2 119 2 117 1 115 1 109 2 107 2 105 1 103 1 97 2 95 2 93 1 91 1 85 2 83 2 81 1 63 2 61 1 59 1 57 2 55 2 53 2 49 2 47 2 45 1 43 2
42 188 2 184 2 172 2 170 2 168 2 164 1 162 1 160 2 158 1 156 1 152 2 136 2 134 2 132 2 128 1 126 1 124 2 122 1 120 1 116 2 112 1 110 1 108 1 104 2 100 1 98 1 96 1 92 2 88 1 86 1 84 1 80 2 76 2 64 2 62 2 60 2 56 1 54 1 52 2 50 1 48 1 44 2
45 191 2 189 1 187 2 185 2 171 2 167 1 165 1 163 2 161 2 157 1 155 2 151 2 135 2 131 1 129 1 127 2 125 2 121 1 119 2 117 2 115 2 113 1 109 1 107 2 105 2 103 2 101 1 97 1 95 2 93 2 91 2 89 1 85 1 83 2 81 1 79 2 77 2 63 2 59 1 57 1 55 2 53 2 49 1 47 2 43 2
44 188 2 186 1 172 2 170 1 168 2 166 2 164 1 162 1 160 2 156 1 154 2 152 2 136 2 134 1 132 2 130 2 128 1 126 1 124 2 120 1 118 1 116 2 114 2 108 1 106 1 104 2 102 2 96 1 94 1 92 2 90 2 84 1 80 2 78 1 64 2 62 1 60 2 58 2 56 1 54 1 52 2 48 1 46 2 44 2
32 191 2 189 1 171 2 167 1 165 2 161 2 157 1 155 2 153 1 135 2 131 1 129 2 125 2 121 1 119 2 117 1 109 1 107 2 105 1 97 1 95 2 93 1 85 1 83 2 81 1 63 2 59 1 57 2 53 2 49 1 47 2 45 1
32 188 2 186 1 184 2 180 2 172 2 170 1 164 2 162 1 160 2 136 2 134 1 128 2 126 1 124 2 116 1 114 2 112 1 104 1 102 2 100 1 92 1 90 2 88 1 80 2 78 1 76 2 72 2 64 2 62 1 56 2 54 1 52 2
42 191 2 189 1 185 2 181 2 171 2 169 1 167 1 165 1 163 2 161 2 155 2 151 2 135 2 133 1 131 1 129 1 127 2 125 2 119 2 117 2 115 1 113 1 107 2 105 2 103 1 101 1 95 2 93 2 91 1 89 1 83 2 81 1 77 2 73 2 63 2 61 1 59 1 57 1 55 2 53 2 47 2 43 2
51 190 1 188 2 186 1 184 2 178 1 172 2 170 1 168 2 166 1 164 1 162 1 160 2 156 1 152 2 136 2 134 1 132 2 130 1 128 1 126 1 124 2 120 1 118 2 116 2 114 2 112 1 108 1 106 2 104 2 102 2 100 1 96 1 94 2 92 2 90 2 88 1 84 1 82 1 80 2 78 1 76 2 70 1 64 2 62 1 60 2 58 1 56 1 54 1 52 2 48 1 44 2
30 189 1 185 2 183 2 179 1 165 1 161 2 157 1 129 1 125 2 123 1 121 1 117 2 113 1 111 1 109 1 105 2 101 1 99 1 97 1 93 2 89 1 87 1 85 1 81 1 77 2 75 2 71 1 57 1 53 2 49 1
36 188 2 186 1 184 1 180 2 170 1 166 2 164 2 162 1 160 2 154 2 134 1 130 2 128 2 126 1 118 1 116 1 114 2 112 2 106 1 104 1 102 2 100 2 94 1 92 1 90 2 88 2 80 2 78 1 76 1 72 2 62 1 58 2 56 2 54 1 52 2 46 2
33 191 2 189 1 185 2 171 2 167 1 165 1 161 2 155 2 135 2 131 1 129 1 125 2 121 2 119 2 117 2 113 1 109 2 107 2 105 2 101 1 97 2 95 2 93 2 89 1 85 2 83 2 81 1 77 2 63 2 59 1 57 1 53 2 47 2
43 190 1 188 2 186 2 184 2 182 1 180 2 178 1 172 2 166 1 164 2 160 2 136 2 130 1 128 2 126 1 124 2 122 2 118 2 116 1 114 1 112 1 110 2 106 2 104 1 102 1 100 1 98 2 94 2 92 1 90 1 88 1 86 2 82 1 80 2 78 2 76 2 74 1 72 2 70 1 64 2 58 1 56 2 52 2
36 189 1 187 1 185 2 183 2 181 2 179 1 169 1 165 1 163 2 161 2 133 1 129 1 125 2 123 1 117 2 115 2 113 1 111 1 105 2 103 2 101 1 99 1 93 2 91 2 89 1 87 1 81 1 79 1 77 2 75 2 73 2 71 1 61 1 57 1 55 2 53 2
31 190 1 188 2 186 1 180 2 178 1 170 1 166 1 164 2 162 1 134 1 130 1 128 2 126 1 118 2 116 1 114 2 106 2 104 1 102 2 94 2 92 1 90 2 82 1 80 2 78 1 72 2 70 1 62 1 58 1 56 2 54 1
20 189 1 185 1 183 2 179 1 125 2 123 1 121 2 113 2 111 1 109 2 101 2 99 1 97 2 89 2 87 1 85 2 81 1 77 1 75 2 71 1
33 190 1 188 2 186 2 184 1 182 1 180 2 178 1 164 2 160 2 128 2 126 1 122 2 116 1 114 1 112 2 110 2 104 1 102 1 100 2 98 2 92 1 90 1 88 2 86 2 82 1 80 2 78 2 76 1 74 1 72 2 70 1 56 2 52 2
34 189 1 187 1 185 2 183 2 179 1 165 1 161 2 129 1 127 1 125 2 123 1 121 2 117 2 115 1 113 1 111 1 109 2 105 2 103 1 101 1 99 1 97 2 93 2 91 1 89 1 87 1 85 2 81 1 79 1 77 2 75 2 71 1 57 1 53 2
30 190 1 188 2 186 2 182 1 180 1 178 1 166 1 132 1 130 1 126 1 122 2 120 2 118 2 114 1 110 2 108 2 106 2 102 1 98 2 94 2 90 1 86 2 84 2 82 1 80 2 78 2 74 1 72 1 70 1 58 1
