local:zero-cofactor-pruning	Remove a block with zero collected companion cofactors
lem:mp-telescoping	Explicit telescoping coefficients for an ENS product
lem:mp-identities	Exact MP identities for disjunction and other conclusions
lem:mp-booleanity	Bounded-degree certificates for approximation Booleanity
lem:mp-composition	Cofactor rule, NS recurrence, and augmented-PC reuse bound
prop:mp-substitution-interface	Compose supplied transformed leaves and local corrections
ex:mp-zero-specialization	Blanket zero specialization need not give base corrections
lem:old-consequence-transfer	One-block additive elimination preserves arbitrary old-only PC consequences with the target-degree charge
lem:weighted-replay	Replay a full premise using supplied input–weight products
thm:mp-boundary	Eliminate one implication block through both full premise proofs
ex:missing-annihilator	The implication proof alone does not supply its weighted inputs
ex:later-block-dependency	A later companion depending on the removed block changes under replay
ex:prime-dependent-loss	A field-domain consequence can require degree p after block removal
thm:target-annihilator-batch	Batch input spans modulo supplied products with an old target
lem:matching-annihilators	Explicit degree-bounded annihilators of a PHP matching monomial
thm:matching-affine-annihilators	Exact low-degree affine annihilator space for a matching weight
lem:spread-quotient-residual	A small quotient cannot make large disjoint spaces nested
prop:matching-normalization	A global matching restriction normalizes all blocks without degree increase
thm:one-cell-spread	A full spread embedding is removable after one pigeon–hole restriction
lem:normalization-affine-cut	The affine set hit by a normalizing input space has dimension q(2n-q)-1
thm:spread-matching-avoidance	Some spread embeddings avoid constant normalization under every small matching
ex:certified-resistant-spread	Seven rank-24 spaces with 392 exact single-cell nonnormalization certificates
thm:polynomial-normalization	Supplied polynomial normalizers transfer a whole layer through max(TD,c)
cor:normalization-ns	Explicit original-axiom normalizers give NS transfer under the cofactor condition
thm:collision-pair-elimination	All collision-pair blocks admit degree-preserving PC and NS removal
prop:collision-pair-matching-obstruction	Every proper partial matching leaves an unnormalized pair block
cor:normalization-extra-inputs	Extra old inputs preserve collision-pair elimination, including all companions
ex:spread-affine-normalizer-obstruction	Seven exact duals exclude affine normalizers with degree-two base certificates
prop:direct-companion-substitution	Cheap companion products suffice for degree-preserving affine substitution
lem:companion-linear-feasibility	Common-annihilator criterion and tuple-of-functionals obstruction
ex:php7-degree-three-pc-space	Certified C3 = I3 and no new degree-two consequences on the binary seven-hole base
ex:spread-three-input-annihilators	First three inputs have zero quadratic common annihilator in each saved spread space
ex:spread-companion-substitution-obstruction	Seven dual tuples exclude affine single-factor companion substitutions through degree three
lem:modular-row-implies-clause	A MOD-one row gives the ordinary nonempty-row clause in polynomial size and constant depth
thm:ordinary-php-ens-transfer	Ordinary-PHP proofs yield low-degree ENS refutations over the exact weak base
lem:php-clause-certificates	Exact NS identities for the actual row and collision clause approximations
prop:php-clause-block-pruning	Remove standard clause blocks without degree increase while specializing later inputs
lem:covered-disjunction-normalizer	An explicit unit witness handles complementary disjunctions after flattening
lem:approximation-booleanity-degree	Source approximation Booleanity has an NS certificate through twice its degree
lem:distribution-normalizer	Implication distribution has a normalization error certified by argument companions or Booleanity
thm:hierarchical-ns-normalization	Compatible earlier-axiom image certificates give global NS degree BD
thm:source-template-normalization	Clause/CD/distribution removal costs at most LD under the source-coordinate hypotheses
cor:constant-field-selector-pruning	Scalar selectors remove every selected rank-r block with h at least (p-1)r
thm:earlier-boolean-packing	Earlier Booleanity certificates allow one factor per input with no degree loss
prop:mod-schema-block-pruning	Six explicitly expanded MOD-recursion schema blocks can be removed by constant assignments
lem:pruned-mod-axiom-certificate	The original packed MOD axiom has NS degree 6p-2; the later forward assignment improves it to 4p-2
lem:mod-interpolation	The MOD shift differs from Boolean interpolation by a multiple of a squared minus a
cor:combined-schema-preprocessing	Boolean packing combines with the earlier template substitutions at the same LD bound
lem:theorem-approximation-simulation	The balanced source induction derives a theorem approximation without assumption leaves
lem:ns-target-image-transfer	Original-degree image certificates transfer an NS derivation to its substituted target
prop:php-final-boundary-pruning	One affine substitution removes the final PHP and ordinary clause blocks without degree loss
thm:direct-ordinary-php-transfer	Direct simulation avoids the MOD-row prelude and preserves the polylogarithmic ENS degree bound
lem:relative-implication-image	Retaining a core gives explicit implication companion images with quantified local degree overhead
thm:affine-retained-core-cover	Share retained core factors and test residual inputs without increasing proof degree
cor:php-clause-containing-pruning	Any tuple containing a full row or collision clause tuple has a degree-preserving base witness
cor:core-cover-source-preprocessing	Compatible core sharing and clause-containing rules combine at the same LD bound
thm:optimal-linear-core-factor-packing	Factor bins give the minimum coefficient degree for a prescribed independent linear-input product
ex:raw-core-chain-height-obstruction	Constant-height tautology proofs can contain arbitrarily long raw core-inclusion chains
lem:block-copy-agreement	Exact block agreement with matched input certificates has separate NS and PC degree bounds
lem:formula-copy-agreement	Internally coherent line copies have a uniform polynomial-degree agreement certificate
prop:line-scoped-simulation	Copy-aware MP supports independent line scopes at the original polylogarithmic simulation scale
thm:matched-core-ns-cover	Earlier input differences allow affine core cover under an explicit NS image budget
lem:proof-line-core-chains	Implication edges between proof-line occurrences form chains bounded by proof-tree height
thm:matched-core-pc-cover	A common PC ceiling handles matched cores by final-line reuse without the NS matching surcharge
lem:weighted-refutation-replay	Supplied weighted assumptions turn a PC refutation into a proof of its polynomial weight
thm:signed-proof-boundary-elimination	Independent line scopes and PC replay remove all signed disjunction boundaries of a Frege proof
cor:shared-proper-boundary-simulation	Share canonical proper evaluations and keep only boundaries private, eliminating the input-agreement cost
cor:php-nonboundary-pc-transfer	Ordinary PHP gives a polylogarithmic-degree PC refutation using only nonboundary ENS blocks
obs:boolean-domain-degree-padding	A fresh Boolean-domain multiple fixes ordinary degree without changing domain values
ex:copy-ns-pc-separation	A satisfiable nine-variable copy fixture has minimum PC degree four and NS degree six
cor:copy-degree-four-design-control	Adding the negated target gives a PC-degree-four refutation alongside an ordinary degree-four design
ex:signed-boundary-mod-traces	Positive and negative tautological antecedents give explicit MOD-value PC traces and proper-block supports
thm:earlier-input-pc-pruning	Strictly earlier PC proofs of all selected inputs permit simultaneous zero substitution at one common ceiling
cor:negative-leaf-proper-pruning	Negative axiom-boundary proper copies admit zero removal with supplied strict-level input certificates
lem:positive-leaf-witness-extraction	A positive leaf NS certificate supplies older polynomial assignments and bounded image certificates
thm:triangular-polynomial-pc-pruning	Earlier local image proofs give degree max(T^d D,T^(d-1) C) for simultaneous polynomial pruning
cor:all-axiom-boundary-proper-pruning	Both signs of recognized axiom-root proper copies can be removed at polylogarithmic degree for fixed depth
ex:triangular-witness-degree-growth	Prescribed local degree-three witnesses compose to degree seven in a two-level fixture
note:nested-projection-syntax	The upper two-input fixture uses a doubly negated argument; a bare OR conclusion must be flattened
lem:flattened-projection-booleanity	Correct projection-root prefixes and inner packing leave only argument Booleanity requests
lem:specialized-source-booleanity	Boolean-constant product substitutions preserve sharp NS certificates for source Booleanity targets
thm:booleanity-port-pruning	Isolated Booleanity uses allow degree-preserving PC or NS removal under the stated constant substitution
obs:positive-antecedent-needs-companions	Input refutability plus product Booleanity does not imply the proper antecedent value
thm:ns-normalizer-degree-obstruction	All-companion polynomial normalization over a Boolean-domain base forces h(T+delta) at least the input NS degree
cor:pebbling-normalizer-obstruction	Constant-degree PC input refutations can still require polynomial coefficient degree at logarithmic accuracy
ex:path-ns-pc-normalizer-tradeoff	The four-vertex path has PC degree two, NS degree three, and sharp affine/constant normalizer endpoints
obs:proper-or-subgroups-share-level	Source OR flattening allows proper disjunction subgroups at the parent's ENS level
lem:strict-level-axiom-input-certificates	Special input certificates for signed axiom roots use strictly earlier blocks at the source degree scale
lem:occurrence-copy-leaf-simulation	Independent formula occurrences retain bounded-degree copy agreement and strict axiom-leaf input certificates
lem:occurrence-mp-interface-freshness	Separate antecedent and consequent occurrences make their proper signed roots fresh for all retained MP axioms and targets
thm:occurrence-mp-interface-transfer	Subtree-local PC replay removes up to two proper MP interfaces per node at degree K0+2pHL
cor:occurrence-php-interface-transfer	Ordinary PHP has a polylogarithmic-degree PC simulation after private-boundary, proper-MP-interface, and clause pruning
lem:inherited-consequent-live-forest	Consequent representatives inherited from leaf trees retain intact descendants and fresh removable interfaces
lem:positive-boundary-input-zero-replay	Available conclusion input assumptions allow zero removal of a positive boundary at the same PC degree
thm:inherited-consequent-pc-transfer	Leaf-only occurrence families support signed PC replay with no consequent-copy cost and refined mode-dependent charges
lem:mod-booleanity-after-polynomial-substitution	MOD-first output Booleanity has a domain-only NS proof through twice its substituted value degree
thm:formula-copy-pc-ceiling	Final-line reuse gives formula-copy PC degree at most 2L without an arity or depth accumulation
prop:mod-copy-original-support	A constant-depth MOD comparison of bounded PC degree can require every one of 2m original frontier families
lem:signed-mod-scalar-conversions	MOD zero and nonzero values convert to scalar derivations or input refutations with explicit finite-domain PC costs
thm:signed-scalar-mod-mp	Signed scalar MOD interfaces compose through inherited MP, using a pre-power weight at positive conclusions
cor:scalar-mod-original-support	Both a zero scalar derivation and a nonzero scalar refutation can require arbitrarily many original frontier families at degree three
thm:survivor-affine-quotient	Intact surviving occurrence trees admit literal canonical companion images under degree-preserving variable identification
thm:shared-survivor-private-cut-simulation	Sharing only eventual survivors preserves private-root freshness and makes every MP comparison literal
lem:canonical-mod-signed-multiplicities	Signed syntactic multiplicities cancel modulo p in coherent pre-power sums without argument Booleanity
lem:mixed-mode-sharp-booleanity	Unit, packed, base-zero, and retained modes preserve sharp specialized source Booleanity certificates
thm:mixed-booleanity-degree-transfer	Audited mixed constant modes transfer outer NS or PC proofs at the same degree and resolve small-block role conflicts
cor:mixed-ordinary-php-modes	Row, collision, and appropriate final-PHP assignments fit mixed-mode pruning with explicit assumption discharge
lem:wide-or-product-optimal-coefficients	Pairing child factors maps a flattened parent to their product at optimal coefficient degree min(deltaA,deltaB)+2
thm:composed-wide-product-cost	Same-level exact-product normalization has terminal-degree cost, linear rather than exponentially loose in binary height
thm:weighted-core-factor-optimum	Disjoint monomial inputs reduce optimal exact coefficient degree to anchored weighted factor partition
thm:Boolean-degree-adapted-input-quotient	Same-span survivor tuples share a degree-ordered basis of actual Boolean generators without increasing proof degree
thm:Boolean-ideal-generator-cover	Certified Boolean generators and NS input witnesses remove a block under C_i+W<=e_i, beyond raw arity or rank
thm:ideal-retained-core-cover	NS ideal witnesses absorb residual inputs into a retained core under C_i+s_F<=e_i without extra factors
lem:sharper-ns-formula-copy	Actual product degrees give NS copy ceiling 2(ell'+1)L while PC retains ceiling 2L
lem:directional-distribution-unit	The distribution error identity also gives the matched input-system unit certificate
lem:distribution-refined-degree	The distribution error has NS degree at most s_U+s_V, fitting an outer accuracy of two
thm:coordinate-weighted-prefix-normalization	A coordinate-weighted prefix invariant gives B<=L for the stated source normalizers at h>=2
thm:source-highest-or-level-unused	The specified source theorem simulation can omit its highest structural OR level using strict leaf support
lem:earlier-zero-constant-mode	A constant-assignment product with an earlier retained-system NS certificate through its degree preserves sharp Booleanity and proof degree
thm:mod-schema-accuracy-two	One earlier-zero forward gate and five packed gates remove every coherent MOD-recursion schema at h>=2
lem:mod-two-axiom-certificate	The new complete MOD-axiom image has a two-variable NS certificate through 4p-2, and through five for p=2
cor:MOD-to-OR-goal-frontier	A positive nonzero-residue or negative zero-residue MOD scalar interface removes a fresh OR frontier under its combined input assumptions at the same degree
ex:matched-MOD-frontier-replay	Full signed MP joins and direct frontier replay expose disappearing weighted terms and nonzero companion images justified by goal inputs
lem:expanded-MOD-cut-schedule	Marking matched antecedent argument roots as private preserves survivor closure and removal-time freshness
thm:hybrid-MOD-frontier-integration	Matched MOD-to-OR cuts integrate at max(D_A,2L), preserving K0+2pHL and the PHP endpoint
ex:future-private-input-comparison	Future ordinary interfaces and MOD frontiers can make current goal-input comparisons nonliteral even though ordinary MP comparisons remain literal
thm:partial-MOD-frontier-cuts	Covered argument roots in both MOD antecedent occurrences can be removed after a positive-OR MP join while retaining a nonconstant residual scalar
ex:partial-MOD-goal-essential	Satisfiable models separate a selected companion image from the old system plus all other goal inputs
lem:maximal-goal-cleanup-schedule	Precomputed maximal-root cleanup outside protected representatives preserves survivor closure and private-family freshness
thm:saturated-goal-input-cleanup	Saturated covered-root removal preserves K0+2pHL even when ordinary MP comparisons require the general 2L copy lemma
ex:goal-cleanup-coverage-gap	Fixed-depth weakening spines can retain arbitrarily many canonical classes outside the maximal-root input-cover rule
lem:weighted-virtual-copy	Weighted prefixes and supplied virtual-companion proofs preserve the 2L PC copy ceiling
obs:pointwise-lift-inactive-regime	A sparse-evaluation union bound gives a sufficient ENS accuracy above the target design degree, where companions are already inactive
thm:assignment-tree-ens-refutation	An exhaustive one-level affine-input prefix tree refutes any Boolean-unsatisfiable degree-delta base through max(4h+1,delta+2h)
cor:PHP-exponential-family-control	Ordinary PHP has accuracy-h one-level ENS refutations through 4h+1 with exponentially many blocks, excluding family-count-independent elimination
cor:goal-replay-specialized-ancestors	Supplied goal-relative input-image proofs permit constant cleanup with retained specialized ancestors through max(D,C)
ex:modified-ancestor-replay	A covered inner block can disappear while a nonconstant ancestor ENS block and the named goal inputs remain
thm:ancestor-private-cleanup-simulation	Keeping the ancestor closure of planned cuts private integrates covered nonmaximal cleanup with intact copy witnesses at K0+2pHL
cor:modified-forest-PHP-endpoint	The protected final clause family supplies the ordinary-PHP transfer even when other auxiliary blocks are modified
ex:private-modified-forests	Constant-depth conditional MP forests admit nonmaximal cuts and retain private modified ancestors; premature canonical sharing fails
cor:private-constant-propagation	Nonzero constant coordinates and all-zero tuples compose with covered private cuts without increasing the source PC ceiling
ex:alternating-constant-cascades	One goal-relative unit cut triggers alternating zero-product and all-zero-input removals through a nested family
cor:proved-nonzero-input-removal	One supplied PC proof of g_j-c, with c nonzero, removes a coefficient family through max(D,C) while retaining its exact polynomial image
cor:opposite-goal-input-cut	One opposite-signed goal match supplies a 2L nonzero-input witness and fits the ancestor-private source schedule
ex:nonconstant-cut-product-image	A product proved zero under a goal can retain a nonconstant polynomial image that changes its ancestors if falsely collapsed
cor:MOD-goal-aggregate-normalizers	Negative nonzero-residue MOD goals give a fixed nonzero aggregate; positive residue-zero MOD goals give a nonzero aggregate selector at h>=p-1
lem:selector-goal-Booleanity	The selector image 1-s^(p-1) has domain-only NS Booleanity through twice its degree, while the linear goal normalizer can be non-Boolean off the goal
obs:MOD-goal-invalid-residues	A nonzero Boolean vector with sum zero excludes the aggregate-only rule for positive nonzero residues and negative residue zero
lem:MOD-zero-goal-constant-accuracy	Over the free Boolean base with at least p-1 input variables, constant-coefficient normalization under a positive MOD-zero goal requires h>=p-1
thm:goal-normalized-sharp-Booleanity	A compatible retained/unit/projection/product/selector/base-zero portfolio has NS Booleanity through twice each current value degree without discarded goals
lem:portfolio-level-support-Booleanity	Within this portfolio, Booleanity certificates can be restricted to the current polynomial's ENS level support at the same sharp degree
cor:post-goal-input-space-normal-form	A level-ordered degree-preserving pass removes spans containing one and rank-at-most-accuracy blocks, then shares equal remaining spans at each level/accuracy
ex:projection-image-PC-NS-gap	A consistent positive-pebbling base gives a degree-one Boolean projection with PC-three companion-image proofs but NS image degree Omega(N^(1/3))
thm:small-probe-normalization	A supplied PC refutation after zeroing Boolean/field linear probes extracts their selector product through C0+W; a constant/affine realization transfers through max(D,C0+W)
cor:affine-probe-factor-pairs	Two probe factors fit one affine coefficient row when one scalar form is affine in actual variables; all-affine factors need at most ceil(K/2) rows
obs:pebbling-antichain-probes	A nonzero Boolean violation cube forces at least antichain-size-plus-one constant normalizer rows or Boolean/field probe factors, despite PC-three input refutations
ex:small-probe-normalizer-replay	A rank-four F3 tuple has sharp constant/affine row counts three/two; replay exercises an affine coefficient's nonzero field image
lem:unit-annihilator-OR-interface	Supplied annihilators and conditional unit proofs for a, b, c with concatenated input tuples derive c-ab through C+2L when C>=2L
cor:virtual-zero-OR-parent	A supplied input refutation through C0 and child annihilators through Ca,Cb derive ab through max(Ca,Cb,C0+deg(a)+deg(b))
ex:virtual-pebbling-OR-interface	An old-variable PC-three witness supports a virtual zero parent and a PC-nine OR relation while its constant-row normalizer still needs at least five rows
lem:unit-annihilator-copy	Input equality proofs through E and unit/annihilator interfaces give copy agreement through max(E,A*,U*+L,2L)
thm:uniform-interface-copy	One common retained system with interface budgets A*,U* has structural copy proofs through max(A*,U*+L,2L), without an extra formula-depth factor
ex:virtual-copy-final-line-reuse	A linear equality with a PC-three proof supports a PC-three virtual copy proof for a quadratic value, avoiding a whole-proof degree-five estimate
lem:interface-PC-Booleanity	Weighted conditional units give PC Booleanity through max(A*,U*+L,2L) for the current source values
lem:separate-interface-gate-budgets	With input/value degrees at most L, OR relations fit max(A*,U*+2L,3L), including non-OR singleton children
thm:conditional-Boolean-frame-compiler	A fixed Boolean tautology frame with m leaves has a current value proof through max(A*,U*+2L,3L,mL) under one retained-system interface
cor:interface-MP-common-ceiling	Copy agreement and the implication gate relation compose MP through max(Da,Dc,R), with no added height cost while the common retained interfaces remain supplied
lem:virtual-MOD-scalar-relation	Aligning current MOD argument copies gives m-ab-(1-a)c through max(B,(p-1)L), without a prefix-arity factor
thm:conditional-MOD-recursion-compiler	The recorded ten-leaf MOD-recursion frame has a current value proof through max(A*,U*+2L,10L,(p-1)L) under supplied interfaces
cor:recorded-schema-value-compiler	Fixed Boolean frames, recorded MOD recursion/empty axioms, and MP share ceiling max(A*,U*+2L,max(M,10,p-1)L) in one retained system
thm:level-confined-strict-PC-leaves	Interfaces confined to each lower value's structural level give positive input refutations and individual negative input proofs below a recognized axiom boundary through K
ex:pure-disjunct-virtual-interface	The input refutation for A or not A or C uses A's earlier unit witness and ignores the pure C root even if its block shares the outer level
obs:fresh-root-same-level-peers	A fresh accuracy-one PHP root has a PC-eight value proof with assignment-tree peers, but dropping all level-one peers would contradict the base lower bound for n>=16
thm:level-ordered-virtual-axiom-boundaries	Selected recognized positive/negative axiom boundaries receive virtual zero/one values with level-confined witnesses, while other objects remain genuine on rebuilt inputs
cor:virtual-boundary-witness-recurrence	With c=max(M,10,p-1), interface ceilings through level s are at most (c+2s-2)L, giving source value proofs through (c+2d)L
cor:virtual-constant-sharp-Booleanity	Constants/genuine products and literal negation/MOD in this construction retain NS Booleanity through twice each current value degree
thm:virtual-source-PHP-endpoint	The protected new source interpretation yields an exact weak-PHP-plus-ENS PC refutation through (c+2d)L, with polynomial family count and at most d levels
cor:virtual-PHP-residual-normal-form	The new endpoint retains sharp earlier NS input Booleanity and admits the existing same-degree rank/equal-span normal form
obs:source-degree-level-tradeoff	The new height-independent degree and the older signed highest-layer omission belong to different refutation families
cor:affine-basis-row-count	The existing affine-bin rule needs max(r-r_aff,ceil(r/2)) rows for a degree-ordered Boolean basis, preserving original companion and field budgets
cor:merge-first-affine-normal-form	Equal-span classes can supply additional listed affine basis members before packing; survivors have r>2h or r-r_aff>h, with distinct spans excluding one
obs:affine-normalizer-Boolean-degree	Free affine inputs require r<=2h, while one affine plus three disjoint quadratic inputs cannot be normalized at h=2 over pure Boolean domains
ex:mixed-affine-bin-certificates	Exact input/basis maps certify tight mixed-degree packing, merge-first classes, nonzero field images, and nonvacuous mapped NS consequences
thm:global-PHP-row-projection	Eliminating one cell per row by an affine map preserves NS/PC refutation degree when every retained ENS input is projected and base images are certified
lem:pivot-invariant-row-normal-form	Row-pivot choices give inverse affine coordinates, preserving reduced degrees, ranks, span equality, and affine-bin eligibility
prop:balanced-pivot-collision-sparsity	Balanced pivots minimize the stated expanded collision-generator term count, reducing its order from n^4 to n^3 compared with a common pivot column
ex:row-projection-activity-gap	In the consistent row subsystem, a projected companion has old NS/PC proof degree five and new axiom degree three
thm:affine-column-state-normalizer	Arbitrary polynomial inputs in one PHP column admit affine coefficient images preserving every original companion and field degree at any accuracy
cor:column-subset-and-group-normalization	An inconsistent column subset handles arbitrary additional inputs; at most h column groups fit h coefficient rows
lem:column-normalizers-in-row-coordinates	The column algebra embeds degree-preservingly in the row quotient, retaining affine normalizers and their NS image budgets
ex:column-state-certificates	Exact state interpolation handles non-Boolean, nonlinear, inconsistent-subset, and zero-profile inputs
lem:uniform-degree-two-affine-rigidity	For n>=3 over every field, the affine part of I2 is exactly the row span and C2=I2, also with extra free variables
thm:odd-affine-Booleanity-classification	For odd p and n>=4, degree-two affine Booleanity is equivalent modulo rows to a partial-column indicator or complement
cor:binary-full-affine-span-packing	Over F2, take the whole affine intersection of a literal input span before extending a degree-adapted Boolean basis; packing uses its intrinsic affine dimension
ex:affine-Booleanity-exhaustive-slices	Exact degree-two spaces match the classification on exhaustive one-row/two-row slices and gauged column indicators
thm:stable-ideal-ENS-input-replacement	Reducing inputs modulo genuine domain/column equations lets the new family derive each old companion through its original degree, preserving complete NS/PC proofs
cor:binary-reduced-input-Booleanity	Over F2, stable input reduction retains sharp earlier NS Booleanity and can be used with the existing span passes
thm:reduced-product-Booleanity-PC-NS-gap	For one monomial-input block over a consistent odd-field domain base, the reduced product has NS Booleanity degree e+h and PC degree max(e,2(h+t))
ex:input-replacement-certificates	Exact local reductions preserve nonzero original targets and confirm the reduced-product degree gap
thm:PHP-reduced-product-Booleanity-gap	A single matching-monomial ENS block over full weak PHP has exact NS Booleanity degree e+h and PC degree max(e,2(h+t)) when n-t>=2(e+h)-3
cor:PHP-logarithmic-accuracy-Booleanity-gap	For a two-cell matching and h>=2, n>=8h+3 suffices for a reduced value of degree h+2 with PC Booleanity 3h+2 and NS Booleanity 4h+2
lem:nonsharp-Boolean-packing-ledgers	Explicit NS witness costs give N_i=max(s_j+W-d_j), while PC reuse gives max(C,e_i) for the same affine-bin map
lem:Boolean-product-surplus-order	Ordering factors by increasing NS Booleanity surplus minimizes the displayed product-certificate bound; earlier sharp factors can absorb later surplus
thm:uniform-PC-Booleanity-normal-form	With input degrees <=L and earlier PC Booleanity <=C>=2L, stable reduction and level-ordered packing/sharing preserve witness ceiling C and proof ceiling max(D,C)
cor:reduced-PC-source-endpoint	The new PHP endpoint admits stable input normal forms and affine-bin/span cleanup at the same (c+2d)L degree and polynomial family count over every prime
ex:nonsharp-upper-block-budget	The reduced-product gap can exceed an upper accuracy-one NS image budget while fitting PC; equal lower/upper accuracy gives NS slack a^2
cor:uniform-PC-ideal-cover-ledger	Degree-controlled polynomial ideal decompositions with supplied earlier PC witnesses fit the common-ceiling image budget max(C,e_i)
thm:stable-ideal-normalizer-test	Zero normal forms of all affine companion images supply same-degree NS/PC transfer and sharp selector Booleanity over a proper stable ideal
lem:stable-ideal-affine-feasibility	Using one affine coefficient row is an exact shared linear system with tuple-of-functional duals, for arbitrary input degree and every prime
ex:noncommon-factor-domain-cover	A rank-(2m+1) quadratic tuple with gcd one and no affine span direction has accuracy-one companion certificates through four
obs:row-difference-stable-factor-count	Proper-ideal affine row-difference normalizers require n<=2h, or 2n<=3h in odd characteristic; full PHP instead allows accuracy one
ex:stable-ideal-normalizer-certificates	Exact primal/dual systems separate one-row feasibility from multiple-row and row-equation normalizers
thm:ternary-triple-affine-normalizer	Three independent column differences admit a universal integer two-row affine normalizer with every companion image certified through its original degree five
thm:ternary-coefficient-degree-frontier	For coefficient degree T over the proper column ideal, the exact row count is ceil(2n/(2T+1)) in odd characteristic and ceil(n/(T+1)) in characteristic two
ex:ternary-triple-rational-cover	Exact state partitions yield a short integer normalizer and full modular certificates
thm:heterogeneous-scalar-profile-frontier	For N independent encoded scalar profiles and coefficient degree T, h rows suffice exactly when the max(0,N-hT) smallest nonzero alphabet sizes sum to at most h
cor:scalar-profile-encoding-cost	Equal encoded alphabets have row count ceil(kN/(kT+1)); native scalar coordinates instead require ceil(sum(k_j)/(T+1))
obs:vector-selector-degree-vs-factors	The F7 zero-plus-circle profile has polynomial zero-selector degree two, constant factor count four, and an affine old-coefficient one-row normalizer
cor:weighted-column-full-row-cover	If each column probe is nonzero on a fixed pigeon row, one affine coefficient row gives NS companion images through degree three
ex:categorical-frontier-image-certificates	Higher-alphabet sharing, unequal alphabets, and native-field controls verify actual image budgets and complete source states
thm:affine-column-occupancy-freezing	For K=-1 mod p, a matching prefix, K board copies, and one complementary row freeze all original column sums while mapping the weak base to F_N through original degree, N=floor(n/K)-1
thm:column-statistic-ENS-elimination	Any finite ENS family with inputs polynomial in column sums and earlier package coefficients disappears at the same NS/PC degree, leaving a linear-size residual board for fixed p
cor:column-statistic-joint-designs	Residual ordinary or PC-annihilating designs pull back to joint designs for the statistic-dependent augmented system below the residual lower bound
cor:column-freezing-partial-packages	Eligible coefficient-dependency packages can be removed while other blocks remain genuine transformed ENS blocks; proper-normal-form column symmetry identifies literal statistic dependence
ex:column-freezing-base-and-ENS-images	Four full weak-base projections verify all original image budgets and multilevel constant collapse
thm:dense-occupied-column-elimination	Occupied witness density epsilon admits simultaneous matching normalization when q<=epsilon*n/4 and M_o(1-epsilon/2)^q<1, leaving n-q holes at the same NS/PC degree
thm:dense-empty-column-elimination	Empty witness density eta admits a K-column freezing normalizer when K=-1 mod p, n>=2K, and M_e(1-eta)^K<1
cor:mixed-dense-column-elimination	A matching followed by one freezing map eliminates mixed dense witness families; fixed densities and polynomial counts leave Omega(n/log n) holes
ex:dense-column-mixed-fixture	Four mixed-family blocks with nonconstant extras disappear under an explicit map from 24 holes to three
thm:Hall-profile-affine-normalizer	If r<=h pigeon rows have common-zero column profiles confined to fewer than r columns, r affine coefficient rows give a base-zero product through W<=r(delta+1)
cor:sparse-Hall-column-families	Probes on r selected rows outside r-1 exceptional columns have vanishing global occupied density but admit accuracy-r original-board normalization
ex:Hall-profile-image-certificates	Three prime-field Hall normalizers verify row, telescoping, collision, companion, and field identities, with row-omission and matching controls
thm:occupancy-probe-NS-PC-degrees	Weak PHP plus all-but-one-column occupancy equations has exact PC degree two; NS degree is two if p does not divide n and three if p divides n, for n>=3
cor:occupancy-one-row-base-zero-feasibility	Affine coefficients give a degree-two NS/PC base-zero factor for the occupancy tuple exactly when p does not divide n; then its one-row companion images fit degree three
ex:occupancy-probe-degree-certificates	Exact upper traces and second-moment designs verify the characteristic-dependent degree split
thm:occupancy-affine-accuracy-frontier	All-but-one-column occupancy tuples need exactly two affine ENS rows when p divides n on the stated large boards, and one when p does not divide n
lem:quadratic-occupancy-slice-reconstruction	At a target with n-1 ones and p dividing n, degree-two evaluation reconstructs from the p-1 slice in odd characteristic, or the singleton/triple slices in F2
ex:occupancy-affine-slice-checks	Six parameter cases verify every ordinary quadratic monomial and the required residual-board thresholds
thm:partition-statistic-ENS-elimination	Packages polynomial in class-column statistics of a common pigeon partition and earlier package coefficients disappear at the same NS/PC degree; largest class s leaves floor((s-1)/(p-1))-1 holes
cor:partition-statistic-coverage-parameters	B common pigeon classes give Omega(n/B) residual holes for fixed p; B(n)D(n)=o(n) suffices for a contradiction under the package hypothesis
obs:binary-label-common-partition	Logarithmically many sharp Boolean partial-column indicators can force every common statistic partition to have singleton classes
thm:partition-statistic-freezing-capacity	Any affine map with original base images and common-partition statistic-constant equalities in residual C2, N>=3, satisfies N<=2(s-p) for largest class size s
lem:partition-freezing-integer-counts	Degree-two constant proofs force disjoint Boolean class occupancies, class counts k_t=m_t mod p, and at least p-1 unassigned columns
lem:completed-affine-capacity-PC-bound	k+1 completed affine row relations and their column collisions at PC degree two give a refutation through max(2,k+1)
thm:column-dependent-copy-freezing	Permuting copy labels independently for each residual row and column preserves all original-degree weak-PHP base images and freezes compatible column-specific partitions
cor:column-dependent-statistic-packages	Compatible local-statistic packages collapse at the same NS/PC degree and witness ceilings, without family-count, accuracy, or level cost
ex:column-dependent-discrete-refinement	Column-specific two-class partitions can freeze while their global common refinement consists of singletons, with a linear-size residual for fixed p
ex:column-dependent-image-certificates	Three shifted-copy maps verify every base image, local statistic, and full-inventory ENS companion/field image
thm:majority-profile-copy-layout	A distinguished-pigeon profile graph with minimum degree (1/2+epsilon)n on both sides admits a compatible K-copy layout under the stated size and exact union-bound conditions
lem:majority-grouping-tail	Sampling a K-subset from a population with bad fraction at most (1-epsilon)/2 has majority-failure probability at most (1-epsilon^2)^(K/2)
lem:strict-majority-short-matching	Both minimum degrees above K/2 permit a perfect matching using augmenting paths of one or three edges, in O(K^2) adjacency work
ex:majority-profile-compatible-layouts	Two 6000-column profiles give full compatible grouping and matching blueprints with exact scalar probability bounds
thm:filtered-profile-ENS-elimination	Chosen local classes with 2*min(u,v-1)+d>2n can be filtered around a maximum-degree pigeon and eliminated under the resulting majority/copy conditions
cor:two-thirds-profile-density	Uniform pigeon-membership and class-size densities above two thirds give a fixed filtered majority margin and Omega(n/log n) residual holes for fixed parameters
ex:filtered-classes-empty-intersection	Complements of consecutive pigeon pairs have no common chosen pigeon but a positive filtered majority margin for n>5
thm:bounded-exception-copy-layout	Row/column exception bounds a,b give a deterministic compatible layout for any grouping when K>=a+b and K=-1 mod p; canonical K<=a+b+p-1
lem:degree-sum-short-matching	Minimum left degree plus minimum right degree at least K permits the same O(K^2) one/three-edge augmenting-path matcher, including equality
ex:bounded-exception-equality-certificates	Exhaustive degree-sum tests and three path-exception projections verify the deterministic boundary and every original base image
lem:total-exception-matching-trim	One genuine matching covers both sets of vertices with exception degree above B, using max(r_B,c_B)<=floor(E/(B+1)) edges
thm:total-exception-deterministic-residual	After trimming and distinguished-pigeon filtering, deterministic copies leave floor((n-q-q_*)/K)-1 holes with K<=2B+p-1
cor:total-exception-majority-density	E<=(1/12-eta)n^2 gives a fixed majority margin after trimming and Omega(n/log n) residual holes for fixed eta,p
thm:affine-inventory-local-partitions	Equal column coefficient signatures give the exact coarsest local partitions; E_min=sum_j(n+1-s_j), invariant under changing the input span basis
obs:separating-column-affine-freezing	Affine probes separating occupied pigeon states in every column cannot all have constant images in residual C2 under an affine map with base images in C2, N>=3
ex:sharp-label-inventory-freezing-gap	O(n log n) sharp Boolean bit probes force E_min=n^2 after every matching restriction, while one block per column is degree-preservingly normalizable
lem:column-normalizer-output-profiles	A k-input column tuple admits affine normalizer coefficients with at most k(p-1) occupied profiles, or k for Boolean state values; a selector flag costs at most one more class
thm:normalizer-output-statistic-hybrid	Normalize base-only column blocks, refine later statistic partitions by their actual coefficient/selector outputs, and apply a compatible layout at unchanged completed NS/PC degree
ex:bit-normalizer-linear-residual-package	Bit-label block outputs and selectors share a common partition with largest class floor((n+1)/2), permitting a linear residual for arbitrary qualifying later packages at fixed p
obs:affine-definitions-preserve-degree	Acyclic pure affine defining extensions preserve minimum NS and PC refutation degree over every field; suitable prime-field domain axioms also fit their original degrees
lem:ENS-conjunction-full-product-certificate	An accuracy-h ENS conjunction selector on m Boolean inputs equals their full product with an explicit NS certificate through m+2h; every proof of this target needs degree at least max(m,2h+1)
obs:occupancy-summary-characteristic	Boolean occupancies summing to n+1 are satisfiable in characteristic p<=n+1, but have an NS certificate through n+1 in characteristic zero or p>n+1
lem:extension-field-counting-degree	The multiplicative-order encoding product_i(1+(alpha^a_i-1)x_i) has exact old-variable Boolean-function degree equal to the number of active weights
cor:extension-field-coordinate-degree	In any prime-field basis, the maximum coordinate degree of the exact encoded count equals its number of active inputs
thm:selector-only-column-hybrid	A normalized column block read only through its selector contributes at most two occupied classes; a compatible refined layout preserves completed NS/PC degree
lem:constructor-selector-only-dependencies	Retained source input tuples are polynomials in base variables and strictly earlier selector products after the PHP endpoint map; input reduction preserves this modulo the proper ideal
ex:selector-grouping-profile-gap	Grouping bit probes in one column block leaves a two-class selector profile, while splitting the same inputs into singleton blocks recovers every pigeon label
prop:column-literal-selector-normalizers	Literal signs classify every one-column common-zero set, with explicit constant/affine coefficient choices and companion images through degree at most three
obs:literal-OR-arbitrary-selector-partitions	Exactly ceil(log2 B) positive-literal OR selectors suffice to realize any B-class occupied pigeon partition, with at most m*ceil(log2 B) input slots
open:source-family-elimination-bridge	Turn the actual small-proof source endpoint into a base refutation with B<=floor(N/2), or construct a suitable joint PC-annihilating functional
cor:functional-auxiliary-PC-bridge	Adjoin row exclusions after the weak PHP source endpoint; the resulting functional residual still has ordinary PC degree at least N/2+1 over every field
lem:positive-literal-matching-switch	A uniform q=n-N matching avoids a fixed positive edge request while leaving a live t-matching with probability at most (N+1)_t*(N)_t/(q)_t
lem:negative-literal-matching-survival	The probability that t fixed disjoint negative literals all avoid becoming one is sum_s binom(t,s)*(q)_s*(N+1)_(t-s)*(N)_(t-s) / ((n+1)_t*(n)_t)
thm:literal-family-matching-restriction	Every polynomial-size bottom signed-literal ENS collection admits simultaneous affine removal at logarithmic accuracy on a square-root functional PHP residual, preserving completed PC degree D>=max(2h+1,p)
cor:functional-affine-consequence-rigidity	Functional PHP has exactly the row-equation span as its affine PC consequences through b<=floor((N-2)/2)
thm:uniform-residual-affine-rank-families	A residual-subboard union bound supplies affine input spaces retaining rank r, pairwise-zero intersections, and no constant-one pair span after every matching with the prescribed residual size
cor:affine-square-root-core-obstruction	Polynomial MOD2-compatible families can force the existing rank/core criterion to cost Omega(n) on every square-root functional PHP residual, even modulo all affordable affine base consequences
lem:weighted-ENS-conflict-rate	A degree-D NS certificate with S accuracy-h companions yields a height h+ceil(log2 S) conflict tree with non-conflict mass at most S*(1-1/p)^h for any finite design distribution
obs:diagonal-pseudosolution-rate-gap	The binary-height guarantee e=r*log2(n), gamma=n^(-r) cannot directly satisfy the extracted strict ENS probability inequality
imp:conflict-to-live-cell-reduction	A degree-D conflict tree gains only O(D log n) queries when converted to a live-cell finder for a residual-design lift
obs:design-free-column-search	Row-sum defects locate an unmatched column of any partial-matching design lift with at most ceil(log2 n) linear queries
lem:binary-covariance-conflict-probe	For k=E[2^(-rank B_omega)], a degree-two query tree of height t+1 has non-conflict probability at most k+(1-k)*2^(-t)
thm:uniform-functional-quadratic-covariance	Uniform degree-two functional-PHP designs have kernel weight at most 2^(-(N-1))+(2^(N-1)-1)*2^(-N*(N-3)) for N>=4
lem:uniform-lift-distinct-map-comparison	Nonzero covariance rows identify the live subboard and matching, bounding distinct-map kernel weight by U_N/(1-eta_N)
prop:matching-moment-homology-extension	Vanishing of reduced H_(k-2)(Delta_(k,N);F2) for 3<=k<=R suffices to extend every quadratic functional-PHP NS design to degree R
ex:functional-NS-quadratic-marginals	Degree-three designs have quadratic image dimension 45 of 65 for four holes, and the full dimension 434 for six holes
thm:chessboard-quadratic-design-extension	Every quadratic functional-PHP design over F2 extends through degree R when N>=2R-1; uniform higher-degree designs have the full uniform quadratic marginal
thm:uniform-residual-pseudosolution-rate-obstruction	The natural uniform higher-degree residual-design candidate over F2 cannot meet gamma>S*2^(-h) at height h+ceil(log2 S), for polynomial S>=2, logarithmic h, and polynomial residual size
ex:rank-two-functional-design	A one-collision mean has a rank-two quadratic functional-PHP design over F2, extendible through R when N>=2R-1
lem:one-collision-linear-query-attack	Every binary design whose first moments give one doubled column and singleton other columns has a conflict tree of height ceil(log2 n)+2*ceil(log2(n+1))-1 using only linear queries
lem:boolean-quadratic-moment-rank-growth	For an unsatisfiable Boolean quadratic system, degree-t moment rank grows strictly through floor(D/2), giving covariance rank at least t, or 2t over F2
lem:full-polynomial-covariance-probe	A height-(q+1) tree querying degree-t polynomials and their products has survival at most kappa+(1-kappa)*p^(-q), with kappa=E[p^(-rank B_t)]
thm:universal-ENS-pseudosolution-rate-obstruction	No degree-D design distribution for an unsatisfiable Boolean quadratic system meets gamma>S*(1-1/p)^h at height h+ceil(log2 S), for S>=2 and D>=2h; F2 needs only D>=h+1
ex:quartic-rank-two-design-extension	A seven-hole degree-four extension has Gram ranks 1,3,505, while a five-hole rank-two mean has two collisions and a satisfiable injection remains flat
lem:source-conflict-query-inventory	A scalar-specialized S-companion certificate in M used blocks yields at most S-1+h*M distinct queries and S*(h+1) leaf pairs
thm:compact-direct-NS-source-circuits	The balanced direct simulation has shared cofactor circuits of size at most (v+T+h+1)^c*2^(c*h), hence polynomial size at logarithmic accuracy and polynomial source size
cor:circuit-restricted-source-query-criterion	A survival guarantee above S_ENS*(1-1/p)^h for the source's polynomial-size circuit query/leaf class rules out the hypothetical short Frege proof
lem:finite-field-small-bias-polynomial-generator	Coefficients tau(product a_i) on squarefree monomials of degree at most t have character bias at most t/p^k and circuits of size O(v*t*k^2)
lem:small-bias-covariance-probe	Small coefficient bias controls kernel probability and each product query, replacing full-space uniform sampling with a compact generator
thm:succinct-ENS-rate-obstruction	The universal ENS rate obstruction has query circuits O(v*t*k^2), giving O(n^2 log^3 n) in the PHP source regime and defeating the preceding coarse circuit budget
ex:trace-generator-exhaustive-checks	Four GF(4)/GF(8) fixtures verify 2436 nonzero character tests and 82176 truncated-product evaluations; fixing the trace multiplier fails
thm:shallow-source-cofactor-formulas	Prefix OR comparison and proof-path unrolling give source cofactor/query formulas of fixed arithmetic depth and size (v+T+h+1)^c, with c independent of h
lem:least-degree-Boolean-contraction	A functional with least nonzero Boolean degree d has contraction rank at least d; degree-d random products have character bias at most 1/(p*(p-1))
thm:degree-mixture-shallow-generator	Mixing degrees 0..t and summing O(t*log(1/epsilon)) random products gives epsilon coefficient bias in the Boolean quotient with depth-three, polynomial-size formulas
thm:depth-four-ENS-query-obstruction	Depth-four query formulas of size O(n^2 log^3 n) defeat the sufficient ENS probability rate at the stated degree and height, including the refined generic source budgets
ex:degree-mixture-exhaustive-checks	Three F2/F3 fixtures verify all 9001 nonzero coefficient tests, with fixed-degree and non-Boolean raw-power controls
thm:functional-PHP-stable-filtration	Binary functional-PHP designs extend from every k to B when N>=2B-1; hence C_B=I_B and C_B intersect P_<=k equals I_k
lem:affine-common-vanishing-learning	A one-level affine ENS refutation learns every degree-k polynomial vanishing on all block-zero spaces from the old base through max(1,k-1)*D+k
thm:affine-family-dimension-exclusion	A common-kernel dimension exceeding the functional-PHP consequence dimension excludes augmented PC refutations whenever N>=2*(max(1,k-1)*D+k)-1
cor:high-rank-affine-family-coverage	Polynomially many affine blocks of rank at least rho*N*(N+1) admit no polylog-degree one-level refutation on a polynomial residual; covers the earlier resistant family
ex:affine-vanishing-parameter-checks	Twelve exact integer parameter cases include six satisfying both sufficient inequalities, with separate dimension and board-size failure controls
thm:multiscale-affine-rank-family	A polynomial-size dyadic inventory leaves n pairwise-disjoint affine spaces of rank N/2<r<=N modulo rows on every matching residual N>=4*ceil(log2(n+1))
obs:residual-size-rank-criteria-gap	Every usable residual of the multiscale inventory retains a class failing both the older rank/core ceiling and the new dimension inequality at every feasible k
ex:multiscale-rank-parameter-audit	Exact n=64,128 union bounds certify existence ranges and all 130 usable boards and 328 feasible degree cases exhibit the criterion gap
prop:independent-affine-common-kernel	Jointly independent affine input groups have a common Boolean vanishing basis of monomials meeting every group; first nonzero degree equals the number of groups
thm:uniform-joint-residual-affine-family	A polynomial-size inventory retains r=floor(N/2)+1 blocks of rank r with all r^2 inputs jointly independent modulo rows on every matching residual N>=4*ceil(log2(n+1))
obs:common-vanishing-method-degree-gap	The selected residual class has no nonzero common Boolean/row class through floor(N/2), and none at any k fitting the current learning ledger
ex:common-kernel-exact-certificates	Four Boolean fixtures verify 30 degree kernels and 822 basis vectors; exact joint-stack union bounds and 130 board budgets also pass
lem:full-base-relative-learning	Shared degree-c NS membership in F plus each affine input tuple learns a target of actual degree s<=c from F through max(1,c-1)*D+s
prop:quadratic-PHP-relative-interface	A nonzero shared relative class, outside I_c(Ffun), excludes the augmented endpoint when its learning ceiling fits N>=2B-1
ex:quadratic-relative-kernel-comparison	At N=11 with six jointly independent rank-six input groups, the random fixture's degree-two relative kernel is zero, while a clause-span control has dimension thirteen
prop:first-mixed-band-pair-duality	At D=3h+u with 1<=u<=h, the diagonal mixed construction needs only singletons and pairs; pair feasibility has an exact kernel-annihilation condition
thm:pair-separated-NS-PC-transfer	Pairwise separation of the specified within-block product spaces extends every old PC-D-annihilating functional and transfers old NS consequences through the same D
cor:source-cofactor-pair-support	A supplied NS certificate yields the displayed pair-kernel coefficient relations; separation only on its surviving complete-diagonal-support edges suffices for old-target PC transfer
ex:pair-separated-ENS-applications	All 15 and 21 input-square pairs are separated in the N=11,13 fixtures, giving augmented NS degree exclusions at h=1,D=4 and h=2,D=7
lem:faithful-affine-pair-kernel	If the old base adds no relation to the sum of two Boolean input-square spaces, the first-boundary polynomial-array kernel is zero for distinct spans and one-dimensional for equal spans
lem:equal-span-singleton-coordinate	Supported singleton components can share one feasible scalar on every equal-input-span class without increasing their degree domains
thm:faithful-pair-NS-PC-transfer	Faithful pair spaces at D=3h+1 extend every old PC-annihilating functional and transfer old augmented NS consequences to old PC at degree D
cor:affine-source-cofactor-transfer	In 3h<D<=4h, faithful pairs suffice for a supplied old-target NS certificate when its extracted pair arrays Boolean-reduce to affine polynomials
ex:translated-affine-ENS-family	A certified N=11, h=1 family of 66 translated/nested/basis-changed blocks has 2145 overlapping pairs and zero affordable common relative class, yet has no NS degree-four refutation
ex:faithful-pair-coherence-controls	Eight exact pair kernels distinguish representation redundancy and old column relations; matched scalar choices give degree-four joint designs while mismatched choices violate pair duality
prop:quadratic-input-rectangle-test	Every old functional-PHP quadratic relation on affine inputs has an alternating Hessian satisfying explicit coefficient rectangle equations; zero rectangle kernel certifies injection of the unital quadratic input space
thm:quadratic-relation-localized-directions	The image of every relation Hessian lies in the span of input combinations supported modulo rows and constants on one row and two columns; dimension at most one implies quadratic faithfulness
thm:one-affine-antecedent-faithfulness	A conclusion space retaining full rank after every two-row/four-column deletion remains quadratically faithful after adjoining any independent affine antecedent
ex:quadratic-source-coefficient-checks	All 21780 strong deletions retain conclusion rank five; 1440 basic deletions and seven rectangle kernels distinguish dense, cell-extension, row, column, and matching controls
lem:affine-row-input-replacement	Changing affine ENS inputs by constant combinations of row equations preserves supplied NS/PC degree through telescoping certificates at original joint degree 2h+1
thm:common-star-affine-NS-exclusion	A common matching restriction removing all localized input terms and leaving a faithful affine core excludes the entire one-level NS family at D=3h+1 when n-q>=2D-1
ex:mixed-column-affine-family	A 192-block family mixing translated dense inputs with column pairs has nonfaithful original spaces and no useful Boolean common-vanishing class, yet has no NS degree-four refutation after a covering restriction
prop:source-MP-mixed-antecedent	Exact diagonal extraction of MP-A prefixes leaves a^h*g_k^h at the antecedent coordinate of the local companion correction, cancelled by b*U_0*a
obs:source-MP-first-band-ledger	Affine MP-A has local degree 4h, but multiplying a supplied degree-d_a NS antecedent costs d_a+4h-1 before global collection; an earlier affine companion term can reach 6h and three-block support
ex:source-MP-mixed-coefficient-checks	Five ordinary-polynomial fixtures verify 300 diagonal equations, ten antecedent-omission controls, and explicit premise/triple-support degree ledgers
prop:binary-theorem-affine-boundary-cleanup	Assumption-free binary level-zero theorem approximations are zero; semantically constant original level-one OR formulas have unit-span or all-zero inputs and admit scalar cleanup
audit:recent-MP-retained-source-scope	The nonzero independent affine antecedent application is vacuous for original level-one MP theorem boundaries in the selected direct simulation
note:retained-affine-subspace-source-objects	Nonconstant proper level-one ORs represent affine-subspace indicators; comparisons and higher-level value uses remain after theorem-boundary cleanup
cor:binary-source-domain-and-copy-cleanup	Binary source Booleanity modules can use domains only; the affine quotient/packing passes preserve NS degree, and canonical equal-flat comparisons have zero targets
prop:proper-OR-union-complete-support	The actual proper OR-union comparison has a collected cofactor -P_2*U_i^0 with nonzero two-foreign-block extraction f_i^(h-1)*f_k^h and a degree-6h companion term
thm:proper-OR-union-NS-degree-six	At h=1, two affine input tuples with jointly independent linear parts and at least three inputs each have OR-union comparison target of minimum NS degree six over Boolean domains and the three complete ENS blocks
ex:proper-OR-source-interface-certificates	Rank-3/5 child examples above the packing threshold verify 68 support equations and six domain-only Booleanity certificates; the degree-five span has rank 1450 in 12616 coordinates and separates the union target
thm:proper-comparison-theorem-grid	A bounded-depth parity theorem has, after the specified rank/span cleanup, a source-compatible degree-6h NS certificate on m^2+2m distinct proper affine blocks of ranks above 2h
prop:proper-comparison-collected-grid-support	Collecting the grid certificate leaves each child cofactor as a sum of distinct union-prefix terms; selecting one union/other-child pair isolates a nonzero coefficient
thm:proper-comparison-grid-separator	The specified child-weighted comparison graph has minimum balanced separator ceil(2m/3), and meeting every comparison triple needs m blocks
prop:proper-comparison-fixed-target-necessity	Omitting any whole block from the displayed grid system admits a Boolean model with T_m=1, so every block is needed to derive that fixed target at any degree
ex:proper-comparison-family-certificates	Three complete factored certificates verify 1225 isolated coefficients; 71 block-deletion models check 21840 retained companions; equal-span and low-rank controls erase the active comparison graph
thm:genuine-selector-weighted-embedding	Substitution of fresh leveled ENS products preserves every ordinary weighted degree exactly over any field
lem:binary-affine-selector-source-profile	Binary source values and inputs are affine in genuine selectors, with old degree at most two after the standard PHP boundary/clause map
thm:binary-selector-modular-NS-source	A coherent balanced binary source proof admits selector-valued outer coefficients and local OR/Booleanity witnesses through (max(M_fr+2,12)+H_pi)*L
cor:binary-weighted-old-target-interface	The standard PHP map gives a formal identity for one with quadratic selector relations, old degree at most four, and carried NS witness costs
ex:weighted-selector-and-gate-checks	Four field/accuracy cases verify 28 degree equalities and quotient/sharing controls; two nested binary gates have complete NS witnesses of degrees 7 and 18
cor:old-only-source-local-modules	A purely old binary source-local target H of degree at most four lies in functional-PHP I_deg(H) when L>=4 and N>=12L-1
thm:matching-tree-weighted-module-refutation	A one-level literal family with Theta(n*n!) blocks has a degree-(4h+2) PHP refutation through selector-linear OR modules and constant external gate coefficients
obs:local-module-consistency-not-global	Harmless purely old local targets and selector-linear relations do not by themselves extend an old PHP design to the full weighted module system
ex:matching-tree-module-certificates	Twenty-six exact local NS witnesses instantiate eight full PHP module identities and two satisfiable frontier controls, including 17208-block factored cases
cor:functional-row-quotient-filtration	The affine row-coordinate base retains functional-PHP NS filtration stability and PC/NS equality when N>=2B-1
lem:canonical-affine-flat-source-modules	Compatible row projection, equal-span sharing, and low-rank packing give one-level source relations v_(A+B)-v_A*v_B with uniform NS cost 6h
thm:flat-source-singleton-design-reduction	For D=6h+u with 0<=u<2h, extending an old design to the costed canonical source modules is equivalent to the displayed singleton low-rank join equations
cor:four-h-rank-source-module-designs	If every retained affine rank is at most 4h, all old designs extend at the same D in the stated source-module band, without a family-count charge
obs:source-module-design-nonextension	The constructed degree-6/7 moment designs can violate a weight-six polynomial whose allowed module witness first appears at degree eight
ex:complete-affine-flat-module-moments	An 81-flat registry with 48 retained selectors verifies 94198 legal module multiples at D=6,7 and both scope controls
audit:affine-clause-PHP-source-import	The audited unary tree-like and bit-PHP depth lower bounds do not yet apply to the weighted singleton/source identities
obs:row-quotient-proper-point-gap	A rank-r system in row-free coordinates lifts to rank n+1+r and has no hole-proper Boolean point, so the unary extensibility hypothesis is unavailable
lem:unary-to-bit-algebraic-transfer	For n=2^ell, indicator substitution maps weak/functional unary PHP plus any leveled ENS family to the standard bit base with NS/PC degree at most ell*d
obs:standard-bit-NS-filtration-failure	Summing the degree-2ell collision axioms gives the degree-ell equality indicator in I_2ell but outside I_ell
prop:unary-affine-query-bit-image	Unary affine queries become sums of arbitrary within-pigeon bit functions, a space of dimension 1+m(n-1), exceeding the affine bit-query space
ex:unary-bit-image-and-filtration-checks	Four bit lengths verify 185 full domain-image certificates, 30 collision images, eight ENS images, four filtration separations, and the stated interpretation controls
lem:two-functional-row-state-interpolation	A degree-d polynomial on two one-hot rows equals its bilinear state interpolation modulo their local functional axioms through max(d,2)
thm:compact-bit-PHP-PC-degree	For n=2^ell with ell>=2, the compact equality-indicator bit base has PC degree at least n/2+1 via a same-degree affine decoder into functional unary PHP
thm:transported-bit-consequence-filtration	J_k, defined by decoder membership in unary functional I_k, has stable restrictions and extending annihilators when n>=2B-1, and contains compact-bit C_B
thm:ordinary-PHP-compact-bit-source-bridge	A hypothetical small ordinary-PHP binary Frege proof yields a polylog-degree compact-bit NS endpoint with polynomial ENS inventory at h>=ceil(ell/2)
ex:compact-bit-decoder-and-source-certificates	Thirty-eight complete NS image certificates verify the decoder, bit domains, and compact source packing; a two-row weak model shows the need for functionality
thm:transported-bit-quadratic-rigidity	For n=2^ell with ell>=3, J_2 consists exactly of bit Booleanity consequences
prop:four-label-bit-quadratic-kernel	At ell=2, J_2 modulo bit Booleanity is exactly the independent span of compact pair-equality indicators
cor:universal-bit-affine-first-boundary	For n>=8, n>=6h+1, and D=3h+1, every normalized Ann(J_D) functional extends to an ordinary NS design for any one-level affine-bit ENS family of accuracy h
ex:complete-bit-quadratic-quotients	Full degree-two quotient maps have ranks 46/56, 379/379, and 2347/2347 at n=4,8,16; removing columns makes the four-label map injective
lem:disjoint-coordinate-cube-packing	Nonempty coordinate subspaces in F2^ell admit disjoint translates when their dimensions sum to less than ell
thm:transported-bit-low-degree-rigidity	For n=2^ell and ell>=2, J_d consists exactly of bit Booleanity consequences for every d<ell
cor:compact-bit-first-relation-degree	The first non-Boolean J relation has degree ell; compact-base NS or PC through B<=n/2 has no non-Boolean consequences of degree below ell
ex:complete-coordinate-cube-checks	All 33615 ordered axis families of total dimension below ell for ell=2..6 admit the checked coefficient duals; 124 complementary boundary coset pairs all intersect
thm:bit-affine-coherent-band-extension	Every Ann(J_D) functional extends over any one-level affine-bit family at D=3h+u, 1<=u<=h, h+u+1<ell, n>=2D-1
cor:coherent-bit-band-source-parameters	At minimum compact-clause accuracy, the new range reaches 4h-2 for even ell and 4h-3 for odd ell when nonempty; ell=8,h=4,D=14 improves the first boundary
ex:coherent-affine-moment-checks	Three overlapping rank-five affine blocks at h=2,D=8 satisfy all 117105 original-degree companion tests with perturbed higher moments
lem:critical-coordinate-cube-packing	Coordinate subspaces whose dimensions sum to ell admit disjoint cosets except for two complementary axis sets
lem:two-row-diagonal-degree-rigidity	A Boolean function on two ell-bit rows, supported on equality and of degree at most ell, is a scalar equality indicator
thm:compact-bit-first-layer-classification	J_ell equals I_ell(Q_n): bit Booleanity plus the independent span of pair equalities; bounded base NS/PC adds no further consequences through ell
prop:critical-singleton-collision-residual	At h+u+1=ell, the common-functional coupling kernel is exactly a sum of equality indicators times first-success selector combinations
ex:first-bit-layer-coefficient-checks	Critical cube enumeration classifies all 11290 families for ell=2..5; full two-row quotient kernels are one-dimensional through ell=6
lem:equality-leading-linear-annihilators	For ell>=3, a nonzero sum of equality leading terms has a linear annihilator only if it consists of one pair term
lem:equality-leading-multiplication-rank	A nonzero exterior multiplier of degree ell-1 can map a linear space into the equality-leading span only when its dimension is at most ell
prop:critical-affine-kernel-rank-exclusion	At h+u+1=ell, every singleton consistency kernel on an affine input span excluding one and of rank above ell is Boolean
thm:critical-bit-affine-family-extension	Under source packing h>=ceil(ell/2), the unconditional one-level affine-bit NS extension range includes h+u+1=ell
ex:bit-equality-exterior-kernels	All 189 four-row equality graphs at ell=3..5 have the predicted full linear kernels; three tight-rank and one excluded-width controls also pass
cor:compact-bit-pruned-assignment-tree	The collision-pruned one-level bit tree refutes Q_n through max(4h+1,2h+ell) using exactly 2(n-1) sum_k (n)_k blocks
audit:compact-bit-inventory-dependence	At minimum packing accuracy, a factorial family refutes by 4h+1 while all one-level affine families need at least 4h for even ell or 4h-1 for odd ell
ex:compact-bit-pruned-tree-certificates	Complete four-hole trees have 390 blocks and no open leaves with five pigeons, or 246 blocks and 24 permutation leaves with four pigeons
lem:compact-bit-subcube-restriction	Fixing outside pigeons bijectively to outside labels and live high bits to zero maps Q_n to Q_N through every original axiom degree
thm:compact-bit-literal-inventory-restriction	M beta^(2h+1)<1 supplies simultaneous affine removal of every one-level signed-bit family after the compact subcube restriction
obs:dense-affine-subcube-survival	A rank-(2h+1) dense affine code space can remain proper and full-rank under the same random restriction with overwhelming probability
ex:compact-bit-restriction-and-code	One complete 1024-to-32-hole restriction kills 64 rank-13 literal blocks while a dense rank-13 block survives; all 8192 codeword weights and exact probability bounds are saved
lem:row-linear-bit-quotient-injection	The degree-k span of monomials with at most one bit per pigeon row intersects J_k trivially when 4(k-1)<n
lem:mixed-packing-common-vanishing-learning	Pack ranks at most h(k+1) and learn a degree-k predicate vanishing only on the other affine zero spaces with one degree-k substitution
thm:bit-affine-all-ranks-dimension-criterion	Sum of high-flat restriction dimensions below the row-linear bit dimension excludes a degree-D one-level affine refutation when n>=2k(D+1)-1
thm:polynomial-affine-bit-family-exclusion	For M polynomial in n and logarithmic h>=2ell, every one-level affine-bit ENS family has no polylog-degree NS or PC refutation over Q_n
lem:Boolean-old-cofactor-pullback	A weighted Boolean-quotient NS pullback to compact width s costs at most deg(f)+s+T(D-ell) when all other weighted images vanish
ex:bit-hybrid-affine-checks	166 complete mixed image certificates, 1035 line-direction multisets, and four exact large-board dimension cases verify the new hybrid ingredients
lem:compact-source-bottom-selector-profile	After compact boundary cleanup, later inputs read original bottom coefficients only through genuine products, with old part of degree at most ell
lem:weighted-bottom-selector-deletion	Setting high bottom selectors to zero after hybrid specialization has an f-weighted old-Boolean certificate through k times original weighted degree
thm:conditioned-bottom-level-removal	A multilevel compact source refutation of degree D transfers through kD to Q_n plus 1-f and the explicit later family, with the original bottom level removed
thm:conditioned-compact-bit-filtration	J_B^f={g:fg in J_(B+deg f)} is stable and contains conditioned-base PC consequences in the stated range; Q_n plus 1-f retains degree at least n/2-deg f+1
obs:second-level-affine-flat-indicator-inputs	Remaining second-level inputs are sums of low affine-flat indicators with degree at most h(k+1); polynomial rank no longer gives affine zero-space dimension
ex:second-level-hybrid-image-checks	59 complete NS certificates verify weighted and conditioned later images, while six independent quadratic inputs have degree-two restriction rank 23 instead of the affine prediction two
lem:bounded-row-degree-bit-quotient-injection	Squarefree polynomials of total degree K and row degree at most a intersect J_K trivially when 4^a(K-1)<n
lem:conditioned-row-linear-kernel	On L_t, the conditioned kernel is Boolean annihilation by row-linear f of degree d when 16(d+t-1)<n
thm:conditioned-row-linear-quotient-dimension	Avoiding the d rows of a leading monomial of f retains sum_j binom(n+1-d,j)*ell^j independent conditioned targets in the stated range
ex:bounded-row-degree-injection-control	On n=8, three pair equalities sum to a nonzero relation of degree three and row degree two
ex:conditioned-bit-quotient-checks	2175 weights give 69361 independent multiplication columns; 160 cube duals work at degree eight and bit width seven
prop:retained-label-parent-source	Packed label bottom blocks give unary affine truth-table queries at the next source level
lem:label-decoder-interpolation-certificate	A packed label indicator decodes to its unary variable through degree ell using local functional row axioms
thm:label-parent-unary-normalization	A two-level compact label-parent refutation normalizes to its unary affine family without increasing original NS or PC degree
obs:retained-label-multiscale-family	Constant-normalized earlier multiscale unary inventories give nonconstant label-parent source objects with unchanged residual linear ranks
prop:conditioned-label-rank-collapse	Conditioning on one bit halves a one-row label span from n to n/2 in the transported quotient for ell<=B<=n/2-1
lem:functional-row-state-degree-completeness	A polynomial vanishing on the product of one-hot row states has an NS certificate through its own degree from local functional row axioms
prop:row-state-first-success-profiles	A common support of s pigeon rows for a complete evaluated input tuple supplies first-success coefficient profiles of degree at most s
thm:row-supported-multilevel-normalization	Old coefficient profiles of degree at most T remove a dependency-closed ENS package at NS or PC cost TD, with no level or inventory factor
cor:row-profile-compact-and-conditioned-scope	The affine compact decoder permits the same profile transfer, retaining a previously conditioned incoming degree kD and charging TkD
obs:row-profile-support-scope-control	Single-row individual inputs can have first-success profiles of degree equal to the whole prefix length
ex:row-profile-multilevel-checks	Thirty complete NS identities over F2 and F3 verify direct degree-three maps for a nonlinear three-level fixture
prop:compact-source-affine-old-part	Compact equality terms in the chosen binary source old parts can be deleted with certificates within the original input and companion budgets
lem:row-local-dependency-package	Propagating pigeon support through actual selector dependencies makes the blocks supported on at most one row a closed package
lem:canonical-row-local-selector-values	A removed row-local product equals its affine unary state value modulo functional row axioms through its original product weight
thm:row-local-canonical-source-transfer	The compact binary NS source admits degree-preserving row-local removal and a retained affine-unary-plus-selector presentation
obs:row-local-preprocessing-order-scope	The row-local-first unary presentation and compact-first conditioned endpoint do not automatically share their respective input classes and degree guarantees
ex:row-local-source-compression-checks	Thirty complete certificates verify four local selector replacements, a retained affine-unary parent, and a raw-cofactor budget nine
thm:source-outer-linear-factor-normal-form	Binary source outer cofactors are sums of polynomially many products of at most H_pi+O(1) affine formal-coordinate forms
lem:linear-factor-subset-matrix-program	A product of t affine forms has a width-2^t subset-state ROABP in every variable order
cor:source-formal-roabp-certificate	The costed binary formal module certificate has polynomial-width ROABPs in every order, with size exponent independent of accuracy
lem:weighted-cofactor-Booleanization	Boolean reduction preserves matrix width and supplies domain corrections within the weighted source budget
obs:two-level-selector-realization-rank	A source-shaped two-level selector realizes a product with cut rank 2^(h^2), although its formal coordinate has width one
audit:roabp-PHP-field-scope	The subset-sum step in HLT2026v1 Proposition 21 is satisfiable in characteristic p<=n+1
ex:source-cofactor-matrix-checks	Eighteen full matrix programs, five selector controls, thirty-six companion images, and twelve field-scope tables verify the constructions
lem:affine-flat-evaluation-cut-rank	A full-rank binary affine-flat indicator has evaluation and multilinear coefficient cut rank 2^(r_S+r_T-r)
lem:balanced-code-half-coordinate-rank	Binary codes with every nonzero word of weight at least 3v/8 retain rank r-1 on every half; v=64(r+1) suffices by a union bound
obs:all-order-source-selector-realization	A retained source-shaped two-level selector has genuine realization width at least 2^(h^2-2) in every variable order
prop:all-order-hard-selector-degree-normalization	The same every-order-hard selector package has a scalar coefficient map giving degree-preserving NS and PC elimination
ex:all-order-selector-code-checks	561 full cut matrices, three complete codeword-weight witnesses, and 38 NS templates check the construction
obs:retained-or-code-family	A proper source comparison with 2h+1 affine signals and h nonlinear code-child values survives row-local preprocessing with NS witness ceiling 4h^2+4h
obs:retained-or-collected-cofactor-width	The supplied complete proper-OR witness has a collected cofactor, and hence a joint placeholder certificate, of width at least 2^(h^2-2) in every order
prop:retained-or-after-child-normalization	Removing the inexpensive lower-plus-child package preserves the hard collected coefficient and the original source NS ceiling
audit:retained-or-witness-scope	The formal source matrix bound does not survive expansion by the supplied OR witnesses, collection, and the specified child normalization
def:costed-ns-value-profile	Costed value data retain input-weighted prefixes, certified prefix residuals, companions, and Booleanity over one retained system
lem:costed-profile-product-closure	Value profiles multiply at the sum of their costs, and residual-corrected OR modules have NS witnesses through the sum of three costs
thm:costed-virtual-or-source-transfer	An acyclic union fold whose child costs fit its original weight preserves the supplied binary modular source degree by reconstructing module witnesses
cor:code-union-folding-application	The retained mixed code union folds at h^2+2h within its original 2h^2+h source weight, removing its coefficient block and designated hard comparison
ex:virtual-or-folding-checks	Eleven full NS certificates rebuild a nonzero affected comparison through 20 within original 30, with necessary prefix-error and degree-six field-image controls
prop:compact-virtual-zero-clause-source	Virtual zero clause names have prefix residual E_ii' at cost ell, preserving a compact bit source with affine-in-selector inputs
lem:affine-backbone-exact-tail-profile	A fresh old-affine subgroup and an exact product on dependent inputs give cost s(A)+sum mu with at most one affine block per original block
thm:sparse-selector-source-collapse	If each retained source block has at most h-1 selector-dependent input positions, its costed NS certificate reduces through D to one-level affine-bit ENS without inventory growth
cor:sparse-selector-compiled-source-exclusion	At logarithmic h>=2ell, polynomial inventory, and polylogarithmic D, a valid binary modular source refutation must have a block with at least h dependent positions
obs:source-fold-coverage-controls	A three-level sparse-input ledger collapses to one affine level, while standard affine-rank costs yield no new proper high-rank affine union folds
cor:costed-profile-unbalanced-PC-compiler	Costed NS profiles give A*<=2L and U*<=L, so the existing PC value compiler handles an unbalanced proof DAG through max(M_fr,10)*L
cor:unbalanced-sparse-compact-source-exclusion	The sparse-selector compact proof exclusion applies before balancing by constructing one affine level and compiling directly in PC
obs:label-substitution-selector-count-failure	Literal label substitution turns an old-affine m-literal disjunction into a source OR with m selector-dependent positions
obs:label-packing-keeps-nonlinear-old-inputs	Packed label selectors become degree-ell old inputs; Boolean-domain-only exact profiles for m independent rows need degree at least m*ell
audit:sparsity-source-audit-and-endpoint-choice	The cited balancing passage supplies no sparsity guarantee, but the available PC endpoint removes that dependency for this argument
def:affine-clause-PC-system	Fixed one-level affine-clause ENS registry, complete companion/Boolean system, empty value one, and prefix/value/companion upper bounds
lem:affine-clause-resolution-PC-degree	Complementary-parity resolution preserves max(K,4h+1) in the complete affine-clause system
lem:semantic-weakening-PC-degree	Semantic weakening preserves max(K,4h); tautological conclusions cost2h+1
lem:binary-semantic-affine-cover	An affine space covered by two proper affine subspaces splits into complementary hyperplanes, reducing binary semantic inference to two weakenings and resolution
lem:binary-affine-zero-cover	A nontrivial binary semantic cover has a separating parity already in the first clause; the two zero sets are its opposite fibers and translates of each other
lem:affine-clause-basis-compression	A binary affine clause admits an equivalent subclause of at most dim(V)+1 literals; N clauses have a compressed coefficient-slot bound N(dim(V)+1)²
thm:bit-PHP-affine-clause-PC-transfer	Actual compact-pair or usual-CNF affine DAG refutations yield one complete affine ENS family and ordinary PC degree max(2h+ℓ,4h+1)
thm:working-Res-parity-bit-PHP-size-lower-bound	Bit PHP with n+1 pigeons and n=2^ell holes has no polynomial-size DAG-like Res(parity) refutation under either audited rule convention
ex:affine-clause-PC-trace-checks	Twelve fully replayed PC traces contain 3172 primitive lines and satisfy the stated resolution, weakening, initial, and semantic-rule degree ceilings
audit:matching-moment-completeness	Matching marginals plus Boolean/exclusion normal form describe every truncated ordinary-NS annihilator constraint
audit:matching-extension-arbitrary-row-count	Prescribed lower moments extend across every row set, yielding old PC=NS and stable filtration
lem:cube-residual-dual-separation	Disjoint two-point bit lines and a residual design separate every nonzero row-linear bit polynomial from actual unary and compact-bit PC through B
audit:ordinary-restriction-affine-family	Finite-parameter affine-family exclusion and polynomial-inventory/polylogarithmic-degree consequence
audit:Res-parity-lower-bound-chain	The concrete bit-PHP Res(parity) size consequence follows again from the audited moment and ordinary-restriction chain
ex:cube-dual-complete-marginal-checks	Exact sparse moment witnesses check all potentially nonzero old marginals for (n,k,B)=(8,2,4) and (32,6,8)
thm:all-field-matching-filtration	Oriented row-set fillings extend prescribed matching moments for m>=B, N>=2B-1 over every field, giving old PC=NS and stable filtration
lem:all-prime-compact-bit-decoder	The prime-field collision encoding has degree (p-1)ell and original-degree affine decoder certificates over functional PHP
lem:signed-cube-row-linear-separation	Signed bit edges and residual designs separate nonzero row-linear bit polynomials from old PC through B over every prime
thm:all-prime-affine-family-exclusion	At h=3(p-1)ell, polynomial-inventory one-level affine-bit ENS admits no polylog-degree PC refutation over the correct compact base
thm:power-affine-complete-system-transfer	Entire one-level systems with inputs L_i^(p-1) transfer to affine inputs at degree 2D by r_ui -> R_ui L_i
prop:negative-MOD-affine-core-profile	Actual negative MOD children have affine-core NS profiles of cost 2h+p-1 within original hp for odd p and h>=2
obs:positive-MOD-rank-control	Rank-m affine forms can give positive-MOD3 OR inputs with 2^m+1 common zeroes on a 2^(m+1)-point Boolean cube
lem:positive-MOD-common-bit-transfer	The common-bit positive-MOD3 family has profiles of cost 2h+1 and a complete degree-preserving coefficient-renaming transfer
ex:odd-prime-affine-complete-checks	Signed F3 moment systems and 72 full NS certificates verify odd-prime maps, MOD profiles, and complete raw-source image bounds
def:prime-affine-disequality-calculus	Clauses are disjunctions of affine disequalities, with full-field weakening, p-way affine splitting, and explicit Boolean-domain clauses
obs:full-field-equation-clause-encoding-cost	The disjunction of w independent zero equations requires exactly (p-1)^w affine-disequality CNF clauses for full-field equivalence in those coordinates
lem:prime-affine-cover-rule	A cover of an affine space by at most p proper affine subspaces must be its p parallel hyperplane fibers
lem:prime-disequality-clause-PC-rules	A p-way affine split preserves PC ceiling max(K,4h+p-1), and full-field weakening costs max(K,4h)
lem:prime-disequality-initial-PC-values	Excluded Boolean residues cost 2h+2; compact PHP initial values cost 2h+(p-1)ell, with a full-field usual-CNF weakening bridge
thm:prime-disequality-bit-PHP-size-bound	The defined DAG-like affine-disequality calculus has no polynomial-size bit-PHP refutations for any fixed prime
ex:prime-disequality-PC-trace-checks	Thirty-one exact F3/F5 traces verify p-way rules, Boolean-domain and compact initial values, semantic cover, and complete partition refutations
def:positive-MOD-shared-probe-setup	Positive MOD inputs with one shared old affine probe and per-input Boolean literals become literal or constant tuples at each probe residue
lem:shared-probe-complete-coefficient-map	Residue selectors map each source coefficient to the matching fresh affine block, with old-Boolean product differences through h(2p-1)
thm:shared-probe-original-degree-images	Every companion and field image fits p times its original degree, giving full NS/PC transfer D -> pD
cor:positive-MOD-shared-probe-exclusion	Polynomial-inventory one-level shared-probe positive-MOD families have no polylog-degree PC refutation at logarithmic accuracy
ex:shared-probe-complete-NS-checks	Fifty-seven complete F3/F5 NS certificates and 41 models check shared-probe images with overlapping literals and non-Boolean coefficients
def:source-dependent-selector-rank	The selector-coefficient matrix rank equals input-span codimension modulo old affine forms in the fixed binary source
lem:rank-adapted-original-source-prefixes	An affine core plus selected original nonlinear inputs yields complete original-input profiles when its cost fits the source weight
thm:dependent-rank-source-collapse	Rank at most h-1 at each retained block collapses the coherent compact binary source to one affine level without degree or inventory growth
lem:accuracy-dependent-affine-exclusion	For h>=2(ell+1), k=ceil sqrt(2(n+1)ell log(4M)/h) gives the affine exclusion whenever k(D+1) and row separation fit the old board
cor:compact-source-polynomial-rank-obstruction	A hypothetical polynomial-size compact proof of fixed source depth d>=2 eventually has dependent-selector rank above n^(1/(2d-1))/log^2 n
ex:selector-span-profile-exact-checks	Nine full NS certificates, 512 retained-system models, and four exact dimension controls verify the adapted rank-one source profile
lem:top-row-linear-monomial-detector	A nonzero row-linear top-degree monomial is detected by the signed edge/residual design even when other terms have multiple bits per row
lem:safe-leading-row-target-product	Multipliers avoiding one leading row-linear target monomial produce a nonzero row-linear top term
thm:affine-level-old-row-linear-target-separation	Complete one-level affine ENS has no nonzero old row-linear PC consequences in the stated target and degree range
cor:affine-level-row-linear-moment-extension	Every prescribed functional on the old row-linear subspace extends to an annihilator of degree-bounded augmented PC consequences
obs:affine-selector-moment-scope-controls	A literal selector is tied to its old bit, and proper affine tuples containing pair differences can have an old-derived zero value
ex:affine-old-target-exact-checks	New F2/F3 target evaluations reuse complete archived moments, with zero-divisor, selector-coupling, and excluded-row dimension controls
lem:multi-axis-cube-residual-detector	Disjoint signed multi-axis row cubes and a residual design detect a squarefree top monomial through a larger old PC degree B
lem:target-first-cube-packing	Pack the degree-t target cubes first and row-linear multiplier edges afterward, with target volume at most 2^t
thm:affine-level-full-old-low-degree-separation	Complete affine ENS has only Boolean old consequences through t under the explicit target-volume and PC-budget inequalities
cor:affine-level-full-old-moment-extension	Any Boolean-consistent functional on all old polynomials through the target window extends to a degree-D PC annihilator
ex:higher-cube-complete-moment-checks	New F2/F3 multi-axis cube witnesses retain all 25480 nonzero moments and 49992 relevant marginals per field across two fixtures
thm:joint-high-selector-zero-preservation	Adding P_a=0 for eligible high-affine-rank first-level blocks preserves the same row-linear and full-old target conclusions
cor:joint-zero-old-moment-extension	Permitted old functionals extend while annihilating every legal multiple of the selected high-rank products
lem:clamped-bottom-zero-source-profile	A constrained affine bottom product has a zero-value profile at its original cost, retaining its actual prefix with residual P_a
thm:surviving-selector-rank-source-exclusion	The source rank criterion applies after deleting eligible constrained bottom-selector columns
ex:joint-selector-zero-exact-controls	Fifty complete F2/F3 NS certificates check weighted zeroes, all coefficient fields, source residuals, and low-rank scope controls
def:dense-shared-bit-source-setup	A parent reading rank-two bottom products on (x,y_i) has arbitrarily large formal selector rank and corresponds to an OR of negated bottom ORs
lem:shared-bit-bottom-complete-specialization	A consistent scalar bottom map sends every product to (1-x)(1-y_i), with companion images through three and coefficient fields zero
lem:shared-bit-parent-original-degree-map	Renaming parent coefficients gives a product comparison through 3h and every companion image through 3h+2 within original degrees
thm:dense-shared-bit-complete-transfer	Complete shared-bit two-level NS/PC systems transfer to one affine core per parent without degree loss
ex:shared-bit-complete-source-checks	Eighty-two F2/F3 NS certificates verify every original axiom image for two parents sharing three actual bottom blocks
lem:canonical-pair-bottom-source-profiles	Pair-bottom values (1-x)(1-y) have consistent old-only source profiles within the original 2h cost
lem:shared-core-clamped-old-bit-profile	An eligible constrained affine core gives its original shared-bit parent the value x with prefix residual (1-x)A and original input costs
thm:shared-core-projected-source-criterion	The multilevel rank criterion extends after selected dense parents become old bits and their affine offsets are retained
ex:shared-core-third-level-exact-checks	Fifteen exact NS witnesses and 288 clamped models verify original-degree parent-to-bit and third-level profiles
def:mixed-star-union-original-setup	A flattened union of selected star tuples keeps original bottom-input bounds 2h and weight h(2h+1), even for same-level overlapping subgroups
thm:mixed-star-union-affine-core-profile	One affine core on the old truth bits gives every covered mixed union a complete profile of cost 6h-2 within its original weight
cor:mixed-union-source-compiler-application	Covered dense auxiliary unions can be exempted from the projected-rank condition in the binary source criterion
ex:mixed-star-union-exact-checks	Thirteen complete NS witnesses verify overlapping union profiles and an actual OR relation, with 54 canonical and three control models
audit:bit-PHP-publication-scope	Checked bit-PHP literature restricts regularity or proof depth; the unrestricted superpolynomial size candidate survives the focused dependency audit
obs:unary-to-bit-Frege-encoding	Polynomial-size unary-PHP Frege proofs substitute to bit PHP with constant formula-depth increase, so all-constant-depth bit bounds suffice for ordinary PHP
thm:publication-Res-parity-bit-PHP	Every real K>0 eventually bounds below the node count of every usual-CNF bit-PHP affine DAG refutation with n=2^ℓ holes and n+1 pigeons
audit:additional-Res-parity-regularity-literature	Bhattacharya-Chattopadhyay-Dvorak separate regular from general proofs; subsequent cited works retain depth or tree-like/width restrictions
lem:two-bit-row-restriction-dimension	Row-degree-at-most-two homogeneous multipliers retain at least (1-epsilon)*binom(v,k) dimensions and have small ordinary images on rank-at-least-2k+3 flats
lem:two-bit-row-residual-board-separation	The signed cube detector separates these multipliers when 16(k-1)<n and n>=2B+k-1
draft:bit-PHP-Res-parity-whitepaper	Nineteen-page TeX/PDF draft expands the working unrestricted bit-PHP size theorem and its algebraic and homological dependencies
proof:chessboard-homology-expansion	A homological cover argument and the standard star cover prove the precise BLVZ consequence used by matching extension
third-party:BLVZ-chessboard-filling	For s≥2 and N≥2s-1, every F₂ reduced (s-2)-cycle of the chessboard complex has a filling
thm:constant-accuracy-affine-family-exclusion	Polynomially many complete one-level affine-bit ENS blocks have no polylog-degree PC refutation at h=2(p-1), or any larger individual accuracies
ex:constant-accuracy-complete-image-checks	180 complete F2/F3 NS certificates, 512 conditional models, and five exact dimension fixtures check the constant-accuracy interfaces
thm:unit-accuracy-affine-family-exclusion	Accuracy-one complete affine-bit families with polynomial or quasipolynomial inventory have no polylog-degree PC refutation
thm:unit-accuracy-shared-bit-complete-transfer	The actual dense shared-bit two-level family maps to one affine core per parent at accuracy one with D-to-D NS/PC degree
ex:unit-accuracy-complete-image-checks	103 affine and 60 shared-source exact certificates verify the accuracy-one maps over F2/F3
lem:rank-two-bottom-quadratic-transfer	General proper rank-two binary affine bottoms normalize consistently to old quadratic products at every common accuracy
lem:independent-pair-affine-branches	A maximal collection of r jointly independent factor pairs supplies 2r linear coordinates making every quadratic input affine on each Boolean branch
thm:quadratic-branch-complete-transfer	A parent made affine by t conditioning coordinates maps to 2^t complete affine cores at degree cost (t+1)D
cor:bounded-independent-pair-source-exclusion	Polylogarithmic independent-pair counts suffice for binary two-level source exclusion with polynomial original inventory
ex:quadratic-branch-complete-checks	108 exact NS certificates and 64 canonical models verify two overlapping parents without a common affine factor
lem:cube-volume-multiplier-space	Homogeneous squarefree monomials with sum_i(4^d_i-1)<=n/16 retain almost all degree-k dimensions for k=o(n) and are separated through B<=n/4
lem:independent-quadratic-filtered-quotient	R jointly independent affine factor pairs have filtered Boolean quotient counted by (1+2z)^R(1+z)^(v-2R), with explicit dimension decay
lem:combined-quadratic-affine-kernel	One cube-volume kernel simultaneously handles high independent-pair tuples and all high-affine branches of the remaining tuples
thm:combined-rank-two-source-exclusion	Every polynomial-inventory complete binary two-level rank-two-bottom family excludes polylog-degree PC refutations at any common accuracy
ex:combined-quadratic-source-checks	42 exact NS certificates, 448 conditional models, quotient enumerations, cube counts and placements, and integer parameter controls check the combined proof
lem:rank-three-bottom-normalization	Proper binary affine bottoms of rank at most three become individual cubic-or-lower flat indicators at factor two for h=1 and no degree loss for h>=2
lem:flat-indicator-branch-closure	Conditioning that leaves homogeneous factor rank r makes an individual indicator zero or an indicator of rank at most r
lem:independent-triple-filtered-quotient	Independent cubic products have filtered quotient counted by ((1+z)^3-z^3)^R times the unused-variable factor
thm:rank-three-complete-source-exclusion	Complete binary two-level families with rank-at-most-three affine bottoms exclude polylog-degree refutations at polynomial inventory
ex:rank-three-source-exact-controls	596 exact NS certificates, 512 branch patterns, 14336 conditional models, triple quotient tables, and integer parameter controls verify the rank-three interfaces
obs:quadratic-sum-flat-span-obstruction	Sums ab+cd already leave the flat-indicator class, and disjoint such inputs span no nonzero flat indicator
lem:independent-probe-monomial-reduction	Independent affine-probe groups supply a small linear reduction image for actual nonfactorable input functions
thm:bounded-affine-probe-source-exclusion	Fixed probe dimension r and input degree s exclude polylog-degree PC refutations for complete binary one-level families at polynomial inventory
cor:bounded-indicator-sum-source-transfer	Fixed bottom rank b and at most c bottom-product summands per parent input give a complete binary two-level exclusion
ex:bounded-probe-source-checks	522 exact NS certificates, full reduction/evaluation matrices, span controls, actual source models, and integer parameter cases check the bounded-sum interfaces
obs:balanced-bilinear-arity-control	Balanced private bilinear inputs with sqrt(v) arity already admit a sublinear complete telescoping map over each prime
lem:quadratic-leading-pair-kernel-map	Disjoint quadratic leading monomials suffice for a small degree-preserving reduction image over any prime, despite shared lower terms
thm:all-prime-leading-pair-source-exclusion	Complete affine and quadratic families with R=Theta(v) disjoint leading pairs exclude polylog-degree PC refutations at polynomial inventory
cor:shared-tail-unbounded-sum-source	Actual two-level sums u_i*v_i+Q_i(shared tail), with linearly many private heads, have complete all-prime exclusion
ex:leading-pair-source-exact-checks	1569 exact NS certificates, 3664 conditional models, genuine field controls, and nine integer parameter cases test the all-prime leading-pair interfaces
lem:costed-Boolean-pair-kernel	Supplied Boolean certificates for R disjoint binary coordinate pairs give the leading-pair image bound with kernel cost k+c-2
lem:field-product-Boolean-pair-certificates	Coordinates of AB over F_(2^d) certify every binary cross pair through ordinary degree d+2
lem:binary-cyclic-sum-field-decomposition	Cyclic lengths t=2^s-1 give R=t disjoint binary coordinate pairs with cost c=s+2
thm:binary-cyclic-sum-complete-source-exclusion	Complete two-level pure cyclic sums at suitable linear lengths exclude polylog-degree PC refutations
ex:cyclic-source-exact-controls	80 NS certificates, three exact CRT decompositions, rank and component controls, complete source models, and integer parameter cases check the cyclic theorem
obs:disjoint-sums-quadratic-vanishing-ideal	For disjoint q_i=a_i*b_i+c_i*d_i, every quadratic Boolean consequence lies in their constant span, so no independent affine pair is an ideal consequence at any degree
obs:pair-consequence-obstruction-does-not-block-reduction	The same family has disjoint leading terms and remains covered; cubic affine products have explicit degree-three witnesses
criterion:quadratic-kernel-compression-obligation	A small sum of codimensions of degree-controlled input-ideal intersections gives the common binary multiplier and complete weighted replay
ex:quadratic-pair-interface-exact-checks	Full degree-two evaluation matrices recover the exact input-span kernels; six cubic NS witnesses and a single-product control verify the obstruction's scope
lem:conjugate-coordinates-twisted-Boolean-relations	Full binary field-product coordinates diagonalize over the field with exact relations X_j^2=X_(j+1) and matching product coordinates
lem:large-field-reduction-and-binary-descent	Conjugate reduction has binary image dimension at most d*J(v,d,k), with ordinary degree-k kernel witnesses descending to F2
thm:large-binary-field-product-source-exclusion	Complete binary two-level field-product sources with field dimension Theta(v) exclude polylog-degree PC refutations at polynomial inventory
ex:large-field-source-exact-checks	941 ordinary NS certificates, complete binary kernel matrices, all source images, and unital-descent controls test the large-field argument
lem:cyclic-local-Taylor-coordinate-map	Arbitrary binary cyclic lengths decompose into invertible local coefficient coordinates with exact truncated-product images
lem:cyclic-local-domain-and-weighted-heads	Frobenius domains preserve local index, and weights minus index squared yield at least t/2 disjoint leading pairs
lem:arbitrary-cyclic-binary-kernel-descent	Local cyclic reductions give binary degree-k kernel witnesses, also for independent affine operand probes
thm:arbitrary-cyclic-complete-source-exclusion	Complete binary two-level cyclic sources at arbitrary linear lengths exclude polylog-degree refutations
ex:arbitrary-cyclic-source-exact-checks	2717 exact NS certificates, seven local decompositions, and 1600 complete source models check arbitrary cyclic lengths
lem:projected-cyclic-original-input-space	Cyclic quadratic independence identifies the projected input rank and the full affine intersection, including offsets and dependent rows
lem:projected-cyclic-parity-leading-matching	A rank-r cyclic output projection has at least ceil(r/2) disjoint leading pairs after local row reduction
lem:projected-cyclic-low-rank-complete-map	Low quadratic rank is handled by a high-affine-intersection kernel or a complete basis-prefix normalizer
thm:projected-cyclic-complete-source-exclusion	Every binary cyclic output projection with arbitrary affine offsets excludes polylog-degree refutations at polynomial inventory
ex:affine-intersection-original-degree-gap	The stated normalized quadratic input system derives a cubic target at NS degree four and PC degree three, both exact
ex:projected-cyclic-source-exact-checks	2897 exact NS certificates verify projection descent, a complete shared-weight source, mixed accuracies, and original-degree controls
prop:source-profile-rank-inflation	Every coherent binary source has complete profiles over one affine family with inflation equal to the maximum product of rank-to-accuracy factors along dependency paths
audit:depth-uniform-source-route	The full fixed-depth obligation requires a quantitative source invariant; existing rank profiles and repeated square-root deletion do not close the general budget
lem:all-field-approximate-majority-certifier-barrier	A nonzero degree-at-most-a multilinear polynomial meets both radius-a Hamming balls over any field
ex:three-level-approximate-majority-source	A polynomial-size depth-three approximate-majority circuit has a complete three-level ENS evaluation source in the affine-in-selector grammar
thm:universal-Boolean-source-map-obstruction	The approximate-majority source forces deg(W)+deg(sigma(Z)) above v/3 for every Booleanity-valid complete old-only map with Boolean-nonzero weight
thm:Boolean-domain-affine-profile-cost-obstruction	A Boolean-domain-valid approximate-majority representation over one affine family has delta+T*s above v/3
lem:free-parameter-profile-degree-barrier	With input bounds one and no base NS refutation through s+1, q independent Boolean parameters have no joint cost-s profile when s<q
obs:selector-value-domain-and-flat-expansion	Whole-affine-selector expressions are constant on old-input fibers and degree-s expressions expand into bounded XOR sums of affine-flat indicators
ex:profile-certifier-obstruction-checks	A complete 9848-term circuit, 256 old inputs, and six exact interpolation inverses verify the finite certifier obstruction over F2, F3, F5
lem:formal-old-base-input-rigidity	Below old NS refutation degree, old-certified affine-in-selector rewrites preserve constant selector coefficients; formal old targets project to the old affine intersection
audit:PHP-relative-source-interface	Existing compiler and learning interfaces already allow PHP residuals, but no new full-source compression was obtained
lem:signed-row-trade-spanning	Disjoint two-label row trades span every zero-marginal array on r rows and N>=2r columns over every field
lem:matching-class-row-trade-detector	Every nonzero ordinary matching class through t has a degree-at-most-t representative with a nonzero constant signed row difference
thm:affine-level-full-relative-old-preservation	Complete old-affine ENS preserves the transported matching old window through t under the explicit k,B and packing bounds
obs:rank-cutoff-selector-moment-failure	Semantic low-rank moments and zero high-rank moments can violate a genuine codimension-one flat comparison through 4h+1
lem:elementary-matching-row-set-filling	Every reduced (r-2)-cycle in the r-by-N chessboard complex bounds when N>=2r-1
audit:mixed-selector-extension-quantifiers	Full old-moment preservation does not supply a joint selector extension; one compatible normalized choice would suffice for exclusion
obs:source-module-functional-inverse-barrier	A distinguished affine-factor source module has a constant-width semantic inverse over a fixed finite field; this does not control its joint residual certificate
prop:full-costed-source-coupled-marginals	Matching moments indexed by selector support satisfy exactly the displayed old marginals and legal source-module equations
obs:no-conditioning-natural-moment-sections	In the old stable range, adjacent linear moment-extension sections cannot commute with conditioning by every cell of even one row
third-party:finite-augmented-chain-api	Finite F₂ augmented chains, linear boundary, graded support and exact-face coordinate equivalence, including chessboard spaces
third-party:augmented-boundary-squared-zero	Finite F₂ insertion boundary squares to zero, including the augmented graded complex
third-party:augmented-chain-naturality	Injective relabeling, support-preserving chain maps, subcomplex inclusion, inverse transpose, and the all-degree original chessboard boundary/cycle bridge
third-party:chessboard-parameter-arithmetic	Complete H11 arithmetic: chessboard ν bounds, intersection inequality, transpose induction decrease, stable range and signed reduced-degree boundaries
lem:augmented-cone-contraction	Finite F₂ cone homotopy identity and supported cycle filling in every cell count, including augmentation
third-party:chessboard-star-cover	Closed first-row stars are subcomplexes, satisfy cone closure, and cover every (a+1)-by-b board with a+1≤b
def:finite-complex-cover	Finite augmented intersections, covers and nerves defined using common vertices, with empty index face retained
third-party:simplex-boundary-acyclicity	Boundary of a nonempty b-vertex simplex is F₂-exact at k-cell chains for k+1<b, excluding top reduced homology
lem:finite-cover-double-complex	Finite F₂ supported cover double chains, commuting square-zero boundaries, and horizontal exactness in positive vertex count
third-party:chessboard-star-intersections	Intersections of t≥2 first-row stars identify with smaller rectangular boards through augmented chain equivalences and actual filling transport
lem:augmented-subcomplex-relabeling	An injective face correspondence exhausting a subcomplex gives inverse all-degree chain maps and transports every cycle filling
third-party:chessboard-star-nerve	For at least two rows and columns, the first-row star nerve equals the simplex boundary; full intersection has only the empty face; nerve exactness below top and star exactness
third-party:homological-cover-lemma	Finite F₂ homological cover lemma with vertex-nonempty nerve and intersection exactness at card(J)+r≤n implies AcyclicThrough K n
third-party:chessboard-homological-bound	Every positive rectangular chessboard is F₂-exact in cell counts k<ν(a,b), including augmentation
thm:active-window-old-extension-reduction	Costed source-module feasibility is equivalent to joint feasibility in the queried old-moment windows; unused moments then extend independently
cor:full-binary-source-active-window	The full binary compiler with OR costs 3L and target weights at most 2L only queries polynomial weight through D-L
audit:adaptive-query-fixed-distribution-gap	Degree-budgeted old query answers give a favorable design for each fixed tree but not the distribution and rate required by the ENS bridge
thm:finite-polynomial-graph-cover-barrier	A polynomial-system cover of an approximate-majority graph has total equation/output degree above the Hamming-ball radius
lem:finite-cover-NS-combination	NS refutations over Boolean cover branches combine at the sum of branch degree ceilings
audit:proof-specific-pruning-reuse	Zero-cofactor and Booleanity-port removal already cover the proposed abstraction; proper OR comparisons retain supplied companion obligations
obs:matrix-Boolean-normalization-degree	Complete matrix flat normalization requires h(T+1)>=r; the approximate-majority barrier also persists for scalar Boolean-nonzero weights
obs:aggregate-companion-input-cycle	Grouping the actual OR-union companion contributions produces cyclic coefficient dependencies among same-level blocks
lem:affine-boundary-type-certificates	An infeasible type of k old-affine boundary products has an ordinary NS witness through kw+1, or kw for consistent positive equations
thm:comparison-component-boundary-compression	A same-level old-affine comparison component admits internal port witnesses through 2kw over k boundary products; a qualified modular proof transfers through max(1,k)D
cor:one-boundary-affine-comparison-compression	With one proper affine boundary flat, internal values become 0, 1, P, or 1-P without increasing the source degree budget
def:ordinary-polynomial-proof-foundations	Ordinary primitive PC derivations, individually degree-charged NS spaces, and Boolean/unary/compact bases
lem:reuse	Completed-line PC multiplication versus flattened NS degree cost
lem:row-linear-polynomial-space	Ordinary row-linear space has exact dimension sum_j≤k choose(m,j)ℓ^j, degree≤k, and a nonzero maximal-degree coefficient for every nonzero member
lem:ordinary-restriction-dimension	Ordinary degree-k polynomials in d variables have dimension≤choose(d+k,k); affine substitution preserves degree and bounds restriction-image dimension accordingly
lem:substitution	Degree-controlled polynomial substitution and fixed-weight primitive PC replay
lem:binary-degree-controlled-Boolean-reduction	Binary squarefree remainder with original-degree ordinary NS certificate, Boolean-grid vanishing certificate, and q²−q certificate through2degq
third-party:linear-annihilator-extension	Standard normalized subspace separation and compatible annihilator extension
lem:duality	Normalized bounded-degree NS designs and PC annihilators iff absence of the corresponding refutation; NS≤PC
lem:squarefree-forbidden-pair-certificate	A squarefree monomial containing a distinct supplied forbidden pair is one ordinary NS generator multiple through its cardinality
lem:affine-form-polynomial-interface	Finite affine coefficient forms embed faithfully and linearly into ordinary degree-at-most-one polynomials, with evaluation and AffineMap bridges
lem:affine-system-linear-algebra	Proper affine spans have common zeros, vanishing gives constant span witnesses, inconsistency gives a unit certificate; linear parts preserve proper-span independence/rank and nonzero inputs have exact degree one
lem:affine-coordinate-completion	Independent proper affine forms extend to an affine coordinate equivalence; inverse zero-extension parametrizes exactly their zero flat, with n-r free coordinates for r inputs
lem:compact-bit-decoder-coordinates	Explicit ordinary bit-to-unary decoder with polynomial linear left inverse, injectivity, and exact ordinary degree
lem:compact-bit-ordinary-PC-decoder	Original-degree compact axiom-image NS certificates and transfer of arbitrary PC consequences to the functional unary base
lem:functional-matching-normal-form	Degree-nonincreasing linear matching normal form with exact Boolean/exclusion ordinary-NS kernel, original encoding equality and all row-generator identities
lem:fresh-ENS-block-degree	Canonical disjoint fresh ENS factors/products/companions have degree bounds 2,2h,2h+1, with equality for an actual degree-one selected input; injective registry renaming preserves degree
lem:fresh-ENS-scalar-cleanup	Delete a complete fresh ENS block by scalar substitution at the same ordinary PC ceiling when companion images vanish and coefficient constants are idempotent; zero blocks and binary unit-span blocks satisfy these conditions
lem:finite-affine-map-polynomial-bridge	Faithful linear ordinary-polynomial representation of affine maps on arbitrary finite coordinate types
lem:low-rank-ENS-specialization	Rank r≤h(k+1) affine input families admit old coefficient polynomials of degree≤k, exact zero-indicator product of degree≤r and ordinary Boolean NS companion certificates through r+1
lem:finite-affine-map-span-witnesses	Literal constant-coefficient affine-map identities from zero-flat vanishing and inconsistency
lem:simultaneous-affine-family-removal	A degree-D complete affine ENS family refutation yields f in old PC through k(D+1), given literal degree-(k−1) witnesses on every rank>h(k+1) block, h,k≥1 and D≥2h+1
lem:matching-marginal-cycle	On s≥1 rows, compatible lower matching moments form an augmented cycle in cell count s−1 and have checked fillings when N≥2s−1
lem:matching-moment-row-relabeling	Injective row relabeling preserves matching moments and every marginal, and row-set embeddings exhaust their retained rows
lem:prescribed-matching-moment-extension	Arbitrary prescribed matching moments extend through B when N≥2B−1, with bounded ordinary-NS functional extension when N≥1
lem:affine-literal-product-prefix	A product of n affine-literal complements has telescoping coefficients of degree≤n−1
lem:bit-PHP-initial-clause-bridge	Actual usual-CNF falsifying assignments, compact-pair semantic cover, and fixed-registry initial PC values through2h+ℓ
lem:affine-family-removal-with-unit-blocks	Complete weighted affine-family removal permits each high block a unit-span certificate or the existing degree(k−1) literal witness
lem:finite-affine-DAG-registry	A finite affine source DAG admits one compressed registry with3S+initial slots, width≤max(initial width,v+2), exact variable count, and fixed-ceiling PC replay
lem:finite-affine-coordinate-completion	Independent proper affine-map families on any finite coordinate type extend to an affine equivalence with designated input coordinates
lem:coordinate-restriction-ideal	Zero ordinary coordinate restriction gives literal selected-variable coefficients through degree k−1, including k=0
lem:ordinary-affine-restriction-ideal	Binary affine ordinary pullbacks compose and invert; zero free restriction gives literal degree-(k−1) affine coefficients and image dimension≤choose(v−r+k,k)
lem:ordinary-restriction-kernel-bound	The high-rank binomial bound decays by exp(−k²/m); k²≥m log(4M) gives a quarter budget, including the original ceil-square-root choice
lem:disjoint-binary-coordinate-pairs	Disjoint binary coordinate pairs for finite direction families under 4(t−1)<2^ell, exact bit sums and used-label cardinality, and sufficient positive residual-board parameters
lem:binary-cube-degree-drop	Explicit binary cube sums lower ordinary degree by the number of selected groups, vanish below that degree, and transport NS witnesses when each generator has a fixed residual image
lem:proper-affine-block-restriction	Polynomial/affine span rank and unit equivalence, actual rank-sized coordinates and literal original-input coefficients through k−1
lem:common-affine-restriction-kernel	Nonzero row-linear common ordinary kernel at rank>3ℓ(k+1), concrete square/ceil-sqrt-log budget and literal degree-(k−1) witnesses; unit blocks separate
lem:row-cube-coefficient-isolation	A selected-row binary coordinate cube extracts the exact prescribed maximal-row monomial coefficient
lem:row-cube-residual-restriction	Concrete one-hot row-cube restrictions preserve actual functional-unary generators, lower the NS budget by the selected-row count, and commute with decoder coordinates
lem:affine-exclusion-parameter-bounds	Uniform eventual square, packing, and degree room for polynomial inventories and arbitrary fixed polynomial bit-length degree budgets
prop:mixed-prefix-boundary-only-obstruction	Complete mixed OR/literal prefix ports force retention of every prefix when omitted values depend only on retained product values
prop:mixed-prefix-boundary-old-degree-tradeoff	For retained prefix set K, an omitted value at j needs old degree at least j minus its preceding retained index; hence r <= k+(k+1)*delta
audit:weighted-mixed-port-reuse	Nonzero Boolean masks can remove a mixed-port image at its original ordinary NS budget, but the audited tautology-frame application was already covered
obs:scalar-old-component-extension-obstruction	Scalar multiples of a freely chosen old functional cannot satisfy all bit-copy source links on the stated active window; a complete correlated pullback does exist
lem:nondegenerate-old-moment-pairing	In the old stable range, a normalized design over a finite characteristic-two extension has nonsingular degree-t pairing; every active old functional has a degree-t density
ex:orthogonal-density-mixed-port-failure	Nonsingular orthogonal-unit projections violate a legal mixed OR constraint at t=D=5; a corrected density also cannot be multiplied as a Boolean value
lem:prescribed-row-moment-pairing	A normalized old matching design can retain nonzero prescribed masses of one row while its full moment pairing and specified row-predicate ideal pairings are nonsingular
audit:PHP-row-density-correction	The full unary old row coordinates repair the density projection in a complete 65-pigeon, 64-hole source at degree six
lem:Boolean-design-point-support-lower-bound	Every Boolean-point realization of a degree-D design of an unsatisfiable degree-gamma system has at least 2^(D-gamma+1) points; the binary normalized bound is one larger
prop:one-cofactor-large-specialization-span	One genuine ENS factor spans all input products through h under scalar specialization; the binomial Boolean dimension persists in the old matching quotient for diagonal inputs
ex:retained-interface-finite-preservation	Two complete rank-three affine helper extensions preserve the entire 210-expression old/three-product interface through weighted degree five; quotient rank stays 79 and C-AB still needs NS degree six
thm:fresh-block-conservativity-loss-bound	Over F2, a consequence t in the existing variables of one fresh complete block (any rank k, accuracy, input level) lies in the base NS space through min(D+k*delta, max(D+deg t, 2D-w)); M independent blocks cost about (M+1)D by the same method
ex:same-degree-interface-preservation-refuted	With base A, B and the second-level block E on (1+A,1+B), the fresh helper on (x_i+y_i) gains one new consequence at D=7 and ten at D=8, including whole-product relations such as E(g1g2g3+x1x2x3+y1y2y3); each enters the base space at D+1
ex:rank-dependent-fresh-block-loss	Over the base A, B, E=P(1+A,1+B), fresh helpers lose zero degrees at rank two (any count, third-level base too), one at rank three, two at rank four; the rank-three gain is realized by a verified witness with s-free helper cofactors, exactly the sufficient gain criterion
lem:fresh-block-coefficient-criterion	At accuracy one over F2, t is a degree-D consequence of a fresh block iff there are Q^alpha in the input ideal with cofactor degree <= D-e_i-|alpha| such that t+Q^empty and every coefficient polynomial (1+sum_{j in alpha} g_j)Q^alpha+sum_j g_j Q^{alpha minus j} lie in the base space through D-|alpha|
cor:affine-rank-two-same-degree-conservativity	An accuracy-one block on two affine inputs never adds degree-D consequences in the existing variables, over any base with Boolean equations
conj:level-one-fresh-block-conservativity	Over F2, a fresh accuracy-one block with affine inputs adds no degree-D consequence in the existing variables when the base is Boolean equations plus complete accuracy-one affine blocks, at any rank
audit:fresh-block-losses-placement	The one-level theorem dualizes to a weighted-substitution design; the fresh-block losses are finite instances of second-level inputs that are sums of low flat indicators, the recorded composition frontier
obs:third-level-rank-two-map-obstruction	The combined rank-two old-only map does not extend to a general third level: a third-level input reading a low-pair parent with branch rank below v ln(8M)/k is a perturbed-hyperplane indicator that the kernel count cannot absorb, and bottom sums are outside the quotient lemma
obs:middle-rank-frontier	Matching restriction cannot make dense low-rank forms constant on any polynomial residual, and (claim corrected in `cor:polylog-high-threshold-cube-volume`) enlarging the weight degree was said not to lower the high threshold; the open zone is a level-two block of small affine rank reading many distinct low blocks, or a middle-rank block reading any low block
lem:flat-restriction-dimension	The restriction of multilinear polynomials of degree <= k to a flat of codimension r has dimension <= sum_{j<=k} C(v-r,j) <= 2 e^{-rk/v} C(v,k) for k <= (v-r)/3
cor:polylog-high-threshold-cube-volume	In the cube-volume framework with k = floor((n/4-D)/(2D+1)) and D >= max(13, ell), affine tuples of rank >= v ln(16M)/k = O(D ell log M) are clamped by the weight and all others are packed by one-bin telescoping; the survivors on the weight's support are narrow terms
imp:beame-q-matching-switching-lemma	Over qn+1 points, an r-disjunction restricted by a random partial q-matching leaving q ell+1 points has canonical matching decision tree of height >= s with probability < (4 e^q r^{1/q} p^q n^{q-1/q})^s, for 6 <= ell = pn <= (n/r)^{1/q^2}/e
lem:switched-reader-old-image	A matching decision tree of height s that represents and refines a disjunction of terms of size <= r yields a complete old-only image of the ENS block reading those terms: product and coefficient images of degree <= s, companions through r+s, coefficient identity through s, Booleanity through 2s, over point axioms, exclusions, and Boolean equations
cor:literal-term-readers-polylog-images	With ell ~ n^{1/4} r^{-1/4} and s = ceil(log2(2M)), a common restriction gives all M readers of width-r literal terms images with certificates through r + 2 log2(2M), on a residual of Theta(n^{1/4} r^{-1/4}) points
lem:bipartite-matching-switching	On the (n+1) x n board, for an r-disjunction and 1 <= s <= ell <= n-1, the fraction of size-(n-ell) partial matchings whose canonical matching decision tree has height >= s is at most (ell+1)^s sum_{j>=s/2} A^j <= 2((ell+1) sqrt(A))^s, A = 4 r ell (ell+1)/((n-ell+1) ln 2) <= 1/2
lem:bit-term-decoder-image	A conjunction of r bit literals on rho rows decodes, modulo I_r(F^fun), to the sum of the at most n^rho pairwise incompatible unary terms assigning each row a consistent hole
lem:sum-input-switched-image	With inputs that are sums of pairwise incompatible unary terms and a representing, refining tree of height s, full leaf terms as coefficient images give companions and the coefficient identity through r+s and Booleanity through 2s
obs:restriction-family-obstruction	The switching lemma's extension count needs uniform partial matchings, while the weight step needs the compact subcube family with a fixed residual subcube; in that family extensions give ratio C(N,j)(N+1)_j >= 1, and after a uniform restriction the residual is not affine; unary weight fails by ambient dimension mn
lem:subcube-bit-switching	In the slack subcube family Phi_e (N+1+e residual pigeons, e free outside labels, fixed residual subcube of size N), a reader with <= r rows per term and <= w literals per row, w <= l-l_2-1, e >= 2^{w+2} s, has canonical-tree height >= s with probability <= A^s + M r exp(-e 2^{-w-4}), A = 2r(N+e)e(N+e+1)/(n-N-e+1); the tree transfers to the compact family Phi_0; with e=N, N^3 <= n/(48r), w <= log2 N - log2 s - 6, s = ceil(log2(8M)) one restriction serves all readers
ex:fixed-subcube-pinned-rows-refuted	For the fixed subcube Q, the reader OR_i [row i pinned to q_{i mod N}] (n+1 one-row terms of l literals, rank l <= r_high) has, for all but an N^{-1/10} fraction of Phi_0, no matching decision tree of height below N/(2 log2 N + 35) whose leaves falsify every term or contain a satisfied term
obs:subcube-code-obstruction	An extension encoding in any family whose residual holes form a flat gains only from the residual pigeons and can record a residual row only by matching it to a consistent free label outside the flat, so it covers exactly rows with at most about log2(e/s) literals; a uniformly random flat defeats the pinned-row reader and keeps the lemma, leaving row widths between (1/3) log2 n and (c-1/3) log2 n open for M = n^c
lem:random-flat-restriction-preservation	Restricting to a uniformly random affine flat Q of dimension l_2 (live rows uniform, others matched bijectively outside Q) maps degree-d old-bit polynomials to degree <= d in the residual bits, maps Q_n into the ideal of Q_N with certificates through l, and keeps the affine decoder consistent modulo the residual row axiom; the multiplier space, flat count, and cube detector apply verbatim on Q
thm:random-flat-literal-switching	In the random-flat family, a reader whose light part (rows below w_0 literals) satisfies the subcube switching hypotheses has, with probability >= 1 - A^s - M r exp(-e 2^{-w-4}) - M_h r (N+1+e)(N+2r) 2^{-w_0}/n, a tree of height < s whose 1-leaves contain a satisfied term and whose 0-leaves falsify every light term while heavy terms are falsified or vanish modulo residual Booleanity; hence complete switching for sources of size S <= n/(768 s r (N+2r)); refined on 2026-09-18 (`entry-2026-09-18-literal-window`) to (N+1) in place of (N+1+e), giving completeness up to n^{4/3}/polylog and a window from (1/3) log2 n to (c-1) log2 n for S = n^c, c > 4/3
ex:q-skip-tree-encoding-refuted	Making the canonical tree skip terms with a row that has no consistent unused hole of Q breaks the extension encoding: a moved row's consistent outside code label can revive a skipped term for the decoder
lem:hole-query-node-functional	A hole-query node with branches X_{jq} over uncovered pigeons and the empty branch u_q = 1 - sum_j X_{jq} has branch factors summing to one identically, pairwise products zero modulo Boolean and exclusion axioms at degree two, and idempotent u_q; trees with such nodes keep leaf degree <= height, the leaf partition identity, and pairwise incompatibility, so the switched-reader image lemmas extend verbatim without any onto axiom
obs:literal-window-structure	The light range (1/3) log2 n is intrinsic to extension encodings in flat families (the free-set entropy is the gain; a fixed free pool only raises the family ratio); a window term is alive-unsatisfied with a Q-consistent heavy row with probability <= r 4^r (N+1)N/n times the product of its pattern densities, against >= 2^{-2r-1} times the product for satisfaction, so the window matters only for readers with correlated satisfaction events; the sufficient obligation is a bound on >= k_0 alive window terms with distinct heavy rows and no satisfied term (corrected on 2026-09-18 by `ex:random-flat-pigeon-only-refuted`: the holes must also be distinct, and the tree must use hole queries)
ex:random-flat-pigeon-only-refuted	In the random-flat family the single-target reader F_{x*} = OR_i [row i pinned to x*] is, with probability N/n (the event x* in Q), unsatisfied and without any pigeon-only deciding tree of height < N-1, while one hole query at x* decides it; the n readers F_{x*} (size n^2) contain a bad one for every restriction
obs:alive-pair-matching-obligation	For unary heavy rows the alive pinned pairs (residual row, label in Q) form a bipartite graph B; a tree decides the pinned part in height equal to the vertex cover number = matching number nu(B) (König), and no tree does better when no term is satisfied; the readers OR_x [i_0 -> x] and F_{x*} show that distinct holes alone or distinct rows alone do not suffice; dense pinned classes (>= n ln(8SK) pairs) are satisfied by matched edges when their tail is (negative association of a uniform bijection, imported from Joag-Dev and Proschan 1983), sparse classes have few alive pairs in expectation; the missing step is an exponential tail for nu(B) over the random flat
lem:dense-labels-satisfied	Given (Q, R'), if at least Delta_0 = N + 2(n-N) ln(8S)/D* labels have degree >= D* >= 2(N+1) in a unary reader, some term is satisfied by the uniform bijection mu' with probability >= 1 - 1/(8S)
lem:sparse-matching-tail	Alive pinned pairs with labels of degree < D* = k_1(n-k_1)/(2e(N+1)N) have matching number >= k_1 with probability <= 2^{-k_1}, by the symmetric sum of degrees over the flat's N points and the uniform residual set
lem:dense-labels-in-flat	A set D of labels meets a uniformly random flat of size N in >= k_2 points with probability <= |D|^{k_2} (N/n)^{ceil(log2 k_2)+1}
thm:unary-reader-hole-query-switching	In the random-flat family a unary reader has, with probability >= 1 - 1/(8S) - Delta_0^{k_2}(N/n)^{ceil(log2 k_2)+1} - 2^{-k_1}, a pigeon-and-hole-query tree of height <= k_1 + k_2 whose 1-leaves contain a satisfied term and whose 0-leaves falsify or annihilate every term; for S = n^c readers, k_1 = ceil(log2(16S)), k_2 = 2^{c+2}, one restriction serves all unary readers with height O(log S + 2^c); readers with separate light and unary terms are covered with the light encoding
lem:adaptive-heavy-query-rule	In the canonical tree for mixed readers, querying the pigeon when its row has at least two unkilled pairs of B_0 (residual row, label in Q, tails ignored) and otherwise the hole makes every path's heavy queries pairwise distinct in rows and holes, hence at most nu(B_t) with B_t the pairs whose tail is not falsified; the decoder recomputes the rule from the code, so the light encoding applies with heavy queries recorded unmoved
lem:matched-first-preference	Preferring, among non-falsified terms, the earliest whose pinned pair is matched makes every heavy query come from a class with no matched pinned pair, so the heavy queries of a path number at most nu(B_um), the matching number of alive pairs of unmatched classes with non-falsified tails; decoder-computable
obs:window-height-budget	The residual weight step needs image degrees 2s+r <= N/4, so tree height N/8-r suffices for the window and N is a free polylogarithmic parameter; heavy queries number at most 2N+1 on any path, so every literal reader switches at every polynomial size with height 6N+3c, and the open mixed-term obligation is a constant-factor bound (at most N/24 heavy queries on paths with few light answers)
lem:alive-unmatched-comparison	For any pair set P in the random-flat family, Pr[some pair alive and none matched] <= 45(N+1)^2 ln(n)/n * Pr[some pair matched]; no structure of P or of the flat is used
lem:tail-comparison	A light tail on at most r-1 rows is alive but not satisfied by the restriction with probability at most 2(r-1)2^w(N+1)/n times the probability that it is satisfied, also conditionally on the other rows and the flat
cor:eligibility-expectation	For any mixed reader, the expected number of classes eligible to trigger a heavy query is at most theta'(1+eps_w) times the expected number of classes with a satisfied term, theta' = 45(N+1)^2 ln(n)/n (1+o(1))
thm:single-row-full-class-switching	Mixed readers whose classes are full (all rows pinned to one label) with single-row light tails on pairwise distinct rows have, at every polynomial source size n^c, at most 2^(2c+2) heavy queries on every path except with probability n^(-c-1)+n^(-2c-2): many labels force a satisfied term by negative association over distinct rows, few labels bound the trigger holes by the affine rank of the label set in the flat
thm:bounded-loading-switching	Single-row full-class readers on arbitrary rows with loading Lambda(F) = sum over rows of the fraction of labels consistent with a class at most lambda_0 have fewer than (2c+2+max(4e lambda_0,(c+1)log n))2^(c+3) heavy queries on every path except with probability 3n^(-c-1): few hosting rows are residual, few matched rows are loaded (negative association), and each assigned row's survivor set in the flat is bounded by affine rank
lem:out-loading-satisfaction	Given the flat, the probability that no term is satisfied is at most exp(-sum over rows of the number of labels outside the flat consistent with a class of that row whose label is outside the flat, divided by n+1)
obs:full-class-holes-are-labels	For single-row full-class readers every heavy query's hole is a label of the reader inside the flat, so heavy queries number at most the size of the label set's intersection with the flat; readers with at most n^(2/3) labels have fewer than 2^(c+3) heavy queries except with probability n^(-c-1), with no hypothesis on rows or loading
thm:single-row-full-class-window	Every mixed reader whose classes are full (all rows pinned to one label) with a single-row light tail, on arbitrary rows, has fewer than N/24 heavy queries on every path before a 1-leaf except with probability 8n^(-c-1), for N at least 2^(c+11)(c+2)^2 ln^2 n; six exclusions organized by labels (heavy labels in the flat and few, large survivor sets outside the flat, light out-loading forces a satisfied term, the flat's light loading is small by charging light-good pairs to light labels, few matched and few residual rows yield light holes)
ex:mixed-tree-round-trip	The mixed canonical tree (matched-first preference, adaptive heavy rule, hole queries) and its encoding decode correctly on every rich bad path of six exhaustively enumerated role-separated instances (n=8, N=2, 3147 paths), and a constructed reader with a row pinned in one term and light in another fails on 2610 of 4050 and 2130 of 4450 paths
ex:adaptive-rule-pigeon-counterexample	A full-column reader with k >= 2 classes labelled in the flat, tails satisfied, and every residual row pinned makes the adaptive tree take N-k+1 pigeon queries on one path, all triggered by the same hole, while nu(B_t) = k; for k = 2 the configuration has probability of order N^2/n^2, so the adaptive-tree heavy bounds fail for c >= 2
lem:hole-only-rule	Querying the trigger hole at every heavy round (branches over uncovered residual rows and the empty branch) makes the trigger holes of a path pairwise distinct, so heavy queries number at most the hole count of the alive non-falsified pinned pairs, at most N, each answer among N+2 values; for role-separated readers the light encoding applies with the heavy answers recorded and nothing to recompute
lem:light-row-matching-satisfaction	In a bipartite full-column reader, if the graph of matched light rows against hosted light labels outside the flat has a matching of size 12*2^w(c+1) ln n, some term is satisfied except with probability n^(-c-1): the events "row j consistent with its matched label x_j and x_j occupied by a pinned row" use disjoint rows and columns, so negative association gives the product
thm:bipartite-full-column-switching	Bipartite full-column readers (pinned rows A, light rows B with at most (n-2N-2)/2 rows, classes A x {x} with a single-row light tail on B) have fewer than N/24 heavy queries on every path of the hole-only tree before a 1-leaf except with probability 8n^(-c-1) for N at least 2^(2c+24)(c+3)^2 ln^2 n, and switch at every polynomial size within the height budget on that tree, whose decoder is verified
ex:hole-only-sparse-failure	The unary reader OR_x [i_0 -> x] with i_0 residual (probability (N+1)/(n+1)) has a path of N heavy queries in the hole-only tree, one pigeon query in the adaptive tree, and one round in the both-endpoints tree
lem:both-endpoints-rule	Querying the trigger pigeon and then, unless it took the trigger hole, the trigger hole makes the trigger pairs of a path pairwise disjoint, a matching in B_t; rounds at most nu(B_t) <= N, queries at most twice that, answers among (N+e)(N+2) values per round; for role-separated readers the light encoding applies with the answers recorded
lem:two-tier-matching-satisfaction	In a column reader, if the graph of matched light rows against light labels outside the flat hosted by dense classes (at least n/4 pinned rows) has a matching of size 20*2^w(c+1) ln n, some term is satisfied except with probability n^(-c-1)
thm:two-tier-column-switching	Column readers (pinned rows A, light rows B, classes I x {x} with I in A and a single-row light tail on B) whose classes pin at least n/4 rows or are sparse with the sparse classes at each label pinning fewer than n/(400e(N+1)) rows in total have fewer than N/48 heavy rounds on every path of the both-endpoints tree before a 1-leaf except with probability 8n^(-c-1) for N at least 2^(2c+29)(c+4)^2 ln^2 n, and switch at every polynomial size within the height budget
lem:activated-sparse-matching-tail	If for every label x and every light assignment the activated degree (union over the activated classes at each tail row, summed over tail rows) is below D* = n/(400e(N+1)), then the alive pairs with non-falsified tails have matching number >= N/192 with probability <= 2^(-N/192): the tail events are increasing on distinct rows, so negative association bounds them by a product measure on the light rows, and the symmetric sum over N points closes as in the sparse lemma
thm:activation-bounded-column-switching	Column readers whose every label is two-tier (sparse classes pin fewer than D* rows) or activation-bounded (activated sparse degree below D* for every light assignment) satisfy the two-tier theorem's conclusion with the same constants
lem:two-stage-exposure-reduction	For an arbitrary column reader, after exposing the flat, the residual pinned rows and the pinned rows' labels, the probability of a path with k rounds and no 1-leaf is at most the sum over k-matchings of alive pairs and class choices of the product over tail rows of the unblocked activation weights (labels consistent with the chosen patterns, in the remaining labels, activating no matched class at that row, plus the residual probability)
conj:general-column-claim	Every column reader (classes I x {x}, I in the pinned rows, single-row light tails, role-separated) of a source of size n^c has fewer than N/48 heavy rounds on every path of the both-endpoints tree before a 1-leaf except with probability O(n^(-c-1))
lem:activated-union-degree-tail	Given the flat and the light rows, if every label's activated union of pinned rows (over the classes whose tail row is residual or carries a consistent label) has fewer than n/(800e(N+1)) rows, the alive activated pairs have matching number >= N/192 with probability <= 2^(-N/192): the residual pinned rows form a uniform set of size at most N+1, and the symmetric sum over N points closes
thm:row-spread-column-switching	Column readers whose light rows each host classes of fewer than n^(1/3) distinct labels have fewer than N/48 heavy rounds on every path of the both-endpoints tree before a 1-leaf except with probability 4n^(-c-1), for N >= 2^(c+11)(c+1) log n and 2^w <= n^(1/3)/(2^15 e(N+1)(c+1) ln n), and switch at every polynomial size within the height budget
thm:pattern-bounded-switching	Role-separated readers with single-row light tails and any pinned pairs whose light rows carry at most H_max = n^(2/3)/(3300eN(N+1)J_0) patterns, J_0 = 32*2^w(c+1) ln n + N + 1, have fewer than N/48 heavy rounds on every path of the both-endpoints tree before a 1-leaf except with probability 3n^(-c-1), for N >= 2^(3c+10)(c+1) log n and 2^w <= n^(1/3), and switch at every polynomial size within the height budget; in particular every such reader of width w <= l/(2 log_2(2l+1))
cor:rank-step-correction	The independent-points rank bound (|X|N/n)^(d+1) is below n^(-c-1) for |X| <= n^(2/3) only when d >= 3c+3, and for |X| <= n^(1/3) polylog when d >= 2c+2; four recorded steps used d = c+3 with such sets
thm:multirow-mass-switching	Role-separated readers of pinned rows with light tails on any rows have fewer than N/48 heavy rounds on every path of the both-endpoints tree before a 1-leaf, for N >= 2^(d_eps+6)(c+1) log2 n, d_eps = ceil((c+1)/eps)+1, if (i) at most n^(1-eps) labels have a light union of at least n/(800e(N+1)) pinned rows (probability 3n^(-c-1)), or (ii) tails have at most t rows and total width W and no light row carries light-host mass above M_eps = n^(2-eps)/(1600e(N+1)J_0), J_0 = 2t(2^(W+4t)(c+1) ln n + N + 1) (probability 4n^(-c-1)); they switch within the height budget when the tails lie in the light lemma's range
cor:multirow-size-switching	Every role-separated reader of pinned rows with light tails of any shape and at most n^c terms, 1 <= c < 2-eps, 800e(N+1) <= n^(2-eps-c), has fewer than N/48 heavy rounds on every path before a 1-leaf (probability 3n^(-c-1)) and switches within the height budget when its tails lie in the light lemma's range
thm:few-light-rows-switching	Role-separated readers of pinned rows with light tails of any shape on at most n^(1-eps)/N^4 light rows, any pinned pairs and any size, have fewer than N/48 heavy rounds on every path of the both-endpoints tree before a 1-leaf except with probability 4n^(-c-2) for any c > 0, for N >= 2^(d+7) c' log2 n with r_0 = ceil((c+2)/eps)+1, c' = c+2+r_0, d = ceil(c'/eps)+2; they switch within the height budget when the tails lie in the light lemma's range
thm:crowded-rows-exposed-switching	Role-separated readers of pinned rows with light tails on at most t rows (total width W, at most n^c terms) and at most n^(1-eps)/N^4 crowded light rows (light mass above M_eps under the heavy threshold 2(N + n^(1-eps)/N^4)(n+1)) have fewer than N/48 heavy rounds on every path of the both-endpoints tree before a 1-leaf except with probability 6n^(-c-2), for N >= 2^(d+7) c' log2 n and J_0 <= n^(1-eps)/N^4; they switch within the height budget when the tails lie in the light lemma's range
cor:crowded-size-switching	Every role-separated reader of size n^c with light tails on at most t rows of total width W and 1600e t (N+1) N^4 J_0 n^c <= n^(3-2eps), that is c < 3-2eps-o(1), has fewer than N/48 heavy rounds on every path (probability 6n^(-c-2)) and switches within the height budget when its tails lie in the light lemma's range
lem:complete-term-rule	On the complete-term tree (the both-endpoints round first, then every uncovered tail row of the current term whatever the round's outcome) the trigger pairs of a path form a matching in the alive pairs of hosts not falsified by rho' and without a matched pair, and every recorded round bound transfers, with fewer than r_0 rounds added for the theorems that expose light rows
lem:two-role-decoder	With code labels avoiding the moved row's pinned labels, the extension encoding of the complete-term tree decodes for every reader, two-role rows allowed; richness' holds with probability 1 - Mr exp(-e 2^(-w-5)) under sparse pinning (a row pinned to at most a quarter of any pattern cube on it) and e >= 2^(w+3) s
thm:two-role-few-rows-switching	Readers with at most n^(1-eps)/N^4 light rows, two-role rows allowed, tails of any shape, any pinned pairs, any size, have fewer than N/48 heavy rounds on every path of the complete-term tree before a 1-leaf except with probability 4n^(-c-2), with N as in `thm:few-light-rows-switching`; under sparse pinning they switch within the height budget
thm:two-role-exposed-switching	Two-role readers (tails on at most t rows, at most n^c terms) on the complete-term tree, with heavy threshold 2(N + 2n^(1-eps)/N^4)(n+1), an exposed set of at most n^(1-eps)/N^4 light rows containing every crowded row, and light mass at most n^(2-eps)/(3200e(N+1)) on the two-role rows outside it, have fewer than N/48 heavy rounds on every path before a 1-leaf except with probability 6n^(-c-2), for N >= 2^(d+7) c' log2 n and J_0 <= n^(1-eps)/N^4; under sparse pinning they switch within the height budget
cor:two-role-size-switching	Every sparsely pinned two-role reader of size n^c, 1 <= c < 2-eps with 800e(N+1) <= n^(2-eps-c), whatever its tails, has fewer than N/48 heavy rounds on every path of the complete-term tree (probability 3n^(-c-1)) and switches within the height budget in the light lemma's range; with tails on at most t rows and J_0 <= n^(1-eps)/(2N^4), the same holds when 3200e t(N+1)N^4 J_0 n^c <= n^(3-2eps) provided its two-role rows number at most n^(1-eps)/(2N^4) or carry light mass at most n^(2-eps)/(3200e(N+1))
obs:composition-gap	The composition of a heavy-round bound with the light encoding into switching within the height budget, recorded only as the height-budget sketch, is unproved: the round bounds are proved for the compact family Phi_0, the extension encoding exists only on the slack family Phi_e, the recorded mixed-tree rule does not define the slack tree at a pin whose hole is a free outside label, the tool's rounds at such pins have matching number above N for c >= 2 - 2 theta, and the sketch's own arithmetic covers per-row width (2/7) log2 n, not (1/3) log2 n
lem:dichotomy-switches-single-label-pins	A reader of terms [i->x] & tail (tails of any width) or pin-free light terms with at most w literals per row in the light lemma's range, at most r rows per term, M terms of which M_h pinned, two-role rows and any pinning allowed, has under a uniform compact restriction a matching decision tree over Q of height below s whose 0-leaves falsify every pin-free term while every pinned term is falsified or vanishes, except with probability A^s + Mr exp(-e 2^(-w-4)) + M_h r (N+1)(N+2r)/n^2 (height 0 and the last term alone when every term is pinned); a source of total size n^c, c < 2, switches under one restriction with height O(log S)
lem:pair-space-restriction	Pair space with the filling on a fixed e-set S of rows outside every tail: rho uniform in Phi_e(S), rho'' a uniform bijection S -> E(rho); rho' = rho u rho'' is uniform in Phi_0(S), and Pr over Phi_0 of any event is at most (7/5) times its average over S of Pr over Phi_0(S) when e(N+1) <= n/8 (Lemma A0); the slack tree (complete-term tree on the slack instance, hole queried after every pigeon answer, pin test at a pin with a free hole) restricted by the filling is a valid matching decision tree for rho' whose height is the number of real queries (Lemma A)
lem:pair-space-decoder	The encoding (rho*, sigma, beta, delta) of the restricted slack tree, rows of S recorded by nothing, code labels in E(rho) n C(p) \\ X, is injective (Lemma B); the bad fraction is at most A''^s (2N(N+2))^nu_0 with A'' = 2rN(N+1)e/(n-N-e+1), the family ratio prod (N+1-i)(e-i)/(n-N-e+1+i) paying only for the N+1 compact residual rows (Lemma C); richness' needs sparse pinning, |X n C(p)| <= |C(p)|/4
lem:pair-space-round-bound	Steps (H1) to (H3) of `thm:multirow-mass-switching` hold on Phi_e(S) with S uniform in A: heavy threshold 2(N+2e)(n+1), D_2^(e) = n/(1600 e_Euler (N+1+e)), union bound (4(N+1+e)/n)^k; at most N/48 - 1 rounds on every path of the slack tree before a 1-leaf except with probability 3n^(-c-1) when the labels with a large light union number at most n^(1-eps), in particular for readers of size n^c when 1600 e_Euler (N+1+e) <= n^(2-eps-c)
thm:pair-space-composition	Composition on the pair space: a sparsely pinned role-separated reader (at most n^c terms, |X_L^(e)| <= n^(1-eps) or 1600 e_Euler (N+1+e) <= n^(2-eps-c), tails with 2^(w+3) s <= e <= n/(16 r N^(3/2)(N+1)), N >= 8(c+1) log2 n + (2r+1)(16 + 4 log2 N) and as in the multi-row theorem) admits under a uniform rho' in Phi_0 a matching decision tree over Q of height below N/8 - 2r with correct leaves, except with probability 7n^(-c-1); light range up to width (2-eps-c) log2 n - O(log N) through the size route
obs:dense-pinning-obstruction	For readers whose pins cover more than a quarter of some tail pattern cube, the pair-space decoder cannot tell a pin at a free code label from a dead pin (the tool's first design fails off G on 895 of 4770 and similar); naming code labels or slots costs more than the family ratio gains; such readers, and two-role readers, have no composition; the satisfied-term and exposure steps are not transferred
lem:compact-pair-space-decoder	The extension encoding of the compact complete-term tree T_c(F, rho') on the pair space (filling on an e-set S of rows outside every tail; code labels in E(rho) n C(p) whose own filling row is not pinned to them; sigma, positions, answers) is injective: the decoder simulates T_c from rho*, sigma and a mark for the rows filled at code labels, treating a pin at an outside label as satisfied exactly when the row's known label is that label; the bad fraction among rich pairs is at most A''^s (2N(N+2))^nu_0, A'' = 2rN(N+1)e/(n-N-e+1)
lem:own-row-richness	For a column-sparse reader (in every tail pattern cube at most a quarter of the labels of C(p) n O are pinned by more than |A|/64 rows) with w <= l - l_2 - 1 and 2^(w+4) s <= e <= n/16, the pair fails to have s valid labels for some tail pattern with probability at most n 2^(-e/29) + 2Mr exp(-s/3); a reader with at most n^c terms is column-sparse whenever 2^w <= n^(2-c)/1024
thm:compact-pair-space-composition	Composition on Phi_0 for the recorded tree: a column-sparse role-separated reader with tails 2^(w+4) s <= e <= n/(16 r N^(3/2)(N+1)) whose compact complete-term tree has at most N/48 - 1 rounds on every path before a 1-leaf except with probability p_R switches within the height budget except with probability p_R + (7/5)(n 2^(-e/29) + 2Mr exp(-s/3) + 2^(-N/8 + (2r+1)(2 + log2 N/2))), i.e. p_R + 5n^(-c-1) under the stated bounds on N, s, e; hence the switching clauses of `cor:multirow-size-switching` (size n^c, c < 2-eps, tails 2^w <= n^(2-c)/1024, no other hypothesis), `cor:crowded-size-switching`, `thm:few-light-rows-switching` and the combined theorem are restored for role-separated readers under column-sparseness, with light range up to width log2 n - O(log N)
obs:dense-cube-obstruction	Readers above size n^(5/3) whose pins fill a tail pattern cube of width in the light range are not column-sparse: the own-row rule leaves no valid code label for that pattern, and Lemma R fails; such readers' trees are short for other reasons (a consistently matched tail row satisfies a term), so a different argument is needed; two-role readers also remain, a two-role row at a code label changing the status of its own pins in the code
thm:two-role-compact-composition	Two-role form of `thm:compact-pair-space-composition`: with code labels outside the moved row's own pinned labels and outside its filling row's pins, the decoder simulates the compact complete-term tree for two-role readers (the current term's alive pinned row is assigned by its round, so it is never moved later); for sparsely pinned, column-sparse readers with |B| <= (n-2N-2)/2 and tails 2^(w+6) s <= e <= n/(16 r N^(3/2)(N+1)), any recorded two-role round bound p_R gives switching within the height budget except with probability p_R + 5 n^(-c-1); hence `thm:two-role-few-rows-switching`, `thm:two-role-exposed-switching` and `cor:two-role-size-switching` regain their switching clauses
lem:current-term-decoder	The pair-space code of the compact complete-term tree with the current-term rule (the code label of the k-th move lies in E(rho) n C(p) outside the pin labels of the current terms of the nodes up to and including the move's node; two-role: also outside the moved row's own pinned labels) is injective: a term carrying a pin (f_k, y_k) of an undecoded slot that is not falsified is pin-matched, so it is the current term, which the rule excludes, or comes after it; once the k-th move is decoded the decoder assigns the filling row f_k its label y_k = rho*(j_k)
thm:current-term-composition	Composition on Phi_0 without column-sparseness: with the current-term rule, richness is the count |E(rho) n C(p)| >= 3s for every tail pattern (failure Mr exp(-s)), and any recorded round bound p_R on the compact complete-term tree gives switching within the height budget except with probability p_R + 3n^(-c-1), for tails 2^(w+4) s <= e <= n/(16 r N^(3/2)(N+1)), s >= nu_0, N >= 8(c+1) log2 n + (2r+1)(16 + 4 log2 N), s >= (2c+1) ln n + ln r, with no hypothesis on the pins of a role-separated reader (two-role readers: sparse pinning on their light rows and |B| <= (n-2N-2)/2); hence the switching clauses of `cor:multirow-size-switching`, `cor:crowded-size-switching`, `thm:few-light-rows-switching`, `thm:multirow-mass-switching`, `thm:two-role-few-rows-switching`, `thm:two-role-exposed-switching` and `cor:two-role-size-switching` hold in the pair-space light range without column-sparseness or width conditions
thm:wide-move-composition	Composition with wide tail rows (more than w literals, up to l): a wide row moved on the encoded path stays residual in rho* (kind and position in beta, answer in delta), the decoder of `lem:current-term-decoder` simulates the complete-term tree unchanged, and the count becomes (nu_1+1) A_w^(s-nu_1) (4rN)^nu_1 (2N(N+2))^nu_0 with A_w = 4rN(N+1)e/(n-N-e+1); for e <= n/(32 r N^4 (N+1)) and 2^(w+4) s <= e, if every path has at most nu_0 - 1 rounds and at most nu_1 = floor(N/48) wide moves except with probability p_R + p_W, the reader switches within the height budget except with probability p_R + p_W + (7/5)(Mr exp(-s) + 2^(-N/8 + (2r+2)(2 + 3 log2 N)))
obs:shared-wide-cube	For the pin-free reader of the n/2 terms [j in p] with one pattern p of l-1 literals, the complete-term tree has a path of length min(|R' n B|, N-1) whenever the flat contains exactly one label of C(p) and no row of B is matched into C(p), an event of probability at least N/(4n) together with |R' n B| >= N/8; a hole query at that label gives height one, so the complete-term tree, not the reader, fails per reader at the dichotomy's level n^(c-2), and wide rows need hole queries (a wide round by a smaller-side rule) with a wide-round bound; skipping terms with a residual wide row whose cube misses the flat is also necessary (the reader with distinct near-full patterns queries every residual row)
lem:wide-annihilation	On the wide-round tree a term whose residual wide row j (pattern p) is left unassigned while every hole of C(p) n Q is resolved is annihilated: the image of [j in p] is the sum of X_jx over x in C(p) n Q, and each summand times the leaf factor is a column exclusion or X_jx u_x(pi_0) of the hole-query nodes lemma; a cube missing Q gives the zero image, so the static skip is built in, and the q-skip refutation does not apply because only unplaced rows are skipped
lem:wide-cover-bound	Wide-round tree: with a canonical minimum vertex cover C of the wide graph G (residual wide rows against the holes of Q in their pattern cubes, all terms) fixed at the root, wide rows of C queried as pigeons and the others by hole queries at their cube's unresolved holes, every path has at most |C| = nu(G) wide queries (Konig), each with at most N+2 answers; deterministic, in place of a per-node smaller-side rule, which the adaptive-rule counterexample forbids
lem:wide-matching-bound	Pr[nu(G) >= k + t - 1] <= (|Heavy| N/n)^(d+1) + (e D N (N+1)/(t(n+1)))^t with d = ceil(log2 k), Heavy the holes of wide degree above D, the wide degree of x counting the wide incidences whose cube contains x; polynomial form: wide mass at most n^(2-2 eps)/(N+1), D = n^(1-eps)/(N+1), d = ceil(c'/eps)+2, t = ceil(c'/eps)+1 give Pr[nu(G) >= 2^d + t - 1] <= n^(-c') for polylogarithmic N and large n; at most n^c terms with wide patterns of at least w_1 literals, 2^(w_1) >= r(N+1) n^(c-1+2 eps), satisfy the mass condition
lem:wide-rounds-transfer	Lemma 1 of the complete-term rule (trigger pairs of rounds pairwise disjoint, host not falsified by rho' and without a matched pair) holds on the wide-round tree, so by Lemma 2 of that rule the multi-row theorem and its size corollary (fewer than N/48 rounds except with probability 3n^(-c-1) for role-separated readers of size n^c, c < 2 - eps) hold on it, confirmed by re-reading steps (H1) to (H4); the few-light-rows, combined and two-role bounds are not transferred (a host can leave the consistent family through a wide row left uncovered)
thm:wide-round-composition	Composition on the wide-round tree with the current-term rule: wide rows never placed, one bit per node and the wide answers in delta, the decoder recomputing the cover from rho*; count 2 A_w^s (2N(N+2))^(nu_0) (2(N+2))^(nu_1) with A_w = 4rN(N+1)e/(n-N-e+1), s = floor(N/12) - 2r - nu_1, nu_0 = nu_1 = floor(N/48), N >= 48(2r+1), 2^(w+4) s <= e <= n/(32 r N^4 (N+1)); if every path has at most nu_0 - 1 rounds except with probability p_R and nu(G) <= nu_1 except with probability p_W, the reader switches within the height budget except with probability p_R + p_W + (7/5)(Mr exp(-s) + 2^(-N/8 + (2r+2)(2 + 3 log2 N))); supersedes `thm:wide-move-composition`
cor:pin-free-split-rows	A pin-free reader with at most n^c terms whose rows split into light rows (patterns of at most w literals, 2^(w+4) s <= e <= n/(32 r N^4 (N+1))) and wide rows of wide mass at most n^(2-2 eps)/(N+1) (every wide pattern of at least w_1 literals with 2^(w_1) >= r(N+1) n^(c-1+2 eps)), |B| <= (n-2N-2)/2, switches under a uniform rho' in Phi_0 within the height budget except with probability 4n^(-c-1), for N polylogarithmic as stated and n large; the light and wide ranges overlap for c < 2 - 2 eps, so then every width is covered per row; mixed rows are absorbed up to n^(1-2 eps)/(2(N+1)) narrow incidences
cor:split-rows-below-n2	Every role-separated reader of size n^c, 1 <= c < 2 - eps, whose tail rows split as in `cor:pin-free-split-rows`, switches under a uniform rho' in Phi_0 within the height budget except with probability 7n^(-c-1), under the multi-row theorem's conditions on N and 800e(N+1) <= n^(2-eps-c); for c < 2 - 2 eps every width is covered per row, closing the window case of wide rows for role-separated readers with split rows at sizes below n^(2-2 eps)
lem:wide-tree-reordered	The wide-round tree with its node reordered (the current term's wide rows first, then the round only if the term is still alive with an alive pin, then the light moves) keeps Lemmas W0 to W5, Theorem W and both corollaries of the wide-rounds entry with the same proofs, and coincides with the complete-term tree on readers without wide rows; from 2026-09-18 on T_w denotes the reordered tree
lem:exposed-facts-wide-tree	For any exposed set B_e of tail rows and the labeling y_P of the residual exposed rows (assigned rows keep their labels, unassigned rows of a cut last node's term at or after its round get a label of the pattern, all other unassigned rows get the last round's trigger hole): (a) every round's host is consistent with zeta_y on B_e except rounds charged to a light exposed row moved inconsistently at the round's node, at most |R_e| of them; (b) a consistent host with a matched pair has no round with its reduced tail, and no round at all when its rows outside B_e are matched consistently
thm:round-bounds-on-wide-tree	The few-light-rows theorem (4n^(-c-2)), the combined theorem and its size corollary (6n^(-c-2)), the two-role few-rows theorem (4n^(-c-2)), the two-role exposed theorem and its Corollary 2 (6n^(-c-2)) and the two-role Corollary 1 (3n^(-c-1)) hold on the reordered wide-round tree, hence every round bound of clauses (a) to (g) of `thm:current-term-composition`'s corollary; their proofs use of the tree only the two facts (`lem:exposed-facts-wide-tree`), Lemma 1 (`lem:wide-rounds-transfer`) and the 1-leaf rule, with the charged rounds absorbed as in Lemma 2 of the complete-term rule
lem:few-wide-rows	nu(G) <= |R' n B_w|, and Pr[|R' n B_w| >= r] <= (e b_w (N+1)/(r(n+1)))^r <= n^(-eps r) for at most n^(1-eps)/N^4 wide rows; so such a reader has fewer than r_0 wide queries on every path except with probability n^(-c-2), whatever its wide patterns and size
cor:few-tail-rows-any-width	A role-separated reader, or a two-role reader under sparse pinning, with at most n^(1-eps)/N^4 tail rows (light and wide together), at most n^c terms for any c, light patterns in the light range 2^(w+4) s <= e <= n/(32 r N^4 (N+1)) and wide patterns of any width, switches under a uniform rho' in Phi_0 within the height budget except with probability 4n^(-c-1), for N and s as stated and n large
cor:few-wide-rows-below-n2	A role-separated reader, or a two-role reader under sparse pinning, of size n^c, 1 <= c < 2 - eps, with at most n^(1-eps)/N^4 wide rows, any number of light rows in the light range and wide patterns of any width, switches except with probability 7n^(-c-1); against `cor:split-rows-below-n2` it reaches 2 - eps in place of 2 - 2 eps and needs no wide mass condition, at the price of few wide rows
lem:wide-matching-rows	Lemma W2 and its polynomial form hold with row degrees d_r(x) = #(wide rows j with x in S_j), S_j the union of the cubes of the patterns on j, and the row mass sum_j |S_j| in place of the wide degree and wide mass; the recorded proof uses the degree only to count the rows adjacent to a hole
thm:single-row-wide-readers	Every pin-free reader of single tail literals [j in p], of any widths and in any number, switches under a uniform rho' in Phi_0 within the height budget except with probability e^(-N) + n^(-c') (2n^(-c-1) with N >= (c+1) ln n), the wide-round tree having height at most 2^d + t - 2: row mass at least 4N(n+1) forces a satisfied term at the root by negative association over the matched rows, and below it Lemma W2 by rows bounds the wide matching number; contains the shared-cube reader at every size, the unary readers, and the reader of every pattern of l-1 literals on every row
rem:wide-cover-in-code	Theorem W holds with the cover of any decoder-independent graph containing the queried edges, in particular the alive wide graph (incidences of terms not falsified at the root), written into the code: at most (2N+2)^(nu_1) values, and the exponent becomes -(5N/48) log2 N + (2r+1)(2 + 3 log2 N) + 1 <= -N/8 + (2r+2)(2 + 3 log2 N) for N >= 3
obs:pinned-wide-mass-barrier	For terms [a -> y] and [j in p] the count of Lemma W2 on the alive incidences of light pins bounds the heavy holes only when the light pins' total row mass is at most n^(3-2 eps)/(N+1), i.e. c < 2 - 2 eps, because it charges every light pin while only one pin per pinned row is matched; the repair is a dichotomy on the matched row mass, large mass giving a satisfied term by negative association over the wide rows given the pinned images, and its missing step is the concentration of that mass, and of its part outside the pinned labels, over the uniform injection of the pinned rows (Azuma over the sequential exposure); multi-row wide terms need the alive graph (the reader [j in p] and [j' = z] with |C(p)| = n/2 has nu(G) about N/2 but few alive incidences)
conj:literal-frontier	Conjecture L: every reader of at most n^c terms of at most r pins and pattern literals of any width, role-separated or two-role, switches under a uniform rho' in Phi_0 within height N/8 - r except with probability O(n^(-c-1)), for a polylogarithmic N; the general claim of the literal line of cycles 175 to 214, with its proved and open cases; no recorded obstruction contradicts it; parked, because it bears on the main goal only if terms with dense forms are handled by a method that composes with it
q:dense-forms-compact-family	Question D: on the compact family a form becomes an affine form on the residual bit space V of dimension (N+1) l_2, with linear part fixed by (Q, R') and constant fixed by mu' (zero for equal row functionals when l_2 >= 2); open are a distribution lemma for the constants, whether a wide reader of dense-form terms covers V, and a covering certificate of degree within N/8; structured families (equal row functionals, tribes on V, the fresh-block sources) are the first falsification targets; sparse forms (row support at most n^(1-eps)/(N+1)) reduce to boundedly many residual rows and do not meet the obstruction
lem:dense-forms-invariance	For independent uniform forms L_i = sum_j <a_j, x_j> + c_i, the restrictions under every fixed rho' in Phi_0 are independent uniform affine forms on the residual bit space V of dimension v = (N+1) l_2; hence a random dense reader restricts to a random reader of the same shape on F_2^v; the same holds for one-bit parities over uniform row sets with N+1 variables
lem:dense-forms-restricted-rank-packing	A reader whose restricted linear parts span dimension m is a function of m forms and has an exact image with all certificates through degree 2m + w from Booleanity alone; readers on forms with the same functional on every row are functions of the sum of the residual labels (m <= l_2), class-symmetric forms have m <= l_2 min(g, N+1); sparse forms reduce to boundedly many residual rows
lem:dense-forms-covering-certificate	a >= 2^w (D_w ln 2 + ln(1/eta)) independent random terms of rank w on F_2^v span the multilinear polynomials of degree at most w except with probability eta; then 1 is an F_2-combination of the terms, the reader is identically 1, and P-hat = 0 has all certificates through degree w; for a = n^c generic dense terms this holds after the restriction up to rank about c log2 n / log2(2v+2), against rank below c before it
obs:dense-forms-balanced-rank	Coverage of two distinct points by a random term of rank w is exactly independent, so the uncovered share of V concentrates at (1 - 2^-w)^a; at rank about log2 a the restricted generic reader is balanced and, by invariance, distributed as a generic reader on F_2^v: the coverage hypothesis of Question D fails there and the restriction gains nothing; open are fixed structured sources in low rank, certificates between the certified and the balanced rank, and the balanced rank itself
check:hole-axioms-dense-form-images	Exact degree-d polynomial-calculus closures V_d of the row axioms over F_2 on boards with 4, 6 and 8 holes, without (labelings) and with the hole exclusions (functional PHP); refutation degree 3, 4 and above 4; for blocks on dense forms (flats of codimension 2 and 3 on uniform half-sets or affine half-spaces; readers of 2, 4 and 8 rank-two dense terms at s = w = 2 on eight holes with the degree-4 closure, dim V_4 = 143643 of 241993) the linear image conditions are feasible for the same parameters with and without the hole axioms, while a block pinning two rows to one hole is feasible at s = 2 only with them; the four-hole test proposed in the dense-forms entry is vacuous
lem:block-substitution-bound	Polynomial-calculus form of the recorded prefix-product substitution (cycle 170): r_1 = 1, r_j = prod_{i<j}(1 + L_i) sends P to prod_j(1 + L_j) and the companions to zero modulo Booleanity and row exclusions, and maps a degree-d derivation to a base derivation of degree at most d + rho - 2 (lines kept multilinear in the new variables), fixing old polynomials; rho <= 2 fully conservative (the recorded `cor:affine-rank-two-same-degree-conservativity`), rho = 3, 4 not refutable through D_0 - 2, D_0 - 3; uses only g^2 = g and Booleanity with row exclusions
check:augmented-php-degree-small-boards	Exact degree-d PC closures of the functional PHP over F_2 augmented by accuracy-one blocks on dense forms: on eight holes at degree four (refutation degree five) blocks with 3 inputs (uniform half-sets, affine half-spaces, two seeds), 4 inputs, and two blocks of 3 inputs do not put 1 in the closure; for the blocks with 3 and 4 inputs the old-only part of the closure has the dimension 143643 of the base closure, so every base design of degree four extends, although the substitution bound certifies this only through degree three (two for 4 inputs); six holes at degree three is conservative in all cases (weak test); controls: rho = 2 is conservative as proved, a fake non-conservative axiom raises the old-only dimension
obs:level-two-plain-elimination-out-of-reach	On the functional PHP with N holes closure tests are nonvacuous only below degree N/2 + 1; pure second-level companions have degree five (the form companion of a mixed block: four) and the recorded rank-three loss sits at degree seven, which needs N >= 14 and about 1.2e11 old monomials (1.6e7 at N = 10, d = 5, where pure companions enter unmultiplied and the mixed form companion with one multiplier of degree one; 1.3e9 at N = 12, d = 6); plain elimination with generic dense blocks cannot reach the recorded loss; symmetry, the quotient by the base closure and small non-PHP unsatisfiable bases are not covered, the last being the remaining exact test
ctx:pc-extension-variables-literature	Imported context: Impagliazzo-Mouli-Pitassi (CCC 2023) bound PC size over F_p with M extension variables of arity O(log n); over F_2 the question reduces to the degree of the augmented system by size-degree tradeoffs; Dahiya-Mahajan-Mouli (ECCC TR23-132) reach N^(1+eps(1-delta)) extension variables of arity N^(1-eps) and size N^c for an XOR-ified generalized PHP, by restrictions that shrink extension axioms plus cleanup; both restrict extension variables to depend on original variables only, and IMP identify the recursive case with AC0[p]-Frege; DMM note that constant-depth PC also simulates CP, SOS, AC0[q]-Frege and TC0-Frege, so general bounds for it are harder than the goal; the general step (dense, nested extension variables on ordinary PHP) lies beyond both
obs:collapse-induction-stops-at-frontier	The level-by-level collapse of wide low-rank generic readers is the recorded removal of an input span containing one, applied to the images of the inputs (cost zero; exact image 1 + sum c_i q_i whenever it annihilates every input); together with clamping and packing it leaves exactly the frontier of `obs:middle-rank-frontier` and `cor:polylog-high-threshold-cube-volume`: generic readers with term rank between about c log n / log log n and the high threshold, including the balanced rank; the induction does not close and the proposal of the previous entry is withdrawn as a route
lem:term-value-case-split	PC form over F_2 of the recorded case split of `audit:adaptive-query-fixed-distribution-gap`: if F + {Z} and F + {1+Z} both have PC refutations of degree B for a Boolean-valued Z of degree w <= B, then F has one of degree B + w; so for any a flats some sign vector keeps F hard through D_0 - 1 - a w (additive loss, the recorded rank-control obligation)
q:generic-term-value-clamping	Reduction: if PHP + {Z_c + e_c} has no degree-B refutation for some values e_c of the first-level flat indicators of rank at most w, a pure source reading only those products has none of degree B / max(1, w-1); the source must be pure (inputs are F_2-affine combinations of earlier products); extends the constant-value profiles of `lem:clamped-bottom-zero-source-profile` from weight-supplied zero clamps to arbitrary constants under a hardness hypothesis; Question H: do independent generic flats below the covering threshold a ln(1/(1-2^-w)) = v ln 2, with a margin (and v - a of order N for w = 1), leave PHP_N hard through N/8, and near and above it is there always a cheap covering certificate or a hard sign vector? Not given by weights (count), restrictions (Lemma I; constant forms on a sub-board only for about log n / log log n forms) or the case split; not a statement about literal terms
check:generic-axiom-tipping-counts	Exact degree-d PC closures over F_2 with random dense axioms added one at a time, on the functional PHP (six and eight holes), the satisfiable bijective board and labelings: the first count at which 1 enters, for parity constraints and rank-two terms; closure increments are seed-independent generic ranks until one saturation jump, which on the PHP is the tipping (quotient 36 to 4953 left before it) and on the controls leads to the vanishing ideal of the surviving models at a comparable count; the PHP never tipped before the jump of the bijective control or of the labelings with affine forms, and tipped earlier (factor about 0.7 to 0.85 after normalisation) than the labelings with uniform forms; random signs survived 14 to 16 parity constraints at degree three on eight holes where the case split guarantees one; counts are governed by quotient over multipliers and say nothing about degree N/8
conj:image-or-value	Claim G, the general claim of the dense-forms line: for a source with n^c first-level flats there are value axioms E (linear equations in the bits or term values Z_c = e_c, chosen from the source) such that the base with E has no PC refutation of degree B and modulo E every block has an old image of degree s certified by the base and E; literal switching (Conjecture L) and generic term values (Question H) are its extreme cases; the compact bit base is itself a system of avoidance axioms for the collision flats, of total density about n/2, below the generic covering threshold
obs:twisted-approximate-majority-values	The approximate-majority source of `thm:universal-Boolean-source-map-obstruction` (cycle 149) has, for any fixed set of at most 0.3 v coordinates, a circuit of the recorded form every term of which meets the complement I; modulo E = {u_i = 0, i in I} all its blocks have constant images (factor t-1 once). In the original coordinates, or under one affine bijection applied to every label, take the same 0.3 l bit positions in every row: the base with E is the compact base with n+1 rows and n^0.3 holes, hard through n^0.3/2 by `lem:compact-bit-ordinary-PC-decoder` and `cor:functional-auxiliary-PC-bridge`, so the recorded obstruction source satisfies Claim G. Under a generic row-mixing affine twist (p = 2, same barrier) it does exactly if the compact base has no low-degree refutation on a generic affine subspace of codimension about 0.7 v; this cannot be moved to the residual board
cor:safe-linear-systems-keep-base-hard	Corollary SL: if a linear system over F_2 in the label bits is safe of rank a (one pivot in each of a distinct rows; Efremenko-Garlik-Itsykson) with 4(a-1) < n, every PC refutation of the functional unary base with the decoded system adjoined, hence of the compact base with the system, has degree at least n/2 - a + 1, for every right-hand side; corollary of `lem:top-row-linear-monomial-detector` by weighted replay with the indicator of the solution space (derivation due to the reviewer); a direct unary restriction leaves the functional PHP with n+1-a rows and n-2a holes; several pivots per row: `lem:multi-axis-cube-residual-detector` gives (n-F)/2 - (a-u) + 1; a uniformly random system of a <= n/4 equations is safe except with probability a 2^{-(m-a+1)l}; loss per equation equals the recorded case split
conj:generic-subspace-refutation-degree	Conjecture H1: for a uniformly random affine subspace W of the bit space the functional unary base with the decoded equations of W has PC refutation degree at least c min(n, dim W / l); elementary upper bound ceil(dim W / l) + O(1) in unary degree (projection to r rows with r l >= dim W + t is injective except with probability 2^-t); data: v - a* at tipping is 6 (eight holes) and 7 (sixteen holes) at degree two and 12 at degree three on eight holes, which does not decide the scaling, and the bijective control tips at the same free dimension at degree two
ctx:php-linear-constraints-literature	Imported context: Miksa-Nordstrom Theorem 4.9 (graph functional PHP over an (s, delta)-boundary expander of left degree d needs PC degree > delta s/(2d)) would give at most n/(2d) for value axioms confining each row to its own flat if the flat graph expands (unchecked), transfer from the bit encoding not written out; Byramji-Impagliazzo (after Efremenko-Garlik-Itsykson): safe systems and closure for linear systems on the bit PHP, estimates for rank r <= cn; general Res(parity) described as open beyond depth N^(2-eps)
lem:residual-coordinates-linear-elimination	Lemma R: over F_2, for independent consistent affine equations Lambda in the label bits with zero flat W and any injective affine parametrization P of W, the PC refutation bit degree of the compact base with Lambda equals max(l, degree of the collision-flat system {E_ii' o P} in the residual coordinates); the PHP on W is the statement that the collision flats of n+1 affine maps cover F_2^(dim W)
check:subspace-residual-bit-degrees	Exact PC closures in residual coordinates for uniform subspaces (three seeds): largest refuted dimension at bit degree d is 9, 12, 16 on sixteen holes (d = 4, 5, 6) and 11, 15 on thirty-two (d = 5, 6), equal to the generic dimension count or one to two below it, with the bijective control within one; on eight holes 7 and 10 to 11 at d = 3, 4, and every subspace at d = 5 because the full base has bit degree exactly five (four holes: three)
obs:subspace-design-attempt-obstructions	A nonzero weight vanishing outside a subspace of codimension a has bit degree at least a, hence unary degree at least a/l, above the base barrier at codimension 0.7 v; a uniform subspace of codimension a contains no two points differing in at most r rows except with probability C(n+1,r) 2^(r l - a), hence no product of label sets with two points, so the recorded tensor-product designs (signed cubes, row trades) have no support inside it, while the affine restriction behind Corollary SL reserves two holes per equation
lem:parity-tree-bounds-bit-degree	Lemma T: over F_2, a parity decision tree of depth d >= l for the collision search on an affine subspace W gives a Nullstellensatz certificate, hence a PC refutation, of the collision-flat system of bit degree at most d; D_b(W) <= max(l, depth) and <= max(l, dim W)
cor:compact-bit-base-degree-order-n	The compact bit base has PC bit degree between n/2+1 (recorded) and 2n-2+l (halving decision tree), and every affine subspace W has D_b(W) <= min(max(l, dim W), 2n-2+l); exact values 3 and 5 on four and eight holes
cor:compact-family-generic-subspace-incompatible	Corollary U: for a uniform affine subspace W of codimension a >= (N+1) l + log2 C(n+1,N+1) + t, except with probability 2^(-t) every restriction of the compact family leaves at most one point of W; on the union source the restriction for the literal reader and the generic equations for the twisted source cannot be combined
ctx:route-review-subspace-wall	Route review: the value method's hardness inputs, the union source and the unary parities of the simplest recorded unexcluded class (one OR over parities of PHP variables at middle rank) all need PHP hardness under linear constraints of rank of order v, while recorded and published techniques stop at rank of order n; the extension-variable methods of Dahiya-Mahajan-Mouli and Impagliazzo-Mouli-Pitassi need unnested definitions, (M + mn) kappa k = o(n^2), a formula surviving weight-pk assignments and the loss of kappa holes per round, an XOR lift, and p > 2
lem:generic-subspace-row-width	Lemma L: for a uniform affine subspace W of dimension k, r l + log2 C(n+1,r) + t <= k (then r-2 <= n-1), except with probability 2^(-t) every parity decision tree solving the collision search on W has a path whose queries, in every representation, jointly touch more than r-2 rows; hence depth > (r-2)/omega for queries of row width omega, order n for ordinary decision trees at codimension 0.7 v
lem:density-delayer	Lemma D: if a parity decision tree of depth d solves the collision search on W, then for every nonempty G in W some affine subspace U of W inside a collision flat, of codimension s <= d, has |U cap G| >= 2^(-s) |G|; with G the points of image size n+1-j the prover needs a density boost (n+1)/(2 cbar_j) of near-injective labelings on an affine subspace of the flat
check:near-injective-spectra	Exact Walsh spectra on four and eight holes: bijections have coefficient 1 on the n-1 uniform characters (all labels sum to zero), so boost n at codimension l; image size n-1 has largest coefficient 1/(n-1) (closed form on the uniform characters, maximal on four and eight holes); on eight holes no subspace of codimension <= 3 reaches the needed boost 2.0625, hence parity-decision-tree depth >= 7 for the full bit PHP on eight holes
lem:sequential-boost-bound	Lemma N: for an affine subspace H whose forms touch tau rows, revealing those rows in any order, the density boost of injective labelings on H is at most the product over pivot positions i of n/(n-i+1), at most n^tau (n-tau)!/n!, with equality on the birthday subspace (and on the sum-zero subspace); for labelings with exactly one colliding pair the same with n+3 (the proof gives n+2) in place of n
ctx:parity-tree-line-parked	Outcome of the two-entry parity-tree step: no strategy for unrestricted parity queries; absolute-value spectral arguments cannot pass codimension l sqrt(n/2) (heuristically about l^(3/2)); a mixed programme would end near (l^2 n)^(1/3); the transfer would reduce to the same signed sums over characters of large row width (not carried out; only the one-character second moment of the coefficients of G on W is proved); the parity-tree line and the value method (Claim G) are parked
lem:constant-row-clamp	Lemma K: substituting constants for the coefficient rows of complete first-level blocks maps P_b to Q_b = prod_u (1 - lambda_{b,u}), lambda in the span of the block; hence no degree-D PC refutation of the blocks if F with the axioms g_{b,i} Q_b has none, and none of a source with pure readers above if F with the axioms Q_b has none; no substitution factor, any rank; the first part over any prime, the second over F_2
obs:few-fresh-blocks-conservative-over-unary-PHP	Over F_2 and N >= 2B-1, an old polynomial t of degree k with a degree-d PC derivation from the functional unary base plus M fresh blocks with old inputs of degree at most delta (any rank and accuracy) lies in I_k of the base when d + M max(delta, k) <= B; so M blocks give no refutation and no old consequence of degree k while d + M max(delta, k) <= (N+1)/2
obs:twisted-majority-hitting-sets	For the recorded approximate-majority parameters every hitting set of the terms has density above 0.47 with high probability, so every point allowed by the term values Z_c = 0 lies on a coordinate subspace of codimension above 0.47 v; term values move the Conjecture H1 instance from dimension 0.3 v to at most about 0.53 v
ctx:route-review-general-step-form	Route review: every form with a recorded polynomial-calculus exclusion at a degree not tied to the accuracy is a design of an enlarged old base composed with old images, needing hardness H(E); forms outside the type (source-module moment designs, fresh-block conservativity, proof-specific forms) with their recorded status; table of what each method pays for M blocks of window rank in the one-level unary family; statement (HW): the unary base with M <= N^c generic avoidance axioms of width h, M 2^(-h) < 1, has no PC refutation of polylogarithmic degree; selected for at most two entries at the NS level
lem:no-fall-criterion	Lemma E: for the functional unary base over F_2 in matching normal form with clauses Q_b of degree h and G_e = I_e + sum_b Q_b P_{<=e-h}: if G_B cap P_{<=B-1} = G_{B-1} the normal-form PC closure at degree B is G_B; if this holds at every level 1..B then 1 is not in G_B and there is no PC refutation of degree B; no relation between N and B is used
obs:forced-degree-fall	Observation F: for X in Y in P_{<=e}, dim X - dim(X cap P_{<=e-1}) <= dim top_e(Y); so a fall at level e is forced once dim G_e - dim G_{e-1} > m_e, and for forms in a space L once the multiples with multipliers from L exceed the top-degree part of I_{h+1} + L^{h+1}
check:unary-avoidance-ns-spaces	Exact NS spaces over F_2 of the functional unary base with random clauses of h parities (six holes B=3 h=2; seven holes B=4 h=2,3; eight holes B=3 h=2 with general and with decoded bit-affine forms): dim G_B increments c_1-h and c_2-2c_1+3-(b-1) for every clause, 1 enters only at exhaustion (general forms) or at exhaustion of the cubic part of the subalgebra of the forms (label forms, clause 126), first fall exactly at the forced clause (50; 23; 351; 264; label forms 91 with excess 7 = 25*91-2268), except a fall of one at slack 0 or 1 in four of six boundary events; label parity constraints fall first at clauses 19, 19, 20 (degree two; forced at 20, slack one at 19) and 15 (degree three); the recorded PC jumps (50, 91; general parity constraints 15, 32, 17; label parity constraints 19, 19, 20 and 15) are these falls
conj:semi-regular-relative-to-base	Conjecture SR: for uniform forms from a space L (all affine forms, or unary images of bit-affine forms) dim G_B follows H_R(t)(1 - t^h/(1+t)^h)^M, no degree fall occurs before the first clause at which the forced-fall count holds for a pair X = I_e + sum_b Q_b L^d, Y = I_e + L^(d+h) (unary degrees), up to O(1) clauses, and 1 enters only when I_B + L^B lies in G_B; with Lemma E this would give (HW) for generic clauses up to about gamma_B/gamma_{B-h} clauses (order (N^2/B)^h; for label forms a heuristic upper estimate ((N+1)log N/B)^h)
obs:HW-codimension-modulo-rows	In (HW) the codimension of a clause is counted modulo the row sums: the sum of all column sums is constant modulo I_1, so a parity tree that queries it first gives 2^(h-1) clauses of nominal codimension h summing to 1 at degree h; the N onto axioms 1+kappa_j give a degree-one NS refutation over F_2 (classical). A shortcut fails: replacing satisfiable clauses by linear equations at a satisfying value of the forms needs hardness at a chosen right-hand side, which the record has only for safe bit-linear systems (Corollary SL); 1+x_11, 1+x_21 is a counterexample
thm:two-form-no-fall-criterion	Theorem T2: for the functional unary base over F_2 (N >= 3) with parity constraints a_b = l_b + c_b whose linear parts are independent modulo the row sums, if no nonzero element of Kbar (image in Lambda^2 V of the span of products of conflicting cells, dim (N+1)(2N^2-3N+2)/2) vanishes on the annihilator U of the forms, then G_2 cap P_{<=1} = G_1, 1 is not in the degree-two closure, and there is no PC refutation of degree two; fails for one-row forms, column sums (the recorded occupancy equations), and is forced to fail when C(d,2) < dim Kbar
lem:alternating-form-isotropy-bounds	Over F_2: a form of rank 2 rho vanishes on a uniform d-subspace with probability at most 2.39 * 2^(rho(rho+1)/2 - rho d) (Lagrangian count), and at most 6 * 2^((log2 d)^2/6 - C(d,2)) when rho >= d (sequential exposure); Kbar has at most C(n, 2 rho) 2^(2 rho (3N-2)) elements of rank 2 rho (a symmetric matrix of rank r is determined by r rows spanning its row space; each row of a conflict form has at most 2^(3N-2) possibilities)
thm:uniform-parity-degree-two	Theorem U: for M independent uniform affine forms and d = N^2-1-M with C(d,2) >= dim Kbar + (log2 d)^2/6 + s and d >= 12N + 8 log2 N + 2s, with probability at least 1 - 2^(-d) - 7*2^(-s) the base with the parity constraints has no degree fall at levels one and two and no PC refutation of degree two; asymptotically M <= N^2 - sqrt2 N^(3/2) (1+o(1)), matching the forced count
thm:label-parity-degree-two	Theorem Lb with its structure lemma: for N = 2^l >= 16, Kbar cap (Lbar wedge V) is the direct sum over rows of Lbar_i wedge V_i (on eight holes the constant cross terms remain: 171 = 135 + 36); hence for M uniform decoded bit-affine parity constraints, d_L = (N+1) l - M with C(d_L,2) >= (N+1) C(l,2) + (log2 d_L)^2/6 + s and d_L >= l^2 + l + 4 + 2s, no degree fall and no PC refutation of unary degree two with probability at least 1 - N^2 2^(-d_L) - 9*2^(-s): a uniform affine subspace of the bit space of dimension above about l sqrt(N+1), which includes the case dim W = 0.3 v of Conjecture H1, at degree two only; not sharp for refutations (recorded tipping at dim W = 6, 7) and silent on bit degree
check:two-form-criterion	3750 random instances on four, six, eight and sixteen holes (uniform and label forms): the criterion of Theorem T2 never holds together with a degree fall; on six, eight and sixteen holes it fails exactly in the instances with a fall, on four holes also without a fall (2 to 23 of 200 per M); falls from the forced count in every instance (sixteen holes, label forms: none for M <= 53, all for M >= 54); falls before the forced count on small boards are the low-rank events of the first moment; exact enumeration confirms Lemmas R1, R2 in 40 small cases
ctx:HW-parked-relative-rank-count	Decision after the two entries on (HW): evidence and a degree-two proof that generic wide forms do no harm before a count forces it, by a method whose cost is not additive in the number of forms; at degree three and above a fall is an element of the conflict ideal that vanishes on U outside Wbar wedge Kbar_{B-1}, the event "vanishes on U" is dominated by the trivial one (for decomposable elements the two coincide under the criterion), and a first moment needs a rank of B-forms relative to the ideal with a count of low-rank elements, which is not known; (HW) parked next to Question H; next: review of the forms outside the type
thm:generic-affine-subspace-consequence-transfer	A degree-D complete affine ENS refutation forces dim(U intersect old-PC-k(D+1)) at least dim(U) minus the summed proper-high-flat restriction dimensions
cor:bit-PHP-exponential-parameter-bound	Usual-CNF bit PHP with n=2^ell holes requires more than exp(n/(32768 ell^2)) DAG nodes under the two recorded rule conventions, for every ell>=32
lem:generic-CNF-initial-value-bridge	A registry slot holding an affine clause of width at most w whose ordinary clause polynomial prod(1-g) is an old axiom has its value derivable through 2h+w; the polynomial vanishes exactly where the clause holds
thm:generic-CNF-affine-DAG-subspace-criterion	An S-node affine refutation DAG whose initial clauses are covered by t width-w clauses gives 3S+t registry slots and PC degree max(2h+w,4h+1); a separated degree-k subspace U then forces dim U <= (3S+t) C(v-(h(k+1)+1)+k,k)
cor:generic-CNF-density-exponential-form	C(a+k,k) <= C(a+r+k,k) exp(-rk/(a+r+k)); under the generic proof-size criterion with r=h(k+1)+1 <= v, dim U <= (3S+t) C(v+k,k) exp(-rk/(v+k)), also with exponent -hk^2/(v+k)
obs:generic-criterion-short-proof-control	A base deriving one through d derives every polynomial of degree <= B for d <= B; a complementary pair L, 1-L of degree <= 1 derives one through degree one, so no nonzero subspace is separated over such a base
audit:bit-PHP-preprint-revision-2	Revision-2 attribution, exposition, parameter tables, and self-contained verification map/recipe
